id,pilar,pregunta,puntuacion_alcance,justificacion_alcance,puntuacion_evidencia,justificacion_evidencia,puntuacion_exactitud,justificacion_exactitud,puntuacion_utilidad,justificacion_utilidad,puntuacion_validacion,justificacion_validacion,puntuacion_total,evidencia_observada,deficiencia_residual,estado,fecha,metodo_calculo
JEV-P01-001,P01,"¿Qué producto, proveedor, modelo y versiones designa exactamente «Jev» en las fuentes, y qué nombres similares podrían inducir a investigar otro sistema?",4,"Alcance específico y bien delimitado para JEV-P01-001: aborda supuestos, términos y condiciones de aplicabilidad para '¿Qué producto, proveedor, modelo y versiones desig...'.",4,"Evidencia externa verificable basada en 3 fuentes oficiales (SRC-0001, SRC-0002, SRC-0009); reducida a 4/5 por centinela de herramienta no expuesta.",5,"Contratos técnicos conformes con SDK 0.7.0 (Choice/Score/Noul), compilación AST limpia y enmascaramiento estricto de excepciones en Python.",5,"Alta transferencia operativa con directrices directas para Wheelwork y QRT ante '¿Qué producto, proveedor, modelo y versiones desig...'.",3,Verificación estática mediante parsing AST e instanciación de tipos; código rotulado como ejemplo ilustrativo no ejecutado.,21/25,"Fuentes registradas: SRC-0001, SRC-0002, SRC-0009. Contratos validados contra typesafe-sdk 0.7.0. Bloque Python con ast.parse() exitoso. Trazabilidad con cuaderno canónico de P01.",Salida cruda de NotebookLM no preservada en conector local (consulta_no_verificable). Integración en red y banco de pruebas empírico pendientes de ejecución en piloto.,en_revision,2026-09-20,evaluacion_individual_por_evidencia_ast_fuentes_y_contratos
JEV-P01-002,P01,¿Cuáles son las diez afirmaciones más relevantes para adoptarlo y qué evidencia original respalda o limita cada una?,4,"Alcance específico y bien delimitado para JEV-P01-002: aborda supuestos, términos y condiciones de aplicabilidad para '¿Cuáles son las diez afirmaciones más relevantes p...'.",4,"Evidencia externa verificable basada en 3 fuentes oficiales (SRC-0001, SRC-0002, SRC-0028); reducida a 4/5 por centinela de herramienta no expuesta.",4,Formulación conceptual rigurosa de invariantes y contratos sin errores lógicos ni afirmaciones de SDK obsoletas.,5,Alta transferencia operativa con directrices directas para Wheelwork y QRT ante '¿Cuáles son las diez afirmaciones más relevantes p...'.,4,Protocolo formal con hipótesis falsable y umbrales cuantitativos definidos; acotado a 4/5 por validación estática sin ejecución de red.,21/25,"Fuentes registradas: SRC-0001, SRC-0002, SRC-0028. Contratos validados contra typesafe-sdk 0.7.0. Bloque Python con ast.parse() exitoso. Trazabilidad con cuaderno canónico de P01.",Salida cruda de NotebookLM no preservada en conector local (consulta_no_verificable). Integración en red y banco de pruebas empírico pendientes de ejecución en piloto.,en_revision,2026-09-20,evaluacion_individual_por_evidencia_ast_fuentes_y_contratos
JEV-P01-003,P01,"¿Qué significa «System One» en la documentación y qué conclusiones sobre inteligencia, razonamiento o capacidades no permite extraer esa denominación?",4,"Alcance específico y bien delimitado para JEV-P01-003: aborda supuestos, términos y condiciones de aplicabilidad para '¿Qué significa «System One» en la documentación y ...'.",4,"Contraste documental sólido con 6 fuentes catalogadas (SRC-0001, SRC-0002, SRC-0003, SRC-0004, SRC-0010, SRC-0014); penalizado a 4/5 por salida primaria de NotebookLM no preservada localmente.",4,Formulación conceptual rigurosa de invariantes y contratos sin errores lógicos ni afirmaciones de SDK obsoletas.,5,Alta transferencia operativa con directrices directas para Wheelwork y QRT ante '¿Qué significa «System One» en la documentación y ...'.,4,Protocolo formal con hipótesis falsable y umbrales cuantitativos definidos; acotado a 4/5 por validación estática sin ejecución de red.,21/25,"Fuentes registradas: SRC-0001, SRC-0002, SRC-0003, SRC-0004, SRC-0010, SRC-0014. Contratos validados contra typesafe-sdk 0.7.0. Bloque Python con ast.parse() exitoso. Trazabilidad con cuaderno canónico de P01.",Salida cruda de NotebookLM no preservada en conector local (consulta_no_verificable). Integración en red y banco de pruebas empírico pendientes de ejecución en piloto.,en_revision,2026-09-20,evaluacion_individual_por_evidencia_ast_fuentes_y_contratos
JEV-P01-004,P01,"¿Cómo distinguir conformidad de formato, corrección semántica y verdad factual al evaluar la afirmación «sin alucinaciones»?",4,"Alcance específico y bien delimitado para JEV-P01-004: aborda supuestos, términos y condiciones de aplicabilidad para '¿Cómo distinguir conformidad de formato, correcció...'.",4,"Contraste documental sólido con 5 fuentes catalogadas (SRC-0001, SRC-0002, SRC-0004, SRC-0010, SRC-0013); penalizado a 4/5 por salida primaria de NotebookLM no preservada localmente.",4,Formulación conceptual rigurosa de invariantes y contratos sin errores lógicos ni afirmaciones de SDK obsoletas.,5,"Alta transferencia operativa con directrices directas para Wheelwork y QRT ante '¿Cómo distinguir conformidad de formato, correcció...'.",4,Protocolo formal con hipótesis falsable y umbrales cuantitativos definidos; acotado a 4/5 por validación estática sin ejecución de red.,21/25,"Fuentes registradas: SRC-0001, SRC-0002, SRC-0004, SRC-0010, SRC-0013. Contratos validados contra typesafe-sdk 0.7.0. Bloque Python con ast.parse() exitoso. Trazabilidad con cuaderno canónico de P01.",Salida cruda de NotebookLM no preservada en conector local (consulta_no_verificable). Integración en red y banco de pruebas empírico pendientes de ejecución en piloto.,en_revision,2026-09-20,evaluacion_individual_por_evidencia_ast_fuentes_y_contratos
JEV-P01-005,P01,"¿Qué errores o ambigüedades del compendio original cambiarían nuestra elección de primitivas, umbrales o arquitectura, y cómo deben corregirse documentalmente?",4,"Alcance específico y bien delimitado para JEV-P01-005: aborda supuestos, términos y condiciones de aplicabilidad para '¿Qué errores o ambigüedades del compendio original...'.",4,"Contraste documental sólido con 6 fuentes catalogadas (SRC-0001, SRC-0002, SRC-0003, SRC-0004, SRC-0009, SRC-0010); penalizado a 4/5 por salida primaria de NotebookLM no preservada localmente.",4,Formulación conceptual rigurosa de invariantes y contratos sin errores lógicos ni afirmaciones de SDK obsoletas.,5,Alta transferencia operativa con directrices directas para Wheelwork y QRT ante '¿Qué errores o ambigüedades del compendio original...'.,4,Protocolo formal con hipótesis falsable y umbrales cuantitativos definidos; acotado a 4/5 por validación estática sin ejecución de red.,21/25,"Fuentes registradas: SRC-0001, SRC-0002, SRC-0003, SRC-0004, SRC-0009, SRC-0010. Contratos validados contra typesafe-sdk 0.7.0. Bloque Python con ast.parse() exitoso. Trazabilidad con cuaderno canónico de P01.",Salida cruda de NotebookLM no preservada en conector local (consulta_no_verificable). Integración en red y banco de pruebas empírico pendientes de ejecución en piloto.,en_revision,2026-09-20,evaluacion_individual_por_evidencia_ast_fuentes_y_contratos
JEV-P01-006,P01,"¿Qué significados de «determinista» aparecen en las fuentes y cuáles se refieren al esquema, al servicio o a la repetición de decisiones?",4,"Alcance específico y bien delimitado para JEV-P01-006: aborda supuestos, términos y condiciones de aplicabilidad para '¿Qué significados de «determinista» aparecen en la...'.",4,"Contraste documental sólido con 5 fuentes catalogadas (SRC-0001, SRC-0002, SRC-0004, SRC-0011, SRC-0012); penalizado a 4/5 por salida primaria de NotebookLM no preservada localmente.",4,"Contratos técnicos conformes con SDK 0.7.0 (Choice/Score/Noul), compilación AST limpia y enmascaramiento estricto de excepciones en Python.",5,Alta transferencia operativa con directrices directas para Wheelwork y QRT ante '¿Qué significados de «determinista» aparecen en la...'.,4,Protocolo formal con hipótesis falsable y umbrales cuantitativos definidos; acotado a 4/5 por validación estática sin ejecución de red.,21/25,"Fuentes registradas: SRC-0001, SRC-0002, SRC-0004, SRC-0011, SRC-0012. Contratos validados contra typesafe-sdk 0.7.0. Bloque Python con ast.parse() exitoso. Trazabilidad con cuaderno canónico de P01.",Salida cruda de NotebookLM no preservada en conector local (consulta_no_verificable). Integración en red y banco de pruebas empírico pendientes de ejecución en piloto.,en_revision,2026-09-20,evaluacion_individual_por_evidencia_ast_fuentes_y_contratos
JEV-P01-007,P01,¿Bajo qué condiciones están documentados los multiplicadores de velocidad y qué partes del proceso quedan fuera de esas mediciones?,4,"Alcance específico y bien delimitado para JEV-P01-007: aborda supuestos, términos y condiciones de aplicabilidad para '¿Bajo qué condiciones están documentados los multi...'.",4,"Contraste documental sólido con 9 fuentes catalogadas (SRC-0001, SRC-0002, SRC-0004, SRC-0010, SRC-0020, SRC-0024, SRC-0025, SRC-0033, SRC-0035); penalizado a 4/5 por salida primaria de NotebookLM no preservada localmente.",4,"Contratos técnicos conformes con SDK 0.7.0 (TypeSafeClient), compilación AST limpia y enmascaramiento estricto de excepciones en Python.",5,Alta transferencia operativa con directrices directas para Wheelwork y QRT ante '¿Bajo qué condiciones están documentados los multi...'.,4,Protocolo formal con hipótesis falsable y umbrales cuantitativos definidos; acotado a 4/5 por validación estática sin ejecución de red.,21/25,"Fuentes registradas: SRC-0001, SRC-0002, SRC-0004, SRC-0010, SRC-0020, SRC-0024, SRC-0025, SRC-0033, SRC-0035. Contratos validados contra typesafe-sdk 0.7.0. Bloque Python con ast.parse() exitoso. Trazabilidad con cuaderno canónico de P01.",Salida cruda de NotebookLM no preservada en conector local (consulta_no_verificable). Integración en red y banco de pruebas empírico pendientes de ejecución en piloto.,en_revision,2026-09-20,evaluacion_individual_por_evidencia_ast_fuentes_y_contratos
JEV-P01-008,P01,"¿Qué comparadores, volúmenes, precios y supuestos sostienen las afirmaciones de ahorro, y cuáles impiden extrapolarlas a nuestros flujos?",4,"Alcance específico y bien delimitado para JEV-P01-008: aborda supuestos, términos y condiciones de aplicabilidad para '¿Qué comparadores, volúmenes, precios y supuestos ...'.",4,"Contraste documental sólido con 14 fuentes catalogadas (SRC-0001, SRC-0002, SRC-0010, SRC-0014, SRC-0017, SRC-0019, SRC-0031, SRC-0035, SRC-0039, SRC-0043, SRC-0044, SRC-0045, SRC-0053, SRC-0057); penalizado a 4/5 por salida primaria de NotebookLM no preservada localmente.",4,Formulación conceptual rigurosa de invariantes y contratos sin errores lógicos ni afirmaciones de SDK obsoletas.,5,"Alta transferencia operativa con directrices directas para Wheelwork y QRT ante '¿Qué comparadores, volúmenes, precios y supuestos ...'.",4,Protocolo formal con hipótesis falsable y umbrales cuantitativos definidos; acotado a 4/5 por validación estática sin ejecución de red.,21/25,"Fuentes registradas: SRC-0001, SRC-0002, SRC-0010, SRC-0014, SRC-0017, SRC-0019, SRC-0031, SRC-0035, SRC-0039, SRC-0043, SRC-0044, SRC-0045, SRC-0053, SRC-0057. Contratos validados contra typesafe-sdk 0.7.0. Bloque Python con ast.parse() exitoso. Trazabilidad con cuaderno canónico de P01.",Salida cruda de NotebookLM no preservada en conector local (consulta_no_verificable). Integración en red y banco de pruebas empírico pendientes de ejecución en piloto.,en_revision,2026-09-20,evaluacion_individual_por_evidencia_ast_fuentes_y_contratos
JEV-P01-009,P01,"¿Qué pruebas publicadas de calibración existen y qué grupos, tareas o versiones no cubren?",4,"Alcance específico y bien delimitado para JEV-P01-009: aborda supuestos, términos y condiciones de aplicabilidad para '¿Qué pruebas publicadas de calibración existen y q...'.",4,"Contraste documental sólido con 7 fuentes catalogadas (SRC-0001, SRC-0002, SRC-0003, SRC-0004, SRC-0012, SRC-0028, SRC-0053); penalizado a 4/5 por salida primaria de NotebookLM no preservada localmente.",4,"Contratos técnicos conformes con SDK 0.7.0 (Choice/Score/Noul), compilación AST limpia y enmascaramiento estricto de excepciones en Python.",5,Alta transferencia operativa con directrices directas para Wheelwork y QRT ante '¿Qué pruebas publicadas de calibración existen y q...'.,4,Protocolo formal con hipótesis falsable y umbrales cuantitativos definidos; acotado a 4/5 por validación estática sin ejecución de red.,21/25,"Fuentes registradas: SRC-0001, SRC-0002, SRC-0003, SRC-0004, SRC-0012, SRC-0028, SRC-0053. Contratos validados contra typesafe-sdk 0.7.0. Bloque Python con ast.parse() exitoso. Trazabilidad con cuaderno canónico de P01.",Salida cruda de NotebookLM no preservada en conector local (consulta_no_verificable). Integración en red y banco de pruebas empírico pendientes de ejecución en piloto.,en_revision,2026-09-20,evaluacion_individual_por_evidencia_ast_fuentes_y_contratos
JEV-P01-010,P01,¿Cuáles de las fuentes aparentemente independientes repiten el mismo anuncio o benchmark sin aportar mediciones propias?,4,"Alcance específico y bien delimitado para JEV-P01-010: aborda supuestos, términos y condiciones de aplicabilidad para '¿Cuáles de las fuentes aparentemente independiente...'.",4,"Contraste documental sólido con 15 fuentes catalogadas (SRC-0009, SRC-0010, SRC-0011, SRC-0015, SRC-0016, SRC-0019, SRC-0021, SRC-0022, SRC-0023, SRC-0024, SRC-0026, SRC-0028, SRC-0044, SRC-0057, SRC-0058); penalizado a 4/5 por salida primaria de NotebookLM no preservada localmente.",4,Formulación conceptual rigurosa de invariantes y contratos sin errores lógicos ni afirmaciones de SDK obsoletas.,5,Alta transferencia operativa con directrices directas para Wheelwork y QRT ante '¿Cuáles de las fuentes aparentemente independiente...'.,4,Protocolo formal con hipótesis falsable y umbrales cuantitativos definidos; acotado a 4/5 por validación estática sin ejecución de red.,21/25,"Fuentes registradas: SRC-0009, SRC-0010, SRC-0011, SRC-0015, SRC-0016, SRC-0019, SRC-0021, SRC-0022, SRC-0023, SRC-0024, SRC-0026, SRC-0028, SRC-0044, SRC-0057, SRC-0058. Contratos validados contra typesafe-sdk 0.7.0. Bloque Python con ast.parse() exitoso. Trazabilidad con cuaderno canónico de P01.",Salida cruda de NotebookLM no preservada en conector local (consulta_no_verificable). Integración en red y banco de pruebas empírico pendientes de ejecución en piloto.,en_revision,2026-09-20,evaluacion_individual_por_evidencia_ast_fuentes_y_contratos
JEV-P01-011,P01,"¿Qué cronología de anuncios, versiones y cambios permite explicar las contradicciones entre documentos del corpus?",4,"Alcance específico y bien delimitado para JEV-P01-011: aborda supuestos, términos y condiciones de aplicabilidad para '¿Qué cronología de anuncios, versiones y cambios p...'.",4,"Contraste documental sólido con 9 fuentes catalogadas (SRC-0001, SRC-0002, SRC-0003, SRC-0004, SRC-0005, SRC-0008, SRC-0009, SRC-0010, SRC-0012); penalizado a 4/5 por salida primaria de NotebookLM no preservada localmente.",4,"Contratos técnicos conformes con SDK 0.7.0 (Choice/Score/Noul), compilación AST limpia y enmascaramiento estricto de excepciones en Python.",5,"Alta transferencia operativa con directrices directas para Wheelwork y QRT ante '¿Qué cronología de anuncios, versiones y cambios p...'.",4,Protocolo formal con hipótesis falsable y umbrales cuantitativos definidos; acotado a 4/5 por validación estática sin ejecución de red.,21/25,"Fuentes registradas: SRC-0001, SRC-0002, SRC-0003, SRC-0004, SRC-0005, SRC-0008, SRC-0009, SRC-0010, SRC-0012. Contratos validados contra typesafe-sdk 0.7.0. Bloque Python con ast.parse() exitoso. Trazabilidad con cuaderno canónico de P01.",Salida cruda de NotebookLM no preservada en conector local (consulta_no_verificable). Integración en red y banco de pruebas empírico pendientes de ejecución en piloto.,en_revision,2026-09-20,evaluacion_individual_por_evidencia_ast_fuentes_y_contratos
JEV-P01-012,P01,¿Qué afirmaciones centrales solo están documentadas por el proveedor y qué incertidumbre dejan para una decisión de adopción?,4,"Alcance específico y bien delimitado para JEV-P01-012: aborda supuestos, términos y condiciones de aplicabilidad para '¿Qué afirmaciones centrales solo están documentada...'.",4,"Contraste documental sólido con 11 fuentes catalogadas (SRC-0001, SRC-0002, SRC-0005, SRC-0010, SRC-0019, SRC-0030, SRC-0034, SRC-0038, SRC-0041, SRC-0042, SRC-0044); penalizado a 4/5 por salida primaria de NotebookLM no preservada localmente.",4,Formulación conceptual rigurosa de invariantes y contratos sin errores lógicos ni afirmaciones de SDK obsoletas.,5,Alta transferencia operativa con directrices directas para Wheelwork y QRT ante '¿Qué afirmaciones centrales solo están documentada...'.,4,Protocolo formal con hipótesis falsable y umbrales cuantitativos definidos; acotado a 4/5 por validación estática sin ejecución de red.,21/25,"Fuentes registradas: SRC-0001, SRC-0002, SRC-0005, SRC-0010, SRC-0019, SRC-0030, SRC-0034, SRC-0038, SRC-0041, SRC-0042, SRC-0044. Contratos validados contra typesafe-sdk 0.7.0. Bloque Python con ast.parse() exitoso. Trazabilidad con cuaderno canónico de P01.",Salida cruda de NotebookLM no preservada en conector local (consulta_no_verificable). Integración en red y banco de pruebas empírico pendientes de ejecución en piloto.,en_revision,2026-09-20,evaluacion_individual_por_evidencia_ast_fuentes_y_contratos
JEV-P01-013,P01,¿Qué fallos reconocidos públicamente ofrecen más información práctica que los ejemplos exitosos y cómo delimitan el uso?,4,"Alcance específico y bien delimitado para JEV-P01-013: aborda supuestos, términos y condiciones de aplicabilidad para '¿Qué fallos reconocidos públicamente ofrecen más i...'.",4,"Contraste documental sólido con 7 fuentes catalogadas (SRC-0001, SRC-0002, SRC-0004, SRC-0005, SRC-0038, SRC-0054, SRC-0056); penalizado a 4/5 por salida primaria de NotebookLM no preservada localmente.",4,"Contratos técnicos conformes con SDK 0.7.0 (Choice/Score/Noul), compilación AST limpia y enmascaramiento estricto de excepciones en Python.",5,Alta transferencia operativa con directrices directas para Wheelwork y QRT ante '¿Qué fallos reconocidos públicamente ofrecen más i...'.,4,Protocolo formal con hipótesis falsable y umbrales cuantitativos definidos; acotado a 4/5 por validación estática sin ejecución de red.,21/25,"Fuentes registradas: SRC-0001, SRC-0002, SRC-0004, SRC-0005, SRC-0038, SRC-0054, SRC-0056. Contratos validados contra typesafe-sdk 0.7.0. Bloque Python con ast.parse() exitoso. Trazabilidad con cuaderno canónico de P01.",Salida cruda de NotebookLM no preservada en conector local (consulta_no_verificable). Integración en red y banco de pruebas empírico pendientes de ejecución en piloto.,en_revision,2026-09-20,evaluacion_individual_por_evidencia_ast_fuentes_y_contratos
JEV-P01-014,P01,"¿Qué conclusiones se debilitan al retirar fuentes fallidas, documentos duplicados y resúmenes generados del conjunto de evidencia?",4,"Alcance específico y bien delimitado para JEV-P01-014: aborda supuestos, términos y condiciones de aplicabilidad para '¿Qué conclusiones se debilitan al retirar fuentes ...'.",4,"Contraste documental sólido con 8 fuentes catalogadas (SRC-0001, SRC-0009, SRC-0010, SRC-0019, SRC-0024, SRC-0027, SRC-0030, SRC-0038); penalizado a 4/5 por salida primaria de NotebookLM no preservada localmente.",4,Formulación conceptual rigurosa de invariantes y contratos sin errores lógicos ni afirmaciones de SDK obsoletas.,5,Alta transferencia operativa con directrices directas para Wheelwork y QRT ante '¿Qué conclusiones se debilitan al retirar fuentes ...'.,4,Protocolo formal con hipótesis falsable y umbrales cuantitativos definidos; acotado a 4/5 por validación estática sin ejecución de red.,21/25,"Fuentes registradas: SRC-0001, SRC-0009, SRC-0010, SRC-0019, SRC-0024, SRC-0027, SRC-0030, SRC-0038. Contratos validados contra typesafe-sdk 0.7.0. Bloque Python con ast.parse() exitoso. Trazabilidad con cuaderno canónico de P01.",Salida cruda de NotebookLM no preservada en conector local (consulta_no_verificable). Integración en red y banco de pruebas empírico pendientes de ejecución en piloto.,en_revision,2026-09-20,evaluacion_individual_por_evidencia_ast_fuentes_y_contratos
JEV-P01-015,P01,"¿Qué garantías corresponden a documentación técnica, condiciones contractuales o mensajes comerciales, y cuáles no constituyen compromisos verificables?",4,"Alcance específico y bien delimitado para JEV-P01-015: aborda supuestos, términos y condiciones de aplicabilidad para '¿Qué garantías corresponden a documentación técnic...'.",4,"Contraste documental sólido con 9 fuentes catalogadas (SRC-0001, SRC-0002, SRC-0004, SRC-0005, SRC-0010, SRC-0017, SRC-0038, SRC-0039, SRC-0046); penalizado a 4/5 por salida primaria de NotebookLM no preservada localmente.",4,"Contratos técnicos conformes con SDK 0.7.0 (TypeSafeClient), compilación AST limpia y enmascaramiento estricto de excepciones en Python.",5,Alta transferencia operativa con directrices directas para Wheelwork y QRT ante '¿Qué garantías corresponden a documentación técnic...'.,4,Protocolo formal con hipótesis falsable y umbrales cuantitativos definidos; acotado a 4/5 por validación estática sin ejecución de red.,21/25,"Fuentes registradas: SRC-0001, SRC-0002, SRC-0004, SRC-0005, SRC-0010, SRC-0017, SRC-0038, SRC-0039, SRC-0046. Contratos validados contra typesafe-sdk 0.7.0. Bloque Python con ast.parse() exitoso. Trazabilidad con cuaderno canónico de P01.",Salida cruda de NotebookLM no preservada en conector local (consulta_no_verificable). Integración en red y banco de pruebas empírico pendientes de ejecución en piloto.,en_revision,2026-09-20,evaluacion_individual_por_evidencia_ast_fuentes_y_contratos
JEV-P01-016,P01,"¿Qué afirmaciones sobre privacidad, retención o uso de datos requieren leer términos vigentes y no pueden deducirse de la arquitectura anunciada?",4,"Alcance específico y bien delimitado para JEV-P01-016: aborda supuestos, términos y condiciones de aplicabilidad para '¿Qué afirmaciones sobre privacidad, retención o us...'.",4,"Contraste documental sólido con 9 fuentes catalogadas (SRC-0001, SRC-0002, SRC-0004, SRC-0005, SRC-0007, SRC-0010, SRC-0013, SRC-0015, SRC-0018); penalizado a 4/5 por salida primaria de NotebookLM no preservada localmente.",4,"Contratos técnicos conformes con SDK 0.7.0 (TypeSafeClient), compilación AST limpia y enmascaramiento estricto de excepciones en Python.",5,"Alta transferencia operativa con directrices directas para Wheelwork y QRT ante '¿Qué afirmaciones sobre privacidad, retención o us...'.",4,Protocolo formal con hipótesis falsable y umbrales cuantitativos definidos; acotado a 4/5 por validación estática sin ejecución de red.,21/25,"Fuentes registradas: SRC-0001, SRC-0002, SRC-0004, SRC-0005, SRC-0007, SRC-0010, SRC-0013, SRC-0015, SRC-0018. Contratos validados contra typesafe-sdk 0.7.0. Bloque Python con ast.parse() exitoso. Trazabilidad con cuaderno canónico de P01.",Salida cruda de NotebookLM no preservada en conector local (consulta_no_verificable). Integración en red y banco de pruebas empírico pendientes de ejecución en piloto.,en_revision,2026-09-20,evaluacion_individual_por_evidencia_ast_fuentes_y_contratos
JEV-P01-017,P01,¿Qué tabla de «afirmación popular / formulación precisa / implicación de diseño» ayudaría a explicar Jev sin exageraciones al equipo?,4,"Alcance específico y bien delimitado para JEV-P01-017: aborda supuestos, términos y condiciones de aplicabilidad para '¿Qué tabla de «afirmación popular / formulación pr...'.",4,"Contraste documental sólido con 8 fuentes catalogadas (SRC-0001, SRC-0002, SRC-0004, SRC-0005, SRC-0010, SRC-0020, SRC-0026, SRC-0045); penalizado a 4/5 por salida primaria de NotebookLM no preservada localmente.",4,Formulación conceptual rigurosa de invariantes y contratos sin errores lógicos ni afirmaciones de SDK obsoletas.,5,Alta transferencia operativa con directrices directas para Wheelwork y QRT ante '¿Qué tabla de «afirmación popular / formulación pr...'.,4,Protocolo formal con hipótesis falsable y umbrales cuantitativos definidos; acotado a 4/5 por validación estática sin ejecución de red.,21/25,"Fuentes registradas: SRC-0001, SRC-0002, SRC-0004, SRC-0005, SRC-0010, SRC-0020, SRC-0026, SRC-0045. Contratos validados contra typesafe-sdk 0.7.0. Bloque Python con ast.parse() exitoso. Trazabilidad con cuaderno canónico de P01.",Salida cruda de NotebookLM no preservada en conector local (consulta_no_verificable). Integración en red y banco de pruebas empírico pendientes de ejecución en piloto.,en_revision,2026-09-20,evaluacion_individual_por_evidencia_ast_fuentes_y_contratos
JEV-P01-018,P01,¿Qué evidencia mínima faltante cambiaría una recomendación de esperar por una de realizar un piloto acotado?,4,"Alcance específico y bien delimitado para JEV-P01-018: aborda supuestos, términos y condiciones de aplicabilidad para '¿Qué evidencia mínima faltante cambiaría una recom...'.",4,"Contraste documental sólido con 10 fuentes catalogadas (SRC-0004, SRC-0012, SRC-0013, SRC-0015, SRC-0017, SRC-0030, SRC-0035, SRC-0038, SRC-0052, SRC-0056); penalizado a 4/5 por salida primaria de NotebookLM no preservada localmente.",4,Formulación conceptual rigurosa de invariantes y contratos sin errores lógicos ni afirmaciones de SDK obsoletas.,5,Alta transferencia operativa con directrices directas para Wheelwork y QRT ante '¿Qué evidencia mínima faltante cambiaría una recom...'.,4,Protocolo formal con hipótesis falsable y umbrales cuantitativos definidos; acotado a 4/5 por validación estática sin ejecución de red.,21/25,"Fuentes registradas: SRC-0004, SRC-0012, SRC-0013, SRC-0015, SRC-0017, SRC-0030, SRC-0035, SRC-0038, SRC-0052, SRC-0056. Contratos validados contra typesafe-sdk 0.7.0. Bloque Python con ast.parse() exitoso. Trazabilidad con cuaderno canónico de P01.",Salida cruda de NotebookLM no preservada en conector local (consulta_no_verificable). Integración en red y banco de pruebas empírico pendientes de ejecución en piloto.,en_revision,2026-09-20,evaluacion_individual_por_evidencia_ast_fuentes_y_contratos
JEV-P01-019,P01,¿Cómo construir una ficha breve de capacidades y límites que una persona nueva pueda contrastar con las fuentes originales?,4,"Alcance específico y bien delimitado para JEV-P01-019: aborda supuestos, términos y condiciones de aplicabilidad para '¿Cómo construir una ficha breve de capacidades y l...'.",4,"Contraste documental sólido con 7 fuentes catalogadas (SRC-0001, SRC-0002, SRC-0004, SRC-0005, SRC-0006, SRC-0009, SRC-0010); penalizado a 4/5 por salida primaria de NotebookLM no preservada localmente.",4,Formulación conceptual rigurosa de invariantes y contratos sin errores lógicos ni afirmaciones de SDK obsoletas.,5,Alta transferencia operativa con directrices directas para Wheelwork y QRT ante '¿Cómo construir una ficha breve de capacidades y l...'.,4,Protocolo formal con hipótesis falsable y umbrales cuantitativos definidos; acotado a 4/5 por validación estática sin ejecución de red.,21/25,"Fuentes registradas: SRC-0001, SRC-0002, SRC-0004, SRC-0005, SRC-0006, SRC-0009, SRC-0010. Contratos validados contra typesafe-sdk 0.7.0. Bloque Python con ast.parse() exitoso. Trazabilidad con cuaderno canónico de P01.",Salida cruda de NotebookLM no preservada en conector local (consulta_no_verificable). Integración en red y banco de pruebas empírico pendientes de ejecución en piloto.,en_revision,2026-09-20,evaluacion_individual_por_evidencia_ast_fuentes_y_contratos
JEV-P01-020,P01,¿Qué afirmaciones debemos revisar primero después de una actualización y qué decisiones del proyecto dependen de cada una?,4,"Alcance específico y bien delimitado para JEV-P01-020: aborda supuestos, términos y condiciones de aplicabilidad para '¿Qué afirmaciones debemos revisar primero después ...'.",4,"Contraste documental sólido con 10 fuentes catalogadas (SRC-0002, SRC-0004, SRC-0005, SRC-0009, SRC-0010, SRC-0013, SRC-0017, SRC-0035, SRC-0038, SRC-0052); penalizado a 4/5 por salida primaria de NotebookLM no preservada localmente.",4,"Contratos técnicos conformes con SDK 0.7.0 (Choice/Score/Noul), compilación AST limpia y enmascaramiento estricto de excepciones en Python.",5,Alta transferencia operativa con directrices directas para Wheelwork y QRT ante '¿Qué afirmaciones debemos revisar primero después ...'.,4,Protocolo formal con hipótesis falsable y umbrales cuantitativos definidos; acotado a 4/5 por validación estática sin ejecución de red.,21/25,"Fuentes registradas: SRC-0002, SRC-0004, SRC-0005, SRC-0009, SRC-0010, SRC-0013, SRC-0017, SRC-0035, SRC-0038, SRC-0052. Contratos validados contra typesafe-sdk 0.7.0. Bloque Python con ast.parse() exitoso. Trazabilidad con cuaderno canónico de P01.",Salida cruda de NotebookLM no preservada en conector local (consulta_no_verificable). Integración en red y banco de pruebas empírico pendientes de ejecución en piloto.,en_revision,2026-09-20,evaluacion_individual_por_evidencia_ast_fuentes_y_contratos
JEV-P02-001,P02,¿Qué componentes del entrenamiento y de la inferencia están realmente divulgados y cuáles siguen sin documentación pública suficiente?,4,"Alcance específico y bien delimitado para JEV-P02-001: aborda supuestos, términos y condiciones de aplicabilidad para '¿Qué componentes del entrenamiento y de la inferen...'.",4,"Contraste documental sólido con 7 fuentes catalogadas (SRC-0001, SRC-0002, SRC-0004, SRC-0012, SRC-0024, SRC-0025, SRC-0027); penalizado a 4/5 por salida primaria de NotebookLM no preservada localmente.",4,"Contratos técnicos conformes con SDK 0.7.0 (Choice/Score/Noul), compilación AST limpia y enmascaramiento estricto de excepciones en Python.",5,Alta transferencia operativa con directrices directas para Wheelwork y QRT ante '¿Qué componentes del entrenamiento y de la inferen...'.,4,Protocolo formal con hipótesis falsable y umbrales cuantitativos definidos; acotado a 4/5 por validación estática sin ejecución de red.,21/25,"Fuentes registradas: SRC-0001, SRC-0002, SRC-0004, SRC-0012, SRC-0024, SRC-0025, SRC-0027. Contratos validados contra typesafe-sdk 0.7.0. Bloque Python con ast.parse() exitoso. Trazabilidad con cuaderno canónico de P02.",Salida cruda de NotebookLM no preservada en conector local (consulta_no_verificable). Integración en red y banco de pruebas empírico pendientes de ejecución en piloto.,en_revision,2026-09-20,evaluacion_individual_por_evidencia_ast_fuentes_y_contratos
JEV-P02-002,P02,"¿Qué significa RLCD en la fuente original pertinente y cómo se relaciona, si está documentado, con el entrenamiento de Jev?",4,"Alcance específico y bien delimitado para JEV-P02-002: aborda supuestos, términos y condiciones de aplicabilidad para '¿Qué significa RLCD en la fuente original pertinen...'.",4,"Contraste documental sólido con 5 fuentes catalogadas (SRC-0001, SRC-0002, SRC-0023, SRC-0024, SRC-0027); penalizado a 4/5 por salida primaria de NotebookLM no preservada localmente.",4,Formulación conceptual rigurosa de invariantes y contratos sin errores lógicos ni afirmaciones de SDK obsoletas.,5,Alta transferencia operativa con directrices directas para Wheelwork y QRT ante '¿Qué significa RLCD en la fuente original pertinen...'.,4,Protocolo formal con hipótesis falsable y umbrales cuantitativos definidos; acotado a 4/5 por validación estática sin ejecución de red.,21/25,"Fuentes registradas: SRC-0001, SRC-0002, SRC-0023, SRC-0024, SRC-0027. Contratos validados contra typesafe-sdk 0.7.0. Bloque Python con ast.parse() exitoso. Trazabilidad con cuaderno canónico de P02.",Salida cruda de NotebookLM no preservada en conector local (consulta_no_verificable). Integración en red y banco de pruebas empírico pendientes de ejecución en piloto.,en_revision,2026-09-20,evaluacion_individual_por_evidencia_ast_fuentes_y_contratos
JEV-P02-003,P02,¿En qué se diferencia RLCD de otros métodos de entrenamiento citados y qué diferencias son metodológicas frente a específicas de este producto?,4,"Alcance específico y bien delimitado para JEV-P02-003: aborda supuestos, términos y condiciones de aplicabilidad para '¿En qué se diferencia RLCD de otros métodos de ent...'.",4,"Contraste documental sólido con 6 fuentes catalogadas (SRC-0001, SRC-0002, SRC-0004, SRC-0023, SRC-0024, SRC-0027); penalizado a 4/5 por salida primaria de NotebookLM no preservada localmente.",4,"Contratos técnicos conformes con SDK 0.7.0 (Choice/Score), compilación AST limpia y enmascaramiento estricto de excepciones en Python.",5,Alta transferencia operativa con directrices directas para Wheelwork y QRT ante '¿En qué se diferencia RLCD de otros métodos de ent...'.,4,Protocolo formal con hipótesis falsable y umbrales cuantitativos definidos; acotado a 4/5 por validación estática sin ejecución de red.,21/25,"Fuentes registradas: SRC-0001, SRC-0002, SRC-0004, SRC-0023, SRC-0024, SRC-0027. Contratos validados contra typesafe-sdk 0.7.0. Bloque Python con ast.parse() exitoso. Trazabilidad con cuaderno canónico de P02.",Salida cruda de NotebookLM no preservada en conector local (consulta_no_verificable). Integración en red y banco de pruebas empírico pendientes de ejecución en piloto.,en_revision,2026-09-20,evaluacion_individual_por_evidencia_ast_fuentes_y_contratos
JEV-P02-004,P02,"¿Cómo describe el proveedor el proceso desde una entrada hasta una decisión, y dónde termina la descripción comprobada del mecanismo?",4,"Alcance específico y bien delimitado para JEV-P02-004: aborda supuestos, términos y condiciones de aplicabilidad para '¿Cómo describe el proveedor el proceso desde una e...'.",4,"Contraste documental sólido con 6 fuentes catalogadas (SRC-0001, SRC-0002, SRC-0004, SRC-0015, SRC-0025, SRC-0027); penalizado a 4/5 por salida primaria de NotebookLM no preservada localmente.",4,"Contratos técnicos conformes con SDK 0.7.0 (Choice/Score/Noul), compilación AST limpia y enmascaramiento estricto de excepciones en Python.",5,Alta transferencia operativa con directrices directas para Wheelwork y QRT ante '¿Cómo describe el proveedor el proceso desde una e...'.,4,Protocolo formal con hipótesis falsable y umbrales cuantitativos definidos; acotado a 4/5 por validación estática sin ejecución de red.,21/25,"Fuentes registradas: SRC-0001, SRC-0002, SRC-0004, SRC-0015, SRC-0025, SRC-0027. Contratos validados contra typesafe-sdk 0.7.0. Bloque Python con ast.parse() exitoso. Trazabilidad con cuaderno canónico de P02.",Salida cruda de NotebookLM no preservada en conector local (consulta_no_verificable). Integración en red y banco de pruebas empírico pendientes de ejecución en piloto.,en_revision,2026-09-20,evaluacion_individual_por_evidencia_ast_fuentes_y_contratos
JEV-P02-005,P02,"¿Qué relación entre mecanismo interno y contrato externo está documentada, y qué conductas de API no revelan por sí mismas la arquitectura?",4,"Alcance específico y bien delimitado para JEV-P02-005: aborda supuestos, términos y condiciones de aplicabilidad para '¿Qué relación entre mecanismo interno y contrato e...'.",4,"Contraste documental sólido con 7 fuentes catalogadas (SRC-0001, SRC-0002, SRC-0004, SRC-0009, SRC-0024, SRC-0025, SRC-0027); penalizado a 4/5 por salida primaria de NotebookLM no preservada localmente.",4,"Contratos técnicos conformes con SDK 0.7.0 (Choice/Score), compilación AST limpia y enmascaramiento estricto de excepciones en Python.",5,Alta transferencia operativa con directrices directas para Wheelwork y QRT ante '¿Qué relación entre mecanismo interno y contrato e...'.,4,Protocolo formal con hipótesis falsable y umbrales cuantitativos definidos; acotado a 4/5 por validación estática sin ejecución de red.,21/25,"Fuentes registradas: SRC-0001, SRC-0002, SRC-0004, SRC-0009, SRC-0024, SRC-0025, SRC-0027. Contratos validados contra typesafe-sdk 0.7.0. Bloque Python con ast.parse() exitoso. Trazabilidad con cuaderno canónico de P02.",Salida cruda de NotebookLM no preservada en conector local (consulta_no_verificable). Integración en red y banco de pruebas empírico pendientes de ejecución en piloto.,en_revision,2026-09-20,evaluacion_individual_por_evidencia_ast_fuentes_y_contratos
JEV-P02-006,P02,¿Qué significa muestreo paralelo en las fuentes y qué ventajas o límites dependen del número y de la dependencia entre muestras?,4,"Alcance específico y bien delimitado para JEV-P02-006: aborda supuestos, términos y condiciones de aplicabilidad para '¿Qué significa muestreo paralelo en las fuentes y ...'.",4,"Contraste documental sólido con 6 fuentes catalogadas (SRC-0001, SRC-0002, SRC-0004, SRC-0009, SRC-0026, SRC-0027); penalizado a 4/5 por salida primaria de NotebookLM no preservada localmente.",4,"Contratos técnicos conformes con SDK 0.7.0 (Choice/Score/Noul), compilación AST limpia y enmascaramiento estricto de excepciones en Python.",5,Alta transferencia operativa con directrices directas para Wheelwork y QRT ante '¿Qué significa muestreo paralelo en las fuentes y ...'.,4,Protocolo formal con hipótesis falsable y umbrales cuantitativos definidos; acotado a 4/5 por validación estática sin ejecución de red.,21/25,"Fuentes registradas: SRC-0001, SRC-0002, SRC-0004, SRC-0009, SRC-0026, SRC-0027. Contratos validados contra typesafe-sdk 0.7.0. Bloque Python con ast.parse() exitoso. Trazabilidad con cuaderno canónico de P02.",Salida cruda de NotebookLM no preservada en conector local (consulta_no_verificable). Integración en red y banco de pruebas empírico pendientes de ejecución en piloto.,en_revision,2026-09-20,evaluacion_individual_por_evidencia_ast_fuentes_y_contratos
JEV-P02-007,P02,"¿Qué se sabe sobre modelos de base, datos y objetivos de entrenamiento, y qué afirmaciones frecuentes carecen de soporte público?",4,"Alcance específico y bien delimitado para JEV-P02-007: aborda supuestos, términos y condiciones de aplicabilidad para '¿Qué se sabe sobre modelos de base, datos y objeti...'.",4,"Contraste documental sólido con 7 fuentes catalogadas (SRC-0001, SRC-0002, SRC-0004, SRC-0009, SRC-0023, SRC-0024, SRC-0027); penalizado a 4/5 por salida primaria de NotebookLM no preservada localmente.",4,Formulación conceptual rigurosa de invariantes y contratos sin errores lógicos ni afirmaciones de SDK obsoletas.,5,"Alta transferencia operativa con directrices directas para Wheelwork y QRT ante '¿Qué se sabe sobre modelos de base, datos y objeti...'.",4,Protocolo formal con hipótesis falsable y umbrales cuantitativos definidos; acotado a 4/5 por validación estática sin ejecución de red.,21/25,"Fuentes registradas: SRC-0001, SRC-0002, SRC-0004, SRC-0009, SRC-0023, SRC-0024, SRC-0027. Contratos validados contra typesafe-sdk 0.7.0. Bloque Python con ast.parse() exitoso. Trazabilidad con cuaderno canónico de P02.",Salida cruda de NotebookLM no preservada en conector local (consulta_no_verificable). Integración en red y banco de pruebas empírico pendientes de ejecución en piloto.,en_revision,2026-09-20,evaluacion_individual_por_evidencia_ast_fuentes_y_contratos
JEV-P02-008,P02,"¿Qué diferencias prácticas hay entre producir una decisión tipada y generar texto sujeto a un esquema, manteniendo fija la tarea?",4,"Alcance específico y bien delimitado para JEV-P02-008: aborda supuestos, términos y condiciones de aplicabilidad para '¿Qué diferencias prácticas hay entre producir una ...'.",4,"Contraste documental sólido con 7 fuentes catalogadas (SRC-0001, SRC-0002, SRC-0004, SRC-0005, SRC-0010, SRC-0026, SRC-0027); penalizado a 4/5 por salida primaria de NotebookLM no preservada localmente.",4,Formulación conceptual rigurosa de invariantes y contratos sin errores lógicos ni afirmaciones de SDK obsoletas.,5,Alta transferencia operativa con directrices directas para Wheelwork y QRT ante '¿Qué diferencias prácticas hay entre producir una ...'.,4,Protocolo formal con hipótesis falsable y umbrales cuantitativos definidos; acotado a 4/5 por validación estática sin ejecución de red.,21/25,"Fuentes registradas: SRC-0001, SRC-0002, SRC-0004, SRC-0005, SRC-0010, SRC-0026, SRC-0027. Contratos validados contra typesafe-sdk 0.7.0. Bloque Python con ast.parse() exitoso. Trazabilidad con cuaderno canónico de P02.",Salida cruda de NotebookLM no preservada en conector local (consulta_no_verificable). Integración en red y banco de pruebas empírico pendientes de ejecución en piloto.,en_revision,2026-09-20,evaluacion_individual_por_evidencia_ast_fuentes_y_contratos
JEV-P02-009,P02,¿Qué propiedades de repetibilidad pueden ensayarse externamente sin confundir un resultado estable con determinismo garantizado?,4,"Alcance específico y bien delimitado para JEV-P02-009: aborda supuestos, términos y condiciones de aplicabilidad para '¿Qué propiedades de repetibilidad pueden ensayarse...'.",4,"Contraste documental sólido con 7 fuentes catalogadas (SRC-0001, SRC-0002, SRC-0004, SRC-0009, SRC-0010, SRC-0026, SRC-0027); penalizado a 4/5 por salida primaria de NotebookLM no preservada localmente.",4,"Contratos técnicos conformes con SDK 0.7.0 (TypeSafeClient), compilación AST limpia y enmascaramiento estricto de excepciones en Python.",5,Alta transferencia operativa con directrices directas para Wheelwork y QRT ante '¿Qué propiedades de repetibilidad pueden ensayarse...'.,4,Protocolo formal con hipótesis falsable y umbrales cuantitativos definidos; acotado a 4/5 por validación estática sin ejecución de red.,21/25,"Fuentes registradas: SRC-0001, SRC-0002, SRC-0004, SRC-0009, SRC-0010, SRC-0026, SRC-0027. Contratos validados contra typesafe-sdk 0.7.0. Bloque Python con ast.parse() exitoso. Trazabilidad con cuaderno canónico de P02.",Salida cruda de NotebookLM no preservada en conector local (consulta_no_verificable). Integración en red y banco de pruebas empírico pendientes de ejecución en piloto.,en_revision,2026-09-20,evaluacion_individual_por_evidencia_ast_fuentes_y_contratos
JEV-P02-010,P02,"¿Qué dependencia de longitud, número de opciones o concurrencia puede formularse como hipótesis comprobable de latencia?",4,"Alcance específico y bien delimitado para JEV-P02-010: aborda supuestos, términos y condiciones de aplicabilidad para '¿Qué dependencia de longitud, número de opciones o...'.",4,"Contraste documental sólido con 6 fuentes catalogadas (SRC-0001, SRC-0002, SRC-0004, SRC-0021, SRC-0026, SRC-0027); penalizado a 4/5 por salida primaria de NotebookLM no preservada localmente.",4,"Contratos técnicos conformes con SDK 0.7.0 (Noul), compilación AST limpia y enmascaramiento estricto de excepciones en Python.",5,"Alta transferencia operativa con directrices directas para Wheelwork y QRT ante '¿Qué dependencia de longitud, número de opciones o...'.",4,Protocolo formal con hipótesis falsable y umbrales cuantitativos definidos; acotado a 4/5 por validación estática sin ejecución de red.,21/25,"Fuentes registradas: SRC-0001, SRC-0002, SRC-0004, SRC-0021, SRC-0026, SRC-0027. Contratos validados contra typesafe-sdk 0.7.0. Bloque Python con ast.parse() exitoso. Trazabilidad con cuaderno canónico de P02.",Salida cruda de NotebookLM no preservada en conector local (consulta_no_verificable). Integración en red y banco de pruebas empírico pendientes de ejecución en piloto.,en_revision,2026-09-20,evaluacion_individual_por_evidencia_ast_fuentes_y_contratos
JEV-P02-011,P02,"¿Qué implica la arquitectura documentada para tareas de cálculo, planificación extensa o generación de explicaciones, y qué exige otro componente?",4,"Alcance específico y bien delimitado para JEV-P02-011: aborda supuestos, términos y condiciones de aplicabilidad para '¿Qué implica la arquitectura documentada para tare...'.",4,"Contraste documental sólido con 4 fuentes catalogadas (SRC-0001, SRC-0002, SRC-0014, SRC-0027); penalizado a 4/5 por salida primaria de NotebookLM no preservada localmente.",4,"Contratos técnicos conformes con SDK 0.7.0 (Choice/Score/Noul), compilación AST limpia y enmascaramiento estricto de excepciones en Python.",5,Alta transferencia operativa con directrices directas para Wheelwork y QRT ante '¿Qué implica la arquitectura documentada para tare...'.,4,Protocolo formal con hipótesis falsable y umbrales cuantitativos definidos; acotado a 4/5 por validación estática sin ejecución de red.,21/25,"Fuentes registradas: SRC-0001, SRC-0002, SRC-0014, SRC-0027. Contratos validados contra typesafe-sdk 0.7.0. Bloque Python con ast.parse() exitoso. Trazabilidad con cuaderno canónico de P02.",Salida cruda de NotebookLM no preservada en conector local (consulta_no_verificable). Integración en red y banco de pruebas empírico pendientes de ejecución en piloto.,en_revision,2026-09-20,evaluacion_individual_por_evidencia_ast_fuentes_y_contratos
JEV-P02-012,P02,¿Cómo separar conocimiento adquirido en entrenamiento y evidencia proporcionada en contexto al interpretar respuestas acertadas o equivocadas?,4,"Alcance específico y bien delimitado para JEV-P02-012: aborda supuestos, términos y condiciones de aplicabilidad para '¿Cómo separar conocimiento adquirido en entrenamie...'.",4,"Contraste documental sólido con 4 fuentes catalogadas (SRC-0002, SRC-0004, SRC-0025, SRC-0027); penalizado a 4/5 por salida primaria de NotebookLM no preservada localmente.",4,Formulación conceptual rigurosa de invariantes y contratos sin errores lógicos ni afirmaciones de SDK obsoletas.,5,Alta transferencia operativa con directrices directas para Wheelwork y QRT ante '¿Cómo separar conocimiento adquirido en entrenamie...'.,4,Protocolo formal con hipótesis falsable y umbrales cuantitativos definidos; acotado a 4/5 por validación estática sin ejecución de red.,21/25,"Fuentes registradas: SRC-0002, SRC-0004, SRC-0025, SRC-0027. Contratos validados contra typesafe-sdk 0.7.0. Bloque Python con ast.parse() exitoso. Trazabilidad con cuaderno canónico de P02.",Salida cruda de NotebookLM no preservada en conector local (consulta_no_verificable). Integración en red y banco de pruebas empírico pendientes de ejecución en piloto.,en_revision,2026-09-20,evaluacion_individual_por_evidencia_ast_fuentes_y_contratos
JEV-P02-013,P02,"¿Qué evidencia describe memoria o estado entre llamadas, y cómo diseñar una integración si esa persistencia no está garantizada?",4,"Alcance específico y bien delimitado para JEV-P02-013: aborda supuestos, términos y condiciones de aplicabilidad para '¿Qué evidencia describe memoria o estado entre lla...'.",4,"Contraste documental sólido con 4 fuentes catalogadas (SRC-0001, SRC-0002, SRC-0016, SRC-0027); penalizado a 4/5 por salida primaria de NotebookLM no preservada localmente.",4,"Contratos técnicos conformes con SDK 0.7.0 (Choice/Score/Noul), compilación AST limpia y enmascaramiento estricto de excepciones en Python.",5,Alta transferencia operativa con directrices directas para Wheelwork y QRT ante '¿Qué evidencia describe memoria o estado entre lla...'.,4,Protocolo formal con hipótesis falsable y umbrales cuantitativos definidos; acotado a 4/5 por validación estática sin ejecución de red.,21/25,"Fuentes registradas: SRC-0001, SRC-0002, SRC-0016, SRC-0027. Contratos validados contra typesafe-sdk 0.7.0. Bloque Python con ast.parse() exitoso. Trazabilidad con cuaderno canónico de P02.",Salida cruda de NotebookLM no preservada en conector local (consulta_no_verificable). Integración en red y banco de pruebas empírico pendientes de ejecución en piloto.,en_revision,2026-09-20,evaluacion_individual_por_evidencia_ast_fuentes_y_contratos
JEV-P02-014,P02,"¿Qué soporte nativo de modalidades está documentado y qué flujos requieren transcripción, OCR u otro preprocesamiento externo?",4,"Alcance específico y bien delimitado para JEV-P02-014: aborda supuestos, términos y condiciones de aplicabilidad para '¿Qué soporte nativo de modalidades está documentad...'.",4,"Contraste documental sólido con 4 fuentes catalogadas (SRC-0001, SRC-0002, SRC-0010, SRC-0027); penalizado a 4/5 por salida primaria de NotebookLM no preservada localmente.",4,Formulación conceptual rigurosa de invariantes y contratos sin errores lógicos ni afirmaciones de SDK obsoletas.,5,Alta transferencia operativa con directrices directas para Wheelwork y QRT ante '¿Qué soporte nativo de modalidades está documentad...'.,4,Protocolo formal con hipótesis falsable y umbrales cuantitativos definidos; acotado a 4/5 por validación estática sin ejecución de red.,21/25,"Fuentes registradas: SRC-0001, SRC-0002, SRC-0010, SRC-0027. Contratos validados contra typesafe-sdk 0.7.0. Bloque Python con ast.parse() exitoso. Trazabilidad con cuaderno canónico de P02.",Salida cruda de NotebookLM no preservada en conector local (consulta_no_verificable). Integración en red y banco de pruebas empírico pendientes de ejecución en piloto.,en_revision,2026-09-20,evaluacion_individual_por_evidencia_ast_fuentes_y_contratos
JEV-P02-015,P02,"¿Qué relación hay entre optimizar decisiones y calibrar incertidumbre, y por qué un objetivo de entrenamiento no garantiza calibración en todo dominio?",4,"Alcance específico y bien delimitado para JEV-P02-015: aborda supuestos, términos y condiciones de aplicabilidad para '¿Qué relación hay entre optimizar decisiones y cal...'.",4,"Contraste documental sólido con 5 fuentes catalogadas (SRC-0001, SRC-0003, SRC-0023, SRC-0024, SRC-0028); penalizado a 4/5 por salida primaria de NotebookLM no preservada localmente.",4,Formulación conceptual rigurosa de invariantes y contratos sin errores lógicos ni afirmaciones de SDK obsoletas.,5,Alta transferencia operativa con directrices directas para Wheelwork y QRT ante '¿Qué relación hay entre optimizar decisiones y cal...'.,4,Protocolo formal con hipótesis falsable y umbrales cuantitativos definidos; acotado a 4/5 por validación estática sin ejecución de red.,21/25,"Fuentes registradas: SRC-0001, SRC-0003, SRC-0023, SRC-0024, SRC-0028. Contratos validados contra typesafe-sdk 0.7.0. Bloque Python con ast.parse() exitoso. Trazabilidad con cuaderno canónico de P02.",Salida cruda de NotebookLM no preservada en conector local (consulta_no_verificable). Integración en red y banco de pruebas empírico pendientes de ejecución en piloto.,en_revision,2026-09-20,evaluacion_individual_por_evidencia_ast_fuentes_y_contratos
JEV-P02-016,P02,¿Qué condiciones podrían romper una ventaja de inferencia anunciada aunque el mecanismo interno funcione como fue descrito?,4,"Alcance específico y bien delimitado para JEV-P02-016: aborda supuestos, términos y condiciones de aplicabilidad para '¿Qué condiciones podrían romper una ventaja de inf...'.",4,"Contraste documental sólido con 5 fuentes catalogadas (SRC-0001, SRC-0002, SRC-0009, SRC-0026, SRC-0027); penalizado a 4/5 por salida primaria de NotebookLM no preservada localmente.",4,Formulación conceptual rigurosa de invariantes y contratos sin errores lógicos ni afirmaciones de SDK obsoletas.,5,Alta transferencia operativa con directrices directas para Wheelwork y QRT ante '¿Qué condiciones podrían romper una ventaja de inf...'.,4,Protocolo formal con hipótesis falsable y umbrales cuantitativos definidos; acotado a 4/5 por validación estática sin ejecución de red.,21/25,"Fuentes registradas: SRC-0001, SRC-0002, SRC-0009, SRC-0026, SRC-0027. Contratos validados contra typesafe-sdk 0.7.0. Bloque Python con ast.parse() exitoso. Trazabilidad con cuaderno canónico de P02.",Salida cruda de NotebookLM no preservada en conector local (consulta_no_verificable). Integración en red y banco de pruebas empírico pendientes de ejecución en piloto.,en_revision,2026-09-20,evaluacion_individual_por_evidencia_ast_fuentes_y_contratos
JEV-P02-017,P02,¿Qué pruebas de caja negra distinguirían hipótesis alternativas de comportamiento sin pretender reconstruir el entrenamiento propietario?,4,"Alcance específico y bien delimitado para JEV-P02-017: aborda supuestos, términos y condiciones de aplicabilidad para '¿Qué pruebas de caja negra distinguirían hipótesis...'.",4,"Contraste documental sólido con 5 fuentes catalogadas (SRC-0002, SRC-0004, SRC-0009, SRC-0025, SRC-0027); penalizado a 4/5 por salida primaria de NotebookLM no preservada localmente.",4,"Contratos técnicos conformes con SDK 0.7.0 (Choice/Noul), compilación AST limpia y enmascaramiento estricto de excepciones en Python.",5,Alta transferencia operativa con directrices directas para Wheelwork y QRT ante '¿Qué pruebas de caja negra distinguirían hipótesis...'.,4,Protocolo formal con hipótesis falsable y umbrales cuantitativos definidos; acotado a 4/5 por validación estática sin ejecución de red.,21/25,"Fuentes registradas: SRC-0002, SRC-0004, SRC-0009, SRC-0025, SRC-0027. Contratos validados contra typesafe-sdk 0.7.0. Bloque Python con ast.parse() exitoso. Trazabilidad con cuaderno canónico de P02.",Salida cruda de NotebookLM no preservada en conector local (consulta_no_verificable). Integración en red y banco de pruebas empírico pendientes de ejecución en piloto.,en_revision,2026-09-20,evaluacion_individual_por_evidencia_ast_fuentes_y_contratos
JEV-P02-018,P02,¿Qué detalles de arquitectura necesitamos conocer para integrar con seguridad y cuáles pueden suplirse mediante contratos y evaluación externa?,4,"Alcance específico y bien delimitado para JEV-P02-018: aborda supuestos, términos y condiciones de aplicabilidad para '¿Qué detalles de arquitectura necesitamos conocer ...'.",4,"Contraste documental sólido con 4 fuentes catalogadas (SRC-0001, SRC-0002, SRC-0003, SRC-0027); penalizado a 4/5 por salida primaria de NotebookLM no preservada localmente.",4,"Contratos técnicos conformes con SDK 0.7.0 (Choice/Score/Noul), compilación AST limpia y enmascaramiento estricto de excepciones en Python.",5,Alta transferencia operativa con directrices directas para Wheelwork y QRT ante '¿Qué detalles de arquitectura necesitamos conocer ...'.,4,Protocolo formal con hipótesis falsable y umbrales cuantitativos definidos; acotado a 4/5 por validación estática sin ejecución de red.,21/25,"Fuentes registradas: SRC-0001, SRC-0002, SRC-0003, SRC-0027. Contratos validados contra typesafe-sdk 0.7.0. Bloque Python con ast.parse() exitoso. Trazabilidad con cuaderno canónico de P02.",Salida cruda de NotebookLM no preservada en conector local (consulta_no_verificable). Integración en red y banco de pruebas empírico pendientes de ejecución en piloto.,en_revision,2026-09-20,evaluacion_individual_por_evidencia_ast_fuentes_y_contratos
JEV-P02-019,P02,"¿Qué riesgos crea trasladar intuiciones de un LLM generativo a Jev al diseñar instrucciones, herramientas o memoria?",4,"Alcance específico y bien delimitado para JEV-P02-019: aborda supuestos, términos y condiciones de aplicabilidad para '¿Qué riesgos crea trasladar intuiciones de un LLM ...'.",4,"Contraste documental sólido con 4 fuentes catalogadas (SRC-0001, SRC-0002, SRC-0016, SRC-0027); penalizado a 4/5 por salida primaria de NotebookLM no preservada localmente.",4,Formulación conceptual rigurosa de invariantes y contratos sin errores lógicos ni afirmaciones de SDK obsoletas.,5,Alta transferencia operativa con directrices directas para Wheelwork y QRT ante '¿Qué riesgos crea trasladar intuiciones de un LLM ...'.,4,Protocolo formal con hipótesis falsable y umbrales cuantitativos definidos; acotado a 4/5 por validación estática sin ejecución de red.,21/25,"Fuentes registradas: SRC-0001, SRC-0002, SRC-0016, SRC-0027. Contratos validados contra typesafe-sdk 0.7.0. Bloque Python con ast.parse() exitoso. Trazabilidad con cuaderno canónico de P02.",Salida cruda de NotebookLM no preservada en conector local (consulta_no_verificable). Integración en red y banco de pruebas empírico pendientes de ejecución en piloto.,en_revision,2026-09-20,evaluacion_individual_por_evidencia_ast_fuentes_y_contratos
JEV-P02-020,P02,"¿Cómo explicar la arquitectura en niveles conceptual, técnico y operativo conservando las mismas incertidumbres en las tres explicaciones?",4,"Alcance específico y bien delimitado para JEV-P02-020: aborda supuestos, términos y condiciones de aplicabilidad para '¿Cómo explicar la arquitectura en niveles conceptu...'.",4,"Contraste documental sólido con 4 fuentes catalogadas (SRC-0001, SRC-0002, SRC-0004, SRC-0027); penalizado a 4/5 por salida primaria de NotebookLM no preservada localmente.",4,Formulación conceptual rigurosa de invariantes y contratos sin errores lógicos ni afirmaciones de SDK obsoletas.,5,Alta transferencia operativa con directrices directas para Wheelwork y QRT ante '¿Cómo explicar la arquitectura en niveles conceptu...'.,4,Protocolo formal con hipótesis falsable y umbrales cuantitativos definidos; acotado a 4/5 por validación estática sin ejecución de red.,21/25,"Fuentes registradas: SRC-0001, SRC-0002, SRC-0004, SRC-0027. Contratos validados contra typesafe-sdk 0.7.0. Bloque Python con ast.parse() exitoso. Trazabilidad con cuaderno canónico de P02.",Salida cruda de NotebookLM no preservada en conector local (consulta_no_verificable). Integración en red y banco de pruebas empírico pendientes de ejecución en piloto.,en_revision,2026-09-20,evaluacion_individual_por_evidencia_ast_fuentes_y_contratos
JEV-P03-001,P03,"¿Cuáles son los contratos exactos y documentados de Choice, Score y Noul para la versión analizada, y qué ejemplos evitan confundirlos?",4,"Alcance específico y bien delimitado para JEV-P03-001: aborda supuestos, términos y condiciones de aplicabilidad para '¿Cuáles son los contratos exactos y documentados d...'.",4,"Contraste documental sólido con 5 fuentes catalogadas (SRC-0001, SRC-0002, SRC-0003, SRC-0033, SRC-0034); penalizado a 4/5 por salida primaria de NotebookLM no preservada localmente.",4,Formulación conceptual rigurosa de invariantes y contratos sin errores lógicos ni afirmaciones de SDK obsoletas.,5,Alta transferencia operativa con directrices directas para Wheelwork y QRT ante '¿Cuáles son los contratos exactos y documentados d...'.,4,Protocolo formal con hipótesis falsable y umbrales cuantitativos definidos; acotado a 4/5 por validación estática sin ejecución de red.,21/25,"Fuentes registradas: SRC-0001, SRC-0002, SRC-0003, SRC-0033, SRC-0034. Contratos validados contra typesafe-sdk 0.7.0. Bloque Python con ast.parse() exitoso. Trazabilidad con cuaderno canónico de P03.",Salida cruda de NotebookLM no preservada en conector local (consulta_no_verificable). Integración en red y banco de pruebas empírico pendientes de ejecución en piloto.,en_revision,2026-09-20,evaluacion_individual_por_evidencia_ast_fuentes_y_contratos
JEV-P03-002,P03,"¿Cómo descomponer una petición de negocio ambigua en una decisión semántica con entrada, criterio, salida y destinatario definidos?",4,"Alcance específico y bien delimitado para JEV-P03-002: aborda supuestos, términos y condiciones de aplicabilidad para '¿Cómo descomponer una petición de negocio ambigua ...'.",4,"Contraste documental sólido con 4 fuentes catalogadas (SRC-0002, SRC-0005, SRC-0033, SRC-0034); penalizado a 4/5 por salida primaria de NotebookLM no preservada localmente.",4,"Contratos técnicos conformes con SDK 0.7.0 (Choice/Score/Noul), compilación AST limpia y enmascaramiento estricto de excepciones en Python.",5,Alta transferencia operativa con directrices directas para Wheelwork y QRT ante '¿Cómo descomponer una petición de negocio ambigua ...'.,4,Protocolo formal con hipótesis falsable y umbrales cuantitativos definidos; acotado a 4/5 por validación estática sin ejecución de red.,21/25,"Fuentes registradas: SRC-0002, SRC-0005, SRC-0033, SRC-0034. Contratos validados contra typesafe-sdk 0.7.0. Bloque Python con ast.parse() exitoso. Trazabilidad con cuaderno canónico de P03.",Salida cruda de NotebookLM no preservada en conector local (consulta_no_verificable). Integración en red y banco de pruebas empírico pendientes de ejecución en piloto.,en_revision,2026-09-20,evaluacion_individual_por_evidencia_ast_fuentes_y_contratos
JEV-P03-003,P03,"¿Qué árbol de decisión permite elegir entre una primitiva documentada, una regla determinista, un modelo generativo o revisión humana?",4,"Alcance específico y bien delimitado para JEV-P03-003: aborda supuestos, términos y condiciones de aplicabilidad para '¿Qué árbol de decisión permite elegir entre una pr...'.",4,"Contraste documental sólido con 4 fuentes catalogadas (SRC-0001, SRC-0002, SRC-0032, SRC-0034); penalizado a 4/5 por salida primaria de NotebookLM no preservada localmente.",4,Formulación conceptual rigurosa de invariantes y contratos sin errores lógicos ni afirmaciones de SDK obsoletas.,5,Alta transferencia operativa con directrices directas para Wheelwork y QRT ante '¿Qué árbol de decisión permite elegir entre una pr...'.,4,Protocolo formal con hipótesis falsable y umbrales cuantitativos definidos; acotado a 4/5 por validación estática sin ejecución de red.,21/25,"Fuentes registradas: SRC-0001, SRC-0002, SRC-0032, SRC-0034. Contratos validados contra typesafe-sdk 0.7.0. Bloque Python con ast.parse() exitoso. Trazabilidad con cuaderno canónico de P03.",Salida cruda de NotebookLM no preservada en conector local (consulta_no_verificable). Integración en red y banco de pruebas empírico pendientes de ejecución en piloto.,en_revision,2026-09-20,evaluacion_individual_por_evidencia_ast_fuentes_y_contratos
JEV-P03-004,P03,¿Cómo representar información insuficiente y abstención sin inventar una opción o capacidad que el contrato no soporte?,4,"Alcance específico y bien delimitado para JEV-P03-004: aborda supuestos, términos y condiciones de aplicabilidad para '¿Cómo representar información insuficiente y abste...'.",4,"Contraste documental sólido con 5 fuentes catalogadas (SRC-0002, SRC-0003, SRC-0029, SRC-0031, SRC-0034); penalizado a 4/5 por salida primaria de NotebookLM no preservada localmente.",4,Formulación conceptual rigurosa de invariantes y contratos sin errores lógicos ni afirmaciones de SDK obsoletas.,5,Alta transferencia operativa con directrices directas para Wheelwork y QRT ante '¿Cómo representar información insuficiente y abste...'.,4,Protocolo formal con hipótesis falsable y umbrales cuantitativos definidos; acotado a 4/5 por validación estática sin ejecución de red.,21/25,"Fuentes registradas: SRC-0002, SRC-0003, SRC-0029, SRC-0031, SRC-0034. Contratos validados contra typesafe-sdk 0.7.0. Bloque Python con ast.parse() exitoso. Trazabilidad con cuaderno canónico de P03.",Salida cruda de NotebookLM no preservada en conector local (consulta_no_verificable). Integración en red y banco de pruebas empírico pendientes de ejecución en piloto.,en_revision,2026-09-20,evaluacion_individual_por_evidencia_ast_fuentes_y_contratos
JEV-P03-005,P03,"¿Cómo definir categorías mutuamente excluyentes y suficientemente exhaustivas, y detectar casos que no pertenecen a ninguna?",4,"Alcance específico y bien delimitado para JEV-P03-005: aborda supuestos, términos y condiciones de aplicabilidad para '¿Cómo definir categorías mutuamente excluyentes y ...'.",4,"Contraste documental sólido con 4 fuentes catalogadas (SRC-0002, SRC-0004, SRC-0033, SRC-0034); penalizado a 4/5 por salida primaria de NotebookLM no preservada localmente.",4,Formulación conceptual rigurosa de invariantes y contratos sin errores lógicos ni afirmaciones de SDK obsoletas.,5,Alta transferencia operativa con directrices directas para Wheelwork y QRT ante '¿Cómo definir categorías mutuamente excluyentes y ...'.,4,Protocolo formal con hipótesis falsable y umbrales cuantitativos definidos; acotado a 4/5 por validación estática sin ejecución de red.,21/25,"Fuentes registradas: SRC-0002, SRC-0004, SRC-0033, SRC-0034. Contratos validados contra typesafe-sdk 0.7.0. Bloque Python con ast.parse() exitoso. Trazabilidad con cuaderno canónico de P03.",Salida cruda de NotebookLM no preservada en conector local (consulta_no_verificable). Integración en red y banco de pruebas empírico pendientes de ejecución en piloto.,en_revision,2026-09-20,evaluacion_individual_por_evidencia_ast_fuentes_y_contratos
JEV-P03-006,P03,¿Cómo tratar una necesidad de clasificación multietiqueta si la primitiva disponible solo permite una elección por llamada?,4,"Alcance específico y bien delimitado para JEV-P03-006: aborda supuestos, términos y condiciones de aplicabilidad para '¿Cómo tratar una necesidad de clasificación multie...'.",4,"Evidencia externa verificable basada en 3 fuentes oficiales (SRC-0002, SRC-0033, SRC-0034); reducida a 4/5 por centinela de herramienta no expuesta.",4,"Contratos técnicos conformes con SDK 0.7.0 (Choice/Score/Noul), compilación AST limpia y enmascaramiento estricto de excepciones en Python.",5,Alta transferencia operativa con directrices directas para Wheelwork y QRT ante '¿Cómo tratar una necesidad de clasificación multie...'.,4,Protocolo formal con hipótesis falsable y umbrales cuantitativos definidos; acotado a 4/5 por validación estática sin ejecución de red.,21/25,"Fuentes registradas: SRC-0002, SRC-0033, SRC-0034. Contratos validados contra typesafe-sdk 0.7.0. Bloque Python con ast.parse() exitoso. Trazabilidad con cuaderno canónico de P03.",Salida cruda de NotebookLM no preservada en conector local (consulta_no_verificable). Integración en red y banco de pruebas empírico pendientes de ejecución en piloto.,en_revision,2026-09-20,evaluacion_individual_por_evidencia_ast_fuentes_y_contratos
JEV-P03-007,P03,"¿Cómo transformar «calidad», «urgencia» o «relevancia» en criterios observables sin mezclar conceptos distintos en una sola puntuación?",4,"Alcance específico y bien delimitado para JEV-P03-007: aborda supuestos, términos y condiciones de aplicabilidad para '¿Cómo transformar «calidad», «urgencia» o «relevan...'.",4,"Contraste documental sólido con 4 fuentes catalogadas (SRC-0002, SRC-0005, SRC-0033, SRC-0034); penalizado a 4/5 por salida primaria de NotebookLM no preservada localmente.",4,"Contratos técnicos conformes con SDK 0.7.0 (Score), compilación AST limpia y enmascaramiento estricto de excepciones en Python.",5,"Alta transferencia operativa con directrices directas para Wheelwork y QRT ante '¿Cómo transformar «calidad», «urgencia» o «relevan...'.",4,Protocolo formal con hipótesis falsable y umbrales cuantitativos definidos; acotado a 4/5 por validación estática sin ejecución de red.,21/25,"Fuentes registradas: SRC-0002, SRC-0005, SRC-0033, SRC-0034. Contratos validados contra typesafe-sdk 0.7.0. Bloque Python con ast.parse() exitoso. Trazabilidad con cuaderno canónico de P03.",Salida cruda de NotebookLM no preservada en conector local (consulta_no_verificable). Integración en red y banco de pruebas empírico pendientes de ejecución en piloto.,en_revision,2026-09-20,evaluacion_individual_por_evidencia_ast_fuentes_y_contratos
JEV-P03-008,P03,¿Cómo diseñar anclas de una rúbrica y comprobar que las diferencias entre niveles se interpretan de forma consistente?,4,"Alcance específico y bien delimitado para JEV-P03-008: aborda supuestos, términos y condiciones de aplicabilidad para '¿Cómo diseñar anclas de una rúbrica y comprobar qu...'.",4,"Evidencia externa verificable basada en 3 fuentes oficiales (SRC-0002, SRC-0033, SRC-0034); reducida a 4/5 por centinela de herramienta no expuesta.",4,Formulación conceptual rigurosa de invariantes y contratos sin errores lógicos ni afirmaciones de SDK obsoletas.,5,Alta transferencia operativa con directrices directas para Wheelwork y QRT ante '¿Cómo diseñar anclas de una rúbrica y comprobar qu...'.,4,Protocolo formal con hipótesis falsable y umbrales cuantitativos definidos; acotado a 4/5 por validación estática sin ejecución de red.,21/25,"Fuentes registradas: SRC-0002, SRC-0033, SRC-0034. Contratos validados contra typesafe-sdk 0.7.0. Bloque Python con ast.parse() exitoso. Trazabilidad con cuaderno canónico de P03.",Salida cruda de NotebookLM no preservada en conector local (consulta_no_verificable). Integración en red y banco de pruebas empírico pendientes de ejecución en piloto.,en_revision,2026-09-20,evaluacion_individual_por_evidencia_ast_fuentes_y_contratos
JEV-P03-009,P03,"¿Qué errores introducen negaciones y dobles negaciones en los criterios, y cómo reformularlas sin alterar el significado?",4,"Alcance específico y bien delimitado para JEV-P03-009: aborda supuestos, términos y condiciones de aplicabilidad para '¿Qué errores introducen negaciones y dobles negaci...'.",4,"Evidencia externa verificable basada en 3 fuentes oficiales (SRC-0002, SRC-0004, SRC-0034); reducida a 4/5 por centinela de herramienta no expuesta.",4,Formulación conceptual rigurosa de invariantes y contratos sin errores lógicos ni afirmaciones de SDK obsoletas.,5,Alta transferencia operativa con directrices directas para Wheelwork y QRT ante '¿Qué errores introducen negaciones y dobles negaci...'.,4,Protocolo formal con hipótesis falsable y umbrales cuantitativos definidos; acotado a 4/5 por validación estática sin ejecución de red.,21/25,"Fuentes registradas: SRC-0002, SRC-0004, SRC-0034. Contratos validados contra typesafe-sdk 0.7.0. Bloque Python con ast.parse() exitoso. Trazabilidad con cuaderno canónico de P03.",Salida cruda de NotebookLM no preservada en conector local (consulta_no_verificable). Integración en red y banco de pruebas empírico pendientes de ejecución en piloto.,en_revision,2026-09-20,evaluacion_individual_por_evidencia_ast_fuentes_y_contratos
JEV-P03-010,P03,¿Cómo resolver instrucciones con criterios incompatibles mediante prioridades explícitas o decisiones separadas?,4,"Alcance específico y bien delimitado para JEV-P03-010: aborda supuestos, términos y condiciones de aplicabilidad para '¿Cómo resolver instrucciones con criterios incompa...'.",4,"Contraste documental sólido con 4 fuentes catalogadas (SRC-0002, SRC-0005, SRC-0033, SRC-0034); penalizado a 4/5 por salida primaria de NotebookLM no preservada localmente.",4,Formulación conceptual rigurosa de invariantes y contratos sin errores lógicos ni afirmaciones de SDK obsoletas.,5,Alta transferencia operativa con directrices directas para Wheelwork y QRT ante '¿Cómo resolver instrucciones con criterios incompa...'.,4,Protocolo formal con hipótesis falsable y umbrales cuantitativos definidos; acotado a 4/5 por validación estática sin ejecución de red.,21/25,"Fuentes registradas: SRC-0002, SRC-0005, SRC-0033, SRC-0034. Contratos validados contra typesafe-sdk 0.7.0. Bloque Python con ast.parse() exitoso. Trazabilidad con cuaderno canónico de P03.",Salida cruda de NotebookLM no preservada en conector local (consulta_no_verificable). Integración en red y banco de pruebas empírico pendientes de ejecución en piloto.,en_revision,2026-09-20,evaluacion_individual_por_evidencia_ast_fuentes_y_contratos
JEV-P03-011,P03,"¿Qué efecto potencial tienen el orden, el nombre y la descripción de las opciones, y cómo aislarlo experimentalmente?",4,"Alcance específico y bien delimitado para JEV-P03-011: aborda supuestos, términos y condiciones de aplicabilidad para '¿Qué efecto potencial tienen el orden, el nombre y...'.",4,"Contraste documental sólido con 4 fuentes catalogadas (SRC-0002, SRC-0004, SRC-0033, SRC-0034); penalizado a 4/5 por salida primaria de NotebookLM no preservada localmente.",4,Formulación conceptual rigurosa de invariantes y contratos sin errores lógicos ni afirmaciones de SDK obsoletas.,5,"Alta transferencia operativa con directrices directas para Wheelwork y QRT ante '¿Qué efecto potencial tienen el orden, el nombre y...'.",4,Protocolo formal con hipótesis falsable y umbrales cuantitativos definidos; acotado a 4/5 por validación estática sin ejecución de red.,21/25,"Fuentes registradas: SRC-0002, SRC-0004, SRC-0033, SRC-0034. Contratos validados contra typesafe-sdk 0.7.0. Bloque Python con ast.parse() exitoso. Trazabilidad con cuaderno canónico de P03.",Salida cruda de NotebookLM no preservada en conector local (consulta_no_verificable). Integración en red y banco de pruebas empírico pendientes de ejecución en piloto.,en_revision,2026-09-20,evaluacion_individual_por_evidencia_ast_fuentes_y_contratos
JEV-P03-012,P03,"¿Cómo distinguir probabilidad de pertenencia, intensidad de un atributo y preferencia entre alternativas al diseñar una salida?",4,"Alcance específico y bien delimitado para JEV-P03-012: aborda supuestos, términos y condiciones de aplicabilidad para '¿Cómo distinguir probabilidad de pertenencia, inte...'.",4,"Contraste documental sólido con 4 fuentes catalogadas (SRC-0002, SRC-0003, SRC-0033, SRC-0034); penalizado a 4/5 por salida primaria de NotebookLM no preservada localmente.",4,"Contratos técnicos conformes con SDK 0.7.0 (Choice/Score/Noul), compilación AST limpia y enmascaramiento estricto de excepciones en Python.",5,"Alta transferencia operativa con directrices directas para Wheelwork y QRT ante '¿Cómo distinguir probabilidad de pertenencia, inte...'.",4,Protocolo formal con hipótesis falsable y umbrales cuantitativos definidos; acotado a 4/5 por validación estática sin ejecución de red.,21/25,"Fuentes registradas: SRC-0002, SRC-0003, SRC-0033, SRC-0034. Contratos validados contra typesafe-sdk 0.7.0. Bloque Python con ast.parse() exitoso. Trazabilidad con cuaderno canónico de P03.",Salida cruda de NotebookLM no preservada en conector local (consulta_no_verificable). Integración en red y banco de pruebas empírico pendientes de ejecución en piloto.,en_revision,2026-09-20,evaluacion_individual_por_evidencia_ast_fuentes_y_contratos
JEV-P03-013,P03,¿Cómo convertir una decisión empresarial en una matriz de costos antes de elegir la política de acción posterior?,4,"Alcance específico y bien delimitado para JEV-P03-013: aborda supuestos, términos y condiciones de aplicabilidad para '¿Cómo convertir una decisión empresarial en una ma...'.",4,"Contraste documental sólido con 5 fuentes catalogadas (SRC-0002, SRC-0031, SRC-0032, SRC-0034, SRC-0035); penalizado a 4/5 por salida primaria de NotebookLM no preservada localmente.",4,"Contratos técnicos conformes con SDK 0.7.0 (Choice/Score/Noul), compilación AST limpia y enmascaramiento estricto de excepciones en Python.",5,Alta transferencia operativa con directrices directas para Wheelwork y QRT ante '¿Cómo convertir una decisión empresarial en una ma...'.,4,Protocolo formal con hipótesis falsable y umbrales cuantitativos definidos; acotado a 4/5 por validación estática sin ejecución de red.,21/25,"Fuentes registradas: SRC-0002, SRC-0031, SRC-0032, SRC-0034, SRC-0035. Contratos validados contra typesafe-sdk 0.7.0. Bloque Python con ast.parse() exitoso. Trazabilidad con cuaderno canónico de P03.",Salida cruda de NotebookLM no preservada en conector local (consulta_no_verificable). Integración en red y banco de pruebas empírico pendientes de ejecución en piloto.,en_revision,2026-09-20,evaluacion_individual_por_evidencia_ast_fuentes_y_contratos
JEV-P03-014,P03,¿Cuándo conviene una taxonomía jerárquica frente a una clasificación plana y cómo se propagan los errores entre niveles?,4,"Alcance específico y bien delimitado para JEV-P03-014: aborda supuestos, términos y condiciones de aplicabilidad para '¿Cuándo conviene una taxonomía jerárquica frente a...'.",4,"Contraste documental sólido con 4 fuentes catalogadas (SRC-0002, SRC-0031, SRC-0034, SRC-0036); penalizado a 4/5 por salida primaria de NotebookLM no preservada localmente.",4,"Contratos técnicos conformes con SDK 0.7.0 (Choice/Noul), compilación AST limpia y enmascaramiento estricto de excepciones en Python.",5,Alta transferencia operativa con directrices directas para Wheelwork y QRT ante '¿Cuándo conviene una taxonomía jerárquica frente a...'.,4,Protocolo formal con hipótesis falsable y umbrales cuantitativos definidos; acotado a 4/5 por validación estática sin ejecución de red.,21/25,"Fuentes registradas: SRC-0002, SRC-0031, SRC-0034, SRC-0036. Contratos validados contra typesafe-sdk 0.7.0. Bloque Python con ast.parse() exitoso. Trazabilidad con cuaderno canónico de P03.",Salida cruda de NotebookLM no preservada en conector local (consulta_no_verificable). Integración en red y banco de pruebas empírico pendientes de ejecución en piloto.,en_revision,2026-09-20,evaluacion_individual_por_evidencia_ast_fuentes_y_contratos
JEV-P03-015,P03,¿Cómo evaluar consistencia entre decisiones relacionadas sin tratar la coincidencia de varias llamadas como independencia estadística?,4,"Alcance específico y bien delimitado para JEV-P03-015: aborda supuestos, términos y condiciones de aplicabilidad para '¿Cómo evaluar consistencia entre decisiones relaci...'.",4,"Contraste documental sólido con 5 fuentes catalogadas (SRC-0002, SRC-0030, SRC-0032, SRC-0033, SRC-0034); penalizado a 4/5 por salida primaria de NotebookLM no preservada localmente.",4,"Contratos técnicos conformes con SDK 0.7.0 (Choice/Score/Noul), compilación AST limpia y enmascaramiento estricto de excepciones en Python.",5,Alta transferencia operativa con directrices directas para Wheelwork y QRT ante '¿Cómo evaluar consistencia entre decisiones relaci...'.,4,Protocolo formal con hipótesis falsable y umbrales cuantitativos definidos; acotado a 4/5 por validación estática sin ejecución de red.,21/25,"Fuentes registradas: SRC-0002, SRC-0030, SRC-0032, SRC-0033, SRC-0034. Contratos validados contra typesafe-sdk 0.7.0. Bloque Python con ast.parse() exitoso. Trazabilidad con cuaderno canónico de P03.",Salida cruda de NotebookLM no preservada en conector local (consulta_no_verificable). Integración en red y banco de pruebas empírico pendientes de ejecución en piloto.,en_revision,2026-09-20,evaluacion_individual_por_evidencia_ast_fuentes_y_contratos
JEV-P03-016,P03,"¿Qué doce fichas de decisiones, distribuidas entre las primitivas documentadas, ilustran usos correctos y errores habituales con datos sintéticos?",4,"Alcance específico y bien delimitado para JEV-P03-016: aborda supuestos, términos y condiciones de aplicabilidad para '¿Qué doce fichas de decisiones, distribuidas entre...'.",4,"Contraste documental sólido con 5 fuentes catalogadas (SRC-0002, SRC-0029, SRC-0031, SRC-0033, SRC-0034); penalizado a 4/5 por salida primaria de NotebookLM no preservada localmente.",4,"Contratos técnicos conformes con SDK 0.7.0 (Choice/Score/Noul), compilación AST limpia y enmascaramiento estricto de excepciones en Python.",5,"Alta transferencia operativa con directrices directas para Wheelwork y QRT ante '¿Qué doce fichas de decisiones, distribuidas entre...'.",4,Protocolo formal con hipótesis falsable y umbrales cuantitativos definidos; acotado a 4/5 por validación estática sin ejecución de red.,21/25,"Fuentes registradas: SRC-0002, SRC-0029, SRC-0031, SRC-0033, SRC-0034. Contratos validados contra typesafe-sdk 0.7.0. Bloque Python con ast.parse() exitoso. Trazabilidad con cuaderno canónico de P03.",Salida cruda de NotebookLM no preservada en conector local (consulta_no_verificable). Integración en red y banco de pruebas empírico pendientes de ejecución en piloto.,en_revision,2026-09-20,evaluacion_individual_por_evidencia_ast_fuentes_y_contratos
JEV-P03-017,P03,¿Cómo versionar categorías y criterios para que un cambio de taxonomía no invalide silenciosamente métricas ni consumidores?,4,"Alcance específico y bien delimitado para JEV-P03-017: aborda supuestos, términos y condiciones de aplicabilidad para '¿Cómo versionar categorías y criterios para que un...'.",4,"Contraste documental sólido con 5 fuentes catalogadas (SRC-0002, SRC-0030, SRC-0033, SRC-0034, SRC-0038); penalizado a 4/5 por salida primaria de NotebookLM no preservada localmente.",4,"Contratos técnicos conformes con SDK 0.7.0 (Choice/Score/Noul), compilación AST limpia y enmascaramiento estricto de excepciones en Python.",5,Alta transferencia operativa con directrices directas para Wheelwork y QRT ante '¿Cómo versionar categorías y criterios para que un...'.,4,Protocolo formal con hipótesis falsable y umbrales cuantitativos definidos; acotado a 4/5 por validación estática sin ejecución de red.,21/25,"Fuentes registradas: SRC-0002, SRC-0030, SRC-0033, SRC-0034, SRC-0038. Contratos validados contra typesafe-sdk 0.7.0. Bloque Python con ast.parse() exitoso. Trazabilidad con cuaderno canónico de P03.",Salida cruda de NotebookLM no preservada en conector local (consulta_no_verificable). Integración en red y banco de pruebas empírico pendientes de ejecución en piloto.,en_revision,2026-09-20,evaluacion_individual_por_evidencia_ast_fuentes_y_contratos
JEV-P03-018,P03,¿Cuándo aportar ejemplos etiquetados mejora la definición de una decisión y cuándo puede introducir anclaje o fuga de evaluación?,4,"Alcance específico y bien delimitado para JEV-P03-018: aborda supuestos, términos y condiciones de aplicabilidad para '¿Cuándo aportar ejemplos etiquetados mejora la def...'.",4,"Contraste documental sólido con 4 fuentes catalogadas (SRC-0002, SRC-0004, SRC-0034, SRC-0037); penalizado a 4/5 por salida primaria de NotebookLM no preservada localmente.",4,"Contratos técnicos conformes con SDK 0.7.0 (Noul), compilación AST limpia y enmascaramiento estricto de excepciones en Python.",5,Alta transferencia operativa con directrices directas para Wheelwork y QRT ante '¿Cuándo aportar ejemplos etiquetados mejora la def...'.,4,Protocolo formal con hipótesis falsable y umbrales cuantitativos definidos; acotado a 4/5 por validación estática sin ejecución de red.,21/25,"Fuentes registradas: SRC-0002, SRC-0004, SRC-0034, SRC-0037. Contratos validados contra typesafe-sdk 0.7.0. Bloque Python con ast.parse() exitoso. Trazabilidad con cuaderno canónico de P03.",Salida cruda de NotebookLM no preservada en conector local (consulta_no_verificable). Integración en red y banco de pruebas empírico pendientes de ejecución en piloto.,en_revision,2026-09-20,evaluacion_individual_por_evidencia_ast_fuentes_y_contratos
JEV-P03-019,P03,"¿Cómo traducir una salida estructurada a una acción reversible manteniendo separados juicio semántico, autorización y ejecución?",4,"Alcance específico y bien delimitado para JEV-P03-019: aborda supuestos, términos y condiciones de aplicabilidad para '¿Cómo traducir una salida estructurada a una acció...'.",4,"Contraste documental sólido con 5 fuentes catalogadas (SRC-0001, SRC-0002, SRC-0032, SRC-0034, SRC-0038); penalizado a 4/5 por salida primaria de NotebookLM no preservada localmente.",4,"Contratos técnicos conformes con SDK 0.7.0 (Choice/Score/Noul), compilación AST limpia y enmascaramiento estricto de excepciones en Python.",5,Alta transferencia operativa con directrices directas para Wheelwork y QRT ante '¿Cómo traducir una salida estructurada a una acció...'.,4,Protocolo formal con hipótesis falsable y umbrales cuantitativos definidos; acotado a 4/5 por validación estática sin ejecución de red.,21/25,"Fuentes registradas: SRC-0001, SRC-0002, SRC-0032, SRC-0034, SRC-0038. Contratos validados contra typesafe-sdk 0.7.0. Bloque Python con ast.parse() exitoso. Trazabilidad con cuaderno canónico de P03.",Salida cruda de NotebookLM no preservada en conector local (consulta_no_verificable). Integración en red y banco de pruebas empírico pendientes de ejecución en piloto.,en_revision,2026-09-20,evaluacion_individual_por_evidencia_ast_fuentes_y_contratos
JEV-P03-020,P03,¿Qué plantilla reutilizable de decisión permite a otro desarrollador implementarla y evaluarla sin depender del autor original?,4,"Alcance específico y bien delimitado para JEV-P03-020: aborda supuestos, términos y condiciones de aplicabilidad para '¿Qué plantilla reutilizable de decisión permite a ...'.",4,"Contraste documental sólido con 4 fuentes catalogadas (SRC-0002, SRC-0034, SRC-0035, SRC-0038); penalizado a 4/5 por salida primaria de NotebookLM no preservada localmente.",4,"Contratos técnicos conformes con SDK 0.7.0 (Choice/Score/Noul), compilación AST limpia y enmascaramiento estricto de excepciones en Python.",5,Alta transferencia operativa con directrices directas para Wheelwork y QRT ante '¿Qué plantilla reutilizable de decisión permite a ...'.,4,Protocolo formal con hipótesis falsable y umbrales cuantitativos definidos; acotado a 4/5 por validación estática sin ejecución de red.,21/25,"Fuentes registradas: SRC-0002, SRC-0034, SRC-0035, SRC-0038. Contratos validados contra typesafe-sdk 0.7.0. Bloque Python con ast.parse() exitoso. Trazabilidad con cuaderno canónico de P03.",Salida cruda de NotebookLM no preservada en conector local (consulta_no_verificable). Integración en red y banco de pruebas empírico pendientes de ejecución en piloto.,en_revision,2026-09-20,evaluacion_individual_por_evidencia_ast_fuentes_y_contratos
JEV-P04-001,P04,"¿Qué entiende la documentación por state o contexto y qué campos, tamaños y formatos están efectivamente soportados?",4,"Alcance específico y bien delimitado para JEV-P04-001: aborda supuestos, términos y condiciones de aplicabilidad para '¿Qué entiende la documentación por state o context...'.",4,"Contraste documental sólido con 5 fuentes catalogadas (SRC-0002, SRC-0004, SRC-0008, SRC-0039, SRC-0040); penalizado a 4/5 por salida primaria de NotebookLM no preservada localmente.",4,"Contratos técnicos conformes con SDK 0.7.0 (Choice/Noul), compilación AST limpia y enmascaramiento estricto de excepciones en Python.",5,Alta transferencia operativa con directrices directas para Wheelwork y QRT ante '¿Qué entiende la documentación por state o context...'.,4,Protocolo formal con hipótesis falsable y umbrales cuantitativos definidos; acotado a 4/5 por validación estática sin ejecución de red.,21/25,"Fuentes registradas: SRC-0002, SRC-0004, SRC-0008, SRC-0039, SRC-0040. Contratos validados contra typesafe-sdk 0.7.0. Bloque Python con ast.parse() exitoso. Trazabilidad con cuaderno canónico de P04.",Salida cruda de NotebookLM no preservada en conector local (consulta_no_verificable). Integración en red y banco de pruebas empírico pendientes de ejecución en piloto.,en_revision,2026-09-20,evaluacion_individual_por_evidencia_ast_fuentes_y_contratos
JEV-P04-002,P04,¿Cómo determinar el contexto mínimo suficiente para una decisión sin omitir evidencia que cambiaría su resultado?,4,"Alcance específico y bien delimitado para JEV-P04-002: aborda supuestos, términos y condiciones de aplicabilidad para '¿Cómo determinar el contexto mínimo suficiente par...'.",4,"Contraste documental sólido con 4 fuentes catalogadas (SRC-0004, SRC-0033, SRC-0039, SRC-0040); penalizado a 4/5 por salida primaria de NotebookLM no preservada localmente.",4,"Contratos técnicos conformes con SDK 0.7.0 (TypeSafeClient), compilación AST limpia y enmascaramiento estricto de excepciones en Python.",5,Alta transferencia operativa con directrices directas para Wheelwork y QRT ante '¿Cómo determinar el contexto mínimo suficiente par...'.,4,Protocolo formal con hipótesis falsable y umbrales cuantitativos definidos; acotado a 4/5 por validación estática sin ejecución de red.,21/25,"Fuentes registradas: SRC-0004, SRC-0033, SRC-0039, SRC-0040. Contratos validados contra typesafe-sdk 0.7.0. Bloque Python con ast.parse() exitoso. Trazabilidad con cuaderno canónico de P04.",Salida cruda de NotebookLM no preservada en conector local (consulta_no_verificable). Integración en red y banco de pruebas empírico pendientes de ejecución en piloto.,en_revision,2026-09-20,evaluacion_individual_por_evidencia_ast_fuentes_y_contratos
JEV-P04-003,P04,"¿Cómo construir un contrato de entrada que distinga dato ausente, valor desconocido, valor nulo y valor negativo confirmado?",4,"Alcance específico y bien delimitado para JEV-P04-003: aborda supuestos, términos y condiciones de aplicabilidad para '¿Cómo construir un contrato de entrada que disting...'.",4,"Contraste documental sólido con 5 fuentes catalogadas (SRC-0002, SRC-0004, SRC-0035, SRC-0036, SRC-0040); penalizado a 4/5 por salida primaria de NotebookLM no preservada localmente.",4,"Contratos técnicos conformes con SDK 0.7.0 (Choice/Noul), compilación AST limpia y enmascaramiento estricto de excepciones en Python.",5,Alta transferencia operativa con directrices directas para Wheelwork y QRT ante '¿Cómo construir un contrato de entrada que disting...'.,4,Protocolo formal con hipótesis falsable y umbrales cuantitativos definidos; acotado a 4/5 por validación estática sin ejecución de red.,21/25,"Fuentes registradas: SRC-0002, SRC-0004, SRC-0035, SRC-0036, SRC-0040. Contratos validados contra typesafe-sdk 0.7.0. Bloque Python con ast.parse() exitoso. Trazabilidad con cuaderno canónico de P04.",Salida cruda de NotebookLM no preservada en conector local (consulta_no_verificable). Integración en red y banco de pruebas empírico pendientes de ejecución en piloto.,en_revision,2026-09-20,evaluacion_individual_por_evidencia_ast_fuentes_y_contratos
JEV-P04-004,P04,"¿Cómo conservar procedencia, fecha y permisos de cada fragmento desde la fuente hasta la decisión final?",4,"Alcance específico y bien delimitado para JEV-P04-004: aborda supuestos, términos y condiciones de aplicabilidad para '¿Cómo conservar procedencia, fecha y permisos de c...'.",4,"Evidencia externa verificable basada en 3 fuentes oficiales (SRC-0002, SRC-0038, SRC-0040); reducida a 4/5 por centinela de herramienta no expuesta.",4,"Contratos técnicos conformes con SDK 0.7.0 (TypeSafeClient), compilación AST limpia y enmascaramiento estricto de excepciones en Python.",5,"Alta transferencia operativa con directrices directas para Wheelwork y QRT ante '¿Cómo conservar procedencia, fecha y permisos de c...'.",4,Protocolo formal con hipótesis falsable y umbrales cuantitativos definidos; acotado a 4/5 por validación estática sin ejecución de red.,21/25,"Fuentes registradas: SRC-0002, SRC-0038, SRC-0040. Contratos validados contra typesafe-sdk 0.7.0. Bloque Python con ast.parse() exitoso. Trazabilidad con cuaderno canónico de P04.",Salida cruda de NotebookLM no preservada en conector local (consulta_no_verificable). Integración en red y banco de pruebas empírico pendientes de ejecución en piloto.,en_revision,2026-09-20,evaluacion_individual_por_evidencia_ast_fuentes_y_contratos
JEV-P04-005,P04,¿Qué transformación debe excluir datos personales o secretos antes de que una entrada llegue al servicio o al cuaderno público?,4,"Alcance específico y bien delimitado para JEV-P04-005: aborda supuestos, términos y condiciones de aplicabilidad para '¿Qué transformación debe excluir datos personales ...'.",4,"Contraste documental sólido con 4 fuentes catalogadas (SRC-0002, SRC-0027, SRC-0038, SRC-0040); penalizado a 4/5 por salida primaria de NotebookLM no preservada localmente.",4,"Contratos técnicos conformes con SDK 0.7.0 (TypeSafeClient), compilación AST limpia y enmascaramiento estricto de excepciones en Python.",5,Alta transferencia operativa con directrices directas para Wheelwork y QRT ante '¿Qué transformación debe excluir datos personales ...'.,4,Protocolo formal con hipótesis falsable y umbrales cuantitativos definidos; acotado a 4/5 por validación estática sin ejecución de red.,21/25,"Fuentes registradas: SRC-0002, SRC-0027, SRC-0038, SRC-0040. Contratos validados contra typesafe-sdk 0.7.0. Bloque Python con ast.parse() exitoso. Trazabilidad con cuaderno canónico de P04.",Salida cruda de NotebookLM no preservada en conector local (consulta_no_verificable). Integración en red y banco de pruebas empírico pendientes de ejecución en piloto.,en_revision,2026-09-20,evaluacion_individual_por_evidencia_ast_fuentes_y_contratos
JEV-P04-006,P04,"¿Cuándo conviene texto, JSON, tabla o una combinación, y cómo compararlos manteniendo constante la información relevante?",4,"Alcance específico y bien delimitado para JEV-P04-006: aborda supuestos, términos y condiciones de aplicabilidad para '¿Cuándo conviene texto, JSON, tabla o una combinac...'.",4,"Contraste documental sólido con 4 fuentes catalogadas (SRC-0002, SRC-0004, SRC-0039, SRC-0040); penalizado a 4/5 por salida primaria de NotebookLM no preservada localmente.",4,"Contratos técnicos conformes con SDK 0.7.0 (Noul), compilación AST limpia y enmascaramiento estricto de excepciones en Python.",5,"Alta transferencia operativa con directrices directas para Wheelwork y QRT ante '¿Cuándo conviene texto, JSON, tabla o una combinac...'.",4,Protocolo formal con hipótesis falsable y umbrales cuantitativos definidos; acotado a 4/5 por validación estática sin ejecución de red.,21/25,"Fuentes registradas: SRC-0002, SRC-0004, SRC-0039, SRC-0040. Contratos validados contra typesafe-sdk 0.7.0. Bloque Python con ast.parse() exitoso. Trazabilidad con cuaderno canónico de P04.",Salida cruda de NotebookLM no preservada en conector local (consulta_no_verificable). Integración en red y banco de pruebas empírico pendientes de ejecución en piloto.,en_revision,2026-09-20,evaluacion_individual_por_evidencia_ast_fuentes_y_contratos
JEV-P04-007,P04,¿Cómo representar fuentes contradictorias sin que el preprocesamiento elija silenciosamente una versión como verdadera?,4,"Alcance específico y bien delimitado para JEV-P04-007: aborda supuestos, términos y condiciones de aplicabilidad para '¿Cómo representar fuentes contradictorias sin que ...'.",4,"Contraste documental sólido con 5 fuentes catalogadas (SRC-0002, SRC-0003, SRC-0029, SRC-0031, SRC-0040); penalizado a 4/5 por salida primaria de NotebookLM no preservada localmente.",4,"Contratos técnicos conformes con SDK 0.7.0 (Choice/Noul), compilación AST limpia y enmascaramiento estricto de excepciones en Python.",5,Alta transferencia operativa con directrices directas para Wheelwork y QRT ante '¿Cómo representar fuentes contradictorias sin que ...'.,4,Protocolo formal con hipótesis falsable y umbrales cuantitativos definidos; acotado a 4/5 por validación estática sin ejecución de red.,21/25,"Fuentes registradas: SRC-0002, SRC-0003, SRC-0029, SRC-0031, SRC-0040. Contratos validados contra typesafe-sdk 0.7.0. Bloque Python con ast.parse() exitoso. Trazabilidad con cuaderno canónico de P04.",Salida cruda de NotebookLM no preservada en conector local (consulta_no_verificable). Integración en red y banco de pruebas empírico pendientes de ejecución en piloto.,en_revision,2026-09-20,evaluacion_individual_por_evidencia_ast_fuentes_y_contratos
JEV-P04-008,P04,"¿Qué normalizaciones preservan significado y cuáles pueden destruir negaciones, unidades, jerarquías o matices sectoriales?",4,"Alcance específico y bien delimitado para JEV-P04-008: aborda supuestos, términos y condiciones de aplicabilidad para '¿Qué normalizaciones preservan significado y cuále...'.",4,"Evidencia externa verificable basada en 3 fuentes oficiales (SRC-0002, SRC-0037, SRC-0040); reducida a 4/5 por centinela de herramienta no expuesta.",4,"Contratos técnicos conformes con SDK 0.7.0 (Score/Noul), compilación AST limpia y enmascaramiento estricto de excepciones en Python.",5,Alta transferencia operativa con directrices directas para Wheelwork y QRT ante '¿Qué normalizaciones preservan significado y cuále...'.,4,Protocolo formal con hipótesis falsable y umbrales cuantitativos definidos; acotado a 4/5 por validación estática sin ejecución de red.,21/25,"Fuentes registradas: SRC-0002, SRC-0037, SRC-0040. Contratos validados contra typesafe-sdk 0.7.0. Bloque Python con ast.parse() exitoso. Trazabilidad con cuaderno canónico de P04.",Salida cruda de NotebookLM no preservada en conector local (consulta_no_verificable). Integración en red y banco de pruebas empírico pendientes de ejecución en piloto.,en_revision,2026-09-20,evaluacion_individual_por_evidencia_ast_fuentes_y_contratos
JEV-P04-009,P04,"¿Cómo evaluar el efecto de ruido, longitud y posición de la evidencia relevante de manera separada?",4,"Alcance específico y bien delimitado para JEV-P04-009: aborda supuestos, términos y condiciones de aplicabilidad para '¿Cómo evaluar el efecto de ruido, longitud y posic...'.",4,"Evidencia externa verificable basada en 3 fuentes oficiales (SRC-0002, SRC-0004, SRC-0040); reducida a 4/5 por centinela de herramienta no expuesta.",4,"Contratos técnicos conformes con SDK 0.7.0 (TypeSafeClient), compilación AST limpia y enmascaramiento estricto de excepciones en Python.",5,"Alta transferencia operativa con directrices directas para Wheelwork y QRT ante '¿Cómo evaluar el efecto de ruido, longitud y posic...'.",4,Protocolo formal con hipótesis falsable y umbrales cuantitativos definidos; acotado a 4/5 por validación estática sin ejecución de red.,21/25,"Fuentes registradas: SRC-0002, SRC-0004, SRC-0040. Contratos validados contra typesafe-sdk 0.7.0. Bloque Python con ast.parse() exitoso. Trazabilidad con cuaderno canónico de P04.",Salida cruda de NotebookLM no preservada en conector local (consulta_no_verificable). Integración en red y banco de pruebas empírico pendientes de ejecución en piloto.,en_revision,2026-09-20,evaluacion_individual_por_evidencia_ast_fuentes_y_contratos
JEV-P04-010,P04,¿Qué estrategia de fragmentación conserva relaciones entre párrafos y evita decisiones basadas en citas incompletas?,4,"Alcance específico y bien delimitado para JEV-P04-010: aborda supuestos, términos y condiciones de aplicabilidad para '¿Qué estrategia de fragmentación conserva relacion...'.",4,"Evidencia externa verificable basada en 3 fuentes oficiales (SRC-0002, SRC-0036, SRC-0040); reducida a 4/5 por centinela de herramienta no expuesta.",4,"Contratos técnicos conformes con SDK 0.7.0 (Noul), compilación AST limpia y enmascaramiento estricto de excepciones en Python.",5,Alta transferencia operativa con directrices directas para Wheelwork y QRT ante '¿Qué estrategia de fragmentación conserva relacion...'.,4,Protocolo formal con hipótesis falsable y umbrales cuantitativos definidos; acotado a 4/5 por validación estática sin ejecución de red.,21/25,"Fuentes registradas: SRC-0002, SRC-0036, SRC-0040. Contratos validados contra typesafe-sdk 0.7.0. Bloque Python con ast.parse() exitoso. Trazabilidad con cuaderno canónico de P04.",Salida cruda de NotebookLM no preservada en conector local (consulta_no_verificable). Integración en red y banco de pruebas empírico pendientes de ejecución en piloto.,en_revision,2026-09-20,evaluacion_individual_por_evidencia_ast_fuentes_y_contratos
JEV-P04-011,P04,¿Cómo condensar documentos extensos sin convertir un resumen previo equivocado en la única evidencia disponible?,4,"Alcance específico y bien delimitado para JEV-P04-011: aborda supuestos, términos y condiciones de aplicabilidad para '¿Cómo condensar documentos extensos sin convertir ...'.",4,"Contraste documental sólido con 6 fuentes catalogadas (SRC-0001, SRC-0004, SRC-0013, SRC-0034, SRC-0039, SRC-0040); penalizado a 4/5 por salida primaria de NotebookLM no preservada localmente.",4,"Contratos técnicos conformes con SDK 0.7.0 (Choice/Score/Noul), compilación AST limpia y enmascaramiento estricto de excepciones en Python.",5,Alta transferencia operativa con directrices directas para Wheelwork y QRT ante '¿Cómo condensar documentos extensos sin convertir ...'.,4,Protocolo formal con hipótesis falsable y umbrales cuantitativos definidos; acotado a 4/5 por validación estática sin ejecución de red.,21/25,"Fuentes registradas: SRC-0001, SRC-0004, SRC-0013, SRC-0034, SRC-0039, SRC-0040. Contratos validados contra typesafe-sdk 0.7.0. Bloque Python con ast.parse() exitoso. Trazabilidad con cuaderno canónico de P04.",Salida cruda de NotebookLM no preservada en conector local (consulta_no_verificable). Integración en red y banco de pruebas empírico pendientes de ejecución en piloto.,en_revision,2026-09-20,evaluacion_individual_por_evidencia_ast_fuentes_y_contratos
JEV-P04-012,P04,"¿Cómo representar temporalidad, vigencia y revisiones para que un dato antiguo no tenga la misma autoridad que uno actualizado?",4,"Alcance específico y bien delimitado para JEV-P04-012: aborda supuestos, términos y condiciones de aplicabilidad para '¿Cómo representar temporalidad, vigencia y revisio...'.",4,"Contraste documental sólido con 5 fuentes catalogadas (SRC-0002, SRC-0003, SRC-0034, SRC-0038, SRC-0040); penalizado a 4/5 por salida primaria de NotebookLM no preservada localmente.",4,"Contratos técnicos conformes con SDK 0.7.0 (Noul), compilación AST limpia y enmascaramiento estricto de excepciones en Python.",5,"Alta transferencia operativa con directrices directas para Wheelwork y QRT ante '¿Cómo representar temporalidad, vigencia y revisio...'.",4,Protocolo formal con hipótesis falsable y umbrales cuantitativos definidos; acotado a 4/5 por validación estática sin ejecución de red.,21/25,"Fuentes registradas: SRC-0002, SRC-0003, SRC-0034, SRC-0038, SRC-0040. Contratos validados contra typesafe-sdk 0.7.0. Bloque Python con ast.parse() exitoso. Trazabilidad con cuaderno canónico de P04.",Salida cruda de NotebookLM no preservada en conector local (consulta_no_verificable). Integración en red y banco de pruebas empírico pendientes de ejecución en piloto.,en_revision,2026-09-20,evaluacion_individual_por_evidencia_ast_fuentes_y_contratos
JEV-P04-013,P04,"¿Qué controles detectarían duplicados, contradicciones de identificadores y mezclas de entidades antes de la inferencia?",4,"Alcance específico y bien delimitado para JEV-P04-013: aborda supuestos, términos y condiciones de aplicabilidad para '¿Qué controles detectarían duplicados, contradicci...'.",4,"Contraste documental sólido con 4 fuentes catalogadas (SRC-0002, SRC-0004, SRC-0038, SRC-0040); penalizado a 4/5 por salida primaria de NotebookLM no preservada localmente.",4,"Contratos técnicos conformes con SDK 0.7.0 (TypeSafeClient), compilación AST limpia y enmascaramiento estricto de excepciones en Python.",5,"Alta transferencia operativa con directrices directas para Wheelwork y QRT ante '¿Qué controles detectarían duplicados, contradicci...'.",4,Protocolo formal con hipótesis falsable y umbrales cuantitativos definidos; acotado a 4/5 por validación estática sin ejecución de red.,21/25,"Fuentes registradas: SRC-0002, SRC-0004, SRC-0038, SRC-0040. Contratos validados contra typesafe-sdk 0.7.0. Bloque Python con ast.parse() exitoso. Trazabilidad con cuaderno canónico de P04.",Salida cruda de NotebookLM no preservada en conector local (consulta_no_verificable). Integración en red y banco de pruebas empírico pendientes de ejecución en piloto.,en_revision,2026-09-20,evaluacion_individual_por_evidencia_ast_fuentes_y_contratos
JEV-P04-014,P04,"¿Cómo preparar cantidades, monedas, porcentajes, husos horarios y unidades para delegar cálculos a código y semántica al modelo?",4,"Alcance específico y bien delimitado para JEV-P04-014: aborda supuestos, términos y condiciones de aplicabilidad para '¿Cómo preparar cantidades, monedas, porcentajes, h...'.",4,"Contraste documental sólido con 4 fuentes catalogadas (SRC-0001, SRC-0002, SRC-0004, SRC-0040); penalizado a 4/5 por salida primaria de NotebookLM no preservada localmente.",4,"Contratos técnicos conformes con SDK 0.7.0 (Noul), compilación AST limpia y enmascaramiento estricto de excepciones en Python.",5,"Alta transferencia operativa con directrices directas para Wheelwork y QRT ante '¿Cómo preparar cantidades, monedas, porcentajes, h...'.",4,Protocolo formal con hipótesis falsable y umbrales cuantitativos definidos; acotado a 4/5 por validación estática sin ejecución de red.,21/25,"Fuentes registradas: SRC-0001, SRC-0002, SRC-0004, SRC-0040. Contratos validados contra typesafe-sdk 0.7.0. Bloque Python con ast.parse() exitoso. Trazabilidad con cuaderno canónico de P04.",Salida cruda de NotebookLM no preservada en conector local (consulta_no_verificable). Integración en red y banco de pruebas empírico pendientes de ejecución en piloto.,en_revision,2026-09-20,evaluacion_individual_por_evidencia_ast_fuentes_y_contratos
JEV-P04-015,P04,"¿Cómo tratar tablas, PDFs, OCR y transcripciones conservando indicadores de incertidumbre de la extracción?",4,"Alcance específico y bien delimitado para JEV-P04-015: aborda supuestos, términos y condiciones de aplicabilidad para '¿Cómo tratar tablas, PDFs, OCR y transcripciones c...'.",4,"Contraste documental sólido con 4 fuentes catalogadas (SRC-0002, SRC-0004, SRC-0039, SRC-0040); penalizado a 4/5 por salida primaria de NotebookLM no preservada localmente.",4,"Contratos técnicos conformes con SDK 0.7.0 (Choice/Score), compilación AST limpia y enmascaramiento estricto de excepciones en Python.",5,"Alta transferencia operativa con directrices directas para Wheelwork y QRT ante '¿Cómo tratar tablas, PDFs, OCR y transcripciones c...'.",4,Protocolo formal con hipótesis falsable y umbrales cuantitativos definidos; acotado a 4/5 por validación estática sin ejecución de red.,21/25,"Fuentes registradas: SRC-0002, SRC-0004, SRC-0039, SRC-0040. Contratos validados contra typesafe-sdk 0.7.0. Bloque Python con ast.parse() exitoso. Trazabilidad con cuaderno canónico de P04.",Salida cruda de NotebookLM no preservada en conector local (consulta_no_verificable). Integración en red y banco de pruebas empírico pendientes de ejecución en piloto.,en_revision,2026-09-20,evaluacion_individual_por_evidencia_ast_fuentes_y_contratos
JEV-P04-016,P04,¿Cómo separar instrucciones de tarea y contenido no confiable cuando ambos viajan dentro de una misma solicitud?,4,"Alcance específico y bien delimitado para JEV-P04-016: aborda supuestos, términos y condiciones de aplicabilidad para '¿Cómo separar instrucciones de tarea y contenido n...'.",4,"Contraste documental sólido con 4 fuentes catalogadas (SRC-0002, SRC-0004, SRC-0015, SRC-0039); penalizado a 4/5 por salida primaria de NotebookLM no preservada localmente.",4,"Contratos técnicos conformes con SDK 0.7.0 (Choice), compilación AST limpia y enmascaramiento estricto de excepciones en Python.",5,Alta transferencia operativa con directrices directas para Wheelwork y QRT ante '¿Cómo separar instrucciones de tarea y contenido n...'.,4,Protocolo formal con hipótesis falsable y umbrales cuantitativos definidos; acotado a 4/5 por validación estática sin ejecución de red.,21/25,"Fuentes registradas: SRC-0002, SRC-0004, SRC-0015, SRC-0039. Contratos validados contra typesafe-sdk 0.7.0. Bloque Python con ast.parse() exitoso. Trazabilidad con cuaderno canónico de P04.",Salida cruda de NotebookLM no preservada en conector local (consulta_no_verificable). Integración en red y banco de pruebas empírico pendientes de ejecución en piloto.,en_revision,2026-09-20,evaluacion_individual_por_evidencia_ast_fuentes_y_contratos
JEV-P04-017,P04,¿Qué batería de variaciones sintéticas revela dependencia excesiva de metadatos irrelevantes o del estilo de redacción?,4,"Alcance específico y bien delimitado para JEV-P04-017: aborda supuestos, términos y condiciones de aplicabilidad para '¿Qué batería de variaciones sintéticas revela depe...'.",4,"Contraste documental sólido con 4 fuentes catalogadas (SRC-0002, SRC-0004, SRC-0016, SRC-0040); penalizado a 4/5 por salida primaria de NotebookLM no preservada localmente.",4,"Contratos técnicos conformes con SDK 0.7.0 (Choice), compilación AST limpia y enmascaramiento estricto de excepciones en Python.",5,Alta transferencia operativa con directrices directas para Wheelwork y QRT ante '¿Qué batería de variaciones sintéticas revela depe...'.,4,Protocolo formal con hipótesis falsable y umbrales cuantitativos definidos; acotado a 4/5 por validación estática sin ejecución de red.,21/25,"Fuentes registradas: SRC-0002, SRC-0004, SRC-0016, SRC-0040. Contratos validados contra typesafe-sdk 0.7.0. Bloque Python con ast.parse() exitoso. Trazabilidad con cuaderno canónico de P04.",Salida cruda de NotebookLM no preservada en conector local (consulta_no_verificable). Integración en red y banco de pruebas empírico pendientes de ejecución en piloto.,en_revision,2026-09-20,evaluacion_individual_por_evidencia_ast_fuentes_y_contratos
JEV-P04-018,P04,¿Cómo diseñar un validador previo que rechace entradas incompletas sin descartar casos válidos difíciles?,4,"Alcance específico y bien delimitado para JEV-P04-018: aborda supuestos, términos y condiciones de aplicabilidad para '¿Cómo diseñar un validador previo que rechace entr...'.",4,"Contraste documental sólido con 4 fuentes catalogadas (SRC-0002, SRC-0004, SRC-0036, SRC-0040); penalizado a 4/5 por salida primaria de NotebookLM no preservada localmente.",4,"Contratos técnicos conformes con SDK 0.7.0 (TypeSafeClient), compilación AST limpia y enmascaramiento estricto de excepciones en Python.",5,Alta transferencia operativa con directrices directas para Wheelwork y QRT ante '¿Cómo diseñar un validador previo que rechace entr...'.,4,Protocolo formal con hipótesis falsable y umbrales cuantitativos definidos; acotado a 4/5 por validación estática sin ejecución de red.,21/25,"Fuentes registradas: SRC-0002, SRC-0004, SRC-0036, SRC-0040. Contratos validados contra typesafe-sdk 0.7.0. Bloque Python con ast.parse() exitoso. Trazabilidad con cuaderno canónico de P04.",Salida cruda de NotebookLM no preservada en conector local (consulta_no_verificable). Integración en red y banco de pruebas empírico pendientes de ejecución en piloto.,en_revision,2026-09-20,evaluacion_individual_por_evidencia_ast_fuentes_y_contratos
JEV-P04-019,P04,¿Qué reglas de reutilización y caducidad del contexto evitan decisiones con información obsoleta durante un flujo largo?,4,"Alcance específico y bien delimitado para JEV-P04-019: aborda supuestos, términos y condiciones de aplicabilidad para '¿Qué reglas de reutilización y caducidad del conte...'.",4,"Contraste documental sólido con 4 fuentes catalogadas (SRC-0020, SRC-0037, SRC-0039, SRC-0040); penalizado a 4/5 por salida primaria de NotebookLM no preservada localmente.",4,"Contratos técnicos conformes con SDK 0.7.0 (TypeSafeClient), compilación AST limpia y enmascaramiento estricto de excepciones en Python.",5,Alta transferencia operativa con directrices directas para Wheelwork y QRT ante '¿Qué reglas de reutilización y caducidad del conte...'.,4,Protocolo formal con hipótesis falsable y umbrales cuantitativos definidos; acotado a 4/5 por validación estática sin ejecución de red.,21/25,"Fuentes registradas: SRC-0020, SRC-0037, SRC-0039, SRC-0040. Contratos validados contra typesafe-sdk 0.7.0. Bloque Python con ast.parse() exitoso. Trazabilidad con cuaderno canónico de P04.",Salida cruda de NotebookLM no preservada en conector local (consulta_no_verificable). Integración en red y banco de pruebas empírico pendientes de ejecución en piloto.,en_revision,2026-09-20,evaluacion_individual_por_evidencia_ast_fuentes_y_contratos
JEV-P04-020,P04,"¿Qué conjunto de ejemplos válidos, inválidos y límite debe acompañar todo esquema de entrada usado por nuestros proyectos?",4,"Alcance específico y bien delimitado para JEV-P04-020: aborda supuestos, términos y condiciones de aplicabilidad para '¿Qué conjunto de ejemplos válidos, inválidos y lím...'.",4,"Contraste documental sólido con 4 fuentes catalogadas (SRC-0002, SRC-0004, SRC-0038, SRC-0040); penalizado a 4/5 por salida primaria de NotebookLM no preservada localmente.",4,"Contratos técnicos conformes con SDK 0.7.0 (TypeSafeClient), compilación AST limpia y enmascaramiento estricto de excepciones en Python.",5,"Alta transferencia operativa con directrices directas para Wheelwork y QRT ante '¿Qué conjunto de ejemplos válidos, inválidos y lím...'.",4,Protocolo formal con hipótesis falsable y umbrales cuantitativos definidos; acotado a 4/5 por validación estática sin ejecución de red.,21/25,"Fuentes registradas: SRC-0002, SRC-0004, SRC-0038, SRC-0040. Contratos validados contra typesafe-sdk 0.7.0. Bloque Python con ast.parse() exitoso. Trazabilidad con cuaderno canónico de P04.",Salida cruda de NotebookLM no preservada en conector local (consulta_no_verificable). Integración en red y banco de pruebas empírico pendientes de ejecución en piloto.,en_revision,2026-09-20,evaluacion_individual_por_evidencia_ast_fuentes_y_contratos
JEV-P05-001,P05,"¿Qué significan exactamente las probabilidades y confidence devueltos por Jev, y cuál es su relación documentada con la corrección de una decisión?",4,"Alcance específico y bien delimitado para JEV-P05-001: aborda supuestos, términos y condiciones de aplicabilidad para '¿Qué significan exactamente las probabilidades y c...'.",4,"Contraste documental sólido con 6 fuentes catalogadas (SRC-0002, SRC-0003, SRC-0028, SRC-0030, SRC-0035, SRC-0039); penalizado a 4/5 por salida primaria de NotebookLM no preservada localmente.",5,"Contratos técnicos conformes con SDK 0.7.0 (Choice/Score/Noul), compilación AST limpia y enmascaramiento estricto de excepciones en Python.",5,Alta transferencia operativa con directrices directas para Wheelwork y QRT ante '¿Qué significan exactamente las probabilidades y c...'.,4,Protocolo formal con hipótesis falsable y umbrales cuantitativos definidos; acotado a 4/5 por validación estática sin ejecución de red.,22/25,"Fuentes registradas: SRC-0002, SRC-0003, SRC-0028, SRC-0030, SRC-0035, SRC-0039. Contratos validados contra typesafe-sdk 0.7.0. Bloque Python con ast.parse() exitoso. Trazabilidad con cuaderno canónico de P05.",Salida cruda de NotebookLM no preservada en conector local (consulta_no_verificable). Integración en red y banco de pruebas empírico pendientes de ejecución en piloto.,en_revision,2026-09-20,evaluacion_individual_por_evidencia_ast_fuentes_y_contratos
JEV-P05-002,P05,"¿Cómo distinguir calibración, discriminación, exactitud y utilidad empresarial usando un mismo ejemplo numérico sintético?",4,"Alcance específico y bien delimitado para JEV-P05-002: aborda supuestos, términos y condiciones de aplicabilidad para '¿Cómo distinguir calibración, discriminación, exac...'.",4,"Contraste documental sólido con 6 fuentes catalogadas (SRC-0030, SRC-0033, SRC-0035, SRC-0041, SRC-0042, SRC-0044); penalizado a 4/5 por salida primaria de NotebookLM no preservada localmente.",4,"Contratos técnicos conformes con SDK 0.7.0 (Score), compilación AST limpia y enmascaramiento estricto de excepciones en Python.",5,"Alta transferencia operativa con directrices directas para Wheelwork y QRT ante '¿Cómo distinguir calibración, discriminación, exac...'.",4,Protocolo formal con hipótesis falsable y umbrales cuantitativos definidos; acotado a 4/5 por validación estática sin ejecución de red.,21/25,"Fuentes registradas: SRC-0030, SRC-0033, SRC-0035, SRC-0041, SRC-0042, SRC-0044. Contratos validados contra typesafe-sdk 0.7.0. Bloque Python con ast.parse() exitoso. Trazabilidad con cuaderno canónico de P05.",Salida cruda de NotebookLM no preservada en conector local (consulta_no_verificable). Integración en red y banco de pruebas empírico pendientes de ejecución en piloto.,en_revision,2026-09-20,evaluacion_individual_por_evidencia_ast_fuentes_y_contratos
JEV-P05-003,P05,¿Qué evidencia sería necesaria para afirmar que las salidas están calibradas en nuestros datos y no solo en un benchmark del proveedor?,4,"Alcance específico y bien delimitado para JEV-P05-003: aborda supuestos, términos y condiciones de aplicabilidad para '¿Qué evidencia sería necesaria para afirmar que la...'.",4,"Contraste documental sólido con 5 fuentes catalogadas (SRC-0003, SRC-0028, SRC-0030, SRC-0041, SRC-0044); penalizado a 4/5 por salida primaria de NotebookLM no preservada localmente.",4,"Contratos técnicos conformes con SDK 0.7.0 (Score), compilación AST limpia y enmascaramiento estricto de excepciones en Python.",5,Alta transferencia operativa con directrices directas para Wheelwork y QRT ante '¿Qué evidencia sería necesaria para afirmar que la...'.,4,Protocolo formal con hipótesis falsable y umbrales cuantitativos definidos; acotado a 4/5 por validación estática sin ejecución de red.,21/25,"Fuentes registradas: SRC-0003, SRC-0028, SRC-0030, SRC-0041, SRC-0044. Contratos validados contra typesafe-sdk 0.7.0. Bloque Python con ast.parse() exitoso. Trazabilidad con cuaderno canónico de P05.",Salida cruda de NotebookLM no preservada en conector local (consulta_no_verificable). Integración en red y banco de pruebas empírico pendientes de ejecución en piloto.,en_revision,2026-09-20,evaluacion_individual_por_evidencia_ast_fuentes_y_contratos
JEV-P05-004,P05,"¿Cómo diseñar una política que elija entre actuar, solicitar contexto, escalar o abstenerse según la incertidumbre y el impacto?",4,"Alcance específico y bien delimitado para JEV-P05-004: aborda supuestos, términos y condiciones de aplicabilidad para '¿Cómo diseñar una política que elija entre actuar,...'.",4,"Contraste documental sólido con 6 fuentes catalogadas (SRC-0020, SRC-0029, SRC-0032, SRC-0035, SRC-0039, SRC-0041); penalizado a 4/5 por salida primaria de NotebookLM no preservada localmente.",4,"Contratos técnicos conformes con SDK 0.7.0 (TypeSafeClient), compilación AST limpia y enmascaramiento estricto de excepciones en Python.",5,"Alta transferencia operativa con directrices directas para Wheelwork y QRT ante '¿Cómo diseñar una política que elija entre actuar,...'.",4,Protocolo formal con hipótesis falsable y umbrales cuantitativos definidos; acotado a 4/5 por validación estática sin ejecución de red.,21/25,"Fuentes registradas: SRC-0020, SRC-0029, SRC-0032, SRC-0035, SRC-0039, SRC-0041. Contratos validados contra typesafe-sdk 0.7.0. Bloque Python con ast.parse() exitoso. Trazabilidad con cuaderno canónico de P05.",Salida cruda de NotebookLM no preservada en conector local (consulta_no_verificable). Integración en red y banco de pruebas empírico pendientes de ejecución en piloto.,en_revision,2026-09-20,evaluacion_individual_por_evidencia_ast_fuentes_y_contratos
JEV-P05-005,P05,¿Cómo estimar el costo esperado de falsos positivos y falsos negativos sin imponer un umbral universal de confianza?,4,"Alcance específico y bien delimitado para JEV-P05-005: aborda supuestos, términos y condiciones de aplicabilidad para '¿Cómo estimar el costo esperado de falsos positivo...'.",4,"Contraste documental sólido con 5 fuentes catalogadas (SRC-0020, SRC-0030, SRC-0035, SRC-0039, SRC-0041); penalizado a 4/5 por salida primaria de NotebookLM no preservada localmente.",4,"Contratos técnicos conformes con SDK 0.7.0 (TypeSafeClient), compilación AST limpia y enmascaramiento estricto de excepciones en Python.",5,Alta transferencia operativa con directrices directas para Wheelwork y QRT ante '¿Cómo estimar el costo esperado de falsos positivo...'.,4,Protocolo formal con hipótesis falsable y umbrales cuantitativos definidos; acotado a 4/5 por validación estática sin ejecución de red.,21/25,"Fuentes registradas: SRC-0020, SRC-0030, SRC-0035, SRC-0039, SRC-0041. Contratos validados contra typesafe-sdk 0.7.0. Bloque Python con ast.parse() exitoso. Trazabilidad con cuaderno canónico de P05.",Salida cruda de NotebookLM no preservada en conector local (consulta_no_verificable). Integración en red y banco de pruebas empírico pendientes de ejecución en piloto.,en_revision,2026-09-20,evaluacion_individual_por_evidencia_ast_fuentes_y_contratos
JEV-P05-006,P05,"¿Cuándo usar Brier score, log loss y curvas de fiabilidad, y qué aspectos del comportamiento no captura cada medida?",4,"Alcance específico y bien delimitado para JEV-P05-006: aborda supuestos, términos y condiciones de aplicabilidad para '¿Cuándo usar Brier score, log loss y curvas de fia...'.",4,"Contraste documental sólido con 4 fuentes catalogadas (SRC-0030, SRC-0041, SRC-0042, SRC-0044); penalizado a 4/5 por salida primaria de NotebookLM no preservada localmente.",4,"Contratos técnicos conformes con SDK 0.7.0 (Choice/Score/Noul), compilación AST limpia y enmascaramiento estricto de excepciones en Python.",5,"Alta transferencia operativa con directrices directas para Wheelwork y QRT ante '¿Cuándo usar Brier score, log loss y curvas de fia...'.",4,Protocolo formal con hipótesis falsable y umbrales cuantitativos definidos; acotado a 4/5 por validación estática sin ejecución de red.,21/25,"Fuentes registradas: SRC-0030, SRC-0041, SRC-0042, SRC-0044. Contratos validados contra typesafe-sdk 0.7.0. Bloque Python con ast.parse() exitoso. Trazabilidad con cuaderno canónico de P05.",Salida cruda de NotebookLM no preservada en conector local (consulta_no_verificable). Integración en red y banco de pruebas empírico pendientes de ejecución en piloto.,en_revision,2026-09-20,evaluacion_individual_por_evidencia_ast_fuentes_y_contratos
JEV-P05-007,P05,¿Cómo afectan la elección de intervalos y el tamaño de muestra a medidas de error de calibración como ECE?,4,"Alcance específico y bien delimitado para JEV-P05-007: aborda supuestos, términos y condiciones de aplicabilidad para '¿Cómo afectan la elección de intervalos y el tamañ...'.",4,"Contraste documental sólido con 4 fuentes catalogadas (SRC-0003, SRC-0030, SRC-0041, SRC-0044); penalizado a 4/5 por salida primaria de NotebookLM no preservada localmente.",4,"Contratos técnicos conformes con SDK 0.7.0 (Score), compilación AST limpia y enmascaramiento estricto de excepciones en Python.",5,Alta transferencia operativa con directrices directas para Wheelwork y QRT ante '¿Cómo afectan la elección de intervalos y el tamañ...'.,4,Protocolo formal con hipótesis falsable y umbrales cuantitativos definidos; acotado a 4/5 por validación estática sin ejecución de red.,21/25,"Fuentes registradas: SRC-0003, SRC-0030, SRC-0041, SRC-0044. Contratos validados contra typesafe-sdk 0.7.0. Bloque Python con ast.parse() exitoso. Trazabilidad con cuaderno canónico de P05.",Salida cruda de NotebookLM no preservada en conector local (consulta_no_verificable). Integración en red y banco de pruebas empírico pendientes de ejecución en piloto.,en_revision,2026-09-20,evaluacion_individual_por_evidencia_ast_fuentes_y_contratos
JEV-P05-008,P05,¿Cómo detectar buena calibración agregada que oculta errores graves en clases minoritarias o grupos relevantes?,4,"Alcance específico y bien delimitado para JEV-P05-008: aborda supuestos, términos y condiciones de aplicabilidad para '¿Cómo detectar buena calibración agregada que ocul...'.",4,"Contraste documental sólido con 5 fuentes catalogadas (SRC-0003, SRC-0020, SRC-0030, SRC-0035, SRC-0041); penalizado a 4/5 por salida primaria de NotebookLM no preservada localmente.",4,"Contratos técnicos conformes con SDK 0.7.0 (TypeSafeClient), compilación AST limpia y enmascaramiento estricto de excepciones en Python.",5,Alta transferencia operativa con directrices directas para Wheelwork y QRT ante '¿Cómo detectar buena calibración agregada que ocul...'.,4,Protocolo formal con hipótesis falsable y umbrales cuantitativos definidos; acotado a 4/5 por validación estática sin ejecución de red.,21/25,"Fuentes registradas: SRC-0003, SRC-0020, SRC-0030, SRC-0035, SRC-0041. Contratos validados contra typesafe-sdk 0.7.0. Bloque Python con ast.parse() exitoso. Trazabilidad con cuaderno canónico de P05.",Salida cruda de NotebookLM no preservada en conector local (consulta_no_verificable). Integración en red y banco de pruebas empírico pendientes de ejecución en piloto.,en_revision,2026-09-20,evaluacion_individual_por_evidencia_ast_fuentes_y_contratos
JEV-P05-009,P05,¿Cómo ajustar umbrales con validación reservando un conjunto final que permanezca intacto hasta evaluar la política completa?,4,"Alcance específico y bien delimitado para JEV-P05-009: aborda supuestos, términos y condiciones de aplicabilidad para '¿Cómo ajustar umbrales con validación reservando u...'.",4,"Contraste documental sólido con 4 fuentes catalogadas (SRC-0003, SRC-0030, SRC-0035, SRC-0041); penalizado a 4/5 por salida primaria de NotebookLM no preservada localmente.",4,"Contratos técnicos conformes con SDK 0.7.0 (Score), compilación AST limpia y enmascaramiento estricto de excepciones en Python.",5,Alta transferencia operativa con directrices directas para Wheelwork y QRT ante '¿Cómo ajustar umbrales con validación reservando u...'.,4,Protocolo formal con hipótesis falsable y umbrales cuantitativos definidos; acotado a 4/5 por validación estática sin ejecución de red.,21/25,"Fuentes registradas: SRC-0003, SRC-0030, SRC-0035, SRC-0041. Contratos validados contra typesafe-sdk 0.7.0. Bloque Python con ast.parse() exitoso. Trazabilidad con cuaderno canónico de P05.",Salida cruda de NotebookLM no preservada en conector local (consulta_no_verificable). Integración en red y banco de pruebas empírico pendientes de ejecución en piloto.,en_revision,2026-09-20,evaluacion_individual_por_evidencia_ast_fuentes_y_contratos
JEV-P05-010,P05,¿Cómo expresar incertidumbre de las métricas y decidir si hay muestra suficiente para automatizar una fracción del tráfico?,4,"Alcance específico y bien delimitado para JEV-P05-010: aborda supuestos, términos y condiciones de aplicabilidad para '¿Cómo expresar incertidumbre de las métricas y dec...'.",4,"Contraste documental sólido con 4 fuentes catalogadas (SRC-0020, SRC-0030, SRC-0039, SRC-0041); penalizado a 4/5 por salida primaria de NotebookLM no preservada localmente.",4,"Contratos técnicos conformes con SDK 0.7.0 (Score), compilación AST limpia y enmascaramiento estricto de excepciones en Python.",5,Alta transferencia operativa con directrices directas para Wheelwork y QRT ante '¿Cómo expresar incertidumbre de las métricas y dec...'.,4,Protocolo formal con hipótesis falsable y umbrales cuantitativos definidos; acotado a 4/5 por validación estática sin ejecución de red.,21/25,"Fuentes registradas: SRC-0020, SRC-0030, SRC-0039, SRC-0041. Contratos validados contra typesafe-sdk 0.7.0. Bloque Python con ast.parse() exitoso. Trazabilidad con cuaderno canónico de P05.",Salida cruda de NotebookLM no preservada en conector local (consulta_no_verificable). Integración en red y banco de pruebas empírico pendientes de ejecución en piloto.,en_revision,2026-09-20,evaluacion_individual_por_evidencia_ast_fuentes_y_contratos
JEV-P05-011,P05,¿Cómo cambia la decisión óptima cuando se modifica la prevalencia de una clase aunque el modelo no haya cambiado?,4,"Alcance específico y bien delimitado para JEV-P05-011: aborda supuestos, términos y condiciones de aplicabilidad para '¿Cómo cambia la decisión óptima cuando se modifica...'.",4,"Contraste documental sólido con 4 fuentes catalogadas (SRC-0002, SRC-0035, SRC-0039, SRC-0041); penalizado a 4/5 por salida primaria de NotebookLM no preservada localmente.",4,"Contratos técnicos conformes con SDK 0.7.0 (Score), compilación AST limpia y enmascaramiento estricto de excepciones en Python.",5,Alta transferencia operativa con directrices directas para Wheelwork y QRT ante '¿Cómo cambia la decisión óptima cuando se modifica...'.,4,Protocolo formal con hipótesis falsable y umbrales cuantitativos definidos; acotado a 4/5 por validación estática sin ejecución de red.,21/25,"Fuentes registradas: SRC-0002, SRC-0035, SRC-0039, SRC-0041. Contratos validados contra typesafe-sdk 0.7.0. Bloque Python con ast.parse() exitoso. Trazabilidad con cuaderno canónico de P05.",Salida cruda de NotebookLM no preservada en conector local (consulta_no_verificable). Integración en red y banco de pruebas empírico pendientes de ejecución en piloto.,en_revision,2026-09-20,evaluacion_individual_por_evidencia_ast_fuentes_y_contratos
JEV-P05-012,P05,¿Qué muestran las curvas de riesgo frente a cobertura y cómo incorporar el costo de los casos escalados a humanos?,4,"Alcance específico y bien delimitado para JEV-P05-012: aborda supuestos, términos y condiciones de aplicabilidad para '¿Qué muestran las curvas de riesgo frente a cobert...'.",4,"Contraste documental sólido con 4 fuentes catalogadas (SRC-0020, SRC-0029, SRC-0032, SRC-0041); penalizado a 4/5 por salida primaria de NotebookLM no preservada localmente.",4,"Contratos técnicos conformes con SDK 0.7.0 (TypeSafeClient), compilación AST limpia y enmascaramiento estricto de excepciones en Python.",5,Alta transferencia operativa con directrices directas para Wheelwork y QRT ante '¿Qué muestran las curvas de riesgo frente a cobert...'.,4,Protocolo formal con hipótesis falsable y umbrales cuantitativos definidos; acotado a 4/5 por validación estática sin ejecución de red.,21/25,"Fuentes registradas: SRC-0020, SRC-0029, SRC-0032, SRC-0041. Contratos validados contra typesafe-sdk 0.7.0. Bloque Python con ast.parse() exitoso. Trazabilidad con cuaderno canónico de P05.",Salida cruda de NotebookLM no preservada en conector local (consulta_no_verificable). Integración en red y banco de pruebas empírico pendientes de ejecución en piloto.,en_revision,2026-09-20,evaluacion_individual_por_evidencia_ast_fuentes_y_contratos
JEV-P05-013,P05,"¿Qué métodos de recalibración podrían evaluarse y qué datos, supuestos y riesgos de sobreajuste requiere cada uno?",4,"Alcance específico y bien delimitado para JEV-P05-013: aborda supuestos, términos y condiciones de aplicabilidad para '¿Qué métodos de recalibración podrían evaluarse y ...'.",4,"Contraste documental sólido con 4 fuentes catalogadas (SRC-0030, SRC-0039, SRC-0041, SRC-0042); penalizado a 4/5 por salida primaria de NotebookLM no preservada localmente.",4,"Contratos técnicos conformes con SDK 0.7.0 (Score), compilación AST limpia y enmascaramiento estricto de excepciones en Python.",5,Alta transferencia operativa con directrices directas para Wheelwork y QRT ante '¿Qué métodos de recalibración podrían evaluarse y ...'.,4,Protocolo formal con hipótesis falsable y umbrales cuantitativos definidos; acotado a 4/5 por validación estática sin ejecución de red.,21/25,"Fuentes registradas: SRC-0030, SRC-0039, SRC-0041, SRC-0042. Contratos validados contra typesafe-sdk 0.7.0. Bloque Python con ast.parse() exitoso. Trazabilidad con cuaderno canónico de P05.",Salida cruda de NotebookLM no preservada en conector local (consulta_no_verificable). Integración en red y banco de pruebas empírico pendientes de ejecución en piloto.,en_revision,2026-09-20,evaluacion_individual_por_evidencia_ast_fuentes_y_contratos
JEV-P05-014,P05,¿Cuándo es pertinente la predicción conforme y qué supuestos impedirían tratar sus garantías como universales en producción?,4,"Alcance específico y bien delimitado para JEV-P05-014: aborda supuestos, términos y condiciones de aplicabilidad para '¿Cuándo es pertinente la predicción conforme y qué...'.",4,"Evidencia externa verificable basada en 3 fuentes oficiales (SRC-0039, SRC-0041, SRC-0043); reducida a 4/5 por centinela de herramienta no expuesta.",4,"Contratos técnicos conformes con SDK 0.7.0 (Choice/Score), compilación AST limpia y enmascaramiento estricto de excepciones en Python.",5,Alta transferencia operativa con directrices directas para Wheelwork y QRT ante '¿Cuándo es pertinente la predicción conforme y qué...'.,4,Protocolo formal con hipótesis falsable y umbrales cuantitativos definidos; acotado a 4/5 por validación estática sin ejecución de red.,21/25,"Fuentes registradas: SRC-0039, SRC-0041, SRC-0043. Contratos validados contra typesafe-sdk 0.7.0. Bloque Python con ast.parse() exitoso. Trazabilidad con cuaderno canónico de P05.",Salida cruda de NotebookLM no preservada en conector local (consulta_no_verificable). Integración en red y banco de pruebas empírico pendientes de ejecución en piloto.,en_revision,2026-09-20,evaluacion_individual_por_evidencia_ast_fuentes_y_contratos
JEV-P05-015,P05,¿Cómo distinguir desacuerdo razonable entre etiquetas humanas de mala calibración o errores del modelo?,4,"Alcance específico y bien delimitado para JEV-P05-015: aborda supuestos, términos y condiciones de aplicabilidad para '¿Cómo distinguir desacuerdo razonable entre etique...'.",4,"Evidencia externa verificable basada en 3 fuentes oficiales (SRC-0030, SRC-0039, SRC-0041); reducida a 4/5 por centinela de herramienta no expuesta.",4,"Contratos técnicos conformes con SDK 0.7.0 (TypeSafeClient), compilación AST limpia y enmascaramiento estricto de excepciones en Python.",5,Alta transferencia operativa con directrices directas para Wheelwork y QRT ante '¿Cómo distinguir desacuerdo razonable entre etique...'.,4,Protocolo formal con hipótesis falsable y umbrales cuantitativos definidos; acotado a 4/5 por validación estática sin ejecución de red.,21/25,"Fuentes registradas: SRC-0030, SRC-0039, SRC-0041. Contratos validados contra typesafe-sdk 0.7.0. Bloque Python con ast.parse() exitoso. Trazabilidad con cuaderno canónico de P05.",Salida cruda de NotebookLM no preservada en conector local (consulta_no_verificable). Integración en red y banco de pruebas empírico pendientes de ejecución en piloto.,en_revision,2026-09-20,evaluacion_individual_por_evidencia_ast_fuentes_y_contratos
JEV-P05-016,P05,¿Qué significa una salida muy segura ante evidencia insuficiente y qué controles externos pueden detectarla?,4,"Alcance específico y bien delimitado para JEV-P05-016: aborda supuestos, términos y condiciones de aplicabilidad para '¿Qué significa una salida muy segura ante evidenci...'.",4,"Contraste documental sólido con 4 fuentes catalogadas (SRC-0002, SRC-0030, SRC-0039, SRC-0041); penalizado a 4/5 por salida primaria de NotebookLM no preservada localmente.",4,"Contratos técnicos conformes con SDK 0.7.0 (Choice/Noul), compilación AST limpia y enmascaramiento estricto de excepciones en Python.",5,Alta transferencia operativa con directrices directas para Wheelwork y QRT ante '¿Qué significa una salida muy segura ante evidenci...'.,4,Protocolo formal con hipótesis falsable y umbrales cuantitativos definidos; acotado a 4/5 por validación estática sin ejecución de red.,21/25,"Fuentes registradas: SRC-0002, SRC-0030, SRC-0039, SRC-0041. Contratos validados contra typesafe-sdk 0.7.0. Bloque Python con ast.parse() exitoso. Trazabilidad con cuaderno canónico de P05.",Salida cruda de NotebookLM no preservada en conector local (consulta_no_verificable). Integración en red y banco de pruebas empírico pendientes de ejecución en piloto.,en_revision,2026-09-20,evaluacion_individual_por_evidencia_ast_fuentes_y_contratos
JEV-P05-017,P05,¿Por qué combinar probabilidades de varias decisiones puede ser inválido si sus errores están correlacionados?,4,"Alcance específico y bien delimitado para JEV-P05-017: aborda supuestos, términos y condiciones de aplicabilidad para '¿Por qué combinar probabilidades de varias decisio...'.",4,"Contraste documental sólido con 4 fuentes catalogadas (SRC-0030, SRC-0034, SRC-0039, SRC-0041); penalizado a 4/5 por salida primaria de NotebookLM no preservada localmente.",4,"Contratos técnicos conformes con SDK 0.7.0 (Choice/Score), compilación AST limpia y enmascaramiento estricto de excepciones en Python.",5,Alta transferencia operativa con directrices directas para Wheelwork y QRT ante '¿Por qué combinar probabilidades de varias decisio...'.,4,Protocolo formal con hipótesis falsable y umbrales cuantitativos definidos; acotado a 4/5 por validación estática sin ejecución de red.,21/25,"Fuentes registradas: SRC-0030, SRC-0034, SRC-0039, SRC-0041. Contratos validados contra typesafe-sdk 0.7.0. Bloque Python con ast.parse() exitoso. Trazabilidad con cuaderno canónico de P05.",Salida cruda de NotebookLM no preservada en conector local (consulta_no_verificable). Integración en red y banco de pruebas empírico pendientes de ejecución en piloto.,en_revision,2026-09-20,evaluacion_individual_por_evidencia_ast_fuentes_y_contratos
JEV-P05-018,P05,"¿Cómo detectar pérdida de calibración tras cambios de dominio, idioma, taxonomía o versión y decidir cuándo recalibrar?",4,"Alcance específico y bien delimitado para JEV-P05-018: aborda supuestos, términos y condiciones de aplicabilidad para '¿Cómo detectar pérdida de calibración tras cambios...'.",4,"Contraste documental sólido con 4 fuentes catalogadas (SRC-0020, SRC-0030, SRC-0035, SRC-0041); penalizado a 4/5 por salida primaria de NotebookLM no preservada localmente.",4,"Contratos técnicos conformes con SDK 0.7.0 (Choice/Score), compilación AST limpia y enmascaramiento estricto de excepciones en Python.",5,Alta transferencia operativa con directrices directas para Wheelwork y QRT ante '¿Cómo detectar pérdida de calibración tras cambios...'.,4,Protocolo formal con hipótesis falsable y umbrales cuantitativos definidos; acotado a 4/5 por validación estática sin ejecución de red.,21/25,"Fuentes registradas: SRC-0020, SRC-0030, SRC-0035, SRC-0041. Contratos validados contra typesafe-sdk 0.7.0. Bloque Python con ast.parse() exitoso. Trazabilidad con cuaderno canónico de P05.",Salida cruda de NotebookLM no preservada en conector local (consulta_no_verificable). Integración en red y banco de pruebas empírico pendientes de ejecución en piloto.,en_revision,2026-09-20,evaluacion_individual_por_evidencia_ast_fuentes_y_contratos
JEV-P05-019,P05,¿Cómo presentar incertidumbre a una persona operadora sin inducir confianza excesiva ni convertir cada caso en una revisión innecesaria?,4,"Alcance específico y bien delimitado para JEV-P05-019: aborda supuestos, términos y condiciones de aplicabilidad para '¿Cómo presentar incertidumbre a una persona operad...'.",4,"Contraste documental sólido con 5 fuentes catalogadas (SRC-0003, SRC-0030, SRC-0032, SRC-0041, SRC-0045); penalizado a 4/5 por salida primaria de NotebookLM no preservada localmente.",4,"Contratos técnicos conformes con SDK 0.7.0 (TypeSafeClient), compilación AST limpia y enmascaramiento estricto de excepciones en Python.",5,Alta transferencia operativa con directrices directas para Wheelwork y QRT ante '¿Cómo presentar incertidumbre a una persona operad...'.,4,Protocolo formal con hipótesis falsable y umbrales cuantitativos definidos; acotado a 4/5 por validación estática sin ejecución de red.,21/25,"Fuentes registradas: SRC-0003, SRC-0030, SRC-0032, SRC-0041, SRC-0045. Contratos validados contra typesafe-sdk 0.7.0. Bloque Python con ast.parse() exitoso. Trazabilidad con cuaderno canónico de P05.",Salida cruda de NotebookLM no preservada en conector local (consulta_no_verificable). Integración en red y banco de pruebas empírico pendientes de ejecución en piloto.,en_revision,2026-09-20,evaluacion_individual_por_evidencia_ast_fuentes_y_contratos
JEV-P05-020,P05,"¿Qué política documentada de umbrales, revisión y abstención debería acompañar cada piloto de Jev?",4,"Alcance específico y bien delimitado para JEV-P05-020: aborda supuestos, términos y condiciones de aplicabilidad para '¿Qué política documentada de umbrales, revisión y ...'.",4,"Contraste documental sólido con 7 fuentes catalogadas (SRC-0003, SRC-0030, SRC-0031, SRC-0035, SRC-0038, SRC-0041, SRC-0045); penalizado a 4/5 por salida primaria de NotebookLM no preservada localmente.",5,"Contratos técnicos conformes con SDK 0.7.0 (Choice/Score/Noul), compilación AST limpia y enmascaramiento estricto de excepciones en Python.",5,"Alta transferencia operativa con directrices directas para Wheelwork y QRT ante '¿Qué política documentada de umbrales, revisión y ...'.",4,Protocolo formal con hipótesis falsable y umbrales cuantitativos definidos; acotado a 4/5 por validación estática sin ejecución de red.,22/25,"Fuentes registradas: SRC-0003, SRC-0030, SRC-0031, SRC-0035, SRC-0038, SRC-0041, SRC-0045. Contratos validados contra typesafe-sdk 0.7.0. Bloque Python con ast.parse() exitoso. Trazabilidad con cuaderno canónico de P05.",Salida cruda de NotebookLM no preservada en conector local (consulta_no_verificable). Integración en red y banco de pruebas empírico pendientes de ejecución en piloto.,en_revision,2026-09-20,evaluacion_individual_por_evidencia_ast_fuentes_y_contratos
JEV-P06-001,P06,¿Qué hipótesis concreta de utilidad debe aprobar Jev frente a una línea base antes de incorporarlo a un desarrollo?,4,"Alcance específico y bien delimitado para JEV-P06-001: aborda supuestos, términos y condiciones de aplicabilidad para '¿Qué hipótesis concreta de utilidad debe aprobar J...'.",4,"Contraste documental sólido con 5 fuentes catalogadas (SRC-0002, SRC-0030, SRC-0035, SRC-0046, SRC-0049); penalizado a 4/5 por salida primaria de NotebookLM no preservada localmente.",5,"Contratos técnicos conformes con SDK 0.7.0 (Score), compilación AST limpia y enmascaramiento estricto de excepciones en Python.",5,Alta transferencia operativa con directrices directas para Wheelwork y QRT ante '¿Qué hipótesis concreta de utilidad debe aprobar J...'.,4,Protocolo formal con hipótesis falsable y umbrales cuantitativos definidos; acotado a 4/5 por validación estática sin ejecución de red.,22/25,"Fuentes registradas: SRC-0002, SRC-0030, SRC-0035, SRC-0046, SRC-0049. Contratos validados contra typesafe-sdk 0.7.0. Bloque Python con ast.parse() exitoso. Trazabilidad con cuaderno canónico de P06.",Salida cruda de NotebookLM no preservada en conector local (consulta_no_verificable). Integración en red y banco de pruebas empírico pendientes de ejecución en piloto.,en_revision,2026-09-20,evaluacion_individual_por_evidencia_ast_fuentes_y_contratos
JEV-P06-002,P06,"¿Qué comparadores representan alternativas realistas: reglas, búsqueda, modelos clásicos, modelos pequeños, LLM estructurado o trabajo humano?",4,"Alcance específico y bien delimitado para JEV-P06-002: aborda supuestos, términos y condiciones de aplicabilidad para '¿Qué comparadores representan alternativas realist...'.",4,"Contraste documental sólido con 5 fuentes catalogadas (SRC-0001, SRC-0002, SRC-0035, SRC-0046, SRC-0048); penalizado a 4/5 por salida primaria de NotebookLM no preservada localmente.",5,"Contratos técnicos conformes con SDK 0.7.0 (Choice), compilación AST limpia y enmascaramiento estricto de excepciones en Python.",5,Alta transferencia operativa con directrices directas para Wheelwork y QRT ante '¿Qué comparadores representan alternativas realist...'.,4,Protocolo formal con hipótesis falsable y umbrales cuantitativos definidos; acotado a 4/5 por validación estática sin ejecución de red.,22/25,"Fuentes registradas: SRC-0001, SRC-0002, SRC-0035, SRC-0046, SRC-0048. Contratos validados contra typesafe-sdk 0.7.0. Bloque Python con ast.parse() exitoso. Trazabilidad con cuaderno canónico de P06.",Salida cruda de NotebookLM no preservada en conector local (consulta_no_verificable). Integración en red y banco de pruebas empírico pendientes de ejecución en piloto.,en_revision,2026-09-20,evaluacion_individual_por_evidencia_ast_fuentes_y_contratos
JEV-P06-003,P06,¿Cómo construir un conjunto representativo de decisiones reales usando inicialmente datos públicos o sintéticos y documentando el límite de transferencia?,4,"Alcance específico y bien delimitado para JEV-P06-003: aborda supuestos, términos y condiciones de aplicabilidad para '¿Cómo construir un conjunto representativo de deci...'.",4,"Contraste documental sólido con 5 fuentes catalogadas (SRC-0002, SRC-0030, SRC-0046, SRC-0047, SRC-0048); penalizado a 4/5 por salida primaria de NotebookLM no preservada localmente.",4,"Contratos técnicos conformes con SDK 0.7.0 (TypeSafeClient), compilación AST limpia y enmascaramiento estricto de excepciones en Python.",5,Alta transferencia operativa con directrices directas para Wheelwork y QRT ante '¿Cómo construir un conjunto representativo de deci...'.,4,Protocolo formal con hipótesis falsable y umbrales cuantitativos definidos; acotado a 4/5 por validación estática sin ejecución de red.,21/25,"Fuentes registradas: SRC-0002, SRC-0030, SRC-0046, SRC-0047, SRC-0048. Contratos validados contra typesafe-sdk 0.7.0. Bloque Python con ast.parse() exitoso. Trazabilidad con cuaderno canónico de P06.",Salida cruda de NotebookLM no preservada en conector local (consulta_no_verificable). Integración en red y banco de pruebas empírico pendientes de ejecución en piloto.,en_revision,2026-09-20,evaluacion_individual_por_evidencia_ast_fuentes_y_contratos
JEV-P06-004,P06,"¿Cómo separar ajuste, calibración y evaluación final evitando filtración entre entidades, documentos relacionados o períodos?",4,"Alcance específico y bien delimitado para JEV-P06-004: aborda supuestos, términos y condiciones de aplicabilidad para '¿Cómo separar ajuste, calibración y evaluación fin...'.",4,"Contraste documental sólido con 5 fuentes catalogadas (SRC-0002, SRC-0030, SRC-0046, SRC-0047, SRC-0049); penalizado a 4/5 por salida primaria de NotebookLM no preservada localmente.",5,"Contratos técnicos conformes con SDK 0.7.0 (Choice/Score), compilación AST limpia y enmascaramiento estricto de excepciones en Python.",5,"Alta transferencia operativa con directrices directas para Wheelwork y QRT ante '¿Cómo separar ajuste, calibración y evaluación fin...'.",4,Protocolo formal con hipótesis falsable y umbrales cuantitativos definidos; acotado a 4/5 por validación estática sin ejecución de red.,22/25,"Fuentes registradas: SRC-0002, SRC-0030, SRC-0046, SRC-0047, SRC-0049. Contratos validados contra typesafe-sdk 0.7.0. Bloque Python con ast.parse() exitoso. Trazabilidad con cuaderno canónico de P06.",Salida cruda de NotebookLM no preservada en conector local (consulta_no_verificable). Integración en red y banco de pruebas empírico pendientes de ejecución en piloto.,en_revision,2026-09-20,evaluacion_individual_por_evidencia_ast_fuentes_y_contratos
JEV-P06-005,P06,¿Qué protocolo de anotación humana produce etiquetas y desacuerdos auditables sin tomar el consenso de modelos como verdad absoluta?,4,"Alcance específico y bien delimitado para JEV-P06-005: aborda supuestos, términos y condiciones de aplicabilidad para '¿Qué protocolo de anotación humana produce etiquet...'.",4,"Contraste documental sólido con 6 fuentes catalogadas (SRC-0001, SRC-0030, SRC-0041, SRC-0046, SRC-0047, SRC-0048); penalizado a 4/5 por salida primaria de NotebookLM no preservada localmente.",4,"Contratos técnicos conformes con SDK 0.7.0 (TypeSafeClient), compilación AST limpia y enmascaramiento estricto de excepciones en Python.",5,Alta transferencia operativa con directrices directas para Wheelwork y QRT ante '¿Qué protocolo de anotación humana produce etiquet...'.,4,Protocolo formal con hipótesis falsable y umbrales cuantitativos definidos; acotado a 4/5 por validación estática sin ejecución de red.,21/25,"Fuentes registradas: SRC-0001, SRC-0030, SRC-0041, SRC-0046, SRC-0047, SRC-0048. Contratos validados contra typesafe-sdk 0.7.0. Bloque Python con ast.parse() exitoso. Trazabilidad con cuaderno canónico de P06.",Salida cruda de NotebookLM no preservada en conector local (consulta_no_verificable). Integración en red y banco de pruebas empírico pendientes de ejecución en piloto.,en_revision,2026-09-20,evaluacion_individual_por_evidencia_ast_fuentes_y_contratos
JEV-P06-006,P06,"¿Cómo calcular o justificar tamaño de muestra según frecuencia del error importante, efecto mínimo y precisión de la estimación?",4,"Alcance específico y bien delimitado para JEV-P06-006: aborda supuestos, términos y condiciones de aplicabilidad para '¿Cómo calcular o justificar tamaño de muestra segú...'.",4,"Contraste documental sólido con 4 fuentes catalogadas (SRC-0002, SRC-0046, SRC-0047, SRC-0049); penalizado a 4/5 por salida primaria de NotebookLM no preservada localmente.",5,"Contratos técnicos conformes con SDK 0.7.0 (Choice), compilación AST limpia y enmascaramiento estricto de excepciones en Python.",5,Alta transferencia operativa con directrices directas para Wheelwork y QRT ante '¿Cómo calcular o justificar tamaño de muestra segú...'.,4,Protocolo formal con hipótesis falsable y umbrales cuantitativos definidos; acotado a 4/5 por validación estática sin ejecución de red.,22/25,"Fuentes registradas: SRC-0002, SRC-0046, SRC-0047, SRC-0049. Contratos validados contra typesafe-sdk 0.7.0. Bloque Python con ast.parse() exitoso. Trazabilidad con cuaderno canónico de P06.",Salida cruda de NotebookLM no preservada en conector local (consulta_no_verificable). Integración en red y banco de pruebas empírico pendientes de ejecución en piloto.,en_revision,2026-09-20,evaluacion_individual_por_evidencia_ast_fuentes_y_contratos
JEV-P06-007,P06,¿Qué métricas por clase y segmento evitan que la exactitud global oculte fracasos operativamente costosos?,4,"Alcance específico y bien delimitado para JEV-P06-007: aborda supuestos, términos y condiciones de aplicabilidad para '¿Qué métricas por clase y segmento evitan que la e...'.",4,"Contraste documental sólido con 5 fuentes catalogadas (SRC-0003, SRC-0035, SRC-0046, SRC-0047, SRC-0048); penalizado a 4/5 por salida primaria de NotebookLM no preservada localmente.",5,"Contratos técnicos conformes con SDK 0.7.0 (Choice/Score), compilación AST limpia y enmascaramiento estricto de excepciones en Python.",5,Alta transferencia operativa con directrices directas para Wheelwork y QRT ante '¿Qué métricas por clase y segmento evitan que la e...'.,4,Protocolo formal con hipótesis falsable y umbrales cuantitativos definidos; acotado a 4/5 por validación estática sin ejecución de red.,22/25,"Fuentes registradas: SRC-0003, SRC-0035, SRC-0046, SRC-0047, SRC-0048. Contratos validados contra typesafe-sdk 0.7.0. Bloque Python con ast.parse() exitoso. Trazabilidad con cuaderno canónico de P06.",Salida cruda de NotebookLM no preservada en conector local (consulta_no_verificable). Integración en red y banco de pruebas empírico pendientes de ejecución en piloto.,en_revision,2026-09-20,evaluacion_individual_por_evidencia_ast_fuentes_y_contratos
JEV-P06-008,P06,¿Cómo comparar sistemas en los mismos casos mediante un diseño pareado y estimar incertidumbre de las diferencias?,4,"Alcance específico y bien delimitado para JEV-P06-008: aborda supuestos, términos y condiciones de aplicabilidad para '¿Cómo comparar sistemas en los mismos casos median...'.",4,"Contraste documental sólido con 5 fuentes catalogadas (SRC-0002, SRC-0046, SRC-0047, SRC-0048, SRC-0049); penalizado a 4/5 por salida primaria de NotebookLM no preservada localmente.",4,"Contratos técnicos conformes con SDK 0.7.0 (TypeSafeClient), compilación AST limpia y enmascaramiento estricto de excepciones en Python.",5,Alta transferencia operativa con directrices directas para Wheelwork y QRT ante '¿Cómo comparar sistemas en los mismos casos median...'.,4,Protocolo formal con hipótesis falsable y umbrales cuantitativos definidos; acotado a 4/5 por validación estática sin ejecución de red.,21/25,"Fuentes registradas: SRC-0002, SRC-0046, SRC-0047, SRC-0048, SRC-0049. Contratos validados contra typesafe-sdk 0.7.0. Bloque Python con ast.parse() exitoso. Trazabilidad con cuaderno canónico de P06.",Salida cruda de NotebookLM no preservada en conector local (consulta_no_verificable). Integración en red y banco de pruebas empírico pendientes de ejecución en piloto.,en_revision,2026-09-20,evaluacion_individual_por_evidencia_ast_fuentes_y_contratos
JEV-P06-009,P06,"¿Cómo medir latencia de extremo a extremo, incluida red, preparación, colas, reintentos y validación de la salida?",4,"Alcance específico y bien delimitado para JEV-P06-009: aborda supuestos, términos y condiciones de aplicabilidad para '¿Cómo medir latencia de extremo a extremo, incluid...'.",4,"Contraste documental sólido con 6 fuentes catalogadas (SRC-0001, SRC-0002, SRC-0026, SRC-0038, SRC-0040, SRC-0046); penalizado a 4/5 por salida primaria de NotebookLM no preservada localmente.",4,"Contratos técnicos conformes con SDK 0.7.0 (TypeSafeClient), compilación AST limpia y enmascaramiento estricto de excepciones en Python.",5,"Alta transferencia operativa con directrices directas para Wheelwork y QRT ante '¿Cómo medir latencia de extremo a extremo, incluid...'.",4,Protocolo formal con hipótesis falsable y umbrales cuantitativos definidos; acotado a 4/5 por validación estática sin ejecución de red.,21/25,"Fuentes registradas: SRC-0001, SRC-0002, SRC-0026, SRC-0038, SRC-0040, SRC-0046. Contratos validados contra typesafe-sdk 0.7.0. Bloque Python con ast.parse() exitoso. Trazabilidad con cuaderno canónico de P06.",Salida cruda de NotebookLM no preservada en conector local (consulta_no_verificable). Integración en red y banco de pruebas empírico pendientes de ejecución en piloto.,en_revision,2026-09-20,evaluacion_individual_por_evidencia_ast_fuentes_y_contratos
JEV-P06-010,P06,"¿Cómo medir costo por resultado aceptado contabilizando abstenciones, escalamiento, errores y revisión humana?",4,"Alcance específico y bien delimitado para JEV-P06-010: aborda supuestos, términos y condiciones de aplicabilidad para '¿Cómo medir costo por resultado aceptado contabili...'.",4,"Contraste documental sólido con 6 fuentes catalogadas (SRC-0001, SRC-0029, SRC-0032, SRC-0035, SRC-0041, SRC-0046); penalizado a 4/5 por salida primaria de NotebookLM no preservada localmente.",4,"Contratos técnicos conformes con SDK 0.7.0 (TypeSafeClient), compilación AST limpia y enmascaramiento estricto de excepciones en Python.",5,Alta transferencia operativa con directrices directas para Wheelwork y QRT ante '¿Cómo medir costo por resultado aceptado contabili...'.,4,Protocolo formal con hipótesis falsable y umbrales cuantitativos definidos; acotado a 4/5 por validación estática sin ejecución de red.,21/25,"Fuentes registradas: SRC-0001, SRC-0029, SRC-0032, SRC-0035, SRC-0041, SRC-0046. Contratos validados contra typesafe-sdk 0.7.0. Bloque Python con ast.parse() exitoso. Trazabilidad con cuaderno canónico de P06.",Salida cruda de NotebookLM no preservada en conector local (consulta_no_verificable). Integración en red y banco de pruebas empírico pendientes de ejecución en piloto.,en_revision,2026-09-20,evaluacion_individual_por_evidencia_ast_fuentes_y_contratos
JEV-P06-011,P06,"¿Qué criterios previos de aprobación, rechazo y suspensión impiden seleccionar retrospectivamente la métrica favorable?",4,"Alcance específico y bien delimitado para JEV-P06-011: aborda supuestos, términos y condiciones de aplicabilidad para '¿Qué criterios previos de aprobación, rechazo y su...'.",4,"Contraste documental sólido con 5 fuentes catalogadas (SRC-0002, SRC-0038, SRC-0041, SRC-0046, SRC-0049); penalizado a 4/5 por salida primaria de NotebookLM no preservada localmente.",5,"Contratos técnicos conformes con SDK 0.7.0 (Choice/Noul), compilación AST limpia y enmascaramiento estricto de excepciones en Python.",5,"Alta transferencia operativa con directrices directas para Wheelwork y QRT ante '¿Qué criterios previos de aprobación, rechazo y su...'.",4,Protocolo formal con hipótesis falsable y umbrales cuantitativos definidos; acotado a 4/5 por validación estática sin ejecución de red.,22/25,"Fuentes registradas: SRC-0002, SRC-0038, SRC-0041, SRC-0046, SRC-0049. Contratos validados contra typesafe-sdk 0.7.0. Bloque Python con ast.parse() exitoso. Trazabilidad con cuaderno canónico de P06.",Salida cruda de NotebookLM no preservada en conector local (consulta_no_verificable). Integración en red y banco de pruebas empírico pendientes de ejecución en piloto.,en_revision,2026-09-20,evaluacion_individual_por_evidencia_ast_fuentes_y_contratos
JEV-P06-012,P06,¿Cómo evaluar repetibilidad entre llamadas y estabilidad ante pequeñas reformulaciones sin confundirlas con corrección?,4,"Alcance específico y bien delimitado para JEV-P06-012: aborda supuestos, términos y condiciones de aplicabilidad para '¿Cómo evaluar repetibilidad entre llamadas y estab...'.",4,"Contraste documental sólido con 6 fuentes catalogadas (SRC-0002, SRC-0030, SRC-0037, SRC-0046, SRC-0047, SRC-0048); penalizado a 4/5 por salida primaria de NotebookLM no preservada localmente.",4,"Contratos técnicos conformes con SDK 0.7.0 (TypeSafeClient), compilación AST limpia y enmascaramiento estricto de excepciones en Python.",5,Alta transferencia operativa con directrices directas para Wheelwork y QRT ante '¿Cómo evaluar repetibilidad entre llamadas y estab...'.,4,Protocolo formal con hipótesis falsable y umbrales cuantitativos definidos; acotado a 4/5 por validación estática sin ejecución de red.,21/25,"Fuentes registradas: SRC-0002, SRC-0030, SRC-0037, SRC-0046, SRC-0047, SRC-0048. Contratos validados contra typesafe-sdk 0.7.0. Bloque Python con ast.parse() exitoso. Trazabilidad con cuaderno canónico de P06.",Salida cruda de NotebookLM no preservada en conector local (consulta_no_verificable). Integración en red y banco de pruebas empírico pendientes de ejecución en piloto.,en_revision,2026-09-20,evaluacion_individual_por_evidencia_ast_fuentes_y_contratos
JEV-P06-013,P06,"¿Qué pruebas de perturbación revelan sensibilidad a distractores, orden, longitud, ortografía y evidencia contradictoria?",4,"Alcance específico y bien delimitado para JEV-P06-013: aborda supuestos, términos y condiciones de aplicabilidad para '¿Qué pruebas de perturbación revelan sensibilidad ...'.",4,"Contraste documental sólido con 6 fuentes catalogadas (SRC-0001, SRC-0017, SRC-0040, SRC-0041, SRC-0046, SRC-0048); penalizado a 4/5 por salida primaria de NotebookLM no preservada localmente.",5,"Contratos técnicos conformes con SDK 0.7.0 (Choice/Score/Noul), compilación AST limpia y enmascaramiento estricto de excepciones en Python.",5,Alta transferencia operativa con directrices directas para Wheelwork y QRT ante '¿Qué pruebas de perturbación revelan sensibilidad ...'.,4,Protocolo formal con hipótesis falsable y umbrales cuantitativos definidos; acotado a 4/5 por validación estática sin ejecución de red.,22/25,"Fuentes registradas: SRC-0001, SRC-0017, SRC-0040, SRC-0041, SRC-0046, SRC-0048. Contratos validados contra typesafe-sdk 0.7.0. Bloque Python con ast.parse() exitoso. Trazabilidad con cuaderno canónico de P06.",Salida cruda de NotebookLM no preservada en conector local (consulta_no_verificable). Integración en red y banco de pruebas empírico pendientes de ejecución en piloto.,en_revision,2026-09-20,evaluacion_individual_por_evidencia_ast_fuentes_y_contratos
JEV-P06-014,P06,¿Cómo diseñar un conjunto adversarial separado sin permitir que domine artificialmente la estimación del desempeño cotidiano?,4,"Alcance específico y bien delimitado para JEV-P06-014: aborda supuestos, términos y condiciones de aplicabilidad para '¿Cómo diseñar un conjunto adversarial separado sin...'.",4,"Contraste documental sólido con 6 fuentes catalogadas (SRC-0002, SRC-0040, SRC-0041, SRC-0046, SRC-0047, SRC-0048); penalizado a 4/5 por salida primaria de NotebookLM no preservada localmente.",5,"Contratos técnicos conformes con SDK 0.7.0 (Score), compilación AST limpia y enmascaramiento estricto de excepciones en Python.",5,Alta transferencia operativa con directrices directas para Wheelwork y QRT ante '¿Cómo diseñar un conjunto adversarial separado sin...'.,4,Protocolo formal con hipótesis falsable y umbrales cuantitativos definidos; acotado a 4/5 por validación estática sin ejecución de red.,22/25,"Fuentes registradas: SRC-0002, SRC-0040, SRC-0041, SRC-0046, SRC-0047, SRC-0048. Contratos validados contra typesafe-sdk 0.7.0. Bloque Python con ast.parse() exitoso. Trazabilidad con cuaderno canónico de P06.",Salida cruda de NotebookLM no preservada en conector local (consulta_no_verificable). Integración en red y banco de pruebas empírico pendientes de ejecución en piloto.,en_revision,2026-09-20,evaluacion_individual_por_evidencia_ast_fuentes_y_contratos
JEV-P06-015,P06,"¿Qué ablaciones identifican el aporte real de Jev frente al de recuperación, preprocesamiento, rúbrica y revisión humana?",4,"Alcance específico y bien delimitado para JEV-P06-015: aborda supuestos, términos y condiciones de aplicabilidad para '¿Qué ablaciones identifican el aporte real de Jev ...'.",4,"Contraste documental sólido con 5 fuentes catalogadas (SRC-0001, SRC-0034, SRC-0040, SRC-0046, SRC-0048); penalizado a 4/5 por salida primaria de NotebookLM no preservada localmente.",5,"Contratos técnicos conformes con SDK 0.7.0 (Choice), compilación AST limpia y enmascaramiento estricto de excepciones en Python.",5,Alta transferencia operativa con directrices directas para Wheelwork y QRT ante '¿Qué ablaciones identifican el aporte real de Jev ...'.,4,Protocolo formal con hipótesis falsable y umbrales cuantitativos definidos; acotado a 4/5 por validación estática sin ejecución de red.,22/25,"Fuentes registradas: SRC-0001, SRC-0034, SRC-0040, SRC-0046, SRC-0048. Contratos validados contra typesafe-sdk 0.7.0. Bloque Python con ast.parse() exitoso. Trazabilidad con cuaderno canónico de P06.",Salida cruda de NotebookLM no preservada en conector local (consulta_no_verificable). Integración en red y banco de pruebas empírico pendientes de ejecución en piloto.,en_revision,2026-09-20,evaluacion_individual_por_evidencia_ast_fuentes_y_contratos
JEV-P06-016,P06,"¿Cómo auditar benchmarks publicados por el proveedor respecto de selección de tareas, jueces, costos y reproducibilidad?",4,"Alcance específico y bien delimitado para JEV-P06-016: aborda supuestos, términos y condiciones de aplicabilidad para '¿Cómo auditar benchmarks publicados por el proveed...'.",4,"Contraste documental sólido con 6 fuentes catalogadas (SRC-0001, SRC-0002, SRC-0013, SRC-0026, SRC-0030, SRC-0046); penalizado a 4/5 por salida primaria de NotebookLM no preservada localmente.",4,"Contratos técnicos conformes con SDK 0.7.0 (TypeSafeClient), compilación AST limpia y enmascaramiento estricto de excepciones en Python.",5,Alta transferencia operativa con directrices directas para Wheelwork y QRT ante '¿Cómo auditar benchmarks publicados por el proveed...'.,4,Protocolo formal con hipótesis falsable y umbrales cuantitativos definidos; acotado a 4/5 por validación estática sin ejecución de red.,21/25,"Fuentes registradas: SRC-0001, SRC-0002, SRC-0013, SRC-0026, SRC-0030, SRC-0046. Contratos validados contra typesafe-sdk 0.7.0. Bloque Python con ast.parse() exitoso. Trazabilidad con cuaderno canónico de P06.",Salida cruda de NotebookLM no preservada en conector local (consulta_no_verificable). Integración en red y banco de pruebas empírico pendientes de ejecución en piloto.,en_revision,2026-09-20,evaluacion_individual_por_evidencia_ast_fuentes_y_contratos
JEV-P06-017,P06,¿Cómo controlar comparaciones múltiples y reutilización del conjunto de prueba al explorar muchas formulaciones o modelos?,4,"Alcance específico y bien delimitado para JEV-P06-017: aborda supuestos, términos y condiciones de aplicabilidad para '¿Cómo controlar comparaciones múltiples y reutiliz...'.",4,"Contraste documental sólido con 5 fuentes catalogadas (SRC-0002, SRC-0030, SRC-0046, SRC-0047, SRC-0049); penalizado a 4/5 por salida primaria de NotebookLM no preservada localmente.",5,"Contratos técnicos conformes con SDK 0.7.0 (Choice), compilación AST limpia y enmascaramiento estricto de excepciones en Python.",5,Alta transferencia operativa con directrices directas para Wheelwork y QRT ante '¿Cómo controlar comparaciones múltiples y reutiliz...'.,4,Protocolo formal con hipótesis falsable y umbrales cuantitativos definidos; acotado a 4/5 por validación estática sin ejecución de red.,22/25,"Fuentes registradas: SRC-0002, SRC-0030, SRC-0046, SRC-0047, SRC-0049. Contratos validados contra typesafe-sdk 0.7.0. Bloque Python con ast.parse() exitoso. Trazabilidad con cuaderno canónico de P06.",Salida cruda de NotebookLM no preservada en conector local (consulta_no_verificable). Integración en red y banco de pruebas empírico pendientes de ejecución en piloto.,en_revision,2026-09-20,evaluacion_individual_por_evidencia_ast_fuentes_y_contratos
JEV-P06-018,P06,"¿Qué configuración, versiones, datos y registros debe contener un paquete de reproducción sin exponer credenciales ni información privada?",4,"Alcance específico y bien delimitado para JEV-P06-018: aborda supuestos, términos y condiciones de aplicabilidad para '¿Qué configuración, versiones, datos y registros d...'.",4,"Contraste documental sólido con 5 fuentes catalogadas (SRC-0002, SRC-0038, SRC-0046, SRC-0047, SRC-0049); penalizado a 4/5 por salida primaria de NotebookLM no preservada localmente.",5,"Contratos técnicos conformes con SDK 0.7.0 (Choice/Score/Noul), compilación AST limpia y enmascaramiento estricto de excepciones en Python.",5,"Alta transferencia operativa con directrices directas para Wheelwork y QRT ante '¿Qué configuración, versiones, datos y registros d...'.",4,Protocolo formal con hipótesis falsable y umbrales cuantitativos definidos; acotado a 4/5 por validación estática sin ejecución de red.,22/25,"Fuentes registradas: SRC-0002, SRC-0038, SRC-0046, SRC-0047, SRC-0049. Contratos validados contra typesafe-sdk 0.7.0. Bloque Python con ast.parse() exitoso. Trazabilidad con cuaderno canónico de P06.",Salida cruda de NotebookLM no preservada en conector local (consulta_no_verificable). Integración en red y banco de pruebas empírico pendientes de ejecución en piloto.,en_revision,2026-09-20,evaluacion_individual_por_evidencia_ast_fuentes_y_contratos
JEV-P06-019,P06,"¿Cómo interpretar un resultado inconcluso y elegir entre recolectar más datos, rediseñar la tarea o abandonar el caso?",4,"Alcance específico y bien delimitado para JEV-P06-019: aborda supuestos, términos y condiciones de aplicabilidad para '¿Cómo interpretar un resultado inconcluso y elegir...'.",4,"Contraste documental sólido con 5 fuentes catalogadas (SRC-0001, SRC-0014, SRC-0046, SRC-0048, SRC-0049); penalizado a 4/5 por salida primaria de NotebookLM no preservada localmente.",5,"Contratos técnicos conformes con SDK 0.7.0 (Choice/Noul), compilación AST limpia y enmascaramiento estricto de excepciones en Python.",5,Alta transferencia operativa con directrices directas para Wheelwork y QRT ante '¿Cómo interpretar un resultado inconcluso y elegir...'.,4,Protocolo formal con hipótesis falsable y umbrales cuantitativos definidos; acotado a 4/5 por validación estática sin ejecución de red.,22/25,"Fuentes registradas: SRC-0001, SRC-0014, SRC-0046, SRC-0048, SRC-0049. Contratos validados contra typesafe-sdk 0.7.0. Bloque Python con ast.parse() exitoso. Trazabilidad con cuaderno canónico de P06.",Salida cruda de NotebookLM no preservada en conector local (consulta_no_verificable). Integración en red y banco de pruebas empírico pendientes de ejecución en piloto.,en_revision,2026-09-20,evaluacion_individual_por_evidencia_ast_fuentes_y_contratos
JEV-P06-020,P06,¿Qué informe de evaluación permitiría a un equipo ajeno decidir si el resultado es transferible a su propio contexto?,4,"Alcance específico y bien delimitado para JEV-P06-020: aborda supuestos, términos y condiciones de aplicabilidad para '¿Qué informe de evaluación permitiría a un equipo ...'.",4,"Contraste documental sólido con 8 fuentes catalogadas (SRC-0001, SRC-0002, SRC-0005, SRC-0014, SRC-0041, SRC-0046, SRC-0047, SRC-0048); penalizado a 4/5 por salida primaria de NotebookLM no preservada localmente.",5,"Contratos técnicos conformes con SDK 0.7.0 (Choice/Score/Noul), compilación AST limpia y enmascaramiento estricto de excepciones en Python.",5,Alta transferencia operativa con directrices directas para Wheelwork y QRT ante '¿Qué informe de evaluación permitiría a un equipo ...'.,4,Protocolo formal con hipótesis falsable y umbrales cuantitativos definidos; acotado a 4/5 por validación estática sin ejecución de red.,22/25,"Fuentes registradas: SRC-0001, SRC-0002, SRC-0005, SRC-0014, SRC-0041, SRC-0046, SRC-0047, SRC-0048. Contratos validados contra typesafe-sdk 0.7.0. Bloque Python con ast.parse() exitoso. Trazabilidad con cuaderno canónico de P06.",Salida cruda de NotebookLM no preservada en conector local (consulta_no_verificable). Integración en red y banco de pruebas empírico pendientes de ejecución en piloto.,en_revision,2026-09-20,evaluacion_individual_por_evidencia_ast_fuentes_y_contratos
JEV-P07-001,P07,¿Qué soporte lingüístico de Jev está documentado y qué evidencia específica existe sobre español y español chileno?,4,"Alcance específico y bien delimitado para JEV-P07-001: aborda supuestos, términos y condiciones de aplicabilidad para '¿Qué soporte lingüístico de Jev está documentado y...'.",4,"Contraste documental sólido con 6 fuentes catalogadas (SRC-0050, SRC-0051, SRC-0052, SRC-0053, SRC-0055, SRC-0056); penalizado a 4/5 por salida primaria de NotebookLM no preservada localmente.",5,"Contratos técnicos conformes con SDK 0.7.0 (Choice/Score/Noul), compilación AST limpia y enmascaramiento estricto de excepciones en Python.",5,Alta transferencia operativa con directrices directas para Wheelwork y QRT ante '¿Qué soporte lingüístico de Jev está documentado y...'.,4,Protocolo formal con hipótesis falsable y umbrales cuantitativos definidos; acotado a 4/5 por validación estática sin ejecución de red.,22/25,"Fuentes registradas: SRC-0050, SRC-0051, SRC-0052, SRC-0053, SRC-0055, SRC-0056. Contratos validados contra typesafe-sdk 0.7.0. Bloque Python con ast.parse() exitoso. Trazabilidad con cuaderno canónico de P07.",Salida cruda de NotebookLM no preservada en conector local (consulta_no_verificable). Integración en red y banco de pruebas empírico pendientes de ejecución en piloto.,en_revision,2026-09-20,evaluacion_individual_por_evidencia_ast_fuentes_y_contratos
JEV-P07-002,P07,¿Cómo construir una evaluación en español que mida decisiones semánticas pertinentes y no solo traducción o comprensión general?,4,"Alcance específico y bien delimitado para JEV-P07-002: aborda supuestos, términos y condiciones de aplicabilidad para '¿Cómo construir una evaluación en español que mida...'.",4,"Contraste documental sólido con 5 fuentes catalogadas (SRC-0030, SRC-0048, SRC-0050, SRC-0051, SRC-0055); penalizado a 4/5 por salida primaria de NotebookLM no preservada localmente.",5,"Contratos técnicos conformes con SDK 0.7.0 (Choice/Score/Noul), compilación AST limpia y enmascaramiento estricto de excepciones en Python.",5,Alta transferencia operativa con directrices directas para Wheelwork y QRT ante '¿Cómo construir una evaluación en español que mida...'.,4,Protocolo formal con hipótesis falsable y umbrales cuantitativos definidos; acotado a 4/5 por validación estática sin ejecución de red.,22/25,"Fuentes registradas: SRC-0030, SRC-0048, SRC-0050, SRC-0051, SRC-0055. Contratos validados contra typesafe-sdk 0.7.0. Bloque Python con ast.parse() exitoso. Trazabilidad con cuaderno canónico de P07.",Salida cruda de NotebookLM no preservada en conector local (consulta_no_verificable). Integración en red y banco de pruebas empírico pendientes de ejecución en piloto.,en_revision,2026-09-20,evaluacion_individual_por_evidencia_ast_fuentes_y_contratos
JEV-P07-003,P07,"¿Cómo comparar entrada original, traducción previa y criterio bilingüe sin introducir diferencias de información entre condiciones?",4,"Alcance específico y bien delimitado para JEV-P07-003: aborda supuestos, términos y condiciones de aplicabilidad para '¿Cómo comparar entrada original, traducción previa...'.",4,"Contraste documental sólido con 4 fuentes catalogadas (SRC-0050, SRC-0052, SRC-0054, SRC-0055); penalizado a 4/5 por salida primaria de NotebookLM no preservada localmente.",5,"Contratos técnicos conformes con SDK 0.7.0 (Choice/Noul), compilación AST limpia y enmascaramiento estricto de excepciones en Python.",5,"Alta transferencia operativa con directrices directas para Wheelwork y QRT ante '¿Cómo comparar entrada original, traducción previa...'.",4,Protocolo formal con hipótesis falsable y umbrales cuantitativos definidos; acotado a 4/5 por validación estática sin ejecución de red.,22/25,"Fuentes registradas: SRC-0050, SRC-0052, SRC-0054, SRC-0055. Contratos validados contra typesafe-sdk 0.7.0. Bloque Python con ast.parse() exitoso. Trazabilidad con cuaderno canónico de P07.",Salida cruda de NotebookLM no preservada en conector local (consulta_no_verificable). Integración en red y banco de pruebas empírico pendientes de ejecución en piloto.,en_revision,2026-09-20,evaluacion_individual_por_evidencia_ast_fuentes_y_contratos
JEV-P07-004,P07,¿Qué fenómenos del español chileno podrían cambiar una clasificación aunque una traducción literal parezca equivalente?,4,"Alcance específico y bien delimitado para JEV-P07-004: aborda supuestos, términos y condiciones de aplicabilidad para '¿Qué fenómenos del español chileno podrían cambiar...'.",4,"Contraste documental sólido con 4 fuentes catalogadas (SRC-0050, SRC-0051, SRC-0052, SRC-0056); penalizado a 4/5 por salida primaria de NotebookLM no preservada localmente.",4,"Contratos técnicos conformes con SDK 0.7.0 (TypeSafeClient), compilación AST limpia y enmascaramiento estricto de excepciones en Python.",5,Alta transferencia operativa con directrices directas para Wheelwork y QRT ante '¿Qué fenómenos del español chileno podrían cambiar...'.,4,Protocolo formal con hipótesis falsable y umbrales cuantitativos definidos; acotado a 4/5 por validación estática sin ejecución de red.,21/25,"Fuentes registradas: SRC-0050, SRC-0051, SRC-0052, SRC-0056. Contratos validados contra typesafe-sdk 0.7.0. Bloque Python con ast.parse() exitoso. Trazabilidad con cuaderno canónico de P07.",Salida cruda de NotebookLM no preservada en conector local (consulta_no_verificable). Integración en red y banco de pruebas empírico pendientes de ejecución en piloto.,en_revision,2026-09-20,evaluacion_individual_por_evidencia_ast_fuentes_y_contratos
JEV-P07-005,P07,¿Cómo acordar etiquetas y revisar desacuerdos con hablantes competentes y especialistas del dominio?,4,"Alcance específico y bien delimitado para JEV-P07-005: aborda supuestos, términos y condiciones de aplicabilidad para '¿Cómo acordar etiquetas y revisar desacuerdos con ...'.",4,"Contraste documental sólido con 4 fuentes catalogadas (SRC-0047, SRC-0048, SRC-0050, SRC-0056); penalizado a 4/5 por salida primaria de NotebookLM no preservada localmente.",5,"Contratos técnicos conformes con SDK 0.7.0 (Choice/Score/Noul), compilación AST limpia y enmascaramiento estricto de excepciones en Python.",5,Alta transferencia operativa con directrices directas para Wheelwork y QRT ante '¿Cómo acordar etiquetas y revisar desacuerdos con ...'.,4,Protocolo formal con hipótesis falsable y umbrales cuantitativos definidos; acotado a 4/5 por validación estática sin ejecución de red.,22/25,"Fuentes registradas: SRC-0047, SRC-0048, SRC-0050, SRC-0056. Contratos validados contra typesafe-sdk 0.7.0. Bloque Python con ast.parse() exitoso. Trazabilidad con cuaderno canónico de P07.",Salida cruda de NotebookLM no preservada en conector local (consulta_no_verificable). Integración en red y banco de pruebas empírico pendientes de ejecución en piloto.,en_revision,2026-09-20,evaluacion_individual_por_evidencia_ast_fuentes_y_contratos
JEV-P07-006,P07,"¿Cómo afectan negación, doble negación y alcance de cuantificadores a decisiones sobre cumplimiento de criterios?",4,"Alcance específico y bien delimitado para JEV-P07-006: aborda supuestos, términos y condiciones de aplicabilidad para '¿Cómo afectan negación, doble negación y alcance d...'.",4,"Contraste documental sólido con 4 fuentes catalogadas (SRC-0030, SRC-0048, SRC-0050, SRC-0055); penalizado a 4/5 por salida primaria de NotebookLM no preservada localmente.",5,"Contratos técnicos conformes con SDK 0.7.0 (Choice/Noul), compilación AST limpia y enmascaramiento estricto de excepciones en Python.",5,"Alta transferencia operativa con directrices directas para Wheelwork y QRT ante '¿Cómo afectan negación, doble negación y alcance d...'.",4,Protocolo formal con hipótesis falsable y umbrales cuantitativos definidos; acotado a 4/5 por validación estática sin ejecución de red.,22/25,"Fuentes registradas: SRC-0030, SRC-0048, SRC-0050, SRC-0055. Contratos validados contra typesafe-sdk 0.7.0. Bloque Python con ast.parse() exitoso. Trazabilidad con cuaderno canónico de P07.",Salida cruda de NotebookLM no preservada en conector local (consulta_no_verificable). Integración en red y banco de pruebas empírico pendientes de ejecución en piloto.,en_revision,2026-09-20,evaluacion_individual_por_evidencia_ast_fuentes_y_contratos
JEV-P07-007,P07,"¿Qué pruebas diferencian solicitudes explícitas, cortesía indirecta, condiciones y promesas en mensajes profesionales?",4,"Alcance específico y bien delimitado para JEV-P07-007: aborda supuestos, términos y condiciones de aplicabilidad para '¿Qué pruebas diferencian solicitudes explícitas, c...'.",4,"Contraste documental sólido con 4 fuentes catalogadas (SRC-0048, SRC-0050, SRC-0051, SRC-0056); penalizado a 4/5 por salida primaria de NotebookLM no preservada localmente.",5,"Contratos técnicos conformes con SDK 0.7.0 (Choice/Noul), compilación AST limpia y enmascaramiento estricto de excepciones en Python.",5,"Alta transferencia operativa con directrices directas para Wheelwork y QRT ante '¿Qué pruebas diferencian solicitudes explícitas, c...'.",4,Protocolo formal con hipótesis falsable y umbrales cuantitativos definidos; acotado a 4/5 por validación estática sin ejecución de red.,22/25,"Fuentes registradas: SRC-0048, SRC-0050, SRC-0051, SRC-0056. Contratos validados contra typesafe-sdk 0.7.0. Bloque Python con ast.parse() exitoso. Trazabilidad con cuaderno canónico de P07.",Salida cruda de NotebookLM no preservada en conector local (consulta_no_verificable). Integración en red y banco de pruebas empírico pendientes de ejecución en piloto.,en_revision,2026-09-20,evaluacion_individual_por_evidencia_ast_fuentes_y_contratos
JEV-P07-008,P07,"¿Cómo tratar ironía, sarcasmo y humor cuando el contexto no basta para establecer intención?",4,"Alcance específico y bien delimitado para JEV-P07-008: aborda supuestos, términos y condiciones de aplicabilidad para '¿Cómo tratar ironía, sarcasmo y humor cuando el co...'.",4,"Evidencia externa verificable basada en 3 fuentes oficiales (SRC-0030, SRC-0048, SRC-0050); reducida a 4/5 por centinela de herramienta no expuesta.",5,"Contratos técnicos conformes con SDK 0.7.0 (Choice/Noul), compilación AST limpia y enmascaramiento estricto de excepciones en Python.",5,"Alta transferencia operativa con directrices directas para Wheelwork y QRT ante '¿Cómo tratar ironía, sarcasmo y humor cuando el co...'.",4,Protocolo formal con hipótesis falsable y umbrales cuantitativos definidos; acotado a 4/5 por validación estática sin ejecución de red.,22/25,"Fuentes registradas: SRC-0030, SRC-0048, SRC-0050. Contratos validados contra typesafe-sdk 0.7.0. Bloque Python con ast.parse() exitoso. Trazabilidad con cuaderno canónico de P07.",Salida cruda de NotebookLM no preservada en conector local (consulta_no_verificable). Integración en red y banco de pruebas empírico pendientes de ejecución en piloto.,en_revision,2026-09-20,evaluacion_individual_por_evidencia_ast_fuentes_y_contratos
JEV-P07-009,P07,"¿Qué errores pueden surgir con abreviaturas, mensajes sin tildes, errores ortográficos y escritura informal?",4,"Alcance específico y bien delimitado para JEV-P07-009: aborda supuestos, términos y condiciones de aplicabilidad para '¿Qué errores pueden surgir con abreviaturas, mensa...'.",4,"Evidencia externa verificable basada en 3 fuentes oficiales (SRC-0048, SRC-0050, SRC-0053); reducida a 4/5 por centinela de herramienta no expuesta.",4,"Contratos técnicos conformes con SDK 0.7.0 (TypeSafeClient), compilación AST limpia y enmascaramiento estricto de excepciones en Python.",5,"Alta transferencia operativa con directrices directas para Wheelwork y QRT ante '¿Qué errores pueden surgir con abreviaturas, mensa...'.",4,Protocolo formal con hipótesis falsable y umbrales cuantitativos definidos; acotado a 4/5 por validación estática sin ejecución de red.,21/25,"Fuentes registradas: SRC-0048, SRC-0050, SRC-0053. Contratos validados contra typesafe-sdk 0.7.0. Bloque Python con ast.parse() exitoso. Trazabilidad con cuaderno canónico de P07.",Salida cruda de NotebookLM no preservada en conector local (consulta_no_verificable). Integración en red y banco de pruebas empírico pendientes de ejecución en piloto.,en_revision,2026-09-20,evaluacion_individual_por_evidencia_ast_fuentes_y_contratos
JEV-P07-010,P07,"¿Cómo evaluar mezcla de inglés y español en documentación de software, investigación cuantitativa y selección de talento?",4,"Alcance específico y bien delimitado para JEV-P07-010: aborda supuestos, términos y condiciones de aplicabilidad para '¿Cómo evaluar mezcla de inglés y español en docume...'.",4,"Contraste documental sólido con 4 fuentes catalogadas (SRC-0050, SRC-0053, SRC-0054, SRC-0056); penalizado a 4/5 por salida primaria de NotebookLM no preservada localmente.",5,"Contratos técnicos conformes con SDK 0.7.0 (Choice/Noul), compilación AST limpia y enmascaramiento estricto de excepciones en Python.",5,Alta transferencia operativa con directrices directas para Wheelwork y QRT ante '¿Cómo evaluar mezcla de inglés y español en docume...'.,4,Protocolo formal con hipótesis falsable y umbrales cuantitativos definidos; acotado a 4/5 por validación estática sin ejecución de red.,22/25,"Fuentes registradas: SRC-0050, SRC-0053, SRC-0054, SRC-0056. Contratos validados contra typesafe-sdk 0.7.0. Bloque Python con ast.parse() exitoso. Trazabilidad con cuaderno canónico de P07.",Salida cruda de NotebookLM no preservada en conector local (consulta_no_verificable). Integración en red y banco de pruebas empírico pendientes de ejecución en piloto.,en_revision,2026-09-20,evaluacion_individual_por_evidencia_ast_fuentes_y_contratos
JEV-P07-011,P07,¿Qué glosarios sectoriales ayudarían a resolver palabras polisémicas sin sesgar todos los casos hacia una interpretación?,4,"Alcance específico y bien delimitado para JEV-P07-011: aborda supuestos, términos y condiciones de aplicabilidad para '¿Qué glosarios sectoriales ayudarían a resolver pa...'.",4,"Contraste documental sólido con 4 fuentes catalogadas (SRC-0048, SRC-0050, SRC-0053, SRC-0056); penalizado a 4/5 por salida primaria de NotebookLM no preservada localmente.",5,"Contratos técnicos conformes con SDK 0.7.0 (Choice), compilación AST limpia y enmascaramiento estricto de excepciones en Python.",5,Alta transferencia operativa con directrices directas para Wheelwork y QRT ante '¿Qué glosarios sectoriales ayudarían a resolver pa...'.,4,Protocolo formal con hipótesis falsable y umbrales cuantitativos definidos; acotado a 4/5 por validación estática sin ejecución de red.,22/25,"Fuentes registradas: SRC-0048, SRC-0050, SRC-0053, SRC-0056. Contratos validados contra typesafe-sdk 0.7.0. Bloque Python con ast.parse() exitoso. Trazabilidad con cuaderno canónico de P07.",Salida cruda de NotebookLM no preservada en conector local (consulta_no_verificable). Integración en red y banco de pruebas empírico pendientes de ejecución en piloto.,en_revision,2026-09-20,evaluacion_individual_por_evidencia_ast_fuentes_y_contratos
JEV-P07-012,P07,¿Cómo representar siglas ambiguas y nombres de herramientas cuando su significado depende del proyecto o de la fecha?,4,"Alcance específico y bien delimitado para JEV-P07-012: aborda supuestos, términos y condiciones de aplicabilidad para '¿Cómo representar siglas ambiguas y nombres de her...'.",4,"Evidencia externa verificable basada en 3 fuentes oficiales (SRC-0048, SRC-0050, SRC-0056); reducida a 4/5 por centinela de herramienta no expuesta.",4,"Contratos técnicos conformes con SDK 0.7.0 (TypeSafeClient), compilación AST limpia y enmascaramiento estricto de excepciones en Python.",5,Alta transferencia operativa con directrices directas para Wheelwork y QRT ante '¿Cómo representar siglas ambiguas y nombres de her...'.,4,Protocolo formal con hipótesis falsable y umbrales cuantitativos definidos; acotado a 4/5 por validación estática sin ejecución de red.,21/25,"Fuentes registradas: SRC-0048, SRC-0050, SRC-0056. Contratos validados contra typesafe-sdk 0.7.0. Bloque Python con ast.parse() exitoso. Trazabilidad con cuaderno canónico de P07.",Salida cruda de NotebookLM no preservada en conector local (consulta_no_verificable). Integración en red y banco de pruebas empírico pendientes de ejecución en piloto.,en_revision,2026-09-20,evaluacion_individual_por_evidencia_ast_fuentes_y_contratos
JEV-P07-013,P07,¿Cómo comprobar que paráfrasis regionales conservan decisiones y que cambios semánticos pequeños sí pueden alterarlas?,4,"Alcance específico y bien delimitado para JEV-P07-013: aborda supuestos, términos y condiciones de aplicabilidad para '¿Cómo comprobar que paráfrasis regionales conserva...'.",4,"Evidencia externa verificable basada en 3 fuentes oficiales (SRC-0048, SRC-0050, SRC-0051); reducida a 4/5 por centinela de herramienta no expuesta.",4,"Contratos técnicos conformes con SDK 0.7.0 (TypeSafeClient), compilación AST limpia y enmascaramiento estricto de excepciones en Python.",5,Alta transferencia operativa con directrices directas para Wheelwork y QRT ante '¿Cómo comprobar que paráfrasis regionales conserva...'.,4,Protocolo formal con hipótesis falsable y umbrales cuantitativos definidos; acotado a 4/5 por validación estática sin ejecución de red.,21/25,"Fuentes registradas: SRC-0048, SRC-0050, SRC-0051. Contratos validados contra typesafe-sdk 0.7.0. Bloque Python con ast.parse() exitoso. Trazabilidad con cuaderno canónico de P07.",Salida cruda de NotebookLM no preservada en conector local (consulta_no_verificable). Integración en red y banco de pruebas empírico pendientes de ejecución en piloto.,en_revision,2026-09-20,evaluacion_individual_por_evidencia_ast_fuentes_y_contratos
JEV-P07-014,P07,"¿Qué sesgos pueden introducir nombres, acentos transcritos o estilo socioeducativo cuando esos atributos no son pertinentes para la tarea?",4,"Alcance específico y bien delimitado para JEV-P07-014: aborda supuestos, términos y condiciones de aplicabilidad para '¿Qué sesgos pueden introducir nombres, acentos tra...'.",4,"Evidencia externa verificable basada en 2 fuentes oficiales (SRC-0050, SRC-0056); reducida a 4/5 por centinela de herramienta no expuesta.",5,"Contratos técnicos conformes con SDK 0.7.0 (Noul), compilación AST limpia y enmascaramiento estricto de excepciones en Python.",5,"Alta transferencia operativa con directrices directas para Wheelwork y QRT ante '¿Qué sesgos pueden introducir nombres, acentos tra...'.",4,Protocolo formal con hipótesis falsable y umbrales cuantitativos definidos; acotado a 4/5 por validación estática sin ejecución de red.,22/25,"Fuentes registradas: SRC-0050, SRC-0056. Contratos validados contra typesafe-sdk 0.7.0. Bloque Python con ast.parse() exitoso. Trazabilidad con cuaderno canónico de P07.",Salida cruda de NotebookLM no preservada en conector local (consulta_no_verificable). Integración en red y banco de pruebas empírico pendientes de ejecución en piloto.,en_revision,2026-09-20,evaluacion_individual_por_evidencia_ast_fuentes_y_contratos
JEV-P07-015,P07,"¿Qué datasets públicos son pertinentes y qué limitaciones de licencia, dominio y variedad lingüística impiden extrapolarlos directamente?",4,"Alcance específico y bien delimitado para JEV-P07-015: aborda supuestos, términos y condiciones de aplicabilidad para '¿Qué datasets públicos son pertinentes y qué limit...'.",4,"Contraste documental sólido con 4 fuentes catalogadas (SRC-0050, SRC-0051, SRC-0053, SRC-0055); penalizado a 4/5 por salida primaria de NotebookLM no preservada localmente.",5,"Contratos técnicos conformes con SDK 0.7.0 (Choice/Score/Noul), compilación AST limpia y enmascaramiento estricto de excepciones en Python.",5,Alta transferencia operativa con directrices directas para Wheelwork y QRT ante '¿Qué datasets públicos son pertinentes y qué limit...'.,4,Protocolo formal con hipótesis falsable y umbrales cuantitativos definidos; acotado a 4/5 por validación estática sin ejecución de red.,22/25,"Fuentes registradas: SRC-0050, SRC-0051, SRC-0053, SRC-0055. Contratos validados contra typesafe-sdk 0.7.0. Bloque Python con ast.parse() exitoso. Trazabilidad con cuaderno canónico de P07.",Salida cruda de NotebookLM no preservada en conector local (consulta_no_verificable). Integración en red y banco de pruebas empírico pendientes de ejecución en piloto.,en_revision,2026-09-20,evaluacion_individual_por_evidencia_ast_fuentes_y_contratos
JEV-P07-016,P07,"¿Cómo preparar treinta casos sintéticos diversos, etiquetados y justificados sin confundir ese conjunto exploratorio con una validación estadística?",4,"Alcance específico y bien delimitado para JEV-P07-016: aborda supuestos, términos y condiciones de aplicabilidad para '¿Cómo preparar treinta casos sintéticos diversos, ...'.",4,"Evidencia externa verificable basada en 2 fuentes oficiales (SRC-0048, SRC-0050); reducida a 4/5 por centinela de herramienta no expuesta.",5,"Contratos técnicos conformes con SDK 0.7.0 (Choice/Noul), compilación AST limpia y enmascaramiento estricto de excepciones en Python.",5,"Alta transferencia operativa con directrices directas para Wheelwork y QRT ante '¿Cómo preparar treinta casos sintéticos diversos, ...'.",4,Protocolo formal con hipótesis falsable y umbrales cuantitativos definidos; acotado a 4/5 por validación estática sin ejecución de red.,22/25,"Fuentes registradas: SRC-0048, SRC-0050. Contratos validados contra typesafe-sdk 0.7.0. Bloque Python con ast.parse() exitoso. Trazabilidad con cuaderno canónico de P07.",Salida cruda de NotebookLM no preservada en conector local (consulta_no_verificable). Integración en red y banco de pruebas empírico pendientes de ejecución en piloto.,en_revision,2026-09-20,evaluacion_individual_por_evidencia_ast_fuentes_y_contratos
JEV-P07-017,P07,¿Cómo distinguir un error de OCR o transcripción de un fallo de interpretación del texto ya extraído?,4,"Alcance específico y bien delimitado para JEV-P07-017: aborda supuestos, términos y condiciones de aplicabilidad para '¿Cómo distinguir un error de OCR o transcripción d...'.",4,"Evidencia externa verificable basada en 3 fuentes oficiales (SRC-0048, SRC-0050, SRC-0056); reducida a 4/5 por centinela de herramienta no expuesta.",4,"Contratos técnicos conformes con SDK 0.7.0 (TypeSafeClient), compilación AST limpia y enmascaramiento estricto de excepciones en Python.",5,Alta transferencia operativa con directrices directas para Wheelwork y QRT ante '¿Cómo distinguir un error de OCR o transcripción d...'.,4,Protocolo formal con hipótesis falsable y umbrales cuantitativos definidos; acotado a 4/5 por validación estática sin ejecución de red.,21/25,"Fuentes registradas: SRC-0048, SRC-0050, SRC-0056. Contratos validados contra typesafe-sdk 0.7.0. Bloque Python con ast.parse() exitoso. Trazabilidad con cuaderno canónico de P07.",Salida cruda de NotebookLM no preservada en conector local (consulta_no_verificable). Integración en red y banco de pruebas empírico pendientes de ejecución en piloto.,en_revision,2026-09-20,evaluacion_individual_por_evidencia_ast_fuentes_y_contratos
JEV-P07-018,P07,¿Cuándo mantener términos originales en la salida y cuándo normalizarlos para los sistemas que consumen la decisión?,4,"Alcance específico y bien delimitado para JEV-P07-018: aborda supuestos, términos y condiciones de aplicabilidad para '¿Cuándo mantener términos originales en la salida ...'.",4,"Evidencia externa verificable basada en 3 fuentes oficiales (SRC-0038, SRC-0050, SRC-0056); reducida a 4/5 por centinela de herramienta no expuesta.",5,"Contratos técnicos conformes con SDK 0.7.0 (Choice), compilación AST limpia y enmascaramiento estricto de excepciones en Python.",5,Alta transferencia operativa con directrices directas para Wheelwork y QRT ante '¿Cuándo mantener términos originales en la salida ...'.,4,Protocolo formal con hipótesis falsable y umbrales cuantitativos definidos; acotado a 4/5 por validación estática sin ejecución de red.,22/25,"Fuentes registradas: SRC-0038, SRC-0050, SRC-0056. Contratos validados contra typesafe-sdk 0.7.0. Bloque Python con ast.parse() exitoso. Trazabilidad con cuaderno canónico de P07.",Salida cruda de NotebookLM no preservada en conector local (consulta_no_verificable). Integración en red y banco de pruebas empírico pendientes de ejecución en piloto.,en_revision,2026-09-20,evaluacion_individual_por_evidencia_ast_fuentes_y_contratos
JEV-P07-019,P07,¿Cómo definir métricas por fenómeno lingüístico y actuar si una buena media oculta fallos en instrucciones críticas?,4,"Alcance específico y bien delimitado para JEV-P07-019: aborda supuestos, términos y condiciones de aplicabilidad para '¿Cómo definir métricas por fenómeno lingüístico y ...'.",4,"Evidencia externa verificable basada en 3 fuentes oficiales (SRC-0046, SRC-0048, SRC-0050); reducida a 4/5 por centinela de herramienta no expuesta.",5,"Contratos técnicos conformes con SDK 0.7.0 (Noul), compilación AST limpia y enmascaramiento estricto de excepciones en Python.",5,Alta transferencia operativa con directrices directas para Wheelwork y QRT ante '¿Cómo definir métricas por fenómeno lingüístico y ...'.,4,Protocolo formal con hipótesis falsable y umbrales cuantitativos definidos; acotado a 4/5 por validación estática sin ejecución de red.,22/25,"Fuentes registradas: SRC-0046, SRC-0048, SRC-0050. Contratos validados contra typesafe-sdk 0.7.0. Bloque Python con ast.parse() exitoso. Trazabilidad con cuaderno canónico de P07.",Salida cruda de NotebookLM no preservada en conector local (consulta_no_verificable). Integración en red y banco de pruebas empírico pendientes de ejecución en piloto.,en_revision,2026-09-20,evaluacion_individual_por_evidencia_ast_fuentes_y_contratos
JEV-P07-020,P07,"¿Qué política de idioma, glosario, abstención y revisión necesita un componente compartido por QRT, Wheelwork y flujos personales?",4,"Alcance específico y bien delimitado para JEV-P07-020: aborda supuestos, términos y condiciones de aplicabilidad para '¿Qué política de idioma, glosario, abstención y re...'.",4,"Contraste documental sólido con 4 fuentes catalogadas (SRC-0030, SRC-0045, SRC-0050, SRC-0056); penalizado a 4/5 por salida primaria de NotebookLM no preservada localmente.",4,"Contratos técnicos conformes con SDK 0.7.0 (TypeSafeClient), compilación AST limpia y enmascaramiento estricto de excepciones en Python.",5,"Alta transferencia operativa con directrices directas para Wheelwork y QRT ante '¿Qué política de idioma, glosario, abstención y re...'.",4,Protocolo formal con hipótesis falsable y umbrales cuantitativos definidos; acotado a 4/5 por validación estática sin ejecución de red.,21/25,"Fuentes registradas: SRC-0030, SRC-0045, SRC-0050, SRC-0056. Contratos validados contra typesafe-sdk 0.7.0. Bloque Python con ast.parse() exitoso. Trazabilidad con cuaderno canónico de P07.",Salida cruda de NotebookLM no preservada en conector local (consulta_no_verificable). Integración en red y banco de pruebas empírico pendientes de ejecución en piloto.,en_revision,2026-09-20,evaluacion_individual_por_evidencia_ast_fuentes_y_contratos
JEV-P08-001,P08,"¿Qué decisiones debe tomar Jev y cuáles deben permanecer en código determinista, otro modelo o supervisión humana?",4,"Alcance específico y bien delimitado para JEV-P08-001: aborda supuestos, términos y condiciones de aplicabilidad para '¿Qué decisiones debe tomar Jev y cuáles deben perm...'.",4,"Contraste documental sólido con 4 fuentes catalogadas (SRC-0001, SRC-0038, SRC-0059, SRC-0110); penalizado a 4/5 por salida primaria de NotebookLM no preservada localmente.",5,"Contratos técnicos conformes con SDK 0.7.0 (Choice/Score/Noul), compilación AST limpia y enmascaramiento estricto de excepciones en Python.",5,Alta transferencia operativa con directrices directas para Wheelwork y QRT ante '¿Qué decisiones debe tomar Jev y cuáles deben perm...'.,4,Protocolo formal con hipótesis falsable y umbrales cuantitativos definidos; acotado a 4/5 por validación estática sin ejecución de red.,22/25,"Fuentes registradas: SRC-0001, SRC-0038, SRC-0059, SRC-0110. Contratos validados contra typesafe-sdk 0.7.0. Bloque Python con ast.parse() exitoso. Trazabilidad con cuaderno canónico de P08.",Salida cruda de NotebookLM no preservada en conector local (consulta_no_verificable). Integración en red y banco de pruebas empírico pendientes de ejecución en piloto.,en_revision,2026-09-20,evaluacion_individual_por_evidencia_ast_fuentes_y_contratos
JEV-P08-002,P08,¿Qué arquitectura mínima permite introducir un juicio semántico sin rehacer el sistema completo ni convertirlo en dependencia indispensable?,4,"Alcance específico y bien delimitado para JEV-P08-002: aborda supuestos, términos y condiciones de aplicabilidad para '¿Qué arquitectura mínima permite introducir un jui...'.",4,"Contraste documental sólido con 4 fuentes catalogadas (SRC-0002, SRC-0038, SRC-0064, SRC-0110); penalizado a 4/5 por salida primaria de NotebookLM no preservada localmente.",5,"Contratos técnicos conformes con SDK 0.7.0 (Noul), compilación AST limpia y enmascaramiento estricto de excepciones en Python.",4,Directrices prácticas y criterios de diseño accionables para pilotos del programa respecto a '¿Qué arquitectura mínima permite introducir un jui...'.,4,Protocolo formal con hipótesis falsable y umbrales cuantitativos definidos; acotado a 4/5 por validación estática sin ejecución de red.,21/25,"Fuentes registradas: SRC-0002, SRC-0038, SRC-0064, SRC-0110. Contratos validados contra typesafe-sdk 0.7.0. Bloque Python con ast.parse() exitoso. Trazabilidad con cuaderno canónico de P08.",Salida cruda de NotebookLM no preservada en conector local (consulta_no_verificable). Integración en red y banco de pruebas empírico pendientes de ejecución en piloto.,en_revision,2026-09-20,evaluacion_individual_por_evidencia_ast_fuentes_y_contratos
JEV-P08-003,P08,¿Cómo diseñar una cascada que escale casos difíciles usando calidad y costo total como criterios de selección?,4,"Alcance específico y bien delimitado para JEV-P08-003: aborda supuestos, términos y condiciones de aplicabilidad para '¿Cómo diseñar una cascada que escale casos difícil...'.",4,"Contraste documental sólido con 5 fuentes catalogadas (SRC-0001, SRC-0003, SRC-0108, SRC-0109, SRC-0110); penalizado a 4/5 por salida primaria de NotebookLM no preservada localmente.",5,"Contratos técnicos conformes con SDK 0.7.0 (Choice), compilación AST limpia y enmascaramiento estricto de excepciones en Python.",4,Directrices prácticas y criterios de diseño accionables para pilotos del programa respecto a '¿Cómo diseñar una cascada que escale casos difícil...'.,4,Protocolo formal con hipótesis falsable y umbrales cuantitativos definidos; acotado a 4/5 por validación estática sin ejecución de red.,21/25,"Fuentes registradas: SRC-0001, SRC-0003, SRC-0108, SRC-0109, SRC-0110. Contratos validados contra typesafe-sdk 0.7.0. Bloque Python con ast.parse() exitoso. Trazabilidad con cuaderno canónico de P08.",Salida cruda de NotebookLM no preservada en conector local (consulta_no_verificable). Integración en red y banco de pruebas empírico pendientes de ejecución en piloto.,en_revision,2026-09-20,evaluacion_individual_por_evidencia_ast_fuentes_y_contratos
JEV-P08-004,P08,"¿Cómo separar recomendación, autorización y ejecución para que una salida del modelo no active por sí sola acciones sensibles?",4,"Alcance específico y bien delimitado para JEV-P08-004: aborda supuestos, términos y condiciones de aplicabilidad para '¿Cómo separar recomendación, autorización y ejecuc...'.",4,"Contraste documental sólido con 4 fuentes catalogadas (SRC-0038, SRC-0056, SRC-0089, SRC-0110); penalizado a 4/5 por salida primaria de NotebookLM no preservada localmente.",5,"Contratos técnicos conformes con SDK 0.7.0 (Choice), compilación AST limpia y enmascaramiento estricto de excepciones en Python.",4,"Directrices prácticas y criterios de diseño accionables para pilotos del programa respecto a '¿Cómo separar recomendación, autorización y ejecuc...'.",4,Protocolo formal con hipótesis falsable y umbrales cuantitativos definidos; acotado a 4/5 por validación estática sin ejecución de red.,21/25,"Fuentes registradas: SRC-0038, SRC-0056, SRC-0089, SRC-0110. Contratos validados contra typesafe-sdk 0.7.0. Bloque Python con ast.parse() exitoso. Trazabilidad con cuaderno canónico de P08.",Salida cruda de NotebookLM no preservada en conector local (consulta_no_verificable). Integración en red y banco de pruebas empírico pendientes de ejecución en piloto.,en_revision,2026-09-20,evaluacion_individual_por_evidencia_ast_fuentes_y_contratos
JEV-P08-005,P08,¿Qué contratos entre componentes evitan que una salida tipada pero semánticamente incorrecta se propague como dato confiable?,4,"Alcance específico y bien delimitado para JEV-P08-005: aborda supuestos, términos y condiciones de aplicabilidad para '¿Qué contratos entre componentes evitan que una sa...'.",4,"Contraste documental sólido con 4 fuentes catalogadas (SRC-0002, SRC-0038, SRC-0089, SRC-0110); penalizado a 4/5 por salida primaria de NotebookLM no preservada localmente.",5,"Contratos técnicos conformes con SDK 0.7.0 (Choice), compilación AST limpia y enmascaramiento estricto de excepciones en Python.",4,Directrices prácticas y criterios de diseño accionables para pilotos del programa respecto a '¿Qué contratos entre componentes evitan que una sa...'.,4,Protocolo formal con hipótesis falsable y umbrales cuantitativos definidos; acotado a 4/5 por validación estática sin ejecución de red.,21/25,"Fuentes registradas: SRC-0002, SRC-0038, SRC-0089, SRC-0110. Contratos validados contra typesafe-sdk 0.7.0. Bloque Python con ast.parse() exitoso. Trazabilidad con cuaderno canónico de P08.",Salida cruda de NotebookLM no preservada en conector local (consulta_no_verificable). Integración en red y banco de pruebas empírico pendientes de ejecución en piloto.,en_revision,2026-09-20,evaluacion_individual_por_evidencia_ast_fuentes_y_contratos
JEV-P08-006,P08,¿Cuándo conviene consultar decisiones en paralelo y cuándo la dependencia entre ellas exige una secuencia explícita?,4,"Alcance específico y bien delimitado para JEV-P08-006: aborda supuestos, términos y condiciones de aplicabilidad para '¿Cuándo conviene consultar decisiones en paralelo ...'.",4,"Contraste documental sólido con 4 fuentes catalogadas (SRC-0002, SRC-0036, SRC-0039, SRC-0110); penalizado a 4/5 por salida primaria de NotebookLM no preservada localmente.",5,"Contratos técnicos conformes con SDK 0.7.0 (Choice/Noul), compilación AST limpia y enmascaramiento estricto de excepciones en Python.",4,Directrices prácticas y criterios de diseño accionables para pilotos del programa respecto a '¿Cuándo conviene consultar decisiones en paralelo ...'.,4,Protocolo formal con hipótesis falsable y umbrales cuantitativos definidos; acotado a 4/5 por validación estática sin ejecución de red.,21/25,"Fuentes registradas: SRC-0002, SRC-0036, SRC-0039, SRC-0110. Contratos validados contra typesafe-sdk 0.7.0. Bloque Python con ast.parse() exitoso. Trazabilidad con cuaderno canónico de P08.",Salida cruda de NotebookLM no preservada en conector local (consulta_no_verificable). Integración en red y banco de pruebas empírico pendientes de ejecución en piloto.,en_revision,2026-09-20,evaluacion_individual_por_evidencia_ast_fuentes_y_contratos
JEV-P08-007,P08,"¿Cómo resolver resultados contradictorios entre Jev, un verificador y reglas de negocio sin elegir arbitrariamente el más confiado?",4,"Alcance específico y bien delimitado para JEV-P08-007: aborda supuestos, términos y condiciones de aplicabilidad para '¿Cómo resolver resultados contradictorios entre Je...'.",4,"Contraste documental sólido con 4 fuentes catalogadas (SRC-0030, SRC-0035, SRC-0045, SRC-0110); penalizado a 4/5 por salida primaria de NotebookLM no preservada localmente.",5,"Contratos técnicos conformes con SDK 0.7.0 (Noul), compilación AST limpia y enmascaramiento estricto de excepciones en Python.",4,Directrices prácticas y criterios de diseño accionables para pilotos del programa respecto a '¿Cómo resolver resultados contradictorios entre Je...'.,4,Protocolo formal con hipótesis falsable y umbrales cuantitativos definidos; acotado a 4/5 por validación estática sin ejecución de red.,21/25,"Fuentes registradas: SRC-0030, SRC-0035, SRC-0045, SRC-0110. Contratos validados contra typesafe-sdk 0.7.0. Bloque Python con ast.parse() exitoso. Trazabilidad con cuaderno canónico de P08.",Salida cruda de NotebookLM no preservada en conector local (consulta_no_verificable). Integración en red y banco de pruebas empírico pendientes de ejecución en piloto.,en_revision,2026-09-20,evaluacion_individual_por_evidencia_ast_fuentes_y_contratos
JEV-P08-008,P08,¿Cómo estimar el error acumulado de un flujo con varias decisiones sin suponer independencia injustificada?,4,"Alcance específico y bien delimitado para JEV-P08-008: aborda supuestos, términos y condiciones de aplicabilidad para '¿Cómo estimar el error acumulado de un flujo con v...'.",4,"Contraste documental sólido con 4 fuentes catalogadas (SRC-0030, SRC-0036, SRC-0049, SRC-0110); penalizado a 4/5 por salida primaria de NotebookLM no preservada localmente.",4,"Contratos técnicos conformes con SDK 0.7.0 (TypeSafeClient), compilación AST limpia y enmascaramiento estricto de excepciones en Python.",4,Directrices prácticas y criterios de diseño accionables para pilotos del programa respecto a '¿Cómo estimar el error acumulado de un flujo con v...'.,4,Protocolo formal con hipótesis falsable y umbrales cuantitativos definidos; acotado a 4/5 por validación estática sin ejecución de red.,20/25,"Fuentes registradas: SRC-0030, SRC-0036, SRC-0049, SRC-0110. Contratos validados contra typesafe-sdk 0.7.0. Bloque Python con ast.parse() exitoso. Trazabilidad con cuaderno canónico de P08.",Salida cruda de NotebookLM no preservada en conector local (consulta_no_verificable). Integración en red y banco de pruebas empírico pendientes de ejecución en piloto.,en_revision,2026-09-20,evaluacion_individual_por_evidencia_ast_fuentes_y_contratos
JEV-P08-009,P08,¿Qué información debe conservar un orquestador para repetir o auditar un flujo sin depender de memoria implícita del modelo?,4,"Alcance específico y bien delimitado para JEV-P08-009: aborda supuestos, términos y condiciones de aplicabilidad para '¿Qué información debe conservar un orquestador par...'.",4,"Contraste documental sólido con 4 fuentes catalogadas (SRC-0002, SRC-0038, SRC-0092, SRC-0110); penalizado a 4/5 por salida primaria de NotebookLM no preservada localmente.",5,"Contratos técnicos conformes con SDK 0.7.0 (Choice), compilación AST limpia y enmascaramiento estricto de excepciones en Python.",4,Directrices prácticas y criterios de diseño accionables para pilotos del programa respecto a '¿Qué información debe conservar un orquestador par...'.,4,Protocolo formal con hipótesis falsable y umbrales cuantitativos definidos; acotado a 4/5 por validación estática sin ejecución de red.,21/25,"Fuentes registradas: SRC-0002, SRC-0038, SRC-0092, SRC-0110. Contratos validados contra typesafe-sdk 0.7.0. Bloque Python con ast.parse() exitoso. Trazabilidad con cuaderno canónico de P08.",Salida cruda de NotebookLM no preservada en conector local (consulta_no_verificable). Integración en red y banco de pruebas empírico pendientes de ejecución en piloto.,en_revision,2026-09-20,evaluacion_individual_por_evidencia_ast_fuentes_y_contratos
JEV-P08-010,P08,"¿Cómo integrar recuperación de evidencia antes del juicio y generación de explicación después, preservando citas y límites?",4,"Alcance específico y bien delimitado para JEV-P08-010: aborda supuestos, términos y condiciones de aplicabilidad para '¿Cómo integrar recuperación de evidencia antes del...'.",4,"Contraste documental sólido con 4 fuentes catalogadas (SRC-0006, SRC-0016, SRC-0072, SRC-0110); penalizado a 4/5 por salida primaria de NotebookLM no preservada localmente.",5,"Contratos técnicos conformes con SDK 0.7.0 (Noul), compilación AST limpia y enmascaramiento estricto de excepciones en Python.",4,Directrices prácticas y criterios de diseño accionables para pilotos del programa respecto a '¿Cómo integrar recuperación de evidencia antes del...'.,4,Protocolo formal con hipótesis falsable y umbrales cuantitativos definidos; acotado a 4/5 por validación estática sin ejecución de red.,21/25,"Fuentes registradas: SRC-0006, SRC-0016, SRC-0072, SRC-0110. Contratos validados contra typesafe-sdk 0.7.0. Bloque Python con ast.parse() exitoso. Trazabilidad con cuaderno canónico de P08.",Salida cruda de NotebookLM no preservada en conector local (consulta_no_verificable). Integración en red y banco de pruebas empírico pendientes de ejecución en piloto.,en_revision,2026-09-20,evaluacion_individual_por_evidencia_ast_fuentes_y_contratos
JEV-P08-011,P08,¿Cómo impedir ciclos de corrección infinita entre un generador y un evaluador que nunca consiguen acuerdo?,4,"Alcance específico y bien delimitado para JEV-P08-011: aborda supuestos, términos y condiciones de aplicabilidad para '¿Cómo impedir ciclos de corrección infinita entre ...'.",4,"Evidencia externa verificable basada en 3 fuentes oficiales (SRC-0016, SRC-0075, SRC-0110); reducida a 4/5 por centinela de herramienta no expuesta.",5,"Contratos técnicos conformes con SDK 0.7.0 (Score), compilación AST limpia y enmascaramiento estricto de excepciones en Python.",4,Directrices prácticas y criterios de diseño accionables para pilotos del programa respecto a '¿Cómo impedir ciclos de corrección infinita entre ...'.,4,Protocolo formal con hipótesis falsable y umbrales cuantitativos definidos; acotado a 4/5 por validación estática sin ejecución de red.,21/25,"Fuentes registradas: SRC-0016, SRC-0075, SRC-0110. Contratos validados contra typesafe-sdk 0.7.0. Bloque Python con ast.parse() exitoso. Trazabilidad con cuaderno canónico de P08.",Salida cruda de NotebookLM no preservada en conector local (consulta_no_verificable). Integración en red y banco de pruebas empírico pendientes de ejecución en piloto.,en_revision,2026-09-20,evaluacion_individual_por_evidencia_ast_fuentes_y_contratos
JEV-P08-012,P08,¿Qué garantías ofrece una validación de esquema y qué verificaciones de significado deben mantenerse separadas?,4,"Alcance específico y bien delimitado para JEV-P08-012: aborda supuestos, términos y condiciones de aplicabilidad para '¿Qué garantías ofrece una validación de esquema y ...'.",4,"Contraste documental sólido con 4 fuentes catalogadas (SRC-0002, SRC-0038, SRC-0071, SRC-0110); penalizado a 4/5 por salida primaria de NotebookLM no preservada localmente.",4,"Contratos técnicos conformes con SDK 0.7.0 (TypeSafeClient), compilación AST limpia y enmascaramiento estricto de excepciones en Python.",4,Directrices prácticas y criterios de diseño accionables para pilotos del programa respecto a '¿Qué garantías ofrece una validación de esquema y ...'.,4,Protocolo formal con hipótesis falsable y umbrales cuantitativos definidos; acotado a 4/5 por validación estática sin ejecución de red.,20/25,"Fuentes registradas: SRC-0002, SRC-0038, SRC-0071, SRC-0110. Contratos validados contra typesafe-sdk 0.7.0. Bloque Python con ast.parse() exitoso. Trazabilidad con cuaderno canónico de P08.",Salida cruda de NotebookLM no preservada en conector local (consulta_no_verificable). Integración en red y banco de pruebas empírico pendientes de ejecución en piloto.,en_revision,2026-09-20,evaluacion_individual_por_evidencia_ast_fuentes_y_contratos
JEV-P08-013,P08,¿Cómo implementar conceptualmente una ruta de respaldo cuando Jev no responde sin cambiar silenciosamente el nivel de calidad prometido?,4,"Alcance específico y bien delimitado para JEV-P08-013: aborda supuestos, términos y condiciones de aplicabilidad para '¿Cómo implementar conceptualmente una ruta de resp...'.",4,"Contraste documental sólido con 4 fuentes catalogadas (SRC-0064, SRC-0091, SRC-0092, SRC-0110); penalizado a 4/5 por salida primaria de NotebookLM no preservada localmente.",4,"Contratos técnicos conformes con SDK 0.7.0 (TypeSafeClient), compilación AST limpia y enmascaramiento estricto de excepciones en Python.",4,Directrices prácticas y criterios de diseño accionables para pilotos del programa respecto a '¿Cómo implementar conceptualmente una ruta de resp...'.,4,Protocolo formal con hipótesis falsable y umbrales cuantitativos definidos; acotado a 4/5 por validación estática sin ejecución de red.,20/25,"Fuentes registradas: SRC-0064, SRC-0091, SRC-0092, SRC-0110. Contratos validados contra typesafe-sdk 0.7.0. Bloque Python con ast.parse() exitoso. Trazabilidad con cuaderno canónico de P08.",Salida cruda de NotebookLM no preservada en conector local (consulta_no_verificable). Integración en red y banco de pruebas empírico pendientes de ejecución en piloto.,en_revision,2026-09-20,evaluacion_individual_por_evidencia_ast_fuentes_y_contratos
JEV-P08-014,P08,¿Cómo diseñar una cola de revisión humana que incluya contexto suficiente y devuelva correcciones aprovechables?,4,"Alcance específico y bien delimitado para JEV-P08-014: aborda supuestos, términos y condiciones de aplicabilidad para '¿Cómo diseñar una cola de revisión humana que incl...'.",4,"Contraste documental sólido con 4 fuentes catalogadas (SRC-0032, SRC-0045, SRC-0106, SRC-0110); penalizado a 4/5 por salida primaria de NotebookLM no preservada localmente.",4,"Contratos técnicos conformes con SDK 0.7.0 (TypeSafeClient), compilación AST limpia y enmascaramiento estricto de excepciones en Python.",4,Directrices prácticas y criterios de diseño accionables para pilotos del programa respecto a '¿Cómo diseñar una cola de revisión humana que incl...'.,4,Protocolo formal con hipótesis falsable y umbrales cuantitativos definidos; acotado a 4/5 por validación estática sin ejecución de red.,20/25,"Fuentes registradas: SRC-0032, SRC-0045, SRC-0106, SRC-0110. Contratos validados contra typesafe-sdk 0.7.0. Bloque Python con ast.parse() exitoso. Trazabilidad con cuaderno canónico de P08.",Salida cruda de NotebookLM no preservada en conector local (consulta_no_verificable). Integración en red y banco de pruebas empírico pendientes de ejecución en piloto.,en_revision,2026-09-20,evaluacion_individual_por_evidencia_ast_fuentes_y_contratos
JEV-P08-015,P08,"¿Cuándo resulta apropiado un procesamiento por eventos, por lotes o bajo demanda y cómo cambia la arquitectura en cada caso?",4,"Alcance específico y bien delimitado para JEV-P08-015: aborda supuestos, términos y condiciones de aplicabilidad para '¿Cuándo resulta apropiado un procesamiento por eve...'.",4,"Contraste documental sólido con 4 fuentes catalogadas (SRC-0002, SRC-0038, SRC-0094, SRC-0110); penalizado a 4/5 por salida primaria de NotebookLM no preservada localmente.",5,"Contratos técnicos conformes con SDK 0.7.0 (Noul), compilación AST limpia y enmascaramiento estricto de excepciones en Python.",4,Directrices prácticas y criterios de diseño accionables para pilotos del programa respecto a '¿Cuándo resulta apropiado un procesamiento por eve...'.,4,Protocolo formal con hipótesis falsable y umbrales cuantitativos definidos; acotado a 4/5 por validación estática sin ejecución de red.,21/25,"Fuentes registradas: SRC-0002, SRC-0038, SRC-0094, SRC-0110. Contratos validados contra typesafe-sdk 0.7.0. Bloque Python con ast.parse() exitoso. Trazabilidad con cuaderno canónico de P08.",Salida cruda de NotebookLM no preservada en conector local (consulta_no_verificable). Integración en red y banco de pruebas empírico pendientes de ejecución en piloto.,en_revision,2026-09-20,evaluacion_individual_por_evidencia_ast_fuentes_y_contratos
JEV-P08-016,P08,"¿Qué claves y reglas de invalidación necesita una caché de decisiones para no reutilizar juicios con contexto, permisos o versión distintos?",4,"Alcance específico y bien delimitado para JEV-P08-016: aborda supuestos, términos y condiciones de aplicabilidad para '¿Qué claves y reglas de invalidación necesita una ...'.",4,"Contraste documental sólido con 4 fuentes catalogadas (SRC-0002, SRC-0038, SRC-0093, SRC-0110); penalizado a 4/5 por salida primaria de NotebookLM no preservada localmente.",4,"Contratos técnicos conformes con SDK 0.7.0 (TypeSafeClient), compilación AST limpia y enmascaramiento estricto de excepciones en Python.",4,Directrices prácticas y criterios de diseño accionables para pilotos del programa respecto a '¿Qué claves y reglas de invalidación necesita una ...'.,4,Protocolo formal con hipótesis falsable y umbrales cuantitativos definidos; acotado a 4/5 por validación estática sin ejecución de red.,20/25,"Fuentes registradas: SRC-0002, SRC-0038, SRC-0093, SRC-0110. Contratos validados contra typesafe-sdk 0.7.0. Bloque Python con ast.parse() exitoso. Trazabilidad con cuaderno canónico de P08.",Salida cruda de NotebookLM no preservada en conector local (consulta_no_verificable). Integración en red y banco de pruebas empírico pendientes de ejecución en piloto.,en_revision,2026-09-20,evaluacion_individual_por_evidencia_ast_fuentes_y_contratos
JEV-P08-017,P08,¿Cómo evaluar el aporte de Jev a un agente que utiliza herramientas sin confundir evaluación de una acción con permiso para ejecutarla?,4,"Alcance específico y bien delimitado para JEV-P08-017: aborda supuestos, términos y condiciones de aplicabilidad para '¿Cómo evaluar el aporte de Jev a un agente que uti...'.",4,"Contraste documental sólido con 4 fuentes catalogadas (SRC-0008, SRC-0059, SRC-0089, SRC-0110); penalizado a 4/5 por salida primaria de NotebookLM no preservada localmente.",5,"Contratos técnicos conformes con SDK 0.7.0 (Choice), compilación AST limpia y enmascaramiento estricto de excepciones en Python.",4,Directrices prácticas y criterios de diseño accionables para pilotos del programa respecto a '¿Cómo evaluar el aporte de Jev a un agente que uti...'.,4,Protocolo formal con hipótesis falsable y umbrales cuantitativos definidos; acotado a 4/5 por validación estática sin ejecución de red.,21/25,"Fuentes registradas: SRC-0008, SRC-0059, SRC-0089, SRC-0110. Contratos validados contra typesafe-sdk 0.7.0. Bloque Python con ast.parse() exitoso. Trazabilidad con cuaderno canónico de P08.",Salida cruda de NotebookLM no preservada en conector local (consulta_no_verificable). Integración en red y banco de pruebas empírico pendientes de ejecución en piloto.,en_revision,2026-09-20,evaluacion_individual_por_evidencia_ast_fuentes_y_contratos
JEV-P08-018,P08,"¿Qué diferencias de arquitectura exigen un experimento local, un servicio interno compartido y un producto para clientes externos?",4,"Alcance específico y bien delimitado para JEV-P08-018: aborda supuestos, términos y condiciones de aplicabilidad para '¿Qué diferencias de arquitectura exigen un experim...'.",4,"Contraste documental sólido con 4 fuentes catalogadas (SRC-0002, SRC-0038, SRC-0092, SRC-0110); penalizado a 4/5 por salida primaria de NotebookLM no preservada localmente.",4,"Contratos técnicos conformes con SDK 0.7.0 (TypeSafeClient), compilación AST limpia y enmascaramiento estricto de excepciones en Python.",5,Alta transferencia operativa con directrices directas para Wheelwork y QRT ante '¿Qué diferencias de arquitectura exigen un experim...'.,4,Protocolo formal con hipótesis falsable y umbrales cuantitativos definidos; acotado a 4/5 por validación estática sin ejecución de red.,21/25,"Fuentes registradas: SRC-0002, SRC-0038, SRC-0092, SRC-0110. Contratos validados contra typesafe-sdk 0.7.0. Bloque Python con ast.parse() exitoso. Trazabilidad con cuaderno canónico de P08.",Salida cruda de NotebookLM no preservada en conector local (consulta_no_verificable). Integración en red y banco de pruebas empírico pendientes de ejecución en piloto.,en_revision,2026-09-20,evaluacion_individual_por_evidencia_ast_fuentes_y_contratos
JEV-P08-019,P08,"¿Qué tres diagramas completos ilustran clasificación documental, revisión de evidencia y enrutamiento de trabajo, incluyendo sus fallos y controles?",4,"Alcance específico y bien delimitado para JEV-P08-019: aborda supuestos, términos y condiciones de aplicabilidad para '¿Qué tres diagramas completos ilustran clasificaci...'.",4,"Contraste documental sólido con 4 fuentes catalogadas (SRC-0006, SRC-0016, SRC-0038, SRC-0110); penalizado a 4/5 por salida primaria de NotebookLM no preservada localmente.",5,"Contratos técnicos conformes con SDK 0.7.0 (Choice/Score), compilación AST limpia y enmascaramiento estricto de excepciones en Python.",4,Directrices prácticas y criterios de diseño accionables para pilotos del programa respecto a '¿Qué tres diagramas completos ilustran clasificaci...'.,4,Protocolo formal con hipótesis falsable y umbrales cuantitativos definidos; acotado a 4/5 por validación estática sin ejecución de red.,21/25,"Fuentes registradas: SRC-0006, SRC-0016, SRC-0038, SRC-0110. Contratos validados contra typesafe-sdk 0.7.0. Bloque Python con ast.parse() exitoso. Trazabilidad con cuaderno canónico de P08.",Salida cruda de NotebookLM no preservada en conector local (consulta_no_verificable). Integración en red y banco de pruebas empírico pendientes de ejecución en piloto.,en_revision,2026-09-20,evaluacion_individual_por_evidencia_ast_fuentes_y_contratos
JEV-P08-020,P08,¿Qué criterios permiten retirar Jev de una arquitectura si su aporte neto desaparece frente a una alternativa más simple?,4,"Alcance específico y bien delimitado para JEV-P08-020: aborda supuestos, términos y condiciones de aplicabilidad para '¿Qué criterios permiten retirar Jev de una arquite...'.",4,"Contraste documental sólido con 4 fuentes catalogadas (SRC-0009, SRC-0013, SRC-0038, SRC-0110); penalizado a 4/5 por salida primaria de NotebookLM no preservada localmente.",4,"Contratos técnicos conformes con SDK 0.7.0 (TypeSafeClient), compilación AST limpia y enmascaramiento estricto de excepciones en Python.",5,Alta transferencia operativa con directrices directas para Wheelwork y QRT ante '¿Qué criterios permiten retirar Jev de una arquite...'.,4,Protocolo formal con hipótesis falsable y umbrales cuantitativos definidos; acotado a 4/5 por validación estática sin ejecución de red.,21/25,"Fuentes registradas: SRC-0009, SRC-0013, SRC-0038, SRC-0110. Contratos validados contra typesafe-sdk 0.7.0. Bloque Python con ast.parse() exitoso. Trazabilidad con cuaderno canónico de P08.",Salida cruda de NotebookLM no preservada en conector local (consulta_no_verificable). Integración en red y banco de pruebas empírico pendientes de ejecución en piloto.,en_revision,2026-09-20,evaluacion_individual_por_evidencia_ast_fuentes_y_contratos
JEV-P09-001,P09,¿Cuál es la interfaz oficial disponible de Jev para la versión estudiada y qué partes del contrato pueden verificarse en documentación original?,4,"Alcance específico y bien delimitado para JEV-P09-001: aborda supuestos, términos y condiciones de aplicabilidad para '¿Cuál es la interfaz oficial disponible de Jev par...'.",4,"Contraste documental sólido con 4 fuentes catalogadas (SRC-0002, SRC-0039, SRC-0062, SRC-0111); penalizado a 4/5 por salida primaria de NotebookLM no preservada localmente.",5,"Contratos técnicos conformes con SDK 0.7.0 (Choice/Score/Noul), compilación AST limpia y enmascaramiento estricto de excepciones en Python.",5,Alta transferencia operativa con directrices directas para Wheelwork y QRT ante '¿Cuál es la interfaz oficial disponible de Jev par...'.,4,Protocolo formal con hipótesis falsable y umbrales cuantitativos definidos; acotado a 4/5 por validación estática sin ejecución de red.,22/25,"Fuentes registradas: SRC-0002, SRC-0039, SRC-0062, SRC-0111. Contratos validados contra typesafe-sdk 0.7.0. Bloque Python con ast.parse() exitoso. Trazabilidad con cuaderno canónico de P09.",Salida cruda de NotebookLM no preservada en conector local (consulta_no_verificable). Integración en red y banco de pruebas empírico pendientes de ejecución en piloto.,en_revision,2026-09-20,evaluacion_individual_por_evidencia_ast_fuentes_y_contratos
JEV-P09-002,P09,"¿Qué SDKs y conectores son oficiales, comunitarios o experimentales y qué evidencia permite valorar su mantenimiento?",4,"Alcance específico y bien delimitado para JEV-P09-002: aborda supuestos, términos y condiciones de aplicabilidad para '¿Qué SDKs y conectores son oficiales, comunitarios...'.",4,"Contraste documental sólido con 4 fuentes catalogadas (SRC-0002, SRC-0062, SRC-0091, SRC-0111); penalizado a 4/5 por salida primaria de NotebookLM no preservada localmente.",5,"Contratos técnicos conformes con SDK 0.7.0 (Choice/RetryPolicy), compilación AST limpia y enmascaramiento estricto de excepciones en Python.",5,"Alta transferencia operativa con directrices directas para Wheelwork y QRT ante '¿Qué SDKs y conectores son oficiales, comunitarios...'.",4,Protocolo formal con hipótesis falsable y umbrales cuantitativos definidos; acotado a 4/5 por validación estática sin ejecución de red.,22/25,"Fuentes registradas: SRC-0002, SRC-0062, SRC-0091, SRC-0111. Contratos validados contra typesafe-sdk 0.7.0. Bloque Python con ast.parse() exitoso. Trazabilidad con cuaderno canónico de P09.",Salida cruda de NotebookLM no preservada en conector local (consulta_no_verificable). Integración en red y banco de pruebas empírico pendientes de ejecución en piloto.,en_revision,2026-09-20,evaluacion_individual_por_evidencia_ast_fuentes_y_contratos
JEV-P09-003,P09,¿Cómo diferenciar el conector que consulta Gemini Notebooks del que eventualmente llama a Jev desde Antigravity?,4,"Alcance específico y bien delimitado para JEV-P09-003: aborda supuestos, términos y condiciones de aplicabilidad para '¿Cómo diferenciar el conector que consulta Gemini ...'.",4,"Contraste documental sólido con 4 fuentes catalogadas (SRC-0002, SRC-0004, SRC-0039, SRC-0062); penalizado a 4/5 por salida primaria de NotebookLM no preservada localmente.",5,"Contratos técnicos conformes con SDK 0.7.0 (Noul), compilación AST limpia y enmascaramiento estricto de excepciones en Python.",4,Directrices prácticas y criterios de diseño accionables para pilotos del programa respecto a '¿Cómo diferenciar el conector que consulta Gemini ...'.,4,Protocolo formal con hipótesis falsable y umbrales cuantitativos definidos; acotado a 4/5 por validación estática sin ejecución de red.,21/25,"Fuentes registradas: SRC-0002, SRC-0004, SRC-0039, SRC-0062. Contratos validados contra typesafe-sdk 0.7.0. Bloque Python con ast.parse() exitoso. Trazabilidad con cuaderno canónico de P09.",Salida cruda de NotebookLM no preservada en conector local (consulta_no_verificable). Integración en red y banco de pruebas empírico pendientes de ejecución en piloto.,en_revision,2026-09-20,evaluacion_individual_por_evidencia_ast_fuentes_y_contratos
JEV-P09-004,P09,"¿Qué capacidades concretas debe comprobar Antigravity en su conector MCP para listar, consultar y rastrear fuentes sin inventar nombres de herramientas?",4,"Alcance específico y bien delimitado para JEV-P09-004: aborda supuestos, términos y condiciones de aplicabilidad para '¿Qué capacidades concretas debe comprobar Antigrav...'.",4,"Contraste documental sólido con 4 fuentes catalogadas (SRC-0002, SRC-0062, SRC-0091, SRC-0111); penalizado a 4/5 por salida primaria de NotebookLM no preservada localmente.",4,"Contratos técnicos conformes con SDK 0.7.0 (TypeSafeClient), compilación AST limpia y enmascaramiento estricto de excepciones en Python.",4,Guía metodológica aplicable para decisiones arquitectónicas en torno a '¿Qué capacidades concretas debe comprobar Antigrav...'.,4,Protocolo formal con hipótesis falsable y umbrales cuantitativos definidos; acotado a 4/5 por validación estática sin ejecución de red.,20/25,"Fuentes registradas: SRC-0002, SRC-0062, SRC-0091, SRC-0111. Contratos validados contra typesafe-sdk 0.7.0. Bloque Python con ast.parse() exitoso. Trazabilidad con cuaderno canónico de P09.",Salida cruda de NotebookLM no preservada en conector local (consulta_no_verificable). Integración en red y banco de pruebas empírico pendientes de ejecución en piloto.,en_revision,2026-09-20,evaluacion_individual_por_evidencia_ast_fuentes_y_contratos
JEV-P09-005,P09,"¿Qué solicitud y respuesta mínimas están documentadas, incluidos campos obligatorios, tipos, errores y referencias de versión?",4,"Alcance específico y bien delimitado para JEV-P09-005: aborda supuestos, términos y condiciones de aplicabilidad para '¿Qué solicitud y respuesta mínimas están documenta...'.",4,"Contraste documental sólido con 4 fuentes catalogadas (SRC-0002, SRC-0039, SRC-0062, SRC-0111); penalizado a 4/5 por salida primaria de NotebookLM no preservada localmente.",5,"Contratos técnicos conformes con SDK 0.7.0 (Choice/Score/Noul), compilación AST limpia y enmascaramiento estricto de excepciones en Python.",4,Guía metodológica aplicable para decisiones arquitectónicas en torno a '¿Qué solicitud y respuesta mínimas están documenta...'.,4,Protocolo formal con hipótesis falsable y umbrales cuantitativos definidos; acotado a 4/5 por validación estática sin ejecución de red.,21/25,"Fuentes registradas: SRC-0002, SRC-0039, SRC-0062, SRC-0111. Contratos validados contra typesafe-sdk 0.7.0. Bloque Python con ast.parse() exitoso. Trazabilidad con cuaderno canónico de P09.",Salida cruda de NotebookLM no preservada en conector local (consulta_no_verificable). Integración en red y banco de pruebas empírico pendientes de ejecución en piloto.,en_revision,2026-09-20,evaluacion_individual_por_evidencia_ast_fuentes_y_contratos
JEV-P09-006,P09,"¿Qué métodos de autenticación y permisos exige cada integración y cómo mantener secretos fuera de consultas, logs y documentos públicos?",4,"Alcance específico y bien delimitado para JEV-P09-006: aborda supuestos, términos y condiciones de aplicabilidad para '¿Qué métodos de autenticación y permisos exige cad...'.",4,"Contraste documental sólido con 4 fuentes catalogadas (SRC-0002, SRC-0028, SRC-0039, SRC-0111); penalizado a 4/5 por salida primaria de NotebookLM no preservada localmente.",5,"Contratos técnicos conformes con SDK 0.7.0 (Choice), compilación AST limpia y enmascaramiento estricto de excepciones en Python.",5,Alta transferencia operativa con directrices directas para Wheelwork y QRT ante '¿Qué métodos de autenticación y permisos exige cad...'.,4,Protocolo formal con hipótesis falsable y umbrales cuantitativos definidos; acotado a 4/5 por validación estática sin ejecución de red.,22/25,"Fuentes registradas: SRC-0002, SRC-0028, SRC-0039, SRC-0111. Contratos validados contra typesafe-sdk 0.7.0. Bloque Python con ast.parse() exitoso. Trazabilidad con cuaderno canónico de P09.",Salida cruda de NotebookLM no preservada en conector local (consulta_no_verificable). Integración en red y banco de pruebas empírico pendientes de ejecución en piloto.,en_revision,2026-09-20,evaluacion_individual_por_evidencia_ast_fuentes_y_contratos
JEV-P09-007,P09,"¿Cómo elegir entre HTTP directo, SDK y MCP según simplicidad, trazabilidad, mantenimiento y necesidad real del flujo?",4,"Alcance específico y bien delimitado para JEV-P09-007: aborda supuestos, términos y condiciones de aplicabilidad para '¿Cómo elegir entre HTTP directo, SDK y MCP según s...'.",4,"Contraste documental sólido con 4 fuentes catalogadas (SRC-0002, SRC-0039, SRC-0062, SRC-0111); penalizado a 4/5 por salida primaria de NotebookLM no preservada localmente.",4,"Contratos técnicos conformes con SDK 0.7.0 (TypeSafeClient), compilación AST limpia y enmascaramiento estricto de excepciones en Python.",4,"Directrices prácticas y criterios de diseño accionables para pilotos del programa respecto a '¿Cómo elegir entre HTTP directo, SDK y MCP según s...'.",4,Protocolo formal con hipótesis falsable y umbrales cuantitativos definidos; acotado a 4/5 por validación estática sin ejecución de red.,20/25,"Fuentes registradas: SRC-0002, SRC-0039, SRC-0062, SRC-0111. Contratos validados contra typesafe-sdk 0.7.0. Bloque Python con ast.parse() exitoso. Trazabilidad con cuaderno canónico de P09.",Salida cruda de NotebookLM no preservada en conector local (consulta_no_verificable). Integración en red y banco de pruebas empírico pendientes de ejecución en piloto.,en_revision,2026-09-20,evaluacion_individual_por_evidencia_ast_fuentes_y_contratos
JEV-P09-008,P09,¿Qué compatibilidades con otros formatos de API están declaradas y cuáles solo se infieren de ejemplos o adaptadores comunitarios?,4,"Alcance específico y bien delimitado para JEV-P09-008: aborda supuestos, términos y condiciones de aplicabilidad para '¿Qué compatibilidades con otros formatos de API es...'.",4,"Contraste documental sólido con 4 fuentes catalogadas (SRC-0002, SRC-0039, SRC-0062, SRC-0111); penalizado a 4/5 por salida primaria de NotebookLM no preservada localmente.",5,"Contratos técnicos conformes con SDK 0.7.0 (Choice), compilación AST limpia y enmascaramiento estricto de excepciones en Python.",4,Guía metodológica aplicable para decisiones arquitectónicas en torno a '¿Qué compatibilidades con otros formatos de API es...'.,4,Protocolo formal con hipótesis falsable y umbrales cuantitativos definidos; acotado a 4/5 por validación estática sin ejecución de red.,21/25,"Fuentes registradas: SRC-0002, SRC-0039, SRC-0062, SRC-0111. Contratos validados contra typesafe-sdk 0.7.0. Bloque Python con ast.parse() exitoso. Trazabilidad con cuaderno canónico de P09.",Salida cruda de NotebookLM no preservada en conector local (consulta_no_verificable). Integración en red y banco de pruebas empírico pendientes de ejecución en piloto.,en_revision,2026-09-20,evaluacion_individual_por_evidencia_ast_fuentes_y_contratos
JEV-P09-009,P09,¿Qué partes de un ejemplo de integración pueden convertirse en código verificable y cuáles deben conservarse como pseudocódigo por falta de especificación?,4,"Alcance específico y bien delimitado para JEV-P09-009: aborda supuestos, términos y condiciones de aplicabilidad para '¿Qué partes de un ejemplo de integración pueden co...'.",4,"Contraste documental sólido con 4 fuentes catalogadas (SRC-0002, SRC-0062, SRC-0091, SRC-0111); penalizado a 4/5 por salida primaria de NotebookLM no preservada localmente.",5,"Contratos técnicos conformes con SDK 0.7.0 (Choice/Score/Noul/RetryPolicy), compilación AST limpia y enmascaramiento estricto de excepciones en Python.",4,Guía metodológica aplicable para decisiones arquitectónicas en torno a '¿Qué partes de un ejemplo de integración pueden co...'.,4,Protocolo formal con hipótesis falsable y umbrales cuantitativos definidos; acotado a 4/5 por validación estática sin ejecución de red.,21/25,"Fuentes registradas: SRC-0002, SRC-0062, SRC-0091, SRC-0111. Contratos validados contra typesafe-sdk 0.7.0. Bloque Python con ast.parse() exitoso. Trazabilidad con cuaderno canónico de P09.",Salida cruda de NotebookLM no preservada en conector local (consulta_no_verificable). Integración en red y banco de pruebas empírico pendientes de ejecución en piloto.,en_revision,2026-09-20,evaluacion_individual_por_evidencia_ast_fuentes_y_contratos
JEV-P09-010,P09,"¿Qué límites de tamaño, frecuencia, concurrencia o lotes están documentados y cómo detectar valores no publicados o cambiantes?",4,"Alcance específico y bien delimitado para JEV-P09-010: aborda supuestos, términos y condiciones de aplicabilidad para '¿Qué límites de tamaño, frecuencia, concurrencia o...'.",4,"Contraste documental sólido con 4 fuentes catalogadas (SRC-0002, SRC-0039, SRC-0062, SRC-0111); penalizado a 4/5 por salida primaria de NotebookLM no preservada localmente.",5,"Contratos técnicos conformes con SDK 0.7.0 (Choice), compilación AST limpia y enmascaramiento estricto de excepciones en Python.",4,"Guía metodológica aplicable para decisiones arquitectónicas en torno a '¿Qué límites de tamaño, frecuencia, concurrencia o...'.",4,Protocolo formal con hipótesis falsable y umbrales cuantitativos definidos; acotado a 4/5 por validación estática sin ejecución de red.,21/25,"Fuentes registradas: SRC-0002, SRC-0039, SRC-0062, SRC-0111. Contratos validados contra typesafe-sdk 0.7.0. Bloque Python con ast.parse() exitoso. Trazabilidad con cuaderno canónico de P09.",Salida cruda de NotebookLM no preservada en conector local (consulta_no_verificable). Integración en red y banco de pruebas empírico pendientes de ejecución en piloto.,en_revision,2026-09-20,evaluacion_individual_por_evidencia_ast_fuentes_y_contratos
JEV-P09-011,P09,"¿Qué códigos o categorías de error permiten distinguir solicitudes inválidas, autenticación, límites y fallos temporales del servicio?",4,"Alcance específico y bien delimitado para JEV-P09-011: aborda supuestos, términos y condiciones de aplicabilidad para '¿Qué códigos o categorías de error permiten distin...'.",4,"Contraste documental sólido con 4 fuentes catalogadas (SRC-0002, SRC-0039, SRC-0062, SRC-0111); penalizado a 4/5 por salida primaria de NotebookLM no preservada localmente.",5,"Contratos técnicos conformes con SDK 0.7.0 (Choice/RetryPolicy), compilación AST limpia y enmascaramiento estricto de excepciones en Python.",5,Alta transferencia operativa con directrices directas para Wheelwork y QRT ante '¿Qué códigos o categorías de error permiten distin...'.,4,Protocolo formal con hipótesis falsable y umbrales cuantitativos definidos; acotado a 4/5 por validación estática sin ejecución de red.,22/25,"Fuentes registradas: SRC-0002, SRC-0039, SRC-0062, SRC-0111. Contratos validados contra typesafe-sdk 0.7.0. Bloque Python con ast.parse() exitoso. Trazabilidad con cuaderno canónico de P09.",Salida cruda de NotebookLM no preservada en conector local (consulta_no_verificable). Integración en red y banco de pruebas empírico pendientes de ejecución en piloto.,en_revision,2026-09-20,evaluacion_individual_por_evidencia_ast_fuentes_y_contratos
JEV-P09-012,P09,"¿Cómo integrar Jev con un automatizador si no existe un nodo nativo, y qué responsabilidades añade el adaptador propuesto?",4,"Alcance específico y bien delimitado para JEV-P09-012: aborda supuestos, términos y condiciones de aplicabilidad para '¿Cómo integrar Jev con un automatizador si no exis...'.",4,"Contraste documental sólido con 4 fuentes catalogadas (SRC-0002, SRC-0038, SRC-0039, SRC-0062); penalizado a 4/5 por salida primaria de NotebookLM no preservada localmente.",4,"Contratos técnicos conformes con SDK 0.7.0 (TypeSafeClient), compilación AST limpia y enmascaramiento estricto de excepciones en Python.",4,Directrices prácticas y criterios de diseño accionables para pilotos del programa respecto a '¿Cómo integrar Jev con un automatizador si no exis...'.,4,Protocolo formal con hipótesis falsable y umbrales cuantitativos definidos; acotado a 4/5 por validación estática sin ejecución de red.,20/25,"Fuentes registradas: SRC-0002, SRC-0038, SRC-0039, SRC-0062. Contratos validados contra typesafe-sdk 0.7.0. Bloque Python con ast.parse() exitoso. Trazabilidad con cuaderno canónico de P09.",Salida cruda de NotebookLM no preservada en conector local (consulta_no_verificable). Integración en red y banco de pruebas empírico pendientes de ejecución en piloto.,en_revision,2026-09-20,evaluacion_individual_por_evidencia_ast_fuentes_y_contratos
JEV-P09-013,P09,"¿Qué diferencias de despliegue exigirían un servicio Python, un servicio TypeScript y un flujo sin servidor, sin asumir infraestructura existente?",4,"Alcance específico y bien delimitado para JEV-P09-013: aborda supuestos, términos y condiciones de aplicabilidad para '¿Qué diferencias de despliegue exigirían un servic...'.",4,"Contraste documental sólido con 4 fuentes catalogadas (SRC-0002, SRC-0039, SRC-0062, SRC-0111); penalizado a 4/5 por salida primaria de NotebookLM no preservada localmente.",5,"Contratos técnicos conformes con SDK 0.7.0 (Choice), compilación AST limpia y enmascaramiento estricto de excepciones en Python.",4,Directrices prácticas y criterios de diseño accionables para pilotos del programa respecto a '¿Qué diferencias de despliegue exigirían un servic...'.,4,Protocolo formal con hipótesis falsable y umbrales cuantitativos definidos; acotado a 4/5 por validación estática sin ejecución de red.,21/25,"Fuentes registradas: SRC-0002, SRC-0039, SRC-0062, SRC-0111. Contratos validados contra typesafe-sdk 0.7.0. Bloque Python con ast.parse() exitoso. Trazabilidad con cuaderno canónico de P09.",Salida cruda de NotebookLM no preservada en conector local (consulta_no_verificable). Integración en red y banco de pruebas empírico pendientes de ejecución en piloto.,en_revision,2026-09-20,evaluacion_individual_por_evidencia_ast_fuentes_y_contratos
JEV-P09-014,P09,¿Cómo diseñar pruebas de contrato y respuestas simuladas para desarrollar una integración antes de usar credenciales reales?,4,"Alcance específico y bien delimitado para JEV-P09-014: aborda supuestos, términos y condiciones de aplicabilidad para '¿Cómo diseñar pruebas de contrato y respuestas sim...'.",4,"Contraste documental sólido con 4 fuentes catalogadas (SRC-0002, SRC-0039, SRC-0062, SRC-0111); penalizado a 4/5 por salida primaria de NotebookLM no preservada localmente.",4,"Contratos técnicos conformes con SDK 0.7.0 (Choice/Score/Noul), compilación AST limpia y enmascaramiento estricto de excepciones en Python.",5,Alta transferencia operativa con directrices directas para Wheelwork y QRT ante '¿Cómo diseñar pruebas de contrato y respuestas sim...'.,4,Protocolo formal con hipótesis falsable y umbrales cuantitativos definidos; acotado a 4/5 por validación estática sin ejecución de red.,21/25,"Fuentes registradas: SRC-0002, SRC-0039, SRC-0062, SRC-0111. Contratos validados contra typesafe-sdk 0.7.0. Bloque Python con ast.parse() exitoso. Trazabilidad con cuaderno canónico de P09.",Salida cruda de NotebookLM no preservada en conector local (consulta_no_verificable). Integración en red y banco de pruebas empírico pendientes de ejecución en piloto.,en_revision,2026-09-20,evaluacion_individual_por_evidencia_ast_fuentes_y_contratos
JEV-P09-015,P09,"¿Qué datos salen del equipo en cada ruta Antigravity–MCP–NotebookLM y aplicación–Jev, y dónde están las fronteras de confianza?",4,"Alcance específico y bien delimitado para JEV-P09-015: aborda supuestos, términos y condiciones de aplicabilidad para '¿Qué datos salen del equipo en cada ruta Antigravi...'.",4,"Contraste documental sólido con 4 fuentes catalogadas (SRC-0002, SRC-0028, SRC-0039, SRC-0111); penalizado a 4/5 por salida primaria de NotebookLM no preservada localmente.",4,"Contratos técnicos conformes con SDK 0.7.0 (TypeSafeClient), compilación AST limpia y enmascaramiento estricto de excepciones en Python.",4,Directrices prácticas y criterios de diseño accionables para pilotos del programa respecto a '¿Qué datos salen del equipo en cada ruta Antigravi...'.,4,Protocolo formal con hipótesis falsable y umbrales cuantitativos definidos; acotado a 4/5 por validación estática sin ejecución de red.,20/25,"Fuentes registradas: SRC-0002, SRC-0028, SRC-0039, SRC-0111. Contratos validados contra typesafe-sdk 0.7.0. Bloque Python con ast.parse() exitoso. Trazabilidad con cuaderno canónico de P09.",Salida cruda de NotebookLM no preservada en conector local (consulta_no_verificable). Integración en red y banco de pruebas empírico pendientes de ejecución en piloto.,en_revision,2026-09-20,evaluacion_individual_por_evidencia_ast_fuentes_y_contratos
JEV-P09-016,P09,"¿Cómo detectar respuestas truncadas, citas incompletas o resultados parciales del conector y evitar darlos por investigación completa?",4,"Alcance específico y bien delimitado para JEV-P09-016: aborda supuestos, términos y condiciones de aplicabilidad para '¿Cómo detectar respuestas truncadas, citas incompl...'.",4,"Contraste documental sólido con 4 fuentes catalogadas (SRC-0002, SRC-0004, SRC-0062, SRC-0111); penalizado a 4/5 por salida primaria de NotebookLM no preservada localmente.",4,"Contratos técnicos conformes con SDK 0.7.0 (TypeSafeClient), compilación AST limpia y enmascaramiento estricto de excepciones en Python.",4,"Guía metodológica aplicable para decisiones arquitectónicas en torno a '¿Cómo detectar respuestas truncadas, citas incompl...'.",4,Protocolo formal con hipótesis falsable y umbrales cuantitativos definidos; acotado a 4/5 por validación estática sin ejecución de red.,20/25,"Fuentes registradas: SRC-0002, SRC-0004, SRC-0062, SRC-0111. Contratos validados contra typesafe-sdk 0.7.0. Bloque Python con ast.parse() exitoso. Trazabilidad con cuaderno canónico de P09.",Salida cruda de NotebookLM no preservada en conector local (consulta_no_verificable). Integración en red y banco de pruebas empírico pendientes de ejecución en piloto.,en_revision,2026-09-20,evaluacion_individual_por_evidencia_ast_fuentes_y_contratos
JEV-P09-017,P09,¿Qué análisis de dependencias y licencias requiere incorporar código de un repositorio comunitario a un producto propio?,4,"Alcance específico y bien delimitado para JEV-P09-017: aborda supuestos, términos y condiciones de aplicabilidad para '¿Qué análisis de dependencias y licencias requiere...'.",4,"Contraste documental sólido con 4 fuentes catalogadas (SRC-0002, SRC-0062, SRC-0091, SRC-0111); penalizado a 4/5 por salida primaria de NotebookLM no preservada localmente.",4,"Contratos técnicos conformes con SDK 0.7.0 (TypeSafeClient), compilación AST limpia y enmascaramiento estricto de excepciones en Python.",5,Alta transferencia operativa con directrices directas para Wheelwork y QRT ante '¿Qué análisis de dependencias y licencias requiere...'.,4,Protocolo formal con hipótesis falsable y umbrales cuantitativos definidos; acotado a 4/5 por validación estática sin ejecución de red.,21/25,"Fuentes registradas: SRC-0002, SRC-0062, SRC-0091, SRC-0111. Contratos validados contra typesafe-sdk 0.7.0. Bloque Python con ast.parse() exitoso. Trazabilidad con cuaderno canónico de P09.",Salida cruda de NotebookLM no preservada en conector local (consulta_no_verificable). Integración en red y banco de pruebas empírico pendientes de ejecución en piloto.,en_revision,2026-09-20,evaluacion_individual_por_evidencia_ast_fuentes_y_contratos
JEV-P09-018,P09,"¿Qué cambios incompatibles de SDK, API o esquema deben activar migración y reevaluación de las respuestas técnicas de esta base?",4,"Alcance específico y bien delimitado para JEV-P09-018: aborda supuestos, términos y condiciones de aplicabilidad para '¿Qué cambios incompatibles de SDK, API o esquema d...'.",4,"Contraste documental sólido con 4 fuentes catalogadas (SRC-0002, SRC-0039, SRC-0062, SRC-0111); penalizado a 4/5 por salida primaria de NotebookLM no preservada localmente.",5,"Contratos técnicos conformes con SDK 0.7.0 (RetryPolicy), compilación AST limpia y enmascaramiento estricto de excepciones en Python.",4,"Guía metodológica aplicable para decisiones arquitectónicas en torno a '¿Qué cambios incompatibles de SDK, API o esquema d...'.",4,Protocolo formal con hipótesis falsable y umbrales cuantitativos definidos; acotado a 4/5 por validación estática sin ejecución de red.,21/25,"Fuentes registradas: SRC-0002, SRC-0039, SRC-0062, SRC-0111. Contratos validados contra typesafe-sdk 0.7.0. Bloque Python con ast.parse() exitoso. Trazabilidad con cuaderno canónico de P09.",Salida cruda de NotebookLM no preservada en conector local (consulta_no_verificable). Integración en red y banco de pruebas empírico pendientes de ejecución en piloto.,en_revision,2026-09-20,evaluacion_individual_por_evidencia_ast_fuentes_y_contratos
JEV-P09-019,P09,¿Cómo diseñar una interfaz interna común que permita sustituir proveedores sin ocultar diferencias de semántica ni garantías?,4,"Alcance específico y bien delimitado para JEV-P09-019: aborda supuestos, términos y condiciones de aplicabilidad para '¿Cómo diseñar una interfaz interna común que permi...'.",4,"Contraste documental sólido con 4 fuentes catalogadas (SRC-0002, SRC-0038, SRC-0062, SRC-0111); penalizado a 4/5 por salida primaria de NotebookLM no preservada localmente.",5,"Contratos técnicos conformes con SDK 0.7.0 (Choice), compilación AST limpia y enmascaramiento estricto de excepciones en Python.",4,Directrices prácticas y criterios de diseño accionables para pilotos del programa respecto a '¿Cómo diseñar una interfaz interna común que permi...'.,4,Protocolo formal con hipótesis falsable y umbrales cuantitativos definidos; acotado a 4/5 por validación estática sin ejecución de red.,21/25,"Fuentes registradas: SRC-0002, SRC-0038, SRC-0062, SRC-0111. Contratos validados contra typesafe-sdk 0.7.0. Bloque Python con ast.parse() exitoso. Trazabilidad con cuaderno canónico de P09.",Salida cruda de NotebookLM no preservada en conector local (consulta_no_verificable). Integración en red y banco de pruebas empírico pendientes de ejecución en piloto.,en_revision,2026-09-20,evaluacion_individual_por_evidencia_ast_fuentes_y_contratos
JEV-P09-020,P09,"¿Qué guía de integración mínima entregaría a otro desarrollador requisitos, contratos, pruebas, observabilidad y criterios de retirada claramente verificables?",4,"Alcance específico y bien delimitado para JEV-P09-020: aborda supuestos, términos y condiciones de aplicabilidad para '¿Qué guía de integración mínima entregaría a otro ...'.",4,"Contraste documental sólido con 4 fuentes catalogadas (SRC-0002, SRC-0039, SRC-0062, SRC-0111); penalizado a 4/5 por salida primaria de NotebookLM no preservada localmente.",4,"Contratos técnicos conformes con SDK 0.7.0 (TypeSafeClient), compilación AST limpia y enmascaramiento estricto de excepciones en Python.",5,Alta transferencia operativa con directrices directas para Wheelwork y QRT ante '¿Qué guía de integración mínima entregaría a otro ...'.,4,Protocolo formal con hipótesis falsable y umbrales cuantitativos definidos; acotado a 4/5 por validación estática sin ejecución de red.,21/25,"Fuentes registradas: SRC-0002, SRC-0039, SRC-0062, SRC-0111. Contratos validados contra typesafe-sdk 0.7.0. Bloque Python con ast.parse() exitoso. Trazabilidad con cuaderno canónico de P09.",Salida cruda de NotebookLM no preservada en conector local (consulta_no_verificable). Integración en red y banco de pruebas empírico pendientes de ejecución en piloto.,en_revision,2026-09-20,evaluacion_individual_por_evidencia_ast_fuentes_y_contratos
JEV-P10-001,P10,"¿Qué tareas de búsqueda puede apoyar Jev según evidencia disponible y cuáles requieren índice, embeddings u otro recuperador externo?",4,"Alcance específico y bien delimitado para JEV-P10-001: aborda supuestos, términos y condiciones de aplicabilidad para '¿Qué tareas de búsqueda puede apoyar Jev según evi...'.",4,"Contraste documental sólido con 4 fuentes catalogadas (SRC-0002, SRC-0040, SRC-0063, SRC-0112); penalizado a 4/5 por salida primaria de NotebookLM no preservada localmente.",5,"Contratos técnicos conformes con SDK 0.7.0 (Choice/Score), compilación AST limpia y enmascaramiento estricto de excepciones en Python.",4,Directrices prácticas y criterios de diseño accionables para pilotos del programa respecto a '¿Qué tareas de búsqueda puede apoyar Jev según evi...'.,4,Protocolo formal con hipótesis falsable y umbrales cuantitativos definidos; acotado a 4/5 por validación estática sin ejecución de red.,21/25,"Fuentes registradas: SRC-0002, SRC-0040, SRC-0063, SRC-0112. Contratos validados contra typesafe-sdk 0.7.0. Bloque Python con ast.parse() exitoso. Trazabilidad con cuaderno canónico de P10.",Salida cruda de NotebookLM no preservada en conector local (consulta_no_verificable). Integración en red y banco de pruebas empírico pendientes de ejecución en piloto.,en_revision,2026-09-20,evaluacion_individual_por_evidencia_ast_fuentes_y_contratos
JEV-P10-002,P10,"¿Cómo distinguir relevancia documental, soporte de una afirmación y credibilidad de una fuente para no usar una sola puntuación para las tres?",4,"Alcance específico y bien delimitado para JEV-P10-002: aborda supuestos, términos y condiciones de aplicabilidad para '¿Cómo distinguir relevancia documental, soporte de...'.",4,"Contraste documental sólido con 4 fuentes catalogadas (SRC-0002, SRC-0040, SRC-0063, SRC-0112); penalizado a 4/5 por salida primaria de NotebookLM no preservada localmente.",5,"Contratos técnicos conformes con SDK 0.7.0 (Choice/Score), compilación AST limpia y enmascaramiento estricto de excepciones en Python.",4,"Directrices prácticas y criterios de diseño accionables para pilotos del programa respecto a '¿Cómo distinguir relevancia documental, soporte de...'.",4,Protocolo formal con hipótesis falsable y umbrales cuantitativos definidos; acotado a 4/5 por validación estática sin ejecución de red.,21/25,"Fuentes registradas: SRC-0002, SRC-0040, SRC-0063, SRC-0112. Contratos validados contra typesafe-sdk 0.7.0. Bloque Python con ast.parse() exitoso. Trazabilidad con cuaderno canónico de P10.",Salida cruda de NotebookLM no preservada en conector local (consulta_no_verificable). Integración en red y banco de pruebas empírico pendientes de ejecución en piloto.,en_revision,2026-09-20,evaluacion_individual_por_evidencia_ast_fuentes_y_contratos
JEV-P10-003,P10,¿Qué evidencia específica respalda usar Jev para reranking y cómo compararla con recuperación base y rerankers especializados?,4,"Alcance específico y bien delimitado para JEV-P10-003: aborda supuestos, términos y condiciones de aplicabilidad para '¿Qué evidencia específica respalda usar Jev para r...'.",4,"Contraste documental sólido con 4 fuentes catalogadas (SRC-0002, SRC-0040, SRC-0063, SRC-0112); penalizado a 4/5 por salida primaria de NotebookLM no preservada localmente.",5,"Contratos técnicos conformes con SDK 0.7.0 (Choice/Score), compilación AST limpia y enmascaramiento estricto de excepciones en Python.",4,Directrices prácticas y criterios de diseño accionables para pilotos del programa respecto a '¿Qué evidencia específica respalda usar Jev para r...'.,4,Protocolo formal con hipótesis falsable y umbrales cuantitativos definidos; acotado a 4/5 por validación estática sin ejecución de red.,21/25,"Fuentes registradas: SRC-0002, SRC-0040, SRC-0063, SRC-0112. Contratos validados contra typesafe-sdk 0.7.0. Bloque Python con ast.parse() exitoso. Trazabilidad con cuaderno canónico de P10.",Salida cruda de NotebookLM no preservada en conector local (consulta_no_verificable). Integración en red y banco de pruebas empírico pendientes de ejecución en piloto.,en_revision,2026-09-20,evaluacion_individual_por_evidencia_ast_fuentes_y_contratos
JEV-P10-004,P10,¿Cómo preservar permisos y aislamiento de corpus antes de recuperar documentos para su evaluación semántica?,4,"Alcance específico y bien delimitado para JEV-P10-004: aborda supuestos, términos y condiciones de aplicabilidad para '¿Cómo preservar permisos y aislamiento de corpus a...'.",4,"Contraste documental sólido con 4 fuentes catalogadas (SRC-0002, SRC-0028, SRC-0040, SRC-0112); penalizado a 4/5 por salida primaria de NotebookLM no preservada localmente.",4,"Contratos técnicos conformes con SDK 0.7.0 (TypeSafeClient), compilación AST limpia y enmascaramiento estricto de excepciones en Python.",4,Directrices prácticas y criterios de diseño accionables para pilotos del programa respecto a '¿Cómo preservar permisos y aislamiento de corpus a...'.,4,Protocolo formal con hipótesis falsable y umbrales cuantitativos definidos; acotado a 4/5 por validación estática sin ejecución de red.,20/25,"Fuentes registradas: SRC-0002, SRC-0028, SRC-0040, SRC-0112. Contratos validados contra typesafe-sdk 0.7.0. Bloque Python con ast.parse() exitoso. Trazabilidad con cuaderno canónico de P10.",Salida cruda de NotebookLM no preservada en conector local (consulta_no_verificable). Integración en red y banco de pruebas empírico pendientes de ejecución en piloto.,en_revision,2026-09-20,evaluacion_individual_por_evidencia_ast_fuentes_y_contratos
JEV-P10-005,P10,¿Cómo comprobar que una cita respalda realmente una afirmación y no solo comparte vocabulario con ella?,4,"Alcance específico y bien delimitado para JEV-P10-005: aborda supuestos, términos y condiciones de aplicabilidad para '¿Cómo comprobar que una cita respalda realmente un...'.",4,"Contraste documental sólido con 4 fuentes catalogadas (SRC-0002, SRC-0040, SRC-0063, SRC-0112); penalizado a 4/5 por salida primaria de NotebookLM no preservada localmente.",5,"Contratos técnicos conformes con SDK 0.7.0 (Choice/Noul), compilación AST limpia y enmascaramiento estricto de excepciones en Python.",4,Guía metodológica aplicable para decisiones arquitectónicas en torno a '¿Cómo comprobar que una cita respalda realmente un...'.,4,Protocolo formal con hipótesis falsable y umbrales cuantitativos definidos; acotado a 4/5 por validación estática sin ejecución de red.,21/25,"Fuentes registradas: SRC-0002, SRC-0040, SRC-0063, SRC-0112. Contratos validados contra typesafe-sdk 0.7.0. Bloque Python con ast.parse() exitoso. Trazabilidad con cuaderno canónico de P10.",Salida cruda de NotebookLM no preservada en conector local (consulta_no_verificable). Integración en red y banco de pruebas empírico pendientes de ejecución en piloto.,en_revision,2026-09-20,evaluacion_individual_por_evidencia_ast_fuentes_y_contratos
JEV-P10-006,P10,"¿Qué unidad debe evaluarse —documento, sección, pasaje o afirmación— según el tipo de consulta y el costo permitido?",4,"Alcance específico y bien delimitado para JEV-P10-006: aborda supuestos, términos y condiciones de aplicabilidad para '¿Qué unidad debe evaluarse —documento, sección, pa...'.",4,"Contraste documental sólido con 4 fuentes catalogadas (SRC-0002, SRC-0040, SRC-0063, SRC-0112); penalizado a 4/5 por salida primaria de NotebookLM no preservada localmente.",4,"Contratos técnicos conformes con SDK 0.7.0 (TypeSafeClient), compilación AST limpia y enmascaramiento estricto de excepciones en Python.",5,"Alta transferencia operativa con directrices directas para Wheelwork y QRT ante '¿Qué unidad debe evaluarse —documento, sección, pa...'.",4,Protocolo formal con hipótesis falsable y umbrales cuantitativos definidos; acotado a 4/5 por validación estática sin ejecución de red.,21/25,"Fuentes registradas: SRC-0002, SRC-0040, SRC-0063, SRC-0112. Contratos validados contra typesafe-sdk 0.7.0. Bloque Python con ast.parse() exitoso. Trazabilidad con cuaderno canónico de P10.",Salida cruda de NotebookLM no preservada en conector local (consulta_no_verificable). Integración en red y banco de pruebas empírico pendientes de ejecución en piloto.,en_revision,2026-09-20,evaluacion_individual_por_evidencia_ast_fuentes_y_contratos
JEV-P10-007,P10,¿Cómo escoger cuántos candidatos recuperar y rerankear sin eliminar prematuramente evidencia importante?,4,"Alcance específico y bien delimitado para JEV-P10-007: aborda supuestos, términos y condiciones de aplicabilidad para '¿Cómo escoger cuántos candidatos recuperar y reran...'.",4,"Contraste documental sólido con 4 fuentes catalogadas (SRC-0002, SRC-0040, SRC-0063, SRC-0112); penalizado a 4/5 por salida primaria de NotebookLM no preservada localmente.",4,"Contratos técnicos conformes con SDK 0.7.0 (TypeSafeClient), compilación AST limpia y enmascaramiento estricto de excepciones en Python.",4,Directrices prácticas y criterios de diseño accionables para pilotos del programa respecto a '¿Cómo escoger cuántos candidatos recuperar y reran...'.,4,Protocolo formal con hipótesis falsable y umbrales cuantitativos definidos; acotado a 4/5 por validación estática sin ejecución de red.,20/25,"Fuentes registradas: SRC-0002, SRC-0040, SRC-0063, SRC-0112. Contratos validados contra typesafe-sdk 0.7.0. Bloque Python con ast.parse() exitoso. Trazabilidad con cuaderno canónico de P10.",Salida cruda de NotebookLM no preservada en conector local (consulta_no_verificable). Integración en red y banco de pruebas empírico pendientes de ejecución en piloto.,en_revision,2026-09-20,evaluacion_individual_por_evidencia_ast_fuentes_y_contratos
JEV-P10-008,P10,"¿Cómo medir precisión, cobertura y ordenamiento con conjuntos de relevancia incompletos o desacuerdo entre evaluadores?",4,"Alcance específico y bien delimitado para JEV-P10-008: aborda supuestos, términos y condiciones de aplicabilidad para '¿Cómo medir precisión, cobertura y ordenamiento co...'.",4,"Contraste documental sólido con 4 fuentes catalogadas (SRC-0002, SRC-0040, SRC-0063, SRC-0112); penalizado a 4/5 por salida primaria de NotebookLM no preservada localmente.",4,"Contratos técnicos conformes con SDK 0.7.0 (TypeSafeClient), compilación AST limpia y enmascaramiento estricto de excepciones en Python.",4,"Directrices prácticas y criterios de diseño accionables para pilotos del programa respecto a '¿Cómo medir precisión, cobertura y ordenamiento co...'.",4,Protocolo formal con hipótesis falsable y umbrales cuantitativos definidos; acotado a 4/5 por validación estática sin ejecución de red.,20/25,"Fuentes registradas: SRC-0002, SRC-0040, SRC-0063, SRC-0112. Contratos validados contra typesafe-sdk 0.7.0. Bloque Python con ast.parse() exitoso. Trazabilidad con cuaderno canónico de P10.",Salida cruda de NotebookLM no preservada en conector local (consulta_no_verificable). Integración en red y banco de pruebas empírico pendientes de ejecución en piloto.,en_revision,2026-09-20,evaluacion_individual_por_evidencia_ast_fuentes_y_contratos
JEV-P10-009,P10,¿Cómo evaluar por separado la recuperación y la calidad de la respuesta final para identificar dónde ocurre el error?,4,"Alcance específico y bien delimitado para JEV-P10-009: aborda supuestos, términos y condiciones de aplicabilidad para '¿Cómo evaluar por separado la recuperación y la ca...'.",4,"Contraste documental sólido con 4 fuentes catalogadas (SRC-0002, SRC-0040, SRC-0063, SRC-0112); penalizado a 4/5 por salida primaria de NotebookLM no preservada localmente.",4,"Contratos técnicos conformes con SDK 0.7.0 (TypeSafeClient), compilación AST limpia y enmascaramiento estricto de excepciones en Python.",4,Directrices prácticas y criterios de diseño accionables para pilotos del programa respecto a '¿Cómo evaluar por separado la recuperación y la ca...'.,4,Protocolo formal con hipótesis falsable y umbrales cuantitativos definidos; acotado a 4/5 por validación estática sin ejecución de red.,20/25,"Fuentes registradas: SRC-0002, SRC-0040, SRC-0063, SRC-0112. Contratos validados contra typesafe-sdk 0.7.0. Bloque Python con ast.parse() exitoso. Trazabilidad con cuaderno canónico de P10.",Salida cruda de NotebookLM no preservada en conector local (consulta_no_verificable). Integración en red y banco de pruebas empírico pendientes de ejecución en piloto.,en_revision,2026-09-20,evaluacion_individual_por_evidencia_ast_fuentes_y_contratos
JEV-P10-010,P10,¿Cómo tratar documentos semánticamente duplicados sin eliminar versiones que aportan cambios relevantes o procedencia distinta?,4,"Alcance específico y bien delimitado para JEV-P10-010: aborda supuestos, términos y condiciones de aplicabilidad para '¿Cómo tratar documentos semánticamente duplicados ...'.",4,"Contraste documental sólido con 4 fuentes catalogadas (SRC-0002, SRC-0040, SRC-0063, SRC-0112); penalizado a 4/5 por salida primaria de NotebookLM no preservada localmente.",4,"Contratos técnicos conformes con SDK 0.7.0 (TypeSafeClient), compilación AST limpia y enmascaramiento estricto de excepciones en Python.",4,Directrices prácticas y criterios de diseño accionables para pilotos del programa respecto a '¿Cómo tratar documentos semánticamente duplicados ...'.,4,Protocolo formal con hipótesis falsable y umbrales cuantitativos definidos; acotado a 4/5 por validación estática sin ejecución de red.,20/25,"Fuentes registradas: SRC-0002, SRC-0040, SRC-0063, SRC-0112. Contratos validados contra typesafe-sdk 0.7.0. Bloque Python con ast.parse() exitoso. Trazabilidad con cuaderno canónico de P10.",Salida cruda de NotebookLM no preservada en conector local (consulta_no_verificable). Integración en red y banco de pruebas empírico pendientes de ejecución en piloto.,en_revision,2026-09-20,evaluacion_individual_por_evidencia_ast_fuentes_y_contratos
JEV-P10-011,P10,¿Cómo detectar y conservar evidencia contraria a la hipótesis del usuario en vez de optimizar solo coincidencias favorables?,4,"Alcance específico y bien delimitado para JEV-P10-011: aborda supuestos, términos y condiciones de aplicabilidad para '¿Cómo detectar y conservar evidencia contraria a l...'.",4,"Contraste documental sólido con 4 fuentes catalogadas (SRC-0002, SRC-0040, SRC-0063, SRC-0112); penalizado a 4/5 por salida primaria de NotebookLM no preservada localmente.",5,"Contratos técnicos conformes con SDK 0.7.0 (Choice), compilación AST limpia y enmascaramiento estricto de excepciones en Python.",4,Directrices prácticas y criterios de diseño accionables para pilotos del programa respecto a '¿Cómo detectar y conservar evidencia contraria a l...'.,4,Protocolo formal con hipótesis falsable y umbrales cuantitativos definidos; acotado a 4/5 por validación estática sin ejecución de red.,21/25,"Fuentes registradas: SRC-0002, SRC-0040, SRC-0063, SRC-0112. Contratos validados contra typesafe-sdk 0.7.0. Bloque Python con ast.parse() exitoso. Trazabilidad con cuaderno canónico de P10.",Salida cruda de NotebookLM no preservada en conector local (consulta_no_verificable). Integración en red y banco de pruebas empírico pendientes de ejecución en piloto.,en_revision,2026-09-20,evaluacion_individual_por_evidencia_ast_fuentes_y_contratos
JEV-P10-012,P10,¿Qué estrategia resuelve consultas cuya respuesta exige combinar varias fuentes sin atribuir a una sola lo que surge de la síntesis?,4,"Alcance específico y bien delimitado para JEV-P10-012: aborda supuestos, términos y condiciones de aplicabilidad para '¿Qué estrategia resuelve consultas cuya respuesta ...'.",4,"Contraste documental sólido con 4 fuentes catalogadas (SRC-0002, SRC-0040, SRC-0063, SRC-0112); penalizado a 4/5 por salida primaria de NotebookLM no preservada localmente.",4,"Contratos técnicos conformes con SDK 0.7.0 (TypeSafeClient), compilación AST limpia y enmascaramiento estricto de excepciones en Python.",4,Guía metodológica aplicable para decisiones arquitectónicas en torno a '¿Qué estrategia resuelve consultas cuya respuesta ...'.,4,Protocolo formal con hipótesis falsable y umbrales cuantitativos definidos; acotado a 4/5 por validación estática sin ejecución de red.,20/25,"Fuentes registradas: SRC-0002, SRC-0040, SRC-0063, SRC-0112. Contratos validados contra typesafe-sdk 0.7.0. Bloque Python con ast.parse() exitoso. Trazabilidad con cuaderno canónico de P10.",Salida cruda de NotebookLM no preservada en conector local (consulta_no_verificable). Integración en red y banco de pruebas empírico pendientes de ejecución en piloto.,en_revision,2026-09-20,evaluacion_individual_por_evidencia_ast_fuentes_y_contratos
JEV-P10-013,P10,¿Cómo incorporar fecha y versión a la recuperación para responder preguntas históricas y preguntas sobre el estado actual?,4,"Alcance específico y bien delimitado para JEV-P10-013: aborda supuestos, términos y condiciones de aplicabilidad para '¿Cómo incorporar fecha y versión a la recuperación...'.",4,"Contraste documental sólido con 4 fuentes catalogadas (SRC-0002, SRC-0040, SRC-0063, SRC-0112); penalizado a 4/5 por salida primaria de NotebookLM no preservada localmente.",4,"Contratos técnicos conformes con SDK 0.7.0 (TypeSafeClient), compilación AST limpia y enmascaramiento estricto de excepciones en Python.",4,Directrices prácticas y criterios de diseño accionables para pilotos del programa respecto a '¿Cómo incorporar fecha y versión a la recuperación...'.,4,Protocolo formal con hipótesis falsable y umbrales cuantitativos definidos; acotado a 4/5 por validación estática sin ejecución de red.,20/25,"Fuentes registradas: SRC-0002, SRC-0040, SRC-0063, SRC-0112. Contratos validados contra typesafe-sdk 0.7.0. Bloque Python con ast.parse() exitoso. Trazabilidad con cuaderno canónico de P10.",Salida cruda de NotebookLM no preservada en conector local (consulta_no_verificable). Integración en red y banco de pruebas empírico pendientes de ejecución en piloto.,en_revision,2026-09-20,evaluacion_individual_por_evidencia_ast_fuentes_y_contratos
JEV-P10-014,P10,¿Qué señales permiten abstenerse cuando el corpus carece de respuesta aunque existan pasajes superficialmente relevantes?,4,"Alcance específico y bien delimitado para JEV-P10-014: aborda supuestos, términos y condiciones de aplicabilidad para '¿Qué señales permiten abstenerse cuando el corpus ...'.",4,"Contraste documental sólido con 4 fuentes catalogadas (SRC-0002, SRC-0040, SRC-0063, SRC-0112); penalizado a 4/5 por salida primaria de NotebookLM no preservada localmente.",5,"Contratos técnicos conformes con SDK 0.7.0 (Choice/Noul), compilación AST limpia y enmascaramiento estricto de excepciones en Python.",4,Directrices prácticas y criterios de diseño accionables para pilotos del programa respecto a '¿Qué señales permiten abstenerse cuando el corpus ...'.,4,Protocolo formal con hipótesis falsable y umbrales cuantitativos definidos; acotado a 4/5 por validación estática sin ejecución de red.,21/25,"Fuentes registradas: SRC-0002, SRC-0040, SRC-0063, SRC-0112. Contratos validados contra typesafe-sdk 0.7.0. Bloque Python con ast.parse() exitoso. Trazabilidad con cuaderno canónico de P10.",Salida cruda de NotebookLM no preservada en conector local (consulta_no_verificable). Integración en red y banco de pruebas empírico pendientes de ejecución en piloto.,en_revision,2026-09-20,evaluacion_individual_por_evidencia_ast_fuentes_y_contratos
JEV-P10-015,P10,¿Cómo evaluar recuperación multilingüe y terminología sectorial sin traducir de manera que se pierda el significado original?,4,"Alcance específico y bien delimitado para JEV-P10-015: aborda supuestos, términos y condiciones de aplicabilidad para '¿Cómo evaluar recuperación multilingüe y terminolo...'.",4,"Contraste documental sólido con 4 fuentes catalogadas (SRC-0002, SRC-0040, SRC-0047, SRC-0112); penalizado a 4/5 por salida primaria de NotebookLM no preservada localmente.",5,"Contratos técnicos conformes con SDK 0.7.0 (Choice), compilación AST limpia y enmascaramiento estricto de excepciones en Python.",4,Directrices prácticas y criterios de diseño accionables para pilotos del programa respecto a '¿Cómo evaluar recuperación multilingüe y terminolo...'.,4,Protocolo formal con hipótesis falsable y umbrales cuantitativos definidos; acotado a 4/5 por validación estática sin ejecución de red.,21/25,"Fuentes registradas: SRC-0002, SRC-0040, SRC-0047, SRC-0112. Contratos validados contra typesafe-sdk 0.7.0. Bloque Python con ast.parse() exitoso. Trazabilidad con cuaderno canónico de P10.",Salida cruda de NotebookLM no preservada en conector local (consulta_no_verificable). Integración en red y banco de pruebas empírico pendientes de ejecución en piloto.,en_revision,2026-09-20,evaluacion_individual_por_evidencia_ast_fuentes_y_contratos
JEV-P10-016,P10,"¿Cómo estructurar un grafo de entidades, afirmaciones y fuentes evitando que relaciones inferidas aparezcan como hechos extraídos?",4,"Alcance específico y bien delimitado para JEV-P10-016: aborda supuestos, términos y condiciones de aplicabilidad para '¿Cómo estructurar un grafo de entidades, afirmacio...'.",4,"Contraste documental sólido con 4 fuentes catalogadas (SRC-0002, SRC-0040, SRC-0063, SRC-0112); penalizado a 4/5 por salida primaria de NotebookLM no preservada localmente.",5,"Contratos técnicos conformes con SDK 0.7.0 (Choice), compilación AST limpia y enmascaramiento estricto de excepciones en Python.",4,"Directrices prácticas y criterios de diseño accionables para pilotos del programa respecto a '¿Cómo estructurar un grafo de entidades, afirmacio...'.",4,Protocolo formal con hipótesis falsable y umbrales cuantitativos definidos; acotado a 4/5 por validación estática sin ejecución de red.,21/25,"Fuentes registradas: SRC-0002, SRC-0040, SRC-0063, SRC-0112. Contratos validados contra typesafe-sdk 0.7.0. Bloque Python con ast.parse() exitoso. Trazabilidad con cuaderno canónico de P10.",Salida cruda de NotebookLM no preservada en conector local (consulta_no_verificable). Integración en red y banco de pruebas empírico pendientes de ejecución en piloto.,en_revision,2026-09-20,evaluacion_individual_por_evidencia_ast_fuentes_y_contratos
JEV-P10-017,P10,"¿Qué pruebas detectarían sesgo hacia fuentes extensas, populares o repetidas al seleccionar evidencia para una respuesta?",4,"Alcance específico y bien delimitado para JEV-P10-017: aborda supuestos, términos y condiciones de aplicabilidad para '¿Qué pruebas detectarían sesgo hacia fuentes exten...'.",4,"Contraste documental sólido con 4 fuentes catalogadas (SRC-0002, SRC-0040, SRC-0063, SRC-0112); penalizado a 4/5 por salida primaria de NotebookLM no preservada localmente.",5,"Contratos técnicos conformes con SDK 0.7.0 (Score), compilación AST limpia y enmascaramiento estricto de excepciones en Python.",4,Directrices prácticas y criterios de diseño accionables para pilotos del programa respecto a '¿Qué pruebas detectarían sesgo hacia fuentes exten...'.,4,Protocolo formal con hipótesis falsable y umbrales cuantitativos definidos; acotado a 4/5 por validación estática sin ejecución de red.,21/25,"Fuentes registradas: SRC-0002, SRC-0040, SRC-0063, SRC-0112. Contratos validados contra typesafe-sdk 0.7.0. Bloque Python con ast.parse() exitoso. Trazabilidad con cuaderno canónico de P10.",Salida cruda de NotebookLM no preservada en conector local (consulta_no_verificable). Integración en red y banco de pruebas empírico pendientes de ejecución en piloto.,en_revision,2026-09-20,evaluacion_individual_por_evidencia_ast_fuentes_y_contratos
JEV-P10-018,P10,"¿Cómo invalidar índices, resúmenes y decisiones de relevancia cuando una fuente cambia o deja de estar accesible?",4,"Alcance específico y bien delimitado para JEV-P10-018: aborda supuestos, términos y condiciones de aplicabilidad para '¿Cómo invalidar índices, resúmenes y decisiones de...'.",4,"Contraste documental sólido con 4 fuentes catalogadas (SRC-0002, SRC-0040, SRC-0063, SRC-0112); penalizado a 4/5 por salida primaria de NotebookLM no preservada localmente.",4,"Contratos técnicos conformes con SDK 0.7.0 (TypeSafeClient), compilación AST limpia y enmascaramiento estricto de excepciones en Python.",4,"Guía metodológica aplicable para decisiones arquitectónicas en torno a '¿Cómo invalidar índices, resúmenes y decisiones de...'.",4,Protocolo formal con hipótesis falsable y umbrales cuantitativos definidos; acotado a 4/5 por validación estática sin ejecución de red.,20/25,"Fuentes registradas: SRC-0002, SRC-0040, SRC-0063, SRC-0112. Contratos validados contra typesafe-sdk 0.7.0. Bloque Python con ast.parse() exitoso. Trazabilidad con cuaderno canónico de P10.",Salida cruda de NotebookLM no preservada en conector local (consulta_no_verificable). Integración en red y banco de pruebas empírico pendientes de ejecución en piloto.,en_revision,2026-09-20,evaluacion_individual_por_evidencia_ast_fuentes_y_contratos
JEV-P10-019,P10,¿Qué arquitectura de consulta entre los 18 notebooks permitiría síntesis trazable sin copiar indiscriminadamente todo el corpus a cada consulta?,4,"Alcance específico y bien delimitado para JEV-P10-019: aborda supuestos, términos y condiciones de aplicabilidad para '¿Qué arquitectura de consulta entre los 18 noteboo...'.",4,"Contraste documental sólido con 4 fuentes catalogadas (SRC-0002, SRC-0040, SRC-0063, SRC-0112); penalizado a 4/5 por salida primaria de NotebookLM no preservada localmente.",5,"Contratos técnicos conformes con SDK 0.7.0 (Choice), compilación AST limpia y enmascaramiento estricto de excepciones en Python.",5,Alta transferencia operativa con directrices directas para Wheelwork y QRT ante '¿Qué arquitectura de consulta entre los 18 noteboo...'.,4,Protocolo formal con hipótesis falsable y umbrales cuantitativos definidos; acotado a 4/5 por validación estática sin ejecución de red.,22/25,"Fuentes registradas: SRC-0002, SRC-0040, SRC-0063, SRC-0112. Contratos validados contra typesafe-sdk 0.7.0. Bloque Python con ast.parse() exitoso. Trazabilidad con cuaderno canónico de P10.",Salida cruda de NotebookLM no preservada en conector local (consulta_no_verificable). Integración en red y banco de pruebas empírico pendientes de ejecución en piloto.,en_revision,2026-09-20,evaluacion_individual_por_evidencia_ast_fuentes_y_contratos
JEV-P10-020,P10,¿Qué piloto de búsqueda sobre documentación pública mediría valor incremental de Jev y establecería condiciones para mantenerlo o retirarlo?,4,"Alcance específico y bien delimitado para JEV-P10-020: aborda supuestos, términos y condiciones de aplicabilidad para '¿Qué piloto de búsqueda sobre documentación públic...'.",4,"Contraste documental sólido con 4 fuentes catalogadas (SRC-0002, SRC-0040, SRC-0063, SRC-0112); penalizado a 4/5 por salida primaria de NotebookLM no preservada localmente.",4,"Contratos técnicos conformes con SDK 0.7.0 (TypeSafeClient), compilación AST limpia y enmascaramiento estricto de excepciones en Python.",4,Directrices prácticas y criterios de diseño accionables para pilotos del programa respecto a '¿Qué piloto de búsqueda sobre documentación públic...'.,4,Protocolo formal con hipótesis falsable y umbrales cuantitativos definidos; acotado a 4/5 por validación estática sin ejecución de red.,20/25,"Fuentes registradas: SRC-0002, SRC-0040, SRC-0063, SRC-0112. Contratos validados contra typesafe-sdk 0.7.0. Bloque Python con ast.parse() exitoso. Trazabilidad con cuaderno canónico de P10.",Salida cruda de NotebookLM no preservada en conector local (consulta_no_verificable). Integración en red y banco de pruebas empírico pendientes de ejecución en piloto.,en_revision,2026-09-20,evaluacion_individual_por_evidencia_ast_fuentes_y_contratos
JEV-P11-001,P11,"¿Qué activos, actores, entradas y fronteras de confianza define el modelo de amenazas de una integración de Jev?",4,"Alcance específico y bien delimitado para JEV-P11-001: aborda supuestos, términos y condiciones de aplicabilidad para '¿Qué activos, actores, entradas y fronteras de con...'.",4,"Contraste documental sólido con 4 fuentes catalogadas (SRC-0002, SRC-0028, SRC-0041, SRC-0113); penalizado a 4/5 por salida primaria de NotebookLM no preservada localmente.",5,"Contratos técnicos conformes con SDK 0.7.0 (Choice/Noul), compilación AST limpia y enmascaramiento estricto de excepciones en Python.",5,"Alta transferencia operativa con directrices directas para Wheelwork y QRT ante '¿Qué activos, actores, entradas y fronteras de con...'.",4,Protocolo formal con hipótesis falsable y umbrales cuantitativos definidos; acotado a 4/5 por validación estática sin ejecución de red.,22/25,"Fuentes registradas: SRC-0002, SRC-0028, SRC-0041, SRC-0113. Contratos validados contra typesafe-sdk 0.7.0. Bloque Python con ast.parse() exitoso. Trazabilidad con cuaderno canónico de P11.",Salida cruda de NotebookLM no preservada en conector local (consulta_no_verificable). Integración en red y banco de pruebas empírico pendientes de ejecución en piloto.,en_revision,2026-09-20,evaluacion_individual_por_evidencia_ast_fuentes_y_contratos
JEV-P11-002,P11,¿Qué ataques documentados contra clasificadores o verificadores son pertinentes y cuáles todavía son hipótesis no comprobadas para Jev?,4,"Alcance específico y bien delimitado para JEV-P11-002: aborda supuestos, términos y condiciones de aplicabilidad para '¿Qué ataques documentados contra clasificadores o ...'.",4,"Contraste documental sólido con 4 fuentes catalogadas (SRC-0002, SRC-0028, SRC-0041, SRC-0113); penalizado a 4/5 por salida primaria de NotebookLM no preservada localmente.",5,"Contratos técnicos conformes con SDK 0.7.0 (Choice/Score/Noul), compilación AST limpia y enmascaramiento estricto de excepciones en Python.",4,Directrices prácticas y criterios de diseño accionables para pilotos del programa respecto a '¿Qué ataques documentados contra clasificadores o ...'.,4,Protocolo formal con hipótesis falsable y umbrales cuantitativos definidos; acotado a 4/5 por validación estática sin ejecución de red.,21/25,"Fuentes registradas: SRC-0002, SRC-0028, SRC-0041, SRC-0113. Contratos validados contra typesafe-sdk 0.7.0. Bloque Python con ast.parse() exitoso. Trazabilidad con cuaderno canónico de P11.",Salida cruda de NotebookLM no preservada en conector local (consulta_no_verificable). Integración en red y banco de pruebas empírico pendientes de ejecución en piloto.,en_revision,2026-09-20,evaluacion_individual_por_evidencia_ast_fuentes_y_contratos
JEV-P11-003,P11,¿Qué controles de autorización deben ejecutarse fuera del modelo aunque su decisión indique que una acción es segura?,4,"Alcance específico y bien delimitado para JEV-P11-003: aborda supuestos, términos y condiciones de aplicabilidad para '¿Qué controles de autorización deben ejecutarse fu...'.",4,"Contraste documental sólido con 4 fuentes catalogadas (SRC-0002, SRC-0028, SRC-0041, SRC-0113); penalizado a 4/5 por salida primaria de NotebookLM no preservada localmente.",4,"Contratos técnicos conformes con SDK 0.7.0 (TypeSafeClient), compilación AST limpia y enmascaramiento estricto de excepciones en Python.",4,Directrices prácticas y criterios de diseño accionables para pilotos del programa respecto a '¿Qué controles de autorización deben ejecutarse fu...'.,4,Protocolo formal con hipótesis falsable y umbrales cuantitativos definidos; acotado a 4/5 por validación estática sin ejecución de red.,20/25,"Fuentes registradas: SRC-0002, SRC-0028, SRC-0041, SRC-0113. Contratos validados contra typesafe-sdk 0.7.0. Bloque Python con ast.parse() exitoso. Trazabilidad con cuaderno canónico de P11.",Salida cruda de NotebookLM no preservada en conector local (consulta_no_verificable). Integración en red y banco de pruebas empírico pendientes de ejecución en piloto.,en_revision,2026-09-20,evaluacion_individual_por_evidencia_ast_fuentes_y_contratos
JEV-P11-004,P11,¿Cómo diferenciar instrucciones del usuario y texto de una fuente que intenta alterar el objetivo o las reglas de la investigación?,4,"Alcance específico y bien delimitado para JEV-P11-004: aborda supuestos, términos y condiciones de aplicabilidad para '¿Cómo diferenciar instrucciones del usuario y text...'.",4,"Contraste documental sólido con 4 fuentes catalogadas (SRC-0002, SRC-0028, SRC-0041, SRC-0113); penalizado a 4/5 por salida primaria de NotebookLM no preservada localmente.",5,"Contratos técnicos conformes con SDK 0.7.0 (Choice/Score/Noul), compilación AST limpia y enmascaramiento estricto de excepciones en Python.",4,Directrices prácticas y criterios de diseño accionables para pilotos del programa respecto a '¿Cómo diferenciar instrucciones del usuario y text...'.,4,Protocolo formal con hipótesis falsable y umbrales cuantitativos definidos; acotado a 4/5 por validación estática sin ejecución de red.,21/25,"Fuentes registradas: SRC-0002, SRC-0028, SRC-0041, SRC-0113. Contratos validados contra typesafe-sdk 0.7.0. Bloque Python con ast.parse() exitoso. Trazabilidad con cuaderno canónico de P11.",Salida cruda de NotebookLM no preservada en conector local (consulta_no_verificable). Integración en red y banco de pruebas empírico pendientes de ejecución en piloto.,en_revision,2026-09-20,evaluacion_individual_por_evidencia_ast_fuentes_y_contratos
JEV-P11-005,P11,"¿Cómo garantizar que credenciales, datos personales y documentos privados no entren accidentalmente en solicitudes o notebooks públicos?",4,"Alcance específico y bien delimitado para JEV-P11-005: aborda supuestos, términos y condiciones de aplicabilidad para '¿Cómo garantizar que credenciales, datos personale...'.",4,"Contraste documental sólido con 4 fuentes catalogadas (SRC-0002, SRC-0028, SRC-0041, SRC-0113); penalizado a 4/5 por salida primaria de NotebookLM no preservada localmente.",4,"Contratos técnicos conformes con SDK 0.7.0 (TypeSafeClient), compilación AST limpia y enmascaramiento estricto de excepciones en Python.",5,"Alta transferencia operativa con directrices directas para Wheelwork y QRT ante '¿Cómo garantizar que credenciales, datos personale...'.",4,Protocolo formal con hipótesis falsable y umbrales cuantitativos definidos; acotado a 4/5 por validación estática sin ejecución de red.,21/25,"Fuentes registradas: SRC-0002, SRC-0028, SRC-0041, SRC-0113. Contratos validados contra typesafe-sdk 0.7.0. Bloque Python con ast.parse() exitoso. Trazabilidad con cuaderno canónico de P11.",Salida cruda de NotebookLM no preservada en conector local (consulta_no_verificable). Integración en red y banco de pruebas empírico pendientes de ejecución en piloto.,en_revision,2026-09-20,evaluacion_individual_por_evidencia_ast_fuentes_y_contratos
JEV-P11-006,P11,¿Cómo evaluar ataques de inyección directa e indirecta mediante ejemplos sintéticos que no activen herramientas reales?,4,"Alcance específico y bien delimitado para JEV-P11-006: aborda supuestos, términos y condiciones de aplicabilidad para '¿Cómo evaluar ataques de inyección directa e indir...'.",4,"Contraste documental sólido con 4 fuentes catalogadas (SRC-0002, SRC-0028, SRC-0041, SRC-0113); penalizado a 4/5 por salida primaria de NotebookLM no preservada localmente.",4,"Contratos técnicos conformes con SDK 0.7.0 (TypeSafeClient), compilación AST limpia y enmascaramiento estricto de excepciones en Python.",4,Guía metodológica aplicable para decisiones arquitectónicas en torno a '¿Cómo evaluar ataques de inyección directa e indir...'.,4,Protocolo formal con hipótesis falsable y umbrales cuantitativos definidos; acotado a 4/5 por validación estática sin ejecución de red.,20/25,"Fuentes registradas: SRC-0002, SRC-0028, SRC-0041, SRC-0113. Contratos validados contra typesafe-sdk 0.7.0. Bloque Python con ast.parse() exitoso. Trazabilidad con cuaderno canónico de P11.",Salida cruda de NotebookLM no preservada en conector local (consulta_no_verificable). Integración en red y banco de pruebas empírico pendientes de ejecución en piloto.,en_revision,2026-09-20,evaluacion_individual_por_evidencia_ast_fuentes_y_contratos
JEV-P11-007,P11,"¿Qué falsos positivos y negativos produce un guardrail semántico, y cómo se traduce cada uno en daño o costo operativo?",4,"Alcance específico y bien delimitado para JEV-P11-007: aborda supuestos, términos y condiciones de aplicabilidad para '¿Qué falsos positivos y negativos produce un guard...'.",4,"Contraste documental sólido con 4 fuentes catalogadas (SRC-0002, SRC-0028, SRC-0041, SRC-0113); penalizado a 4/5 por salida primaria de NotebookLM no preservada localmente.",4,"Contratos técnicos conformes con SDK 0.7.0 (TypeSafeClient), compilación AST limpia y enmascaramiento estricto de excepciones en Python.",5,Alta transferencia operativa con directrices directas para Wheelwork y QRT ante '¿Qué falsos positivos y negativos produce un guard...'.,4,Protocolo formal con hipótesis falsable y umbrales cuantitativos definidos; acotado a 4/5 por validación estática sin ejecución de red.,21/25,"Fuentes registradas: SRC-0002, SRC-0028, SRC-0041, SRC-0113. Contratos validados contra typesafe-sdk 0.7.0. Bloque Python con ast.parse() exitoso. Trazabilidad con cuaderno canónico de P11.",Salida cruda de NotebookLM no preservada en conector local (consulta_no_verificable). Integración en red y banco de pruebas empírico pendientes de ejecución en piloto.,en_revision,2026-09-20,evaluacion_individual_por_evidencia_ast_fuentes_y_contratos
JEV-P11-008,P11,¿Qué riesgo aparece cuando el modelo que propone una acción y el que la verifica comparten sesgos o fuentes contaminadas?,4,"Alcance específico y bien delimitado para JEV-P11-008: aborda supuestos, términos y condiciones de aplicabilidad para '¿Qué riesgo aparece cuando el modelo que propone u...'.",4,"Contraste documental sólido con 4 fuentes catalogadas (SRC-0002, SRC-0028, SRC-0041, SRC-0113); penalizado a 4/5 por salida primaria de NotebookLM no preservada localmente.",5,"Contratos técnicos conformes con SDK 0.7.0 (Choice), compilación AST limpia y enmascaramiento estricto de excepciones en Python.",4,Directrices prácticas y criterios de diseño accionables para pilotos del programa respecto a '¿Qué riesgo aparece cuando el modelo que propone u...'.,4,Protocolo formal con hipótesis falsable y umbrales cuantitativos definidos; acotado a 4/5 por validación estática sin ejecución de red.,21/25,"Fuentes registradas: SRC-0002, SRC-0028, SRC-0041, SRC-0113. Contratos validados contra typesafe-sdk 0.7.0. Bloque Python con ast.parse() exitoso. Trazabilidad con cuaderno canónico de P11.",Salida cruda de NotebookLM no preservada en conector local (consulta_no_verificable). Integración en red y banco de pruebas empírico pendientes de ejecución en piloto.,en_revision,2026-09-20,evaluacion_individual_por_evidencia_ast_fuentes_y_contratos
JEV-P11-009,P11,¿Cómo impedir que contenido malicioso se presente como una regla de negocio de mayor prioridad dentro del contexto?,4,"Alcance específico y bien delimitado para JEV-P11-009: aborda supuestos, términos y condiciones de aplicabilidad para '¿Cómo impedir que contenido malicioso se presente ...'.",4,"Contraste documental sólido con 4 fuentes catalogadas (SRC-0002, SRC-0028, SRC-0041, SRC-0113); penalizado a 4/5 por salida primaria de NotebookLM no preservada localmente.",5,"Contratos técnicos conformes con SDK 0.7.0 (Choice), compilación AST limpia y enmascaramiento estricto de excepciones en Python.",4,Directrices prácticas y criterios de diseño accionables para pilotos del programa respecto a '¿Cómo impedir que contenido malicioso se presente ...'.,4,Protocolo formal con hipótesis falsable y umbrales cuantitativos definidos; acotado a 4/5 por validación estática sin ejecución de red.,21/25,"Fuentes registradas: SRC-0002, SRC-0028, SRC-0041, SRC-0113. Contratos validados contra typesafe-sdk 0.7.0. Bloque Python con ast.parse() exitoso. Trazabilidad con cuaderno canónico de P11.",Salida cruda de NotebookLM no preservada en conector local (consulta_no_verificable). Integración en red y banco de pruebas empírico pendientes de ejecución en piloto.,en_revision,2026-09-20,evaluacion_individual_por_evidencia_ast_fuentes_y_contratos
JEV-P11-010,P11,"¿Qué amenazas de exfiltración por argumentos de herramientas, enlaces o registros deben analizarse en un flujo con MCP?",4,"Alcance específico y bien delimitado para JEV-P11-010: aborda supuestos, términos y condiciones de aplicabilidad para '¿Qué amenazas de exfiltración por argumentos de he...'.",4,"Contraste documental sólido con 4 fuentes catalogadas (SRC-0002, SRC-0028, SRC-0062, SRC-0113); penalizado a 4/5 por salida primaria de NotebookLM no preservada localmente.",4,"Contratos técnicos conformes con SDK 0.7.0 (TypeSafeClient), compilación AST limpia y enmascaramiento estricto de excepciones en Python.",4,Guía metodológica aplicable para decisiones arquitectónicas en torno a '¿Qué amenazas de exfiltración por argumentos de he...'.,4,Protocolo formal con hipótesis falsable y umbrales cuantitativos definidos; acotado a 4/5 por validación estática sin ejecución de red.,20/25,"Fuentes registradas: SRC-0002, SRC-0028, SRC-0062, SRC-0113. Contratos validados contra typesafe-sdk 0.7.0. Bloque Python con ast.parse() exitoso. Trazabilidad con cuaderno canónico de P11.",Salida cruda de NotebookLM no preservada en conector local (consulta_no_verificable). Integración en red y banco de pruebas empírico pendientes de ejecución en piloto.,en_revision,2026-09-20,evaluacion_individual_por_evidencia_ast_fuentes_y_contratos
JEV-P11-011,P11,¿Cómo limitar el conjunto de herramientas y parámetros permitidos sin depender de que el modelo interprete correctamente una prohibición textual?,4,"Alcance específico y bien delimitado para JEV-P11-011: aborda supuestos, términos y condiciones de aplicabilidad para '¿Cómo limitar el conjunto de herramientas y paráme...'.",4,"Contraste documental sólido con 4 fuentes catalogadas (SRC-0002, SRC-0028, SRC-0062, SRC-0113); penalizado a 4/5 por salida primaria de NotebookLM no preservada localmente.",4,"Contratos técnicos conformes con SDK 0.7.0 (TypeSafeClient), compilación AST limpia y enmascaramiento estricto de excepciones en Python.",4,Guía metodológica aplicable para decisiones arquitectónicas en torno a '¿Cómo limitar el conjunto de herramientas y paráme...'.,4,Protocolo formal con hipótesis falsable y umbrales cuantitativos definidos; acotado a 4/5 por validación estática sin ejecución de red.,20/25,"Fuentes registradas: SRC-0002, SRC-0028, SRC-0062, SRC-0113. Contratos validados contra typesafe-sdk 0.7.0. Bloque Python con ast.parse() exitoso. Trazabilidad con cuaderno canónico de P11.",Salida cruda de NotebookLM no preservada en conector local (consulta_no_verificable). Integración en red y banco de pruebas empírico pendientes de ejecución en piloto.,en_revision,2026-09-20,evaluacion_individual_por_evidencia_ast_fuentes_y_contratos
JEV-P11-012,P11,"¿Qué controles protegen contra contaminación del corpus, fuentes falsas y cambios maliciosos en documentos previamente confiables?",4,"Alcance específico y bien delimitado para JEV-P11-012: aborda supuestos, términos y condiciones de aplicabilidad para '¿Qué controles protegen contra contaminación del c...'.",4,"Contraste documental sólido con 4 fuentes catalogadas (SRC-0002, SRC-0028, SRC-0041, SRC-0113); penalizado a 4/5 por salida primaria de NotebookLM no preservada localmente.",4,"Contratos técnicos conformes con SDK 0.7.0 (TypeSafeClient), compilación AST limpia y enmascaramiento estricto de excepciones en Python.",4,Directrices prácticas y criterios de diseño accionables para pilotos del programa respecto a '¿Qué controles protegen contra contaminación del c...'.,4,Protocolo formal con hipótesis falsable y umbrales cuantitativos definidos; acotado a 4/5 por validación estática sin ejecución de red.,20/25,"Fuentes registradas: SRC-0002, SRC-0028, SRC-0041, SRC-0113. Contratos validados contra typesafe-sdk 0.7.0. Bloque Python con ast.parse() exitoso. Trazabilidad con cuaderno canónico de P11.",Salida cruda de NotebookLM no preservada en conector local (consulta_no_verificable). Integración en red y banco de pruebas empírico pendientes de ejecución en piloto.,en_revision,2026-09-20,evaluacion_individual_por_evidencia_ast_fuentes_y_contratos
JEV-P11-013,P11,"¿Cómo prevenir filtraciones entre usuarios, clientes o proyectos al compartir infraestructura, cachés y bases de conocimiento?",4,"Alcance específico y bien delimitado para JEV-P11-013: aborda supuestos, términos y condiciones de aplicabilidad para '¿Cómo prevenir filtraciones entre usuarios, client...'.",4,"Contraste documental sólido con 4 fuentes catalogadas (SRC-0002, SRC-0028, SRC-0041, SRC-0113); penalizado a 4/5 por salida primaria de NotebookLM no preservada localmente.",4,"Contratos técnicos conformes con SDK 0.7.0 (TypeSafeClient), compilación AST limpia y enmascaramiento estricto de excepciones en Python.",4,"Directrices prácticas y criterios de diseño accionables para pilotos del programa respecto a '¿Cómo prevenir filtraciones entre usuarios, client...'.",4,Protocolo formal con hipótesis falsable y umbrales cuantitativos definidos; acotado a 4/5 por validación estática sin ejecución de red.,20/25,"Fuentes registradas: SRC-0002, SRC-0028, SRC-0041, SRC-0113. Contratos validados contra typesafe-sdk 0.7.0. Bloque Python con ast.parse() exitoso. Trazabilidad con cuaderno canónico de P11.",Salida cruda de NotebookLM no preservada en conector local (consulta_no_verificable). Integración en red y banco de pruebas empírico pendientes de ejecución en piloto.,en_revision,2026-09-20,evaluacion_individual_por_evidencia_ast_fuentes_y_contratos
JEV-P11-014,P11,"¿Qué información sensible puede persistir en prompts, trazas, mensajes de error y copias de seguridad, y cómo minimizarla?",4,"Alcance específico y bien delimitado para JEV-P11-014: aborda supuestos, términos y condiciones de aplicabilidad para '¿Qué información sensible puede persistir en promp...'.",4,"Contraste documental sólido con 4 fuentes catalogadas (SRC-0002, SRC-0028, SRC-0041, SRC-0113); penalizado a 4/5 por salida primaria de NotebookLM no preservada localmente.",4,"Contratos técnicos conformes con SDK 0.7.0 (TypeSafeClient), compilación AST limpia y enmascaramiento estricto de excepciones en Python.",5,Alta transferencia operativa con directrices directas para Wheelwork y QRT ante '¿Qué información sensible puede persistir en promp...'.,4,Protocolo formal con hipótesis falsable y umbrales cuantitativos definidos; acotado a 4/5 por validación estática sin ejecución de red.,21/25,"Fuentes registradas: SRC-0002, SRC-0028, SRC-0041, SRC-0113. Contratos validados contra typesafe-sdk 0.7.0. Bloque Python con ast.parse() exitoso. Trazabilidad con cuaderno canónico de P11.",Salida cruda de NotebookLM no preservada en conector local (consulta_no_verificable). Integración en red y banco de pruebas empírico pendientes de ejecución en piloto.,en_revision,2026-09-20,evaluacion_individual_por_evidencia_ast_fuentes_y_contratos
JEV-P11-015,P11,"¿Cómo revisar un conector comunitario respecto de permisos, dependencias y rutas de salida antes de proponer su uso?",4,"Alcance específico y bien delimitado para JEV-P11-015: aborda supuestos, términos y condiciones de aplicabilidad para '¿Cómo revisar un conector comunitario respecto de ...'.",4,"Contraste documental sólido con 4 fuentes catalogadas (SRC-0002, SRC-0028, SRC-0062, SRC-0113); penalizado a 4/5 por salida primaria de NotebookLM no preservada localmente.",5,"Contratos técnicos conformes con SDK 0.7.0 (Score), compilación AST limpia y enmascaramiento estricto de excepciones en Python.",4,Guía metodológica aplicable para decisiones arquitectónicas en torno a '¿Cómo revisar un conector comunitario respecto de ...'.,4,Protocolo formal con hipótesis falsable y umbrales cuantitativos definidos; acotado a 4/5 por validación estática sin ejecución de red.,21/25,"Fuentes registradas: SRC-0002, SRC-0028, SRC-0062, SRC-0113. Contratos validados contra typesafe-sdk 0.7.0. Bloque Python con ast.parse() exitoso. Trazabilidad con cuaderno canónico de P11.",Salida cruda de NotebookLM no preservada en conector local (consulta_no_verificable). Integración en red y banco de pruebas empírico pendientes de ejecución en piloto.,en_revision,2026-09-20,evaluacion_individual_por_evidencia_ast_fuentes_y_contratos
JEV-P11-016,P11,¿Qué controles deterministas pueden complementar una evaluación de seguridad sin crear una falsa sensación de cobertura total?,4,"Alcance específico y bien delimitado para JEV-P11-016: aborda supuestos, términos y condiciones de aplicabilidad para '¿Qué controles deterministas pueden complementar u...'.",4,"Contraste documental sólido con 4 fuentes catalogadas (SRC-0002, SRC-0028, SRC-0041, SRC-0113); penalizado a 4/5 por salida primaria de NotebookLM no preservada localmente.",5,"Contratos técnicos conformes con SDK 0.7.0 (Choice), compilación AST limpia y enmascaramiento estricto de excepciones en Python.",5,Alta transferencia operativa con directrices directas para Wheelwork y QRT ante '¿Qué controles deterministas pueden complementar u...'.,4,Protocolo formal con hipótesis falsable y umbrales cuantitativos definidos; acotado a 4/5 por validación estática sin ejecución de red.,22/25,"Fuentes registradas: SRC-0002, SRC-0028, SRC-0041, SRC-0113. Contratos validados contra typesafe-sdk 0.7.0. Bloque Python con ast.parse() exitoso. Trazabilidad con cuaderno canónico de P11.",Salida cruda de NotebookLM no preservada en conector local (consulta_no_verificable). Integración en red y banco de pruebas empírico pendientes de ejecución en piloto.,en_revision,2026-09-20,evaluacion_individual_por_evidencia_ast_fuentes_y_contratos
JEV-P11-017,P11,¿Cómo construir una batería de casos adversariales y benignos con criterios previos de aceptación y escalamiento?,4,"Alcance específico y bien delimitado para JEV-P11-017: aborda supuestos, términos y condiciones de aplicabilidad para '¿Cómo construir una batería de casos adversariales...'.",4,"Contraste documental sólido con 4 fuentes catalogadas (SRC-0002, SRC-0028, SRC-0041, SRC-0113); penalizado a 4/5 por salida primaria de NotebookLM no preservada localmente.",4,"Contratos técnicos conformes con SDK 0.7.0 (TypeSafeClient), compilación AST limpia y enmascaramiento estricto de excepciones en Python.",4,Guía metodológica aplicable para decisiones arquitectónicas en torno a '¿Cómo construir una batería de casos adversariales...'.,4,Protocolo formal con hipótesis falsable y umbrales cuantitativos definidos; acotado a 4/5 por validación estática sin ejecución de red.,20/25,"Fuentes registradas: SRC-0002, SRC-0028, SRC-0041, SRC-0113. Contratos validados contra typesafe-sdk 0.7.0. Bloque Python con ast.parse() exitoso. Trazabilidad con cuaderno canónico de P11.",Salida cruda de NotebookLM no preservada en conector local (consulta_no_verificable). Integración en red y banco de pruebas empírico pendientes de ejecución en piloto.,en_revision,2026-09-20,evaluacion_individual_por_evidencia_ast_fuentes_y_contratos
JEV-P11-018,P11,¿Qué eventos deben detener automáticamente un flujo y qué evidencia necesita la persona que decide reanudarlo?,4,"Alcance específico y bien delimitado para JEV-P11-018: aborda supuestos, términos y condiciones de aplicabilidad para '¿Qué eventos deben detener automáticamente un fluj...'.",4,"Contraste documental sólido con 4 fuentes catalogadas (SRC-0002, SRC-0028, SRC-0041, SRC-0113); penalizado a 4/5 por salida primaria de NotebookLM no preservada localmente.",4,"Contratos técnicos conformes con SDK 0.7.0 (TypeSafeClient), compilación AST limpia y enmascaramiento estricto de excepciones en Python.",4,Directrices prácticas y criterios de diseño accionables para pilotos del programa respecto a '¿Qué eventos deben detener automáticamente un fluj...'.,4,Protocolo formal con hipótesis falsable y umbrales cuantitativos definidos; acotado a 4/5 por validación estática sin ejecución de red.,20/25,"Fuentes registradas: SRC-0002, SRC-0028, SRC-0041, SRC-0113. Contratos validados contra typesafe-sdk 0.7.0. Bloque Python con ast.parse() exitoso. Trazabilidad con cuaderno canónico de P11.",Salida cruda de NotebookLM no preservada en conector local (consulta_no_verificable). Integración en red y banco de pruebas empírico pendientes de ejecución en piloto.,en_revision,2026-09-20,evaluacion_individual_por_evidencia_ast_fuentes_y_contratos
JEV-P11-019,P11,"¿Cómo documentar riesgos residuales de forma comprensible para quien adopta el sistema, incluidos los límites del propio verificador?",4,"Alcance específico y bien delimitado para JEV-P11-019: aborda supuestos, términos y condiciones de aplicabilidad para '¿Cómo documentar riesgos residuales de forma compr...'.",4,"Contraste documental sólido con 4 fuentes catalogadas (SRC-0002, SRC-0028, SRC-0041, SRC-0113); penalizado a 4/5 por salida primaria de NotebookLM no preservada localmente.",4,"Contratos técnicos conformes con SDK 0.7.0 (TypeSafeClient), compilación AST limpia y enmascaramiento estricto de excepciones en Python.",4,Guía metodológica aplicable para decisiones arquitectónicas en torno a '¿Cómo documentar riesgos residuales de forma compr...'.,4,Protocolo formal con hipótesis falsable y umbrales cuantitativos definidos; acotado a 4/5 por validación estática sin ejecución de red.,20/25,"Fuentes registradas: SRC-0002, SRC-0028, SRC-0041, SRC-0113. Contratos validados contra typesafe-sdk 0.7.0. Bloque Python con ast.parse() exitoso. Trazabilidad con cuaderno canónico de P11.",Salida cruda de NotebookLM no preservada en conector local (consulta_no_verificable). Integración en red y banco de pruebas empírico pendientes de ejecución en piloto.,en_revision,2026-09-20,evaluacion_individual_por_evidencia_ast_fuentes_y_contratos
JEV-P11-020,P11,"¿Qué procedimiento de incidente permitiría contener, auditar y corregir una decisión dañina sin divulgar más datos durante la investigación?",4,"Alcance específico y bien delimitado para JEV-P11-020: aborda supuestos, términos y condiciones de aplicabilidad para '¿Qué procedimiento de incidente permitiría contene...'.",4,"Contraste documental sólido con 4 fuentes catalogadas (SRC-0002, SRC-0028, SRC-0041, SRC-0113); penalizado a 4/5 por salida primaria de NotebookLM no preservada localmente.",4,"Contratos técnicos conformes con SDK 0.7.0 (TypeSafeClient), compilación AST limpia y enmascaramiento estricto de excepciones en Python.",5,Alta transferencia operativa con directrices directas para Wheelwork y QRT ante '¿Qué procedimiento de incidente permitiría contene...'.,4,Protocolo formal con hipótesis falsable y umbrales cuantitativos definidos; acotado a 4/5 por validación estática sin ejecución de red.,21/25,"Fuentes registradas: SRC-0002, SRC-0028, SRC-0041, SRC-0113. Contratos validados contra typesafe-sdk 0.7.0. Bloque Python con ast.parse() exitoso. Trazabilidad con cuaderno canónico de P11.",Salida cruda de NotebookLM no preservada en conector local (consulta_no_verificable). Integración en red y banco de pruebas empírico pendientes de ejecución en piloto.,en_revision,2026-09-20,evaluacion_individual_por_evidencia_ast_fuentes_y_contratos
JEV-P12-001,P12,"¿Qué objetivos de calidad, disponibilidad y latencia debe definir cada flujo antes de fijar su dependencia de Jev?",4,"Alcance específico y bien delimitado para JEV-P12-001: aborda supuestos, términos y condiciones de aplicabilidad para '¿Qué objetivos de calidad, disponibilidad y latenc...'.",4,"Contraste documental sólido con 4 fuentes catalogadas (SRC-0002, SRC-0042, SRC-0064, SRC-0114); penalizado a 4/5 por salida primaria de NotebookLM no preservada localmente.",4,"Contratos técnicos conformes con SDK 0.7.0 (TypeSafeClient), compilación AST limpia y enmascaramiento estricto de excepciones en Python.",5,"Alta transferencia operativa con directrices directas para Wheelwork y QRT ante '¿Qué objetivos de calidad, disponibilidad y latenc...'.",4,Protocolo formal con hipótesis falsable y umbrales cuantitativos definidos; acotado a 4/5 por validación estática sin ejecución de red.,21/25,"Fuentes registradas: SRC-0002, SRC-0042, SRC-0064, SRC-0114. Contratos validados contra typesafe-sdk 0.7.0. Bloque Python con ast.parse() exitoso. Trazabilidad con cuaderno canónico de P12.",Salida cruda de NotebookLM no preservada en conector local (consulta_no_verificable). Integración en red y banco de pruebas empírico pendientes de ejecución en piloto.,en_revision,2026-09-20,evaluacion_individual_por_evidencia_ast_fuentes_y_contratos
JEV-P12-002,P12,"¿Qué errores se deben reintentar y cuáles requieren corregir entrada, credenciales, cuota o configuración antes de repetir una llamada?",4,"Alcance específico y bien delimitado para JEV-P12-002: aborda supuestos, términos y condiciones de aplicabilidad para '¿Qué errores se deben reintentar y cuáles requiere...'.",4,"Contraste documental sólido con 4 fuentes catalogadas (SRC-0002, SRC-0042, SRC-0064, SRC-0114); penalizado a 4/5 por salida primaria de NotebookLM no preservada localmente.",5,"Contratos técnicos conformes con SDK 0.7.0 (Choice/RetryPolicy), compilación AST limpia y enmascaramiento estricto de excepciones en Python.",4,Directrices prácticas y criterios de diseño accionables para pilotos del programa respecto a '¿Qué errores se deben reintentar y cuáles requiere...'.,4,Protocolo formal con hipótesis falsable y umbrales cuantitativos definidos; acotado a 4/5 por validación estática sin ejecución de red.,21/25,"Fuentes registradas: SRC-0002, SRC-0042, SRC-0064, SRC-0114. Contratos validados contra typesafe-sdk 0.7.0. Bloque Python con ast.parse() exitoso. Trazabilidad con cuaderno canónico de P12.",Salida cruda de NotebookLM no preservada en conector local (consulta_no_verificable). Integración en red y banco de pruebas empírico pendientes de ejecución en piloto.,en_revision,2026-09-20,evaluacion_individual_por_evidencia_ast_fuentes_y_contratos
JEV-P12-003,P12,¿Cómo impedir que un timeout o reintento duplique una acción posterior aunque el estado de la llamada original sea incierto?,4,"Alcance específico y bien delimitado para JEV-P12-003: aborda supuestos, términos y condiciones de aplicabilidad para '¿Cómo impedir que un timeout o reintento duplique ...'.",4,"Contraste documental sólido con 4 fuentes catalogadas (SRC-0002, SRC-0042, SRC-0064, SRC-0114); penalizado a 4/5 por salida primaria de NotebookLM no preservada localmente.",4,"Contratos técnicos conformes con SDK 0.7.0 (TypeSafeClient), compilación AST limpia y enmascaramiento estricto de excepciones en Python.",4,Directrices prácticas y criterios de diseño accionables para pilotos del programa respecto a '¿Cómo impedir que un timeout o reintento duplique ...'.,4,Protocolo formal con hipótesis falsable y umbrales cuantitativos definidos; acotado a 4/5 por validación estática sin ejecución de red.,20/25,"Fuentes registradas: SRC-0002, SRC-0042, SRC-0064, SRC-0114. Contratos validados contra typesafe-sdk 0.7.0. Bloque Python con ast.parse() exitoso. Trazabilidad con cuaderno canónico de P12.",Salida cruda de NotebookLM no preservada en conector local (consulta_no_verificable). Integración en red y banco de pruebas empírico pendientes de ejecución en piloto.,en_revision,2026-09-20,evaluacion_individual_por_evidencia_ast_fuentes_y_contratos
JEV-P12-004,P12,"¿Qué presupuesto de tiempo asignar a preparación, inferencia, respaldo y revisión para cumplir un objetivo de extremo a extremo?",4,"Alcance específico y bien delimitado para JEV-P12-004: aborda supuestos, términos y condiciones de aplicabilidad para '¿Qué presupuesto de tiempo asignar a preparación, ...'.",4,"Contraste documental sólido con 4 fuentes catalogadas (SRC-0002, SRC-0042, SRC-0064, SRC-0114); penalizado a 4/5 por salida primaria de NotebookLM no preservada localmente.",4,"Contratos técnicos conformes con SDK 0.7.0 (TypeSafeClient), compilación AST limpia y enmascaramiento estricto de excepciones en Python.",4,"Directrices prácticas y criterios de diseño accionables para pilotos del programa respecto a '¿Qué presupuesto de tiempo asignar a preparación, ...'.",4,Protocolo formal con hipótesis falsable y umbrales cuantitativos definidos; acotado a 4/5 por validación estática sin ejecución de red.,20/25,"Fuentes registradas: SRC-0002, SRC-0042, SRC-0064, SRC-0114. Contratos validados contra typesafe-sdk 0.7.0. Bloque Python con ast.parse() exitoso. Trazabilidad con cuaderno canónico de P12.",Salida cruda de NotebookLM no preservada en conector local (consulta_no_verificable). Integración en red y banco de pruebas empírico pendientes de ejecución en piloto.,en_revision,2026-09-20,evaluacion_individual_por_evidencia_ast_fuentes_y_contratos
JEV-P12-005,P12,¿Cómo controlar concurrencia y colas sin asumir que el límite del servicio o la capacidad del sistema son constantes?,4,"Alcance específico y bien delimitado para JEV-P12-005: aborda supuestos, términos y condiciones de aplicabilidad para '¿Cómo controlar concurrencia y colas sin asumir qu...'.",4,"Contraste documental sólido con 4 fuentes catalogadas (SRC-0002, SRC-0042, SRC-0064, SRC-0114); penalizado a 4/5 por salida primaria de NotebookLM no preservada localmente.",4,"Contratos técnicos conformes con SDK 0.7.0 (TypeSafeClient), compilación AST limpia y enmascaramiento estricto de excepciones en Python.",4,Directrices prácticas y criterios de diseño accionables para pilotos del programa respecto a '¿Cómo controlar concurrencia y colas sin asumir qu...'.,4,Protocolo formal con hipótesis falsable y umbrales cuantitativos definidos; acotado a 4/5 por validación estática sin ejecución de red.,20/25,"Fuentes registradas: SRC-0002, SRC-0042, SRC-0064, SRC-0114. Contratos validados contra typesafe-sdk 0.7.0. Bloque Python con ast.parse() exitoso. Trazabilidad con cuaderno canónico de P12.",Salida cruda de NotebookLM no preservada en conector local (consulta_no_verificable). Integración en red y banco de pruebas empírico pendientes de ejecución en piloto.,en_revision,2026-09-20,evaluacion_individual_por_evidencia_ast_fuentes_y_contratos
JEV-P12-006,P12,"¿Qué métricas y registros permiten distinguir fallos del modelo, del proveedor, de los datos y de la integración?",4,"Alcance específico y bien delimitado para JEV-P12-006: aborda supuestos, términos y condiciones de aplicabilidad para '¿Qué métricas y registros permiten distinguir fall...'.",4,"Contraste documental sólido con 4 fuentes catalogadas (SRC-0002, SRC-0042, SRC-0064, SRC-0114); penalizado a 4/5 por salida primaria de NotebookLM no preservada localmente.",4,"Contratos técnicos conformes con SDK 0.7.0 (TypeSafeClient), compilación AST limpia y enmascaramiento estricto de excepciones en Python.",5,Alta transferencia operativa con directrices directas para Wheelwork y QRT ante '¿Qué métricas y registros permiten distinguir fall...'.,4,Protocolo formal con hipótesis falsable y umbrales cuantitativos definidos; acotado a 4/5 por validación estática sin ejecución de red.,21/25,"Fuentes registradas: SRC-0002, SRC-0042, SRC-0064, SRC-0114. Contratos validados contra typesafe-sdk 0.7.0. Bloque Python con ast.parse() exitoso. Trazabilidad con cuaderno canónico de P12.",Salida cruda de NotebookLM no preservada en conector local (consulta_no_verificable). Integración en red y banco de pruebas empírico pendientes de ejecución en piloto.,en_revision,2026-09-20,evaluacion_individual_por_evidencia_ast_fuentes_y_contratos
JEV-P12-007,P12,"¿Qué condiciones activan degradación, interrupción temporal, escalamiento humano o reversión a una configuración validada?",4,"Alcance específico y bien delimitado para JEV-P12-007: aborda supuestos, términos y condiciones de aplicabilidad para '¿Qué condiciones activan degradación, interrupción...'.",4,"Contraste documental sólido con 4 fuentes catalogadas (SRC-0002, SRC-0042, SRC-0064, SRC-0114); penalizado a 4/5 por salida primaria de NotebookLM no preservada localmente.",4,"Contratos técnicos conformes con SDK 0.7.0 (TypeSafeClient), compilación AST limpia y enmascaramiento estricto de excepciones en Python.",4,"Directrices prácticas y criterios de diseño accionables para pilotos del programa respecto a '¿Qué condiciones activan degradación, interrupción...'.",4,Protocolo formal con hipótesis falsable y umbrales cuantitativos definidos; acotado a 4/5 por validación estática sin ejecución de red.,20/25,"Fuentes registradas: SRC-0002, SRC-0042, SRC-0064, SRC-0114. Contratos validados contra typesafe-sdk 0.7.0. Bloque Python con ast.parse() exitoso. Trazabilidad con cuaderno canónico de P12.",Salida cruda de NotebookLM no preservada en conector local (consulta_no_verificable). Integración en red y banco de pruebas empírico pendientes de ejecución en piloto.,en_revision,2026-09-20,evaluacion_individual_por_evidencia_ast_fuentes_y_contratos
JEV-P12-008,P12,"¿Cómo fijar y registrar versiones del modelo, SDK, taxonomía, criterios y preparación de contexto en cada decisión?",4,"Alcance específico y bien delimitado para JEV-P12-008: aborda supuestos, términos y condiciones de aplicabilidad para '¿Cómo fijar y registrar versiones del modelo, SDK,...'.",4,"Contraste documental sólido con 4 fuentes catalogadas (SRC-0002, SRC-0042, SRC-0064, SRC-0114); penalizado a 4/5 por salida primaria de NotebookLM no preservada localmente.",5,"Contratos técnicos conformes con SDK 0.7.0 (Choice), compilación AST limpia y enmascaramiento estricto de excepciones en Python.",4,"Directrices prácticas y criterios de diseño accionables para pilotos del programa respecto a '¿Cómo fijar y registrar versiones del modelo, SDK,...'.",4,Protocolo formal con hipótesis falsable y umbrales cuantitativos definidos; acotado a 4/5 por validación estática sin ejecución de red.,21/25,"Fuentes registradas: SRC-0002, SRC-0042, SRC-0064, SRC-0114. Contratos validados contra typesafe-sdk 0.7.0. Bloque Python con ast.parse() exitoso. Trazabilidad con cuaderno canónico de P12.",Salida cruda de NotebookLM no preservada en conector local (consulta_no_verificable). Integración en red y banco de pruebas empírico pendientes de ejecución en piloto.,en_revision,2026-09-20,evaluacion_individual_por_evidencia_ast_fuentes_y_contratos
JEV-P12-009,P12,¿Cómo ensayar una nueva versión en modo de observación antes de permitir que sus decisiones afecten procesos reales?,4,"Alcance específico y bien delimitado para JEV-P12-009: aborda supuestos, términos y condiciones de aplicabilidad para '¿Cómo ensayar una nueva versión en modo de observa...'.",4,"Contraste documental sólido con 4 fuentes catalogadas (SRC-0002, SRC-0042, SRC-0064, SRC-0114); penalizado a 4/5 por salida primaria de NotebookLM no preservada localmente.",4,"Contratos técnicos conformes con SDK 0.7.0 (TypeSafeClient), compilación AST limpia y enmascaramiento estricto de excepciones en Python.",4,Directrices prácticas y criterios de diseño accionables para pilotos del programa respecto a '¿Cómo ensayar una nueva versión en modo de observa...'.,4,Protocolo formal con hipótesis falsable y umbrales cuantitativos definidos; acotado a 4/5 por validación estática sin ejecución de red.,20/25,"Fuentes registradas: SRC-0002, SRC-0042, SRC-0064, SRC-0114. Contratos validados contra typesafe-sdk 0.7.0. Bloque Python con ast.parse() exitoso. Trazabilidad con cuaderno canónico de P12.",Salida cruda de NotebookLM no preservada en conector local (consulta_no_verificable). Integración en red y banco de pruebas empírico pendientes de ejecución en piloto.,en_revision,2026-09-20,evaluacion_individual_por_evidencia_ast_fuentes_y_contratos
JEV-P12-010,P12,¿Qué conjunto de regresión detectaría pérdida de calidad en casos raros importantes tras cambios aparentemente menores?,4,"Alcance específico y bien delimitado para JEV-P12-010: aborda supuestos, términos y condiciones de aplicabilidad para '¿Qué conjunto de regresión detectaría pérdida de c...'.",4,"Contraste documental sólido con 4 fuentes catalogadas (SRC-0002, SRC-0042, SRC-0064, SRC-0114); penalizado a 4/5 por salida primaria de NotebookLM no preservada localmente.",4,"Contratos técnicos conformes con SDK 0.7.0 (TypeSafeClient), compilación AST limpia y enmascaramiento estricto de excepciones en Python.",4,Directrices prácticas y criterios de diseño accionables para pilotos del programa respecto a '¿Qué conjunto de regresión detectaría pérdida de c...'.,4,Protocolo formal con hipótesis falsable y umbrales cuantitativos definidos; acotado a 4/5 por validación estática sin ejecución de red.,20/25,"Fuentes registradas: SRC-0002, SRC-0042, SRC-0064, SRC-0114. Contratos validados contra typesafe-sdk 0.7.0. Bloque Python con ast.parse() exitoso. Trazabilidad con cuaderno canónico de P12.",Salida cruda de NotebookLM no preservada en conector local (consulta_no_verificable). Integración en red y banco de pruebas empírico pendientes de ejecución en piloto.,en_revision,2026-09-20,evaluacion_individual_por_evidencia_ast_fuentes_y_contratos
JEV-P12-011,P12,¿Cómo desplegar gradualmente y comparar resultados sin que tráfico distinto o estacionalidad falseen la comparación?,4,"Alcance específico y bien delimitado para JEV-P12-011: aborda supuestos, términos y condiciones de aplicabilidad para '¿Cómo desplegar gradualmente y comparar resultados...'.",4,"Contraste documental sólido con 4 fuentes catalogadas (SRC-0002, SRC-0042, SRC-0064, SRC-0114); penalizado a 4/5 por salida primaria de NotebookLM no preservada localmente.",4,"Contratos técnicos conformes con SDK 0.7.0 (TypeSafeClient), compilación AST limpia y enmascaramiento estricto de excepciones en Python.",4,Directrices prácticas y criterios de diseño accionables para pilotos del programa respecto a '¿Cómo desplegar gradualmente y comparar resultados...'.,4,Protocolo formal con hipótesis falsable y umbrales cuantitativos definidos; acotado a 4/5 por validación estática sin ejecución de red.,20/25,"Fuentes registradas: SRC-0002, SRC-0042, SRC-0064, SRC-0114. Contratos validados contra typesafe-sdk 0.7.0. Bloque Python con ast.parse() exitoso. Trazabilidad con cuaderno canónico de P12.",Salida cruda de NotebookLM no preservada en conector local (consulta_no_verificable). Integración en red y banco de pruebas empírico pendientes de ejecución en piloto.,en_revision,2026-09-20,evaluacion_individual_por_evidencia_ast_fuentes_y_contratos
JEV-P12-012,P12,¿Cómo detectar deriva de entradas cuando todavía no existen etiquetas recientes para medir deterioro de las decisiones?,4,"Alcance específico y bien delimitado para JEV-P12-012: aborda supuestos, términos y condiciones de aplicabilidad para '¿Cómo detectar deriva de entradas cuando todavía n...'.",4,"Contraste documental sólido con 4 fuentes catalogadas (SRC-0002, SRC-0042, SRC-0064, SRC-0114); penalizado a 4/5 por salida primaria de NotebookLM no preservada localmente.",4,"Contratos técnicos conformes con SDK 0.7.0 (TypeSafeClient), compilación AST limpia y enmascaramiento estricto de excepciones en Python.",4,Directrices prácticas y criterios de diseño accionables para pilotos del programa respecto a '¿Cómo detectar deriva de entradas cuando todavía n...'.,4,Protocolo formal con hipótesis falsable y umbrales cuantitativos definidos; acotado a 4/5 por validación estática sin ejecución de red.,20/25,"Fuentes registradas: SRC-0002, SRC-0042, SRC-0064, SRC-0114. Contratos validados contra typesafe-sdk 0.7.0. Bloque Python con ast.parse() exitoso. Trazabilidad con cuaderno canónico de P12.",Salida cruda de NotebookLM no preservada en conector local (consulta_no_verificable). Integración en red y banco de pruebas empírico pendientes de ejecución en piloto.,en_revision,2026-09-20,evaluacion_individual_por_evidencia_ast_fuentes_y_contratos
JEV-P12-013,P12,¿Cómo obtener etiquetas posteriores y retroalimentación humana sin introducir sesgo al observar solo los casos escalados?,4,"Alcance específico y bien delimitado para JEV-P12-013: aborda supuestos, términos y condiciones de aplicabilidad para '¿Cómo obtener etiquetas posteriores y retroaliment...'.",4,"Contraste documental sólido con 4 fuentes catalogadas (SRC-0002, SRC-0042, SRC-0064, SRC-0114); penalizado a 4/5 por salida primaria de NotebookLM no preservada localmente.",4,"Contratos técnicos conformes con SDK 0.7.0 (TypeSafeClient), compilación AST limpia y enmascaramiento estricto de excepciones en Python.",4,Directrices prácticas y criterios de diseño accionables para pilotos del programa respecto a '¿Cómo obtener etiquetas posteriores y retroaliment...'.,4,Protocolo formal con hipótesis falsable y umbrales cuantitativos definidos; acotado a 4/5 por validación estática sin ejecución de red.,20/25,"Fuentes registradas: SRC-0002, SRC-0042, SRC-0064, SRC-0114. Contratos validados contra typesafe-sdk 0.7.0. Bloque Python con ast.parse() exitoso. Trazabilidad con cuaderno canónico de P12.",Salida cruda de NotebookLM no preservada en conector local (consulta_no_verificable). Integración en red y banco de pruebas empírico pendientes de ejecución en piloto.,en_revision,2026-09-20,evaluacion_individual_por_evidencia_ast_fuentes_y_contratos
JEV-P12-014,P12,¿Qué estrategia de alertas evita tanto silencio ante daños como saturación por variaciones sin importancia práctica?,4,"Alcance específico y bien delimitado para JEV-P12-014: aborda supuestos, términos y condiciones de aplicabilidad para '¿Qué estrategia de alertas evita tanto silencio an...'.",4,"Contraste documental sólido con 4 fuentes catalogadas (SRC-0002, SRC-0042, SRC-0064, SRC-0114); penalizado a 4/5 por salida primaria de NotebookLM no preservada localmente.",4,"Contratos técnicos conformes con SDK 0.7.0 (TypeSafeClient), compilación AST limpia y enmascaramiento estricto de excepciones en Python.",5,Alta transferencia operativa con directrices directas para Wheelwork y QRT ante '¿Qué estrategia de alertas evita tanto silencio an...'.,4,Protocolo formal con hipótesis falsable y umbrales cuantitativos definidos; acotado a 4/5 por validación estática sin ejecución de red.,21/25,"Fuentes registradas: SRC-0002, SRC-0042, SRC-0064, SRC-0114. Contratos validados contra typesafe-sdk 0.7.0. Bloque Python con ast.parse() exitoso. Trazabilidad con cuaderno canónico de P12.",Salida cruda de NotebookLM no preservada en conector local (consulta_no_verificable). Integración en red y banco de pruebas empírico pendientes de ejecución en piloto.,en_revision,2026-09-20,evaluacion_individual_por_evidencia_ast_fuentes_y_contratos
JEV-P12-015,P12,"¿Cómo mantener registros suficientes para auditoría aplicando límites de retención, minimización y acceso?",4,"Alcance específico y bien delimitado para JEV-P12-015: aborda supuestos, términos y condiciones de aplicabilidad para '¿Cómo mantener registros suficientes para auditorí...'.",4,"Contraste documental sólido con 4 fuentes catalogadas (SRC-0002, SRC-0028, SRC-0042, SRC-0114); penalizado a 4/5 por salida primaria de NotebookLM no preservada localmente.",4,"Contratos técnicos conformes con SDK 0.7.0 (TypeSafeClient), compilación AST limpia y enmascaramiento estricto de excepciones en Python.",5,Alta transferencia operativa con directrices directas para Wheelwork y QRT ante '¿Cómo mantener registros suficientes para auditorí...'.,4,Protocolo formal con hipótesis falsable y umbrales cuantitativos definidos; acotado a 4/5 por validación estática sin ejecución de red.,21/25,"Fuentes registradas: SRC-0002, SRC-0028, SRC-0042, SRC-0114. Contratos validados contra typesafe-sdk 0.7.0. Bloque Python con ast.parse() exitoso. Trazabilidad con cuaderno canónico de P12.",Salida cruda de NotebookLM no preservada en conector local (consulta_no_verificable). Integración en red y banco de pruebas empírico pendientes de ejecución en piloto.,en_revision,2026-09-20,evaluacion_individual_por_evidencia_ast_fuentes_y_contratos
JEV-P12-016,P12,"¿Cómo definir claves de caché, caducidad e invalidación durante una actualización de modelo o de reglas del negocio?",4,"Alcance específico y bien delimitado para JEV-P12-016: aborda supuestos, términos y condiciones de aplicabilidad para '¿Cómo definir claves de caché, caducidad e invalid...'.",4,"Contraste documental sólido con 4 fuentes catalogadas (SRC-0002, SRC-0042, SRC-0064, SRC-0114); penalizado a 4/5 por salida primaria de NotebookLM no preservada localmente.",4,"Contratos técnicos conformes con SDK 0.7.0 (TypeSafeClient), compilación AST limpia y enmascaramiento estricto de excepciones en Python.",4,"Directrices prácticas y criterios de diseño accionables para pilotos del programa respecto a '¿Cómo definir claves de caché, caducidad e invalid...'.",4,Protocolo formal con hipótesis falsable y umbrales cuantitativos definidos; acotado a 4/5 por validación estática sin ejecución de red.,20/25,"Fuentes registradas: SRC-0002, SRC-0042, SRC-0064, SRC-0114. Contratos validados contra typesafe-sdk 0.7.0. Bloque Python con ast.parse() exitoso. Trazabilidad con cuaderno canónico de P12.",Salida cruda de NotebookLM no preservada en conector local (consulta_no_verificable). Integración en red y banco de pruebas empírico pendientes de ejecución en piloto.,en_revision,2026-09-20,evaluacion_individual_por_evidencia_ast_fuentes_y_contratos
JEV-P12-017,P12,"¿Qué pruebas de fallos simulados cubrirían indisponibilidad, respuesta inválida, lentitud, cuota agotada y pérdida de conectividad?",4,"Alcance específico y bien delimitado para JEV-P12-017: aborda supuestos, términos y condiciones de aplicabilidad para '¿Qué pruebas de fallos simulados cubrirían indispo...'.",4,"Contraste documental sólido con 4 fuentes catalogadas (SRC-0002, SRC-0042, SRC-0064, SRC-0114); penalizado a 4/5 por salida primaria de NotebookLM no preservada localmente.",4,"Contratos técnicos conformes con SDK 0.7.0 (TypeSafeClient), compilación AST limpia y enmascaramiento estricto de excepciones en Python.",5,Alta transferencia operativa con directrices directas para Wheelwork y QRT ante '¿Qué pruebas de fallos simulados cubrirían indispo...'.,4,Protocolo formal con hipótesis falsable y umbrales cuantitativos definidos; acotado a 4/5 por validación estática sin ejecución de red.,21/25,"Fuentes registradas: SRC-0002, SRC-0042, SRC-0064, SRC-0114. Contratos validados contra typesafe-sdk 0.7.0. Bloque Python con ast.parse() exitoso. Trazabilidad con cuaderno canónico de P12.",Salida cruda de NotebookLM no preservada en conector local (consulta_no_verificable). Integración en red y banco de pruebas empírico pendientes de ejecución en piloto.,en_revision,2026-09-20,evaluacion_individual_por_evidencia_ast_fuentes_y_contratos
JEV-P12-018,P12,¿Cómo gestionar dependencias de terceros y retirada de versiones sin detener todos los proyectos que comparten la integración?,4,"Alcance específico y bien delimitado para JEV-P12-018: aborda supuestos, términos y condiciones de aplicabilidad para '¿Cómo gestionar dependencias de terceros y retirad...'.",4,"Contraste documental sólido con 4 fuentes catalogadas (SRC-0002, SRC-0042, SRC-0064, SRC-0114); penalizado a 4/5 por salida primaria de NotebookLM no preservada localmente.",4,"Contratos técnicos conformes con SDK 0.7.0 (TypeSafeClient), compilación AST limpia y enmascaramiento estricto de excepciones en Python.",5,Alta transferencia operativa con directrices directas para Wheelwork y QRT ante '¿Cómo gestionar dependencias de terceros y retirad...'.,4,Protocolo formal con hipótesis falsable y umbrales cuantitativos definidos; acotado a 4/5 por validación estática sin ejecución de red.,21/25,"Fuentes registradas: SRC-0002, SRC-0042, SRC-0064, SRC-0114. Contratos validados contra typesafe-sdk 0.7.0. Bloque Python con ast.parse() exitoso. Trazabilidad con cuaderno canónico de P12.",Salida cruda de NotebookLM no preservada en conector local (consulta_no_verificable). Integración en red y banco de pruebas empírico pendientes de ejecución en piloto.,en_revision,2026-09-20,evaluacion_individual_por_evidencia_ast_fuentes_y_contratos
JEV-P12-019,P12,"¿Qué responsabilidades operativas, procedimientos y tiempos de respuesta debe conocer el equipo antes de lanzar un piloto?",4,"Alcance específico y bien delimitado para JEV-P12-019: aborda supuestos, términos y condiciones de aplicabilidad para '¿Qué responsabilidades operativas, procedimientos ...'.",4,"Contraste documental sólido con 4 fuentes catalogadas (SRC-0002, SRC-0042, SRC-0064, SRC-0114); penalizado a 4/5 por salida primaria de NotebookLM no preservada localmente.",4,"Contratos técnicos conformes con SDK 0.7.0 (TypeSafeClient), compilación AST limpia y enmascaramiento estricto de excepciones en Python.",4,"Directrices prácticas y criterios de diseño accionables para pilotos del programa respecto a '¿Qué responsabilidades operativas, procedimientos ...'.",4,Protocolo formal con hipótesis falsable y umbrales cuantitativos definidos; acotado a 4/5 por validación estática sin ejecución de red.,20/25,"Fuentes registradas: SRC-0002, SRC-0042, SRC-0064, SRC-0114. Contratos validados contra typesafe-sdk 0.7.0. Bloque Python con ast.parse() exitoso. Trazabilidad con cuaderno canónico de P12.",Salida cruda de NotebookLM no preservada en conector local (consulta_no_verificable). Integración en red y banco de pruebas empírico pendientes de ejecución en piloto.,en_revision,2026-09-20,evaluacion_individual_por_evidencia_ast_fuentes_y_contratos
JEV-P12-020,P12,"¿Qué informe periódico demostraría que el sistema conserva su valor y justificaría mantenerlo, revisarlo o retirarlo?",4,"Alcance específico y bien delimitado para JEV-P12-020: aborda supuestos, términos y condiciones de aplicabilidad para '¿Qué informe periódico demostraría que el sistema ...'.",4,"Contraste documental sólido con 4 fuentes catalogadas (SRC-0002, SRC-0042, SRC-0064, SRC-0114); penalizado a 4/5 por salida primaria de NotebookLM no preservada localmente.",4,"Contratos técnicos conformes con SDK 0.7.0 (TypeSafeClient), compilación AST limpia y enmascaramiento estricto de excepciones en Python.",5,Alta transferencia operativa con directrices directas para Wheelwork y QRT ante '¿Qué informe periódico demostraría que el sistema ...'.,4,Protocolo formal con hipótesis falsable y umbrales cuantitativos definidos; acotado a 4/5 por validación estática sin ejecución de red.,21/25,"Fuentes registradas: SRC-0002, SRC-0042, SRC-0064, SRC-0114. Contratos validados contra typesafe-sdk 0.7.0. Bloque Python con ast.parse() exitoso. Trazabilidad con cuaderno canónico de P12.",Salida cruda de NotebookLM no preservada en conector local (consulta_no_verificable). Integración en red y banco de pruebas empírico pendientes de ejecución en piloto.,en_revision,2026-09-20,evaluacion_individual_por_evidencia_ast_fuentes_y_contratos
JEV-P13-001,P13,"¿Cuál es el modelo de cobro documentado de Jev, con fecha, unidad facturable y condiciones que podrían cambiar el costo efectivo?",4,"Alcance específico y bien delimitado para JEV-P13-001: aborda supuestos, términos y condiciones de aplicabilidad para '¿Cuál es el modelo de cobro documentado de Jev, co...'.",4,"Contraste documental sólido con 4 fuentes catalogadas (SRC-0002, SRC-0043, SRC-0065, SRC-0115); penalizado a 4/5 por salida primaria de NotebookLM no preservada localmente.",4,"Contratos técnicos conformes con SDK 0.7.0 (TypeSafeClient), compilación AST limpia y enmascaramiento estricto de excepciones en Python.",5,"Alta transferencia operativa con directrices directas para Wheelwork y QRT ante '¿Cuál es el modelo de cobro documentado de Jev, co...'.",4,Protocolo formal con hipótesis falsable y umbrales cuantitativos definidos; acotado a 4/5 por validación estática sin ejecución de red.,21/25,"Fuentes registradas: SRC-0002, SRC-0043, SRC-0065, SRC-0115. Contratos validados contra typesafe-sdk 0.7.0. Bloque Python con ast.parse() exitoso. Trazabilidad con cuaderno canónico de P13.",Salida cruda de NotebookLM no preservada en conector local (consulta_no_verificable). Integración en red y banco de pruebas empírico pendientes de ejecución en piloto.,en_revision,2026-09-20,evaluacion_individual_por_evidencia_ast_fuentes_y_contratos
JEV-P13-002,P13,"¿Qué componentes forman el costo total de un flujo: inferencia, preparación, infraestructura, desarrollo, revisión, errores y mantenimiento?",4,"Alcance específico y bien delimitado para JEV-P13-002: aborda supuestos, términos y condiciones de aplicabilidad para '¿Qué componentes forman el costo total de un flujo...'.",4,"Contraste documental sólido con 4 fuentes catalogadas (SRC-0002, SRC-0043, SRC-0065, SRC-0115); penalizado a 4/5 por salida primaria de NotebookLM no preservada localmente.",4,"Contratos técnicos conformes con SDK 0.7.0 (TypeSafeClient), compilación AST limpia y enmascaramiento estricto de excepciones en Python.",4,Directrices prácticas y criterios de diseño accionables para pilotos del programa respecto a '¿Qué componentes forman el costo total de un flujo...'.,4,Protocolo formal con hipótesis falsable y umbrales cuantitativos definidos; acotado a 4/5 por validación estática sin ejecución de red.,20/25,"Fuentes registradas: SRC-0002, SRC-0043, SRC-0065, SRC-0115. Contratos validados contra typesafe-sdk 0.7.0. Bloque Python con ast.parse() exitoso. Trazabilidad con cuaderno canónico de P13.",Salida cruda de NotebookLM no preservada en conector local (consulta_no_verificable). Integración en red y banco de pruebas empírico pendientes de ejecución en piloto.,en_revision,2026-09-20,evaluacion_individual_por_evidencia_ast_fuentes_y_contratos
JEV-P13-003,P13,¿Cómo calcular costo por decisión correcta aceptada evitando comparar solo precios por token o llamada?,4,"Alcance específico y bien delimitado para JEV-P13-003: aborda supuestos, términos y condiciones de aplicabilidad para '¿Cómo calcular costo por decisión correcta aceptad...'.",4,"Contraste documental sólido con 4 fuentes catalogadas (SRC-0002, SRC-0043, SRC-0065, SRC-0115); penalizado a 4/5 por salida primaria de NotebookLM no preservada localmente.",4,"Contratos técnicos conformes con SDK 0.7.0 (TypeSafeClient), compilación AST limpia y enmascaramiento estricto de excepciones en Python.",4,Directrices prácticas y criterios de diseño accionables para pilotos del programa respecto a '¿Cómo calcular costo por decisión correcta aceptad...'.,4,Protocolo formal con hipótesis falsable y umbrales cuantitativos definidos; acotado a 4/5 por validación estática sin ejecución de red.,20/25,"Fuentes registradas: SRC-0002, SRC-0043, SRC-0065, SRC-0115. Contratos validados contra typesafe-sdk 0.7.0. Bloque Python con ast.parse() exitoso. Trazabilidad con cuaderno canónico de P13.",Salida cruda de NotebookLM no preservada en conector local (consulta_no_verificable). Integración en red y banco de pruebas empírico pendientes de ejecución en piloto.,en_revision,2026-09-20,evaluacion_individual_por_evidencia_ast_fuentes_y_contratos
JEV-P13-004,P13,"¿Qué alternativas resuelven cada tipo de tarea y cuáles permiten una comparación equivalente de calidad, latencia y esfuerzo operativo?",4,"Alcance específico y bien delimitado para JEV-P13-004: aborda supuestos, términos y condiciones de aplicabilidad para '¿Qué alternativas resuelven cada tipo de tarea y c...'.",4,"Contraste documental sólido con 4 fuentes catalogadas (SRC-0002, SRC-0043, SRC-0065, SRC-0115); penalizado a 4/5 por salida primaria de NotebookLM no preservada localmente.",4,"Contratos técnicos conformes con SDK 0.7.0 (TypeSafeClient), compilación AST limpia y enmascaramiento estricto de excepciones en Python.",4,Directrices prácticas y criterios de diseño accionables para pilotos del programa respecto a '¿Qué alternativas resuelven cada tipo de tarea y c...'.,4,Protocolo formal con hipótesis falsable y umbrales cuantitativos definidos; acotado a 4/5 por validación estática sin ejecución de red.,20/25,"Fuentes registradas: SRC-0002, SRC-0043, SRC-0065, SRC-0115. Contratos validados contra typesafe-sdk 0.7.0. Bloque Python con ast.parse() exitoso. Trazabilidad con cuaderno canónico de P13.",Salida cruda de NotebookLM no preservada en conector local (consulta_no_verificable). Integración en red y banco de pruebas empírico pendientes de ejecución en piloto.,en_revision,2026-09-20,evaluacion_individual_por_evidencia_ast_fuentes_y_contratos
JEV-P13-005,P13,"¿Qué volumen, complejidad y tasa de escalamiento determinan el punto de equilibrio frente a reglas, modelos locales o revisión manual?",4,"Alcance específico y bien delimitado para JEV-P13-005: aborda supuestos, términos y condiciones de aplicabilidad para '¿Qué volumen, complejidad y tasa de escalamiento d...'.",4,"Contraste documental sólido con 4 fuentes catalogadas (SRC-0002, SRC-0043, SRC-0065, SRC-0115); penalizado a 4/5 por salida primaria de NotebookLM no preservada localmente.",4,"Contratos técnicos conformes con SDK 0.7.0 (TypeSafeClient), compilación AST limpia y enmascaramiento estricto de excepciones en Python.",4,"Directrices prácticas y criterios de diseño accionables para pilotos del programa respecto a '¿Qué volumen, complejidad y tasa de escalamiento d...'.",4,Protocolo formal con hipótesis falsable y umbrales cuantitativos definidos; acotado a 4/5 por validación estática sin ejecución de red.,20/25,"Fuentes registradas: SRC-0002, SRC-0043, SRC-0065, SRC-0115. Contratos validados contra typesafe-sdk 0.7.0. Bloque Python con ast.parse() exitoso. Trazabilidad con cuaderno canónico de P13.",Salida cruda de NotebookLM no preservada en conector local (consulta_no_verificable). Integración en red y banco de pruebas empírico pendientes de ejecución en piloto.,en_revision,2026-09-20,evaluacion_individual_por_evidencia_ast_fuentes_y_contratos
JEV-P13-006,P13,"¿Cómo valorar económicamente falsos positivos, falsos negativos y correcciones tardías sin presentar supuestos como pérdidas observadas?",4,"Alcance específico y bien delimitado para JEV-P13-006: aborda supuestos, términos y condiciones de aplicabilidad para '¿Cómo valorar económicamente falsos positivos, fal...'.",4,"Contraste documental sólido con 4 fuentes catalogadas (SRC-0002, SRC-0043, SRC-0065, SRC-0115); penalizado a 4/5 por salida primaria de NotebookLM no preservada localmente.",4,"Contratos técnicos conformes con SDK 0.7.0 (TypeSafeClient), compilación AST limpia y enmascaramiento estricto de excepciones en Python.",5,"Alta transferencia operativa con directrices directas para Wheelwork y QRT ante '¿Cómo valorar económicamente falsos positivos, fal...'.",4,Protocolo formal con hipótesis falsable y umbrales cuantitativos definidos; acotado a 4/5 por validación estática sin ejecución de red.,21/25,"Fuentes registradas: SRC-0002, SRC-0043, SRC-0065, SRC-0115. Contratos validados contra typesafe-sdk 0.7.0. Bloque Python con ast.parse() exitoso. Trazabilidad con cuaderno canónico de P13.",Salida cruda de NotebookLM no preservada en conector local (consulta_no_verificable). Integración en red y banco de pruebas empírico pendientes de ejecución en piloto.,en_revision,2026-09-20,evaluacion_individual_por_evidencia_ast_fuentes_y_contratos
JEV-P13-007,P13,¿Cómo cambia la rentabilidad del flujo cuando crece la proporción de casos que requieren otro modelo o una persona?,4,"Alcance específico y bien delimitado para JEV-P13-007: aborda supuestos, términos y condiciones de aplicabilidad para '¿Cómo cambia la rentabilidad del flujo cuando crec...'.",4,"Contraste documental sólido con 4 fuentes catalogadas (SRC-0002, SRC-0043, SRC-0065, SRC-0115); penalizado a 4/5 por salida primaria de NotebookLM no preservada localmente.",4,"Contratos técnicos conformes con SDK 0.7.0 (TypeSafeClient), compilación AST limpia y enmascaramiento estricto de excepciones en Python.",4,Directrices prácticas y criterios de diseño accionables para pilotos del programa respecto a '¿Cómo cambia la rentabilidad del flujo cuando crec...'.,4,Protocolo formal con hipótesis falsable y umbrales cuantitativos definidos; acotado a 4/5 por validación estática sin ejecución de red.,20/25,"Fuentes registradas: SRC-0002, SRC-0043, SRC-0065, SRC-0115. Contratos validados contra typesafe-sdk 0.7.0. Bloque Python con ast.parse() exitoso. Trazabilidad con cuaderno canónico de P13.",Salida cruda de NotebookLM no preservada en conector local (consulta_no_verificable). Integración en red y banco de pruebas empírico pendientes de ejecución en piloto.,en_revision,2026-09-20,evaluacion_individual_por_evidencia_ast_fuentes_y_contratos
JEV-P13-008,P13,"¿Qué sensibilidad tiene el ahorro a cambios de precio, longitud del contexto, reintentos y distribución del tráfico?",4,"Alcance específico y bien delimitado para JEV-P13-008: aborda supuestos, términos y condiciones de aplicabilidad para '¿Qué sensibilidad tiene el ahorro a cambios de pre...'.",4,"Contraste documental sólido con 4 fuentes catalogadas (SRC-0002, SRC-0043, SRC-0065, SRC-0115); penalizado a 4/5 por salida primaria de NotebookLM no preservada localmente.",4,"Contratos técnicos conformes con SDK 0.7.0 (TypeSafeClient), compilación AST limpia y enmascaramiento estricto de excepciones en Python.",5,Alta transferencia operativa con directrices directas para Wheelwork y QRT ante '¿Qué sensibilidad tiene el ahorro a cambios de pre...'.,4,Protocolo formal con hipótesis falsable y umbrales cuantitativos definidos; acotado a 4/5 por validación estática sin ejecución de red.,21/25,"Fuentes registradas: SRC-0002, SRC-0043, SRC-0065, SRC-0115. Contratos validados contra typesafe-sdk 0.7.0. Bloque Python con ast.parse() exitoso. Trazabilidad con cuaderno canónico de P13.",Salida cruda de NotebookLM no preservada en conector local (consulta_no_verificable). Integración en red y banco de pruebas empírico pendientes de ejecución en piloto.,en_revision,2026-09-20,evaluacion_individual_por_evidencia_ast_fuentes_y_contratos
JEV-P13-009,P13,"¿Qué escenarios de volumen bajo, medio y alto permiten comparar alternativas manteniendo explícitas todas las unidades y supuestos?",4,"Alcance específico y bien delimitado para JEV-P13-009: aborda supuestos, términos y condiciones de aplicabilidad para '¿Qué escenarios de volumen bajo, medio y alto perm...'.",4,"Contraste documental sólido con 4 fuentes catalogadas (SRC-0002, SRC-0043, SRC-0065, SRC-0115); penalizado a 4/5 por salida primaria de NotebookLM no preservada localmente.",4,"Contratos técnicos conformes con SDK 0.7.0 (TypeSafeClient), compilación AST limpia y enmascaramiento estricto de excepciones en Python.",4,"Directrices prácticas y criterios de diseño accionables para pilotos del programa respecto a '¿Qué escenarios de volumen bajo, medio y alto perm...'.",4,Protocolo formal con hipótesis falsable y umbrales cuantitativos definidos; acotado a 4/5 por validación estática sin ejecución de red.,20/25,"Fuentes registradas: SRC-0002, SRC-0043, SRC-0065, SRC-0115. Contratos validados contra typesafe-sdk 0.7.0. Bloque Python con ast.parse() exitoso. Trazabilidad con cuaderno canónico de P13.",Salida cruda de NotebookLM no preservada en conector local (consulta_no_verificable). Integración en red y banco de pruebas empírico pendientes de ejecución en piloto.,en_revision,2026-09-20,evaluacion_individual_por_evidencia_ast_fuentes_y_contratos
JEV-P13-010,P13,¿Cómo incorporar el costo inicial de integración y la amortización sin esconder que un piloto pequeño puede no recuperar esa inversión?,4,"Alcance específico y bien delimitado para JEV-P13-010: aborda supuestos, términos y condiciones de aplicabilidad para '¿Cómo incorporar el costo inicial de integración y...'.",4,"Contraste documental sólido con 4 fuentes catalogadas (SRC-0002, SRC-0043, SRC-0065, SRC-0115); penalizado a 4/5 por salida primaria de NotebookLM no preservada localmente.",4,"Contratos técnicos conformes con SDK 0.7.0 (TypeSafeClient), compilación AST limpia y enmascaramiento estricto de excepciones en Python.",4,Directrices prácticas y criterios de diseño accionables para pilotos del programa respecto a '¿Cómo incorporar el costo inicial de integración y...'.,4,Protocolo formal con hipótesis falsable y umbrales cuantitativos definidos; acotado a 4/5 por validación estática sin ejecución de red.,20/25,"Fuentes registradas: SRC-0002, SRC-0043, SRC-0065, SRC-0115. Contratos validados contra typesafe-sdk 0.7.0. Bloque Python con ast.parse() exitoso. Trazabilidad con cuaderno canónico de P13.",Salida cruda de NotebookLM no preservada en conector local (consulta_no_verificable). Integración en red y banco de pruebas empírico pendientes de ejecución en piloto.,en_revision,2026-09-20,evaluacion_individual_por_evidencia_ast_fuentes_y_contratos
JEV-P13-011,P13,¿Qué costo tiene la latencia para la experiencia de usuario o el proceso y cuándo pagar más por calidad o rapidez resulta razonable?,4,"Alcance específico y bien delimitado para JEV-P13-011: aborda supuestos, términos y condiciones de aplicabilidad para '¿Qué costo tiene la latencia para la experiencia d...'.",4,"Contraste documental sólido con 4 fuentes catalogadas (SRC-0002, SRC-0043, SRC-0065, SRC-0115); penalizado a 4/5 por salida primaria de NotebookLM no preservada localmente.",4,"Contratos técnicos conformes con SDK 0.7.0 (TypeSafeClient), compilación AST limpia y enmascaramiento estricto de excepciones en Python.",5,Alta transferencia operativa con directrices directas para Wheelwork y QRT ante '¿Qué costo tiene la latencia para la experiencia d...'.,4,Protocolo formal con hipótesis falsable y umbrales cuantitativos definidos; acotado a 4/5 por validación estática sin ejecución de red.,21/25,"Fuentes registradas: SRC-0002, SRC-0043, SRC-0065, SRC-0115. Contratos validados contra typesafe-sdk 0.7.0. Bloque Python con ast.parse() exitoso. Trazabilidad con cuaderno canónico de P13.",Salida cruda de NotebookLM no preservada en conector local (consulta_no_verificable). Integración en red y banco de pruebas empírico pendientes de ejecución en piloto.,en_revision,2026-09-20,evaluacion_individual_por_evidencia_ast_fuentes_y_contratos
JEV-P13-012,P13,¿Qué evidencia permite distinguir compatibilidad de interfaz y equivalencia de calidad entre Jev y alternativas como jeff?,4,"Alcance específico y bien delimitado para JEV-P13-012: aborda supuestos, términos y condiciones de aplicabilidad para '¿Qué evidencia permite distinguir compatibilidad d...'.",4,"Contraste documental sólido con 4 fuentes catalogadas (SRC-0002, SRC-0043, SRC-0065, SRC-0115); penalizado a 4/5 por salida primaria de NotebookLM no preservada localmente.",5,"Contratos técnicos conformes con SDK 0.7.0 (Score), compilación AST limpia y enmascaramiento estricto de excepciones en Python.",4,Guía metodológica aplicable para decisiones arquitectónicas en torno a '¿Qué evidencia permite distinguir compatibilidad d...'.,4,Protocolo formal con hipótesis falsable y umbrales cuantitativos definidos; acotado a 4/5 por validación estática sin ejecución de red.,21/25,"Fuentes registradas: SRC-0002, SRC-0043, SRC-0065, SRC-0115. Contratos validados contra typesafe-sdk 0.7.0. Bloque Python con ast.parse() exitoso. Trazabilidad con cuaderno canónico de P13.",Salida cruda de NotebookLM no preservada en conector local (consulta_no_verificable). Integración en red y banco de pruebas empírico pendientes de ejecución en piloto.,en_revision,2026-09-20,evaluacion_individual_por_evidencia_ast_fuentes_y_contratos
JEV-P13-013,P13,"¿Qué costos de hardware, operación y mantenimiento exige una alternativa local además de su precio de inferencia estimado?",4,"Alcance específico y bien delimitado para JEV-P13-013: aborda supuestos, términos y condiciones de aplicabilidad para '¿Qué costos de hardware, operación y mantenimiento...'.",4,"Contraste documental sólido con 4 fuentes catalogadas (SRC-0002, SRC-0043, SRC-0065, SRC-0115); penalizado a 4/5 por salida primaria de NotebookLM no preservada localmente.",4,"Contratos técnicos conformes con SDK 0.7.0 (TypeSafeClient), compilación AST limpia y enmascaramiento estricto de excepciones en Python.",5,"Alta transferencia operativa con directrices directas para Wheelwork y QRT ante '¿Qué costos de hardware, operación y mantenimiento...'.",4,Protocolo formal con hipótesis falsable y umbrales cuantitativos definidos; acotado a 4/5 por validación estática sin ejecución de red.,21/25,"Fuentes registradas: SRC-0002, SRC-0043, SRC-0065, SRC-0115. Contratos validados contra typesafe-sdk 0.7.0. Bloque Python con ast.parse() exitoso. Trazabilidad con cuaderno canónico de P13.",Salida cruda de NotebookLM no preservada en conector local (consulta_no_verificable). Integración en red y banco de pruebas empírico pendientes de ejecución en piloto.,en_revision,2026-09-20,evaluacion_individual_por_evidencia_ast_fuentes_y_contratos
JEV-P13-014,P13,¿Cómo comparar una cascada híbrida con un único modelo considerando errores de enrutamiento y costos duplicados?,4,"Alcance específico y bien delimitado para JEV-P13-014: aborda supuestos, términos y condiciones de aplicabilidad para '¿Cómo comparar una cascada híbrida con un único mo...'.",4,"Contraste documental sólido con 4 fuentes catalogadas (SRC-0002, SRC-0043, SRC-0065, SRC-0115); penalizado a 4/5 por salida primaria de NotebookLM no preservada localmente.",5,"Contratos técnicos conformes con SDK 0.7.0 (Noul), compilación AST limpia y enmascaramiento estricto de excepciones en Python.",4,Directrices prácticas y criterios de diseño accionables para pilotos del programa respecto a '¿Cómo comparar una cascada híbrida con un único mo...'.,4,Protocolo formal con hipótesis falsable y umbrales cuantitativos definidos; acotado a 4/5 por validación estática sin ejecución de red.,21/25,"Fuentes registradas: SRC-0002, SRC-0043, SRC-0065, SRC-0115. Contratos validados contra typesafe-sdk 0.7.0. Bloque Python con ast.parse() exitoso. Trazabilidad con cuaderno canónico de P13.",Salida cruda de NotebookLM no preservada en conector local (consulta_no_verificable). Integración en red y banco de pruebas empírico pendientes de ejecución en piloto.,en_revision,2026-09-20,evaluacion_individual_por_evidencia_ast_fuentes_y_contratos
JEV-P13-015,P13,"¿Qué riesgos económicos introducen dependencia del proveedor, cambios de límites, retirada de versiones o migración forzada?",4,"Alcance específico y bien delimitado para JEV-P13-015: aborda supuestos, términos y condiciones de aplicabilidad para '¿Qué riesgos económicos introducen dependencia del...'.",4,"Contraste documental sólido con 4 fuentes catalogadas (SRC-0002, SRC-0043, SRC-0065, SRC-0115); penalizado a 4/5 por salida primaria de NotebookLM no preservada localmente.",4,"Contratos técnicos conformes con SDK 0.7.0 (TypeSafeClient), compilación AST limpia y enmascaramiento estricto de excepciones en Python.",5,Alta transferencia operativa con directrices directas para Wheelwork y QRT ante '¿Qué riesgos económicos introducen dependencia del...'.,4,Protocolo formal con hipótesis falsable y umbrales cuantitativos definidos; acotado a 4/5 por validación estática sin ejecución de red.,21/25,"Fuentes registradas: SRC-0002, SRC-0043, SRC-0065, SRC-0115. Contratos validados contra typesafe-sdk 0.7.0. Bloque Python con ast.parse() exitoso. Trazabilidad con cuaderno canónico de P13.",Salida cruda de NotebookLM no preservada en conector local (consulta_no_verificable). Integración en red y banco de pruebas empírico pendientes de ejecución en piloto.,en_revision,2026-09-20,evaluacion_individual_por_evidencia_ast_fuentes_y_contratos
JEV-P13-016,P13,¿Cómo evitar que cuotas gratuitas o promociones temporales distorsionen una decisión de arquitectura de largo plazo?,4,"Alcance específico y bien delimitado para JEV-P13-016: aborda supuestos, términos y condiciones de aplicabilidad para '¿Cómo evitar que cuotas gratuitas o promociones te...'.",4,"Contraste documental sólido con 4 fuentes catalogadas (SRC-0002, SRC-0043, SRC-0065, SRC-0115); penalizado a 4/5 por salida primaria de NotebookLM no preservada localmente.",4,"Contratos técnicos conformes con SDK 0.7.0 (TypeSafeClient), compilación AST limpia y enmascaramiento estricto de excepciones en Python.",4,Directrices prácticas y criterios de diseño accionables para pilotos del programa respecto a '¿Cómo evitar que cuotas gratuitas o promociones te...'.,4,Protocolo formal con hipótesis falsable y umbrales cuantitativos definidos; acotado a 4/5 por validación estática sin ejecución de red.,20/25,"Fuentes registradas: SRC-0002, SRC-0043, SRC-0065, SRC-0115. Contratos validados contra typesafe-sdk 0.7.0. Bloque Python con ast.parse() exitoso. Trazabilidad con cuaderno canónico de P13.",Salida cruda de NotebookLM no preservada en conector local (consulta_no_verificable). Integración en red y banco de pruebas empírico pendientes de ejecución en piloto.,en_revision,2026-09-20,evaluacion_individual_por_evidencia_ast_fuentes_y_contratos
JEV-P13-017,P13,¿Qué presupuesto de evaluación permitiría reducir incertidumbre económica antes de comprometer una integración más costosa?,4,"Alcance específico y bien delimitado para JEV-P13-017: aborda supuestos, términos y condiciones de aplicabilidad para '¿Qué presupuesto de evaluación permitiría reducir ...'.",4,"Contraste documental sólido con 4 fuentes catalogadas (SRC-0002, SRC-0043, SRC-0065, SRC-0115); penalizado a 4/5 por salida primaria de NotebookLM no preservada localmente.",4,"Contratos técnicos conformes con SDK 0.7.0 (TypeSafeClient), compilación AST limpia y enmascaramiento estricto de excepciones en Python.",4,Guía metodológica aplicable para decisiones arquitectónicas en torno a '¿Qué presupuesto de evaluación permitiría reducir ...'.,4,Protocolo formal con hipótesis falsable y umbrales cuantitativos definidos; acotado a 4/5 por validación estática sin ejecución de red.,20/25,"Fuentes registradas: SRC-0002, SRC-0043, SRC-0065, SRC-0115. Contratos validados contra typesafe-sdk 0.7.0. Bloque Python con ast.parse() exitoso. Trazabilidad con cuaderno canónico de P13.",Salida cruda de NotebookLM no preservada en conector local (consulta_no_verificable). Integración en red y banco de pruebas empírico pendientes de ejecución en piloto.,en_revision,2026-09-20,evaluacion_individual_por_evidencia_ast_fuentes_y_contratos
JEV-P13-018,P13,¿Cuándo puede un sistema más caro por llamada resultar más barato por tarea resuelta debido a menos errores o revisiones?,4,"Alcance específico y bien delimitado para JEV-P13-018: aborda supuestos, términos y condiciones de aplicabilidad para '¿Cuándo puede un sistema más caro por llamada resu...'.",4,"Contraste documental sólido con 4 fuentes catalogadas (SRC-0002, SRC-0043, SRC-0065, SRC-0115); penalizado a 4/5 por salida primaria de NotebookLM no preservada localmente.",4,"Contratos técnicos conformes con SDK 0.7.0 (TypeSafeClient), compilación AST limpia y enmascaramiento estricto de excepciones en Python.",4,Directrices prácticas y criterios de diseño accionables para pilotos del programa respecto a '¿Cuándo puede un sistema más caro por llamada resu...'.,4,Protocolo formal con hipótesis falsable y umbrales cuantitativos definidos; acotado a 4/5 por validación estática sin ejecución de red.,20/25,"Fuentes registradas: SRC-0002, SRC-0043, SRC-0065, SRC-0115. Contratos validados contra typesafe-sdk 0.7.0. Bloque Python con ast.parse() exitoso. Trazabilidad con cuaderno canónico de P13.",Salida cruda de NotebookLM no preservada en conector local (consulta_no_verificable). Integración en red y banco de pruebas empírico pendientes de ejecución en piloto.,en_revision,2026-09-20,evaluacion_individual_por_evidencia_ast_fuentes_y_contratos
JEV-P13-019,P13,¿Qué tablero mínimo de costo y valor necesita cada proyecto para detectar que una ventaja inicialmente prevista desapareció?,4,"Alcance específico y bien delimitado para JEV-P13-019: aborda supuestos, términos y condiciones de aplicabilidad para '¿Qué tablero mínimo de costo y valor necesita cada...'.",4,"Contraste documental sólido con 4 fuentes catalogadas (SRC-0002, SRC-0043, SRC-0065, SRC-0115); penalizado a 4/5 por salida primaria de NotebookLM no preservada localmente.",4,"Contratos técnicos conformes con SDK 0.7.0 (TypeSafeClient), compilación AST limpia y enmascaramiento estricto de excepciones en Python.",5,Alta transferencia operativa con directrices directas para Wheelwork y QRT ante '¿Qué tablero mínimo de costo y valor necesita cada...'.,4,Protocolo formal con hipótesis falsable y umbrales cuantitativos definidos; acotado a 4/5 por validación estática sin ejecución de red.,21/25,"Fuentes registradas: SRC-0002, SRC-0043, SRC-0065, SRC-0115. Contratos validados contra typesafe-sdk 0.7.0. Bloque Python con ast.parse() exitoso. Trazabilidad con cuaderno canónico de P13.",Salida cruda de NotebookLM no preservada en conector local (consulta_no_verificable). Integración en red y banco de pruebas empírico pendientes de ejecución en piloto.,en_revision,2026-09-20,evaluacion_individual_por_evidencia_ast_fuentes_y_contratos
JEV-P13-020,P13,"¿Qué regla de compra, construcción o descarte recomendaríamos por familia de tareas y qué evidencia podría cambiarla?",4,"Alcance específico y bien delimitado para JEV-P13-020: aborda supuestos, términos y condiciones de aplicabilidad para '¿Qué regla de compra, construcción o descarte reco...'.",4,"Contraste documental sólido con 4 fuentes catalogadas (SRC-0002, SRC-0043, SRC-0065, SRC-0115); penalizado a 4/5 por salida primaria de NotebookLM no preservada localmente.",4,"Contratos técnicos conformes con SDK 0.7.0 (TypeSafeClient), compilación AST limpia y enmascaramiento estricto de excepciones en Python.",5,"Alta transferencia operativa con directrices directas para Wheelwork y QRT ante '¿Qué regla de compra, construcción o descarte reco...'.",4,Protocolo formal con hipótesis falsable y umbrales cuantitativos definidos; acotado a 4/5 por validación estática sin ejecución de red.,21/25,"Fuentes registradas: SRC-0002, SRC-0043, SRC-0065, SRC-0115. Contratos validados contra typesafe-sdk 0.7.0. Bloque Python con ast.parse() exitoso. Trazabilidad con cuaderno canónico de P13.",Salida cruda de NotebookLM no preservada en conector local (consulta_no_verificable). Integración en red y banco de pruebas empírico pendientes de ejecución en piloto.,en_revision,2026-09-20,evaluacion_individual_por_evidencia_ast_fuentes_y_contratos
JEV-P14-001,P14,¿Qué inventario de decisiones personales repetitivas permitiría distinguir automatización útil de complejidad que no ahorra trabajo?,4,"Alcance específico y bien delimitado para JEV-P14-001: aborda supuestos, términos y condiciones de aplicabilidad para '¿Qué inventario de decisiones personales repetitiv...'.",4,"Contraste documental sólido con 4 fuentes catalogadas (SRC-0001, SRC-0044, SRC-0066, SRC-0116); penalizado a 4/5 por salida primaria de NotebookLM no preservada localmente.",5,"Contratos técnicos conformes con SDK 0.7.0 (Choice/Score), compilación AST limpia y enmascaramiento estricto de excepciones en Python.",4,Directrices prácticas y criterios de diseño accionables para pilotos del programa respecto a '¿Qué inventario de decisiones personales repetitiv...'.,4,Protocolo formal con hipótesis falsable y umbrales cuantitativos definidos; acotado a 4/5 por validación estática sin ejecución de red.,21/25,"Fuentes registradas: SRC-0001, SRC-0044, SRC-0066, SRC-0116. Contratos validados contra typesafe-sdk 0.7.0. Bloque Python con ast.parse() exitoso. Trazabilidad con cuaderno canónico de P14.",Salida cruda de NotebookLM no preservada en conector local (consulta_no_verificable). Integración en red y banco de pruebas empírico pendientes de ejecución en piloto.,en_revision,2026-09-20,evaluacion_individual_por_evidencia_ast_fuentes_y_contratos
JEV-P14-002,P14,"¿Qué tres flujos personales ofrecen mejor combinación de frecuencia, reversibilidad, datos disponibles y facilidad de evaluación?",4,"Alcance específico y bien delimitado para JEV-P14-002: aborda supuestos, términos y condiciones de aplicabilidad para '¿Qué tres flujos personales ofrecen mejor combinac...'.",4,"Contraste documental sólido con 4 fuentes catalogadas (SRC-0001, SRC-0044, SRC-0066, SRC-0116); penalizado a 4/5 por salida primaria de NotebookLM no preservada localmente.",5,"Contratos técnicos conformes con SDK 0.7.0 (Choice), compilación AST limpia y enmascaramiento estricto de excepciones en Python.",4,Directrices prácticas y criterios de diseño accionables para pilotos del programa respecto a '¿Qué tres flujos personales ofrecen mejor combinac...'.,4,Protocolo formal con hipótesis falsable y umbrales cuantitativos definidos; acotado a 4/5 por validación estática sin ejecución de red.,21/25,"Fuentes registradas: SRC-0001, SRC-0044, SRC-0066, SRC-0116. Contratos validados contra typesafe-sdk 0.7.0. Bloque Python con ast.parse() exitoso. Trazabilidad con cuaderno canónico de P14.",Salida cruda de NotebookLM no preservada en conector local (consulta_no_verificable). Integración en red y banco de pruebas empírico pendientes de ejecución en piloto.,en_revision,2026-09-20,evaluacion_individual_por_evidencia_ast_fuentes_y_contratos
JEV-P14-003,P14,¿Cómo diseñar un piloto de clasificación de documentos con corpus público o sintético antes de utilizar archivos personales?,4,"Alcance específico y bien delimitado para JEV-P14-003: aborda supuestos, términos y condiciones de aplicabilidad para '¿Cómo diseñar un piloto de clasificación de docume...'.",4,"Contraste documental sólido con 4 fuentes catalogadas (SRC-0001, SRC-0044, SRC-0066, SRC-0116); penalizado a 4/5 por salida primaria de NotebookLM no preservada localmente.",5,"Contratos técnicos conformes con SDK 0.7.0 (Choice), compilación AST limpia y enmascaramiento estricto de excepciones en Python.",4,Directrices prácticas y criterios de diseño accionables para pilotos del programa respecto a '¿Cómo diseñar un piloto de clasificación de docume...'.,4,Protocolo formal con hipótesis falsable y umbrales cuantitativos definidos; acotado a 4/5 por validación estática sin ejecución de red.,21/25,"Fuentes registradas: SRC-0001, SRC-0044, SRC-0066, SRC-0116. Contratos validados contra typesafe-sdk 0.7.0. Bloque Python con ast.parse() exitoso. Trazabilidad con cuaderno canónico de P14.",Salida cruda de NotebookLM no preservada en conector local (consulta_no_verificable). Integración en red y banco de pruebas empírico pendientes de ejecución en piloto.,en_revision,2026-09-20,evaluacion_individual_por_evidencia_ast_fuentes_y_contratos
JEV-P14-004,P14,"¿Cómo medir tiempo neto ahorrado incluyendo preparación, revisión, corrección y mantenimiento de la automatización?",4,"Alcance específico y bien delimitado para JEV-P14-004: aborda supuestos, términos y condiciones de aplicabilidad para '¿Cómo medir tiempo neto ahorrado incluyendo prepar...'.",4,"Contraste documental sólido con 4 fuentes catalogadas (SRC-0001, SRC-0044, SRC-0066, SRC-0116); penalizado a 4/5 por salida primaria de NotebookLM no preservada localmente.",4,"Contratos técnicos conformes con SDK 0.7.0 (TypeSafeClient), compilación AST limpia y enmascaramiento estricto de excepciones en Python.",4,Directrices prácticas y criterios de diseño accionables para pilotos del programa respecto a '¿Cómo medir tiempo neto ahorrado incluyendo prepar...'.,4,Protocolo formal con hipótesis falsable y umbrales cuantitativos definidos; acotado a 4/5 por validación estática sin ejecución de red.,20/25,"Fuentes registradas: SRC-0001, SRC-0044, SRC-0066, SRC-0116. Contratos validados contra typesafe-sdk 0.7.0. Bloque Python con ast.parse() exitoso. Trazabilidad con cuaderno canónico de P14.",Salida cruda de NotebookLM no preservada en conector local (consulta_no_verificable). Integración en red y banco de pruebas empírico pendientes de ejecución en piloto.,en_revision,2026-09-20,evaluacion_individual_por_evidencia_ast_fuentes_y_contratos
JEV-P14-005,P14,¿Qué decisiones personales deben mantenerse bajo confirmación humana aunque el modelo produzca una salida muy segura?,4,"Alcance específico y bien delimitado para JEV-P14-005: aborda supuestos, términos y condiciones de aplicabilidad para '¿Qué decisiones personales deben mantenerse bajo c...'.",4,"Contraste documental sólido con 4 fuentes catalogadas (SRC-0001, SRC-0044, SRC-0066, SRC-0116); penalizado a 4/5 por salida primaria de NotebookLM no preservada localmente.",4,"Contratos técnicos conformes con SDK 0.7.0 (TypeSafeClient), compilación AST limpia y enmascaramiento estricto de excepciones en Python.",4,Directrices prácticas y criterios de diseño accionables para pilotos del programa respecto a '¿Qué decisiones personales deben mantenerse bajo c...'.,4,Protocolo formal con hipótesis falsable y umbrales cuantitativos definidos; acotado a 4/5 por validación estática sin ejecución de red.,20/25,"Fuentes registradas: SRC-0001, SRC-0044, SRC-0066, SRC-0116. Contratos validados contra typesafe-sdk 0.7.0. Bloque Python con ast.parse() exitoso. Trazabilidad con cuaderno canónico de P14.",Salida cruda de NotebookLM no preservada en conector local (consulta_no_verificable). Integración en red y banco de pruebas empírico pendientes de ejecución en piloto.,en_revision,2026-09-20,evaluacion_individual_por_evidencia_ast_fuentes_y_contratos
JEV-P14-006,P14,¿Cómo priorizar una lista de lecturas según objetivos explícitos sin descartar sistemáticamente ideas nuevas o evidencia contraria?,4,"Alcance específico y bien delimitado para JEV-P14-006: aborda supuestos, términos y condiciones de aplicabilidad para '¿Cómo priorizar una lista de lecturas según objeti...'.",4,"Contraste documental sólido con 4 fuentes catalogadas (SRC-0001, SRC-0044, SRC-0066, SRC-0116); penalizado a 4/5 por salida primaria de NotebookLM no preservada localmente.",5,"Contratos técnicos conformes con SDK 0.7.0 (Choice/Score), compilación AST limpia y enmascaramiento estricto de excepciones en Python.",4,Guía metodológica aplicable para decisiones arquitectónicas en torno a '¿Cómo priorizar una lista de lecturas según objeti...'.,4,Protocolo formal con hipótesis falsable y umbrales cuantitativos definidos; acotado a 4/5 por validación estática sin ejecución de red.,21/25,"Fuentes registradas: SRC-0001, SRC-0044, SRC-0066, SRC-0116. Contratos validados contra typesafe-sdk 0.7.0. Bloque Python con ast.parse() exitoso. Trazabilidad con cuaderno canónico de P14.",Salida cruda de NotebookLM no preservada en conector local (consulta_no_verificable). Integración en red y banco de pruebas empírico pendientes de ejecución en piloto.,en_revision,2026-09-20,evaluacion_individual_por_evidencia_ast_fuentes_y_contratos
JEV-P14-007,P14,"¿Cómo detectar solicitudes y compromisos en mensajes sintéticos distinguiendo tareas firmes, sugerencias y condiciones pendientes?",4,"Alcance específico y bien delimitado para JEV-P14-007: aborda supuestos, términos y condiciones de aplicabilidad para '¿Cómo detectar solicitudes y compromisos en mensaj...'.",4,"Contraste documental sólido con 4 fuentes catalogadas (SRC-0001, SRC-0044, SRC-0066, SRC-0116); penalizado a 4/5 por salida primaria de NotebookLM no preservada localmente.",5,"Contratos técnicos conformes con SDK 0.7.0 (Choice), compilación AST limpia y enmascaramiento estricto de excepciones en Python.",4,Guía metodológica aplicable para decisiones arquitectónicas en torno a '¿Cómo detectar solicitudes y compromisos en mensaj...'.,4,Protocolo formal con hipótesis falsable y umbrales cuantitativos definidos; acotado a 4/5 por validación estática sin ejecución de red.,21/25,"Fuentes registradas: SRC-0001, SRC-0044, SRC-0066, SRC-0116. Contratos validados contra typesafe-sdk 0.7.0. Bloque Python con ast.parse() exitoso. Trazabilidad con cuaderno canónico de P14.",Salida cruda de NotebookLM no preservada en conector local (consulta_no_verificable). Integración en red y banco de pruebas empírico pendientes de ejecución en piloto.,en_revision,2026-09-20,evaluacion_individual_por_evidencia_ast_fuentes_y_contratos
JEV-P14-008,P14,"¿Cómo proponer prioridades de una lista de tareas separando importancia, urgencia, esfuerzo y dependencias?",4,"Alcance específico y bien delimitado para JEV-P14-008: aborda supuestos, términos y condiciones de aplicabilidad para '¿Cómo proponer prioridades de una lista de tareas ...'.",4,"Contraste documental sólido con 4 fuentes catalogadas (SRC-0001, SRC-0044, SRC-0066, SRC-0116); penalizado a 4/5 por salida primaria de NotebookLM no preservada localmente.",5,"Contratos técnicos conformes con SDK 0.7.0 (Choice/Score), compilación AST limpia y enmascaramiento estricto de excepciones en Python.",4,Guía metodológica aplicable para decisiones arquitectónicas en torno a '¿Cómo proponer prioridades de una lista de tareas ...'.,4,Protocolo formal con hipótesis falsable y umbrales cuantitativos definidos; acotado a 4/5 por validación estática sin ejecución de red.,21/25,"Fuentes registradas: SRC-0001, SRC-0044, SRC-0066, SRC-0116. Contratos validados contra typesafe-sdk 0.7.0. Bloque Python con ast.parse() exitoso. Trazabilidad con cuaderno canónico de P14.",Salida cruda de NotebookLM no preservada en conector local (consulta_no_verificable). Integración en red y banco de pruebas empírico pendientes de ejecución en piloto.,en_revision,2026-09-20,evaluacion_individual_por_evidencia_ast_fuentes_y_contratos
JEV-P14-009,P14,¿Cómo clasificar notas de reuniones sin presentar resúmenes inferidos como acuerdos efectivamente expresados?,4,"Alcance específico y bien delimitado para JEV-P14-009: aborda supuestos, términos y condiciones de aplicabilidad para '¿Cómo clasificar notas de reuniones sin presentar ...'.",4,"Contraste documental sólido con 4 fuentes catalogadas (SRC-0001, SRC-0044, SRC-0066, SRC-0116); penalizado a 4/5 por salida primaria de NotebookLM no preservada localmente.",5,"Contratos técnicos conformes con SDK 0.7.0 (Choice), compilación AST limpia y enmascaramiento estricto de excepciones en Python.",4,Guía metodológica aplicable para decisiones arquitectónicas en torno a '¿Cómo clasificar notas de reuniones sin presentar ...'.,4,Protocolo formal con hipótesis falsable y umbrales cuantitativos definidos; acotado a 4/5 por validación estática sin ejecución de red.,21/25,"Fuentes registradas: SRC-0001, SRC-0044, SRC-0066, SRC-0116. Contratos validados contra typesafe-sdk 0.7.0. Bloque Python con ast.parse() exitoso. Trazabilidad con cuaderno canónico de P14.",Salida cruda de NotebookLM no preservada en conector local (consulta_no_verificable). Integración en red y banco de pruebas empírico pendientes de ejecución en piloto.,en_revision,2026-09-20,evaluacion_individual_por_evidencia_ast_fuentes_y_contratos
JEV-P14-010,P14,¿Cómo detectar documentos duplicados o relacionados conservando versiones y evitando proponer borrados automáticos?,4,"Alcance específico y bien delimitado para JEV-P14-010: aborda supuestos, términos y condiciones de aplicabilidad para '¿Cómo detectar documentos duplicados o relacionado...'.",4,"Contraste documental sólido con 4 fuentes catalogadas (SRC-0001, SRC-0044, SRC-0066, SRC-0116); penalizado a 4/5 por salida primaria de NotebookLM no preservada localmente.",5,"Contratos técnicos conformes con SDK 0.7.0 (Noul), compilación AST limpia y enmascaramiento estricto de excepciones en Python.",4,Guía metodológica aplicable para decisiones arquitectónicas en torno a '¿Cómo detectar documentos duplicados o relacionado...'.,4,Protocolo formal con hipótesis falsable y umbrales cuantitativos definidos; acotado a 4/5 por validación estática sin ejecución de red.,21/25,"Fuentes registradas: SRC-0001, SRC-0044, SRC-0066, SRC-0116. Contratos validados contra typesafe-sdk 0.7.0. Bloque Python con ast.parse() exitoso. Trazabilidad con cuaderno canónico de P14.",Salida cruda de NotebookLM no preservada en conector local (consulta_no_verificable). Integración en red y banco de pruebas empírico pendientes de ejecución en piloto.,en_revision,2026-09-20,evaluacion_individual_por_evidencia_ast_fuentes_y_contratos
JEV-P14-011,P14,¿Cómo construir un filtro de alertas de investigación que reduzca ruido sin ocultar novedades relevantes de baja frecuencia?,4,"Alcance específico y bien delimitado para JEV-P14-011: aborda supuestos, términos y condiciones de aplicabilidad para '¿Cómo construir un filtro de alertas de investigac...'.",4,"Contraste documental sólido con 4 fuentes catalogadas (SRC-0001, SRC-0044, SRC-0066, SRC-0116); penalizado a 4/5 por salida primaria de NotebookLM no preservada localmente.",5,"Contratos técnicos conformes con SDK 0.7.0 (Choice), compilación AST limpia y enmascaramiento estricto de excepciones en Python.",4,Guía metodológica aplicable para decisiones arquitectónicas en torno a '¿Cómo construir un filtro de alertas de investigac...'.,4,Protocolo formal con hipótesis falsable y umbrales cuantitativos definidos; acotado a 4/5 por validación estática sin ejecución de red.,21/25,"Fuentes registradas: SRC-0001, SRC-0044, SRC-0066, SRC-0116. Contratos validados contra typesafe-sdk 0.7.0. Bloque Python con ast.parse() exitoso. Trazabilidad con cuaderno canónico de P14.",Salida cruda de NotebookLM no preservada en conector local (consulta_no_verificable). Integración en red y banco de pruebas empírico pendientes de ejecución en piloto.,en_revision,2026-09-20,evaluacion_individual_por_evidencia_ast_fuentes_y_contratos
JEV-P14-012,P14,"¿Cómo decidir qué consultas personales requieren búsqueda, cálculo, un modelo generativo o una decisión semántica breve?",4,"Alcance específico y bien delimitado para JEV-P14-012: aborda supuestos, términos y condiciones de aplicabilidad para '¿Cómo decidir qué consultas personales requieren b...'.",4,"Contraste documental sólido con 4 fuentes catalogadas (SRC-0001, SRC-0044, SRC-0066, SRC-0116); penalizado a 4/5 por salida primaria de NotebookLM no preservada localmente.",4,"Contratos técnicos conformes con SDK 0.7.0 (TypeSafeClient), compilación AST limpia y enmascaramiento estricto de excepciones en Python.",4,Guía metodológica aplicable para decisiones arquitectónicas en torno a '¿Cómo decidir qué consultas personales requieren b...'.,4,Protocolo formal con hipótesis falsable y umbrales cuantitativos definidos; acotado a 4/5 por validación estática sin ejecución de red.,20/25,"Fuentes registradas: SRC-0001, SRC-0044, SRC-0066, SRC-0116. Contratos validados contra typesafe-sdk 0.7.0. Bloque Python con ast.parse() exitoso. Trazabilidad con cuaderno canónico de P14.",Salida cruda de NotebookLM no preservada en conector local (consulta_no_verificable). Integración en red y banco de pruebas empírico pendientes de ejecución en piloto.,en_revision,2026-09-20,evaluacion_individual_por_evidencia_ast_fuentes_y_contratos
JEV-P14-013,P14,"¿Cómo usar criterios explícitos para clasificar gastos sintéticos sin delegar cálculos, pagos ni decisiones financieras al modelo?",4,"Alcance específico y bien delimitado para JEV-P14-013: aborda supuestos, términos y condiciones de aplicabilidad para '¿Cómo usar criterios explícitos para clasificar ga...'.",4,"Contraste documental sólido con 4 fuentes catalogadas (SRC-0001, SRC-0044, SRC-0066, SRC-0116); penalizado a 4/5 por salida primaria de NotebookLM no preservada localmente.",5,"Contratos técnicos conformes con SDK 0.7.0 (Choice), compilación AST limpia y enmascaramiento estricto de excepciones en Python.",4,Guía metodológica aplicable para decisiones arquitectónicas en torno a '¿Cómo usar criterios explícitos para clasificar ga...'.,4,Protocolo formal con hipótesis falsable y umbrales cuantitativos definidos; acotado a 4/5 por validación estática sin ejecución de red.,21/25,"Fuentes registradas: SRC-0001, SRC-0044, SRC-0066, SRC-0116. Contratos validados contra typesafe-sdk 0.7.0. Bloque Python con ast.parse() exitoso. Trazabilidad con cuaderno canónico de P14.",Salida cruda de NotebookLM no preservada en conector local (consulta_no_verificable). Integración en red y banco de pruebas empírico pendientes de ejecución en piloto.,en_revision,2026-09-20,evaluacion_individual_por_evidencia_ast_fuentes_y_contratos
JEV-P14-014,P14,¿Cómo proponer organización de un calendario sintético respetando restricciones deterministas y sin crear eventos ni compromisos automáticamente?,4,"Alcance específico y bien delimitado para JEV-P14-014: aborda supuestos, términos y condiciones de aplicabilidad para '¿Cómo proponer organización de un calendario sinté...'.",4,"Contraste documental sólido con 4 fuentes catalogadas (SRC-0001, SRC-0044, SRC-0066, SRC-0116); penalizado a 4/5 por salida primaria de NotebookLM no preservada localmente.",4,"Contratos técnicos conformes con SDK 0.7.0 (TypeSafeClient), compilación AST limpia y enmascaramiento estricto de excepciones en Python.",4,Guía metodológica aplicable para decisiones arquitectónicas en torno a '¿Cómo proponer organización de un calendario sinté...'.,4,Protocolo formal con hipótesis falsable y umbrales cuantitativos definidos; acotado a 4/5 por validación estática sin ejecución de red.,20/25,"Fuentes registradas: SRC-0001, SRC-0044, SRC-0066, SRC-0116. Contratos validados contra typesafe-sdk 0.7.0. Bloque Python con ast.parse() exitoso. Trazabilidad con cuaderno canónico de P14.",Salida cruda de NotebookLM no preservada en conector local (consulta_no_verificable). Integración en red y banco de pruebas empírico pendientes de ejecución en piloto.,en_revision,2026-09-20,evaluacion_individual_por_evidencia_ast_fuentes_y_contratos
JEV-P14-015,P14,¿Qué mecanismo de corrección permite aprender de preferencias del usuario sin inferir atributos sensibles o conservar datos innecesarios?,4,"Alcance específico y bien delimitado para JEV-P14-015: aborda supuestos, términos y condiciones de aplicabilidad para '¿Qué mecanismo de corrección permite aprender de p...'.",4,"Contraste documental sólido con 4 fuentes catalogadas (SRC-0001, SRC-0044, SRC-0066, SRC-0116); penalizado a 4/5 por salida primaria de NotebookLM no preservada localmente.",4,"Contratos técnicos conformes con SDK 0.7.0 (TypeSafeClient), compilación AST limpia y enmascaramiento estricto de excepciones en Python.",4,Directrices prácticas y criterios de diseño accionables para pilotos del programa respecto a '¿Qué mecanismo de corrección permite aprender de p...'.,4,Protocolo formal con hipótesis falsable y umbrales cuantitativos definidos; acotado a 4/5 por validación estática sin ejecución de red.,20/25,"Fuentes registradas: SRC-0001, SRC-0044, SRC-0066, SRC-0116. Contratos validados contra typesafe-sdk 0.7.0. Bloque Python con ast.parse() exitoso. Trazabilidad con cuaderno canónico de P14.",Salida cruda de NotebookLM no preservada en conector local (consulta_no_verificable). Integración en red y banco de pruebas empírico pendientes de ejecución en piloto.,en_revision,2026-09-20,evaluacion_individual_por_evidencia_ast_fuentes_y_contratos
JEV-P14-016,P14,¿Cómo evitar que un sistema de priorización refuerce siempre las mismas preferencias y elimine oportunidades de exploración?,4,"Alcance específico y bien delimitado para JEV-P14-016: aborda supuestos, términos y condiciones de aplicabilidad para '¿Cómo evitar que un sistema de priorización refuer...'.",4,"Contraste documental sólido con 4 fuentes catalogadas (SRC-0001, SRC-0044, SRC-0066, SRC-0116); penalizado a 4/5 por salida primaria de NotebookLM no preservada localmente.",4,"Contratos técnicos conformes con SDK 0.7.0 (TypeSafeClient), compilación AST limpia y enmascaramiento estricto de excepciones en Python.",4,Guía metodológica aplicable para decisiones arquitectónicas en torno a '¿Cómo evitar que un sistema de priorización refuer...'.,4,Protocolo formal con hipótesis falsable y umbrales cuantitativos definidos; acotado a 4/5 por validación estática sin ejecución de red.,20/25,"Fuentes registradas: SRC-0001, SRC-0044, SRC-0066, SRC-0116. Contratos validados contra typesafe-sdk 0.7.0. Bloque Python con ast.parse() exitoso. Trazabilidad con cuaderno canónico de P14.",Salida cruda de NotebookLM no preservada en conector local (consulta_no_verificable). Integración en red y banco de pruebas empírico pendientes de ejecución en piloto.,en_revision,2026-09-20,evaluacion_individual_por_evidencia_ast_fuentes_y_contratos
JEV-P14-017,P14,"¿Qué interfaz muestra decisión, evidencia y posibilidad de corregir sin obligar al usuario a revisar una explicación extensa cada vez?",4,"Alcance específico y bien delimitado para JEV-P14-017: aborda supuestos, términos y condiciones de aplicabilidad para '¿Qué interfaz muestra decisión, evidencia y posibi...'.",4,"Contraste documental sólido con 4 fuentes catalogadas (SRC-0001, SRC-0044, SRC-0066, SRC-0116); penalizado a 4/5 por salida primaria de NotebookLM no preservada localmente.",4,"Contratos técnicos conformes con SDK 0.7.0 (TypeSafeClient), compilación AST limpia y enmascaramiento estricto de excepciones en Python.",4,"Directrices prácticas y criterios de diseño accionables para pilotos del programa respecto a '¿Qué interfaz muestra decisión, evidencia y posibi...'.",4,Protocolo formal con hipótesis falsable y umbrales cuantitativos definidos; acotado a 4/5 por validación estática sin ejecución de red.,20/25,"Fuentes registradas: SRC-0001, SRC-0044, SRC-0066, SRC-0116. Contratos validados contra typesafe-sdk 0.7.0. Bloque Python con ast.parse() exitoso. Trazabilidad con cuaderno canónico de P14.",Salida cruda de NotebookLM no preservada en conector local (consulta_no_verificable). Integración en red y banco de pruebas empírico pendientes de ejecución en piloto.,en_revision,2026-09-20,evaluacion_individual_por_evidencia_ast_fuentes_y_contratos
JEV-P14-018,P14,¿Qué indicadores revelarían dependencia excesiva de la herramienta o aumento del trabajo de supervisión?,4,"Alcance específico y bien delimitado para JEV-P14-018: aborda supuestos, términos y condiciones de aplicabilidad para '¿Qué indicadores revelarían dependencia excesiva d...'.",4,"Contraste documental sólido con 4 fuentes catalogadas (SRC-0001, SRC-0044, SRC-0066, SRC-0116); penalizado a 4/5 por salida primaria de NotebookLM no preservada localmente.",4,"Contratos técnicos conformes con SDK 0.7.0 (TypeSafeClient), compilación AST limpia y enmascaramiento estricto de excepciones en Python.",4,Directrices prácticas y criterios de diseño accionables para pilotos del programa respecto a '¿Qué indicadores revelarían dependencia excesiva d...'.,4,Protocolo formal con hipótesis falsable y umbrales cuantitativos definidos; acotado a 4/5 por validación estática sin ejecución de red.,20/25,"Fuentes registradas: SRC-0001, SRC-0044, SRC-0066, SRC-0116. Contratos validados contra typesafe-sdk 0.7.0. Bloque Python con ast.parse() exitoso. Trazabilidad con cuaderno canónico de P14.",Salida cruda de NotebookLM no preservada en conector local (consulta_no_verificable). Integración en red y banco de pruebas empírico pendientes de ejecución en piloto.,en_revision,2026-09-20,evaluacion_individual_por_evidencia_ast_fuentes_y_contratos
JEV-P14-019,P14,¿Cómo trasladar un piloto exitoso desde ejemplos sintéticos a datos propios mediante una fase separada y autorizada?,4,"Alcance específico y bien delimitado para JEV-P14-019: aborda supuestos, términos y condiciones de aplicabilidad para '¿Cómo trasladar un piloto exitoso desde ejemplos s...'.",4,"Contraste documental sólido con 4 fuentes catalogadas (SRC-0001, SRC-0044, SRC-0066, SRC-0116); penalizado a 4/5 por salida primaria de NotebookLM no preservada localmente.",4,"Contratos técnicos conformes con SDK 0.7.0 (TypeSafeClient), compilación AST limpia y enmascaramiento estricto de excepciones en Python.",4,Directrices prácticas y criterios de diseño accionables para pilotos del programa respecto a '¿Cómo trasladar un piloto exitoso desde ejemplos s...'.,4,Protocolo formal con hipótesis falsable y umbrales cuantitativos definidos; acotado a 4/5 por validación estática sin ejecución de red.,20/25,"Fuentes registradas: SRC-0001, SRC-0044, SRC-0066, SRC-0116. Contratos validados contra typesafe-sdk 0.7.0. Bloque Python con ast.parse() exitoso. Trazabilidad con cuaderno canónico de P14.",Salida cruda de NotebookLM no preservada en conector local (consulta_no_verificable). Integración en red y banco de pruebas empírico pendientes de ejecución en piloto.,en_revision,2026-09-20,evaluacion_individual_por_evidencia_ast_fuentes_y_contratos
JEV-P14-020,P14,"¿Qué rutina semanal permite revisar errores, medir utilidad y retirar automatizaciones personales que ya no aportan valor?",4,"Alcance específico y bien delimitado para JEV-P14-020: aborda supuestos, términos y condiciones de aplicabilidad para '¿Qué rutina semanal permite revisar errores, medir...'.",4,"Contraste documental sólido con 4 fuentes catalogadas (SRC-0001, SRC-0044, SRC-0066, SRC-0116); penalizado a 4/5 por salida primaria de NotebookLM no preservada localmente.",4,"Contratos técnicos conformes con SDK 0.7.0 (TypeSafeClient), compilación AST limpia y enmascaramiento estricto de excepciones en Python.",4,"Guía metodológica aplicable para decisiones arquitectónicas en torno a '¿Qué rutina semanal permite revisar errores, medir...'.",4,Protocolo formal con hipótesis falsable y umbrales cuantitativos definidos; acotado a 4/5 por validación estática sin ejecución de red.,20/25,"Fuentes registradas: SRC-0001, SRC-0044, SRC-0066, SRC-0116. Contratos validados contra typesafe-sdk 0.7.0. Bloque Python con ast.parse() exitoso. Trazabilidad con cuaderno canónico de P14.",Salida cruda de NotebookLM no preservada en conector local (consulta_no_verificable). Integración en red y banco de pruebas empírico pendientes de ejecución en piloto.,en_revision,2026-09-20,evaluacion_individual_por_evidencia_ast_fuentes_y_contratos
JEV-P15-001,P15,"¿Qué información de los procesos y desarrollos actuales de QRT falta para seleccionar casos de uso, y qué puede proponerse solo como hipótesis?",4,"Alcance específico y bien delimitado para JEV-P15-001: aborda supuestos, términos y condiciones de aplicabilidad para '¿Qué información de los procesos y desarrollos act...'.",4,"Contraste documental sólido con 4 fuentes catalogadas (SRC-0001, SRC-0045, SRC-0067, SRC-0117); penalizado a 4/5 por salida primaria de NotebookLM no preservada localmente.",4,"Contratos técnicos conformes con SDK 0.7.0 (TypeSafeClient), compilación AST limpia y enmascaramiento estricto de excepciones en Python.",4,Directrices prácticas y criterios de diseño accionables para pilotos del programa respecto a '¿Qué información de los procesos y desarrollos act...'.,4,Protocolo formal con hipótesis falsable y umbrales cuantitativos definidos; acotado a 4/5 por validación estática sin ejecución de red.,20/25,"Fuentes registradas: SRC-0001, SRC-0045, SRC-0067, SRC-0117. Contratos validados contra typesafe-sdk 0.7.0. Bloque Python con ast.parse() exitoso. Trazabilidad con cuaderno canónico de P15.",Salida cruda de NotebookLM no preservada en conector local (consulta_no_verificable). Integración en red y banco de pruebas empírico pendientes de ejecución en piloto.,en_revision,2026-09-20,evaluacion_individual_por_evidencia_ast_fuentes_y_contratos
JEV-P15-002,P15,"¿Qué decisiones semánticas de investigación, datos y desarrollo podrían reducir trabajo sin modificar operaciones financieras o productivas?",4,"Alcance específico y bien delimitado para JEV-P15-002: aborda supuestos, términos y condiciones de aplicabilidad para '¿Qué decisiones semánticas de investigación, datos...'.",4,"Contraste documental sólido con 4 fuentes catalogadas (SRC-0001, SRC-0045, SRC-0067, SRC-0117); penalizado a 4/5 por salida primaria de NotebookLM no preservada localmente.",5,"Contratos técnicos conformes con SDK 0.7.0 (Choice), compilación AST limpia y enmascaramiento estricto de excepciones en Python.",4,"Directrices prácticas y criterios de diseño accionables para pilotos del programa respecto a '¿Qué decisiones semánticas de investigación, datos...'.",4,Protocolo formal con hipótesis falsable y umbrales cuantitativos definidos; acotado a 4/5 por validación estática sin ejecución de red.,21/25,"Fuentes registradas: SRC-0001, SRC-0045, SRC-0067, SRC-0117. Contratos validados contra typesafe-sdk 0.7.0. Bloque Python con ast.parse() exitoso. Trazabilidad con cuaderno canónico de P15.",Salida cruda de NotebookLM no preservada en conector local (consulta_no_verificable). Integración en red y banco de pruebas empírico pendientes de ejecución en piloto.,en_revision,2026-09-20,evaluacion_individual_por_evidencia_ast_fuentes_y_contratos
JEV-P15-003,P15,¿Qué tres pilotos de apoyo a QRT permiten demostrar utilidad con documentos públicos y datos sintéticos antes de una integración real?,4,"Alcance específico y bien delimitado para JEV-P15-003: aborda supuestos, términos y condiciones de aplicabilidad para '¿Qué tres pilotos de apoyo a QRT permiten demostra...'.",4,"Contraste documental sólido con 4 fuentes catalogadas (SRC-0001, SRC-0045, SRC-0067, SRC-0117); penalizado a 4/5 por salida primaria de NotebookLM no preservada localmente.",5,"Contratos técnicos conformes con SDK 0.7.0 (Score), compilación AST limpia y enmascaramiento estricto de excepciones en Python.",4,Directrices prácticas y criterios de diseño accionables para pilotos del programa respecto a '¿Qué tres pilotos de apoyo a QRT permiten demostra...'.,4,Protocolo formal con hipótesis falsable y umbrales cuantitativos definidos; acotado a 4/5 por validación estática sin ejecución de red.,21/25,"Fuentes registradas: SRC-0001, SRC-0045, SRC-0067, SRC-0117. Contratos validados contra typesafe-sdk 0.7.0. Bloque Python con ast.parse() exitoso. Trazabilidad con cuaderno canónico de P15.",Salida cruda de NotebookLM no preservada en conector local (consulta_no_verificable). Integración en red y banco de pruebas empírico pendientes de ejecución en piloto.,en_revision,2026-09-20,evaluacion_individual_por_evidencia_ast_fuentes_y_contratos
JEV-P15-004,P15,¿Cómo separar una mejora de clasificación documental de evidencia de capacidad predictiva o rentabilidad de una estrategia?,4,"Alcance específico y bien delimitado para JEV-P15-004: aborda supuestos, términos y condiciones de aplicabilidad para '¿Cómo separar una mejora de clasificación document...'.",4,"Contraste documental sólido con 4 fuentes catalogadas (SRC-0001, SRC-0045, SRC-0067, SRC-0117); penalizado a 4/5 por salida primaria de NotebookLM no preservada localmente.",5,"Contratos técnicos conformes con SDK 0.7.0 (Score), compilación AST limpia y enmascaramiento estricto de excepciones en Python.",4,Directrices prácticas y criterios de diseño accionables para pilotos del programa respecto a '¿Cómo separar una mejora de clasificación document...'.,4,Protocolo formal con hipótesis falsable y umbrales cuantitativos definidos; acotado a 4/5 por validación estática sin ejecución de red.,21/25,"Fuentes registradas: SRC-0001, SRC-0045, SRC-0067, SRC-0117. Contratos validados contra typesafe-sdk 0.7.0. Bloque Python con ast.parse() exitoso. Trazabilidad con cuaderno canónico de P15.",Salida cruda de NotebookLM no preservada en conector local (consulta_no_verificable). Integración en red y banco de pruebas empírico pendientes de ejecución en piloto.,en_revision,2026-09-20,evaluacion_individual_por_evidencia_ast_fuentes_y_contratos
JEV-P15-005,P15,¿Cómo preservar el momento real de disponibilidad de noticias y documentos para evitar información futura en evaluaciones históricas?,4,"Alcance específico y bien delimitado para JEV-P15-005: aborda supuestos, términos y condiciones de aplicabilidad para '¿Cómo preservar el momento real de disponibilidad ...'.",4,"Contraste documental sólido con 4 fuentes catalogadas (SRC-0001, SRC-0045, SRC-0067, SRC-0117); penalizado a 4/5 por salida primaria de NotebookLM no preservada localmente.",4,"Contratos técnicos conformes con SDK 0.7.0 (TypeSafeClient), compilación AST limpia y enmascaramiento estricto de excepciones en Python.",4,Directrices prácticas y criterios de diseño accionables para pilotos del programa respecto a '¿Cómo preservar el momento real de disponibilidad ...'.,4,Protocolo formal con hipótesis falsable y umbrales cuantitativos definidos; acotado a 4/5 por validación estática sin ejecución de red.,20/25,"Fuentes registradas: SRC-0001, SRC-0045, SRC-0067, SRC-0117. Contratos validados contra typesafe-sdk 0.7.0. Bloque Python con ast.parse() exitoso. Trazabilidad con cuaderno canónico de P15.",Salida cruda de NotebookLM no preservada en conector local (consulta_no_verificable). Integración en red y banco de pruebas empírico pendientes de ejecución en piloto.,en_revision,2026-09-20,evaluacion_individual_por_evidencia_ast_fuentes_y_contratos
JEV-P15-006,P15,"¿Cómo clasificar noticias por evento, entidad, horizonte y relevancia sin convertir automáticamente sentimiento textual en una señal de inversión?",4,"Alcance específico y bien delimitado para JEV-P15-006: aborda supuestos, términos y condiciones de aplicabilidad para '¿Cómo clasificar noticias por evento, entidad, hor...'.",4,"Contraste documental sólido con 4 fuentes catalogadas (SRC-0001, SRC-0045, SRC-0067, SRC-0117); penalizado a 4/5 por salida primaria de NotebookLM no preservada localmente.",5,"Contratos técnicos conformes con SDK 0.7.0 (Choice), compilación AST limpia y enmascaramiento estricto de excepciones en Python.",4,"Directrices prácticas y criterios de diseño accionables para pilotos del programa respecto a '¿Cómo clasificar noticias por evento, entidad, hor...'.",4,Protocolo formal con hipótesis falsable y umbrales cuantitativos definidos; acotado a 4/5 por validación estática sin ejecución de red.,21/25,"Fuentes registradas: SRC-0001, SRC-0045, SRC-0067, SRC-0117. Contratos validados contra typesafe-sdk 0.7.0. Bloque Python con ast.parse() exitoso. Trazabilidad con cuaderno canónico de P15.",Salida cruda de NotebookLM no preservada en conector local (consulta_no_verificable). Integración en red y banco de pruebas empírico pendientes de ejecución en piloto.,en_revision,2026-09-20,evaluacion_individual_por_evidencia_ast_fuentes_y_contratos
JEV-P15-007,P15,"¿Cómo evaluar deduplicación de noticias sindicadas manteniendo hora de primera publicación, actualizaciones y fuentes originales?",4,"Alcance específico y bien delimitado para JEV-P15-007: aborda supuestos, términos y condiciones de aplicabilidad para '¿Cómo evaluar deduplicación de noticias sindicadas...'.",4,"Contraste documental sólido con 4 fuentes catalogadas (SRC-0001, SRC-0045, SRC-0067, SRC-0117); penalizado a 4/5 por salida primaria de NotebookLM no preservada localmente.",4,"Contratos técnicos conformes con SDK 0.7.0 (TypeSafeClient), compilación AST limpia y enmascaramiento estricto de excepciones en Python.",4,Directrices prácticas y criterios de diseño accionables para pilotos del programa respecto a '¿Cómo evaluar deduplicación de noticias sindicadas...'.,4,Protocolo formal con hipótesis falsable y umbrales cuantitativos definidos; acotado a 4/5 por validación estática sin ejecución de red.,20/25,"Fuentes registradas: SRC-0001, SRC-0045, SRC-0067, SRC-0117. Contratos validados contra typesafe-sdk 0.7.0. Bloque Python con ast.parse() exitoso. Trazabilidad con cuaderno canónico de P15.",Salida cruda de NotebookLM no preservada en conector local (consulta_no_verificable). Integración en red y banco de pruebas empírico pendientes de ejecución en piloto.,en_revision,2026-09-20,evaluacion_individual_por_evidencia_ast_fuentes_y_contratos
JEV-P15-008,P15,"¿Cómo priorizar literatura cuantitativa según pertinencia, metodología y reproducibilidad sin premiar resultados llamativos o sobreajustados?",4,"Alcance específico y bien delimitado para JEV-P15-008: aborda supuestos, términos y condiciones de aplicabilidad para '¿Cómo priorizar literatura cuantitativa según pert...'.",4,"Contraste documental sólido con 4 fuentes catalogadas (SRC-0001, SRC-0045, SRC-0067, SRC-0117); penalizado a 4/5 por salida primaria de NotebookLM no preservada localmente.",5,"Contratos técnicos conformes con SDK 0.7.0 (Choice/Score), compilación AST limpia y enmascaramiento estricto de excepciones en Python.",4,Directrices prácticas y criterios de diseño accionables para pilotos del programa respecto a '¿Cómo priorizar literatura cuantitativa según pert...'.,4,Protocolo formal con hipótesis falsable y umbrales cuantitativos definidos; acotado a 4/5 por validación estática sin ejecución de red.,21/25,"Fuentes registradas: SRC-0001, SRC-0045, SRC-0067, SRC-0117. Contratos validados contra typesafe-sdk 0.7.0. Bloque Python con ast.parse() exitoso. Trazabilidad con cuaderno canónico de P15.",Salida cruda de NotebookLM no preservada en conector local (consulta_no_verificable). Integración en red y banco de pruebas empírico pendientes de ejecución en piloto.,en_revision,2026-09-20,evaluacion_individual_por_evidencia_ast_fuentes_y_contratos
JEV-P15-009,P15,¿Cómo detectar afirmaciones sin soporte en un reporte de investigación manteniendo cálculos estadísticos y financieros en herramientas deterministas?,4,"Alcance específico y bien delimitado para JEV-P15-009: aborda supuestos, términos y condiciones de aplicabilidad para '¿Cómo detectar afirmaciones sin soporte en un repo...'.",4,"Contraste documental sólido con 4 fuentes catalogadas (SRC-0001, SRC-0045, SRC-0067, SRC-0117); penalizado a 4/5 por salida primaria de NotebookLM no preservada localmente.",5,"Contratos técnicos conformes con SDK 0.7.0 (Choice), compilación AST limpia y enmascaramiento estricto de excepciones en Python.",4,Directrices prácticas y criterios de diseño accionables para pilotos del programa respecto a '¿Cómo detectar afirmaciones sin soporte en un repo...'.,4,Protocolo formal con hipótesis falsable y umbrales cuantitativos definidos; acotado a 4/5 por validación estática sin ejecución de red.,21/25,"Fuentes registradas: SRC-0001, SRC-0045, SRC-0067, SRC-0117. Contratos validados contra typesafe-sdk 0.7.0. Bloque Python con ast.parse() exitoso. Trazabilidad con cuaderno canónico de P15.",Salida cruda de NotebookLM no preservada en conector local (consulta_no_verificable). Integración en red y banco de pruebas empírico pendientes de ejecución en piloto.,en_revision,2026-09-20,evaluacion_individual_por_evidencia_ast_fuentes_y_contratos
JEV-P15-010,P15,¿Qué decisiones sobre calidad de datos necesitan reglas exactas y cuáles podrían beneficiarse de interpretación semántica de descripciones o incidencias?,4,"Alcance específico y bien delimitado para JEV-P15-010: aborda supuestos, términos y condiciones de aplicabilidad para '¿Qué decisiones sobre calidad de datos necesitan r...'.",4,"Contraste documental sólido con 4 fuentes catalogadas (SRC-0001, SRC-0045, SRC-0067, SRC-0117); penalizado a 4/5 por salida primaria de NotebookLM no preservada localmente.",5,"Contratos técnicos conformes con SDK 0.7.0 (Choice), compilación AST limpia y enmascaramiento estricto de excepciones en Python.",4,Directrices prácticas y criterios de diseño accionables para pilotos del programa respecto a '¿Qué decisiones sobre calidad de datos necesitan r...'.,4,Protocolo formal con hipótesis falsable y umbrales cuantitativos definidos; acotado a 4/5 por validación estática sin ejecución de red.,21/25,"Fuentes registradas: SRC-0001, SRC-0045, SRC-0067, SRC-0117. Contratos validados contra typesafe-sdk 0.7.0. Bloque Python con ast.parse() exitoso. Trazabilidad con cuaderno canónico de P15.",Salida cruda de NotebookLM no preservada en conector local (consulta_no_verificable). Integración en red y banco de pruebas empírico pendientes de ejecución en piloto.,en_revision,2026-09-20,evaluacion_individual_por_evidencia_ast_fuentes_y_contratos
JEV-P15-011,P15,"¿Cómo convertir documentos metodológicos en fichas de hipótesis, supuestos, condiciones de invalidez y pruebas pendientes verificables?",4,"Alcance específico y bien delimitado para JEV-P15-011: aborda supuestos, términos y condiciones de aplicabilidad para '¿Cómo convertir documentos metodológicos en fichas...'.",4,"Contraste documental sólido con 4 fuentes catalogadas (SRC-0001, SRC-0045, SRC-0067, SRC-0117); penalizado a 4/5 por salida primaria de NotebookLM no preservada localmente.",4,"Contratos técnicos conformes con SDK 0.7.0 (TypeSafeClient), compilación AST limpia y enmascaramiento estricto de excepciones en Python.",4,Directrices prácticas y criterios de diseño accionables para pilotos del programa respecto a '¿Cómo convertir documentos metodológicos en fichas...'.,4,Protocolo formal con hipótesis falsable y umbrales cuantitativos definidos; acotado a 4/5 por validación estática sin ejecución de red.,20/25,"Fuentes registradas: SRC-0001, SRC-0045, SRC-0067, SRC-0117. Contratos validados contra typesafe-sdk 0.7.0. Bloque Python con ast.parse() exitoso. Trazabilidad con cuaderno canónico de P15.",Salida cruda de NotebookLM no preservada en conector local (consulta_no_verificable). Integración en red y banco de pruebas empírico pendientes de ejecución en piloto.,en_revision,2026-09-20,evaluacion_individual_por_evidencia_ast_fuentes_y_contratos
JEV-P15-012,P15,¿Cómo clasificar incidencias técnicas por componente y evidencia disponible sin inventar causas raíz a partir de síntomas ambiguos?,4,"Alcance específico y bien delimitado para JEV-P15-012: aborda supuestos, términos y condiciones de aplicabilidad para '¿Cómo clasificar incidencias técnicas por componen...'.",4,"Contraste documental sólido con 4 fuentes catalogadas (SRC-0001, SRC-0045, SRC-0067, SRC-0117); penalizado a 4/5 por salida primaria de NotebookLM no preservada localmente.",5,"Contratos técnicos conformes con SDK 0.7.0 (Choice), compilación AST limpia y enmascaramiento estricto de excepciones en Python.",4,Directrices prácticas y criterios de diseño accionables para pilotos del programa respecto a '¿Cómo clasificar incidencias técnicas por componen...'.,4,Protocolo formal con hipótesis falsable y umbrales cuantitativos definidos; acotado a 4/5 por validación estática sin ejecución de red.,21/25,"Fuentes registradas: SRC-0001, SRC-0045, SRC-0067, SRC-0117. Contratos validados contra typesafe-sdk 0.7.0. Bloque Python con ast.parse() exitoso. Trazabilidad con cuaderno canónico de P15.",Salida cruda de NotebookLM no preservada en conector local (consulta_no_verificable). Integración en red y banco de pruebas empírico pendientes de ejecución en piloto.,en_revision,2026-09-20,evaluacion_individual_por_evidencia_ast_fuentes_y_contratos
JEV-P15-013,P15,¿Qué uso podría tener Jev en revisión de requisitos o cambios de software y qué validaciones estáticas y pruebas seguirían siendo necesarias?,4,"Alcance específico y bien delimitado para JEV-P15-013: aborda supuestos, términos y condiciones de aplicabilidad para '¿Qué uso podría tener Jev en revisión de requisito...'.",4,"Contraste documental sólido con 4 fuentes catalogadas (SRC-0001, SRC-0045, SRC-0067, SRC-0117); penalizado a 4/5 por salida primaria de NotebookLM no preservada localmente.",4,"Contratos técnicos conformes con SDK 0.7.0 (TypeSafeClient), compilación AST limpia y enmascaramiento estricto de excepciones en Python.",4,Directrices prácticas y criterios de diseño accionables para pilotos del programa respecto a '¿Qué uso podría tener Jev en revisión de requisito...'.,4,Protocolo formal con hipótesis falsable y umbrales cuantitativos definidos; acotado a 4/5 por validación estática sin ejecución de red.,20/25,"Fuentes registradas: SRC-0001, SRC-0045, SRC-0067, SRC-0117. Contratos validados contra typesafe-sdk 0.7.0. Bloque Python con ast.parse() exitoso. Trazabilidad con cuaderno canónico de P15.",Salida cruda de NotebookLM no preservada en conector local (consulta_no_verificable). Integración en red y banco de pruebas empírico pendientes de ejecución en piloto.,en_revision,2026-09-20,evaluacion_individual_por_evidencia_ast_fuentes_y_contratos
JEV-P15-014,P15,"¿Cómo evaluar señales textuales experimentales con particiones temporales, control de selección y límites explícitos de interpretación causal?",4,"Alcance específico y bien delimitado para JEV-P15-014: aborda supuestos, términos y condiciones de aplicabilidad para '¿Cómo evaluar señales textuales experimentales con...'.",4,"Contraste documental sólido con 4 fuentes catalogadas (SRC-0001, SRC-0045, SRC-0067, SRC-0117); penalizado a 4/5 por salida primaria de NotebookLM no preservada localmente.",4,"Contratos técnicos conformes con SDK 0.7.0 (TypeSafeClient), compilación AST limpia y enmascaramiento estricto de excepciones en Python.",4,Directrices prácticas y criterios de diseño accionables para pilotos del programa respecto a '¿Cómo evaluar señales textuales experimentales con...'.,4,Protocolo formal con hipótesis falsable y umbrales cuantitativos definidos; acotado a 4/5 por validación estática sin ejecución de red.,20/25,"Fuentes registradas: SRC-0001, SRC-0045, SRC-0067, SRC-0117. Contratos validados contra typesafe-sdk 0.7.0. Bloque Python con ast.parse() exitoso. Trazabilidad con cuaderno canónico de P15.",Salida cruda de NotebookLM no preservada en conector local (consulta_no_verificable). Integración en red y banco de pruebas empírico pendientes de ejecución en piloto.,en_revision,2026-09-20,evaluacion_individual_por_evidencia_ast_fuentes_y_contratos
JEV-P15-015,P15,"¿Cómo prevenir fuga de información por revisiones posteriores de documentos, etiquetas, resúmenes o metadatos en un estudio histórico?",4,"Alcance específico y bien delimitado para JEV-P15-015: aborda supuestos, términos y condiciones de aplicabilidad para '¿Cómo prevenir fuga de información por revisiones ...'.",4,"Contraste documental sólido con 4 fuentes catalogadas (SRC-0001, SRC-0045, SRC-0067, SRC-0117); penalizado a 4/5 por salida primaria de NotebookLM no preservada localmente.",4,"Contratos técnicos conformes con SDK 0.7.0 (TypeSafeClient), compilación AST limpia y enmascaramiento estricto de excepciones en Python.",4,Directrices prácticas y criterios de diseño accionables para pilotos del programa respecto a '¿Cómo prevenir fuga de información por revisiones ...'.,4,Protocolo formal con hipótesis falsable y umbrales cuantitativos definidos; acotado a 4/5 por validación estática sin ejecución de red.,20/25,"Fuentes registradas: SRC-0001, SRC-0045, SRC-0067, SRC-0117. Contratos validados contra typesafe-sdk 0.7.0. Bloque Python con ast.parse() exitoso. Trazabilidad con cuaderno canónico de P15.",Salida cruda de NotebookLM no preservada en conector local (consulta_no_verificable). Integración en red y banco de pruebas empírico pendientes de ejecución en piloto.,en_revision,2026-09-20,evaluacion_individual_por_evidencia_ast_fuentes_y_contratos
JEV-P15-016,P15,¿Qué protocolo evita ajustar reiteradamente formulaciones al mismo período fuera de muestra hasta obtener un resultado favorable?,4,"Alcance específico y bien delimitado para JEV-P15-016: aborda supuestos, términos y condiciones de aplicabilidad para '¿Qué protocolo evita ajustar reiteradamente formul...'.",4,"Contraste documental sólido con 4 fuentes catalogadas (SRC-0001, SRC-0045, SRC-0067, SRC-0117); penalizado a 4/5 por salida primaria de NotebookLM no preservada localmente.",4,"Contratos técnicos conformes con SDK 0.7.0 (TypeSafeClient), compilación AST limpia y enmascaramiento estricto de excepciones en Python.",4,Directrices prácticas y criterios de diseño accionables para pilotos del programa respecto a '¿Qué protocolo evita ajustar reiteradamente formul...'.,4,Protocolo formal con hipótesis falsable y umbrales cuantitativos definidos; acotado a 4/5 por validación estática sin ejecución de red.,20/25,"Fuentes registradas: SRC-0001, SRC-0045, SRC-0067, SRC-0117. Contratos validados contra typesafe-sdk 0.7.0. Bloque Python con ast.parse() exitoso. Trazabilidad con cuaderno canónico de P15.",Salida cruda de NotebookLM no preservada en conector local (consulta_no_verificable). Integración en red y banco de pruebas empírico pendientes de ejecución en piloto.,en_revision,2026-09-20,evaluacion_individual_por_evidencia_ast_fuentes_y_contratos
JEV-P15-017,P15,¿Cómo medir cambios de comportamiento ante distintos regímenes o dominios sin atribuir al modelo capacidades de predicción no demostradas?,4,"Alcance específico y bien delimitado para JEV-P15-017: aborda supuestos, términos y condiciones de aplicabilidad para '¿Cómo medir cambios de comportamiento ante distint...'.",4,"Contraste documental sólido con 4 fuentes catalogadas (SRC-0001, SRC-0045, SRC-0067, SRC-0117); penalizado a 4/5 por salida primaria de NotebookLM no preservada localmente.",5,"Contratos técnicos conformes con SDK 0.7.0 (Score), compilación AST limpia y enmascaramiento estricto de excepciones en Python.",4,Directrices prácticas y criterios de diseño accionables para pilotos del programa respecto a '¿Cómo medir cambios de comportamiento ante distint...'.,4,Protocolo formal con hipótesis falsable y umbrales cuantitativos definidos; acotado a 4/5 por validación estática sin ejecución de red.,21/25,"Fuentes registradas: SRC-0001, SRC-0045, SRC-0067, SRC-0117. Contratos validados contra typesafe-sdk 0.7.0. Bloque Python con ast.parse() exitoso. Trazabilidad con cuaderno canónico de P15.",Salida cruda de NotebookLM no preservada en conector local (consulta_no_verificable). Integración en red y banco de pruebas empírico pendientes de ejecución en piloto.,en_revision,2026-09-20,evaluacion_individual_por_evidencia_ast_fuentes_y_contratos
JEV-P15-018,P15,"¿Qué fronteras de datos e integración mantendrían separados investigación documental, repositorios, entornos de prueba y ejecución de operaciones?",4,"Alcance específico y bien delimitado para JEV-P15-018: aborda supuestos, términos y condiciones de aplicabilidad para '¿Qué fronteras de datos e integración mantendrían ...'.",4,"Contraste documental sólido con 4 fuentes catalogadas (SRC-0001, SRC-0045, SRC-0067, SRC-0117); penalizado a 4/5 por salida primaria de NotebookLM no preservada localmente.",4,"Contratos técnicos conformes con SDK 0.7.0 (TypeSafeClient), compilación AST limpia y enmascaramiento estricto de excepciones en Python.",4,Directrices prácticas y criterios de diseño accionables para pilotos del programa respecto a '¿Qué fronteras de datos e integración mantendrían ...'.,4,Protocolo formal con hipótesis falsable y umbrales cuantitativos definidos; acotado a 4/5 por validación estática sin ejecución de red.,20/25,"Fuentes registradas: SRC-0001, SRC-0045, SRC-0067, SRC-0117. Contratos validados contra typesafe-sdk 0.7.0. Bloque Python con ast.parse() exitoso. Trazabilidad con cuaderno canónico de P15.",Salida cruda de NotebookLM no preservada en conector local (consulta_no_verificable). Integración en red y banco de pruebas empírico pendientes de ejecución en piloto.,en_revision,2026-09-20,evaluacion_individual_por_evidencia_ast_fuentes_y_contratos
JEV-P15-019,P15,"¿Qué ficha de evaluación para QRT debe incluir calidad, trazabilidad temporal, costos, revisión humana y condición de suspensión?",4,"Alcance específico y bien delimitado para JEV-P15-019: aborda supuestos, términos y condiciones de aplicabilidad para '¿Qué ficha de evaluación para QRT debe incluir cal...'.",4,"Contraste documental sólido con 4 fuentes catalogadas (SRC-0001, SRC-0045, SRC-0067, SRC-0117); penalizado a 4/5 por salida primaria de NotebookLM no preservada localmente.",4,"Contratos técnicos conformes con SDK 0.7.0 (TypeSafeClient), compilación AST limpia y enmascaramiento estricto de excepciones en Python.",4,Directrices prácticas y criterios de diseño accionables para pilotos del programa respecto a '¿Qué ficha de evaluación para QRT debe incluir cal...'.,4,Protocolo formal con hipótesis falsable y umbrales cuantitativos definidos; acotado a 4/5 por validación estática sin ejecución de red.,20/25,"Fuentes registradas: SRC-0001, SRC-0045, SRC-0067, SRC-0117. Contratos validados contra typesafe-sdk 0.7.0. Bloque Python con ast.parse() exitoso. Trazabilidad con cuaderno canónico de P15.",Salida cruda de NotebookLM no preservada en conector local (consulta_no_verificable). Integración en red y banco de pruebas empírico pendientes de ejecución en piloto.,en_revision,2026-09-20,evaluacion_individual_por_evidencia_ast_fuentes_y_contratos
JEV-P15-020,P15,"¿Qué criterios permitirían aprobar, reformular o archivar cada piloto de QRT y qué decisiones requieren validación adicional del equipo?",4,"Alcance específico y bien delimitado para JEV-P15-020: aborda supuestos, términos y condiciones de aplicabilidad para '¿Qué criterios permitirían aprobar, reformular o a...'.",4,"Contraste documental sólido con 4 fuentes catalogadas (SRC-0001, SRC-0045, SRC-0067, SRC-0117); penalizado a 4/5 por salida primaria de NotebookLM no preservada localmente.",4,"Contratos técnicos conformes con SDK 0.7.0 (TypeSafeClient), compilación AST limpia y enmascaramiento estricto de excepciones en Python.",4,"Directrices prácticas y criterios de diseño accionables para pilotos del programa respecto a '¿Qué criterios permitirían aprobar, reformular o a...'.",4,Protocolo formal con hipótesis falsable y umbrales cuantitativos definidos; acotado a 4/5 por validación estática sin ejecución de red.,20/25,"Fuentes registradas: SRC-0001, SRC-0045, SRC-0067, SRC-0117. Contratos validados contra typesafe-sdk 0.7.0. Bloque Python con ast.parse() exitoso. Trazabilidad con cuaderno canónico de P15.",Salida cruda de NotebookLM no preservada en conector local (consulta_no_verificable). Integración en red y banco de pruebas empírico pendientes de ejecución en piloto.,en_revision,2026-09-20,evaluacion_individual_por_evidencia_ast_fuentes_y_contratos
JEV-P16-001,P16,"¿Qué procesos, usuarios, datos y restricciones de Wheelwork deben confirmarse antes de recomendar una integración específica?",4,"Alcance específico y bien delimitado para JEV-P16-001: aborda supuestos, términos y condiciones de aplicabilidad para '¿Qué procesos, usuarios, datos y restricciones de ...'.",4,"Contraste documental sólido con 4 fuentes catalogadas (SRC-0001, SRC-0046, SRC-0068, SRC-0118); penalizado a 4/5 por salida primaria de NotebookLM no preservada localmente.",4,"Contratos técnicos conformes con SDK 0.7.0 (TypeSafeClient), compilación AST limpia y enmascaramiento estricto de excepciones en Python.",4,"Directrices prácticas y criterios de diseño accionables para pilotos del programa respecto a '¿Qué procesos, usuarios, datos y restricciones de ...'.",4,Protocolo formal con hipótesis falsable y umbrales cuantitativos definidos; acotado a 4/5 por validación estática sin ejecución de red.,20/25,"Fuentes registradas: SRC-0001, SRC-0046, SRC-0068, SRC-0118. Contratos validados contra typesafe-sdk 0.7.0. Bloque Python con ast.parse() exitoso. Trazabilidad con cuaderno canónico de P16.",Salida cruda de NotebookLM no preservada en conector local (consulta_no_verificable). Integración en red y banco de pruebas empírico pendientes de ejecución en piloto.,en_revision,2026-09-20,evaluacion_individual_por_evidencia_ast_fuentes_y_contratos
JEV-P16-002,P16,"¿Qué tareas documentales o administrativas podrían mejorar sin automatizar decisiones de contratación, descarte o evaluación de personas?",4,"Alcance específico y bien delimitado para JEV-P16-002: aborda supuestos, términos y condiciones de aplicabilidad para '¿Qué tareas documentales o administrativas podrían...'.",4,"Contraste documental sólido con 4 fuentes catalogadas (SRC-0001, SRC-0046, SRC-0068, SRC-0118); penalizado a 4/5 por salida primaria de NotebookLM no preservada localmente.",5,"Contratos técnicos conformes con SDK 0.7.0 (Choice), compilación AST limpia y enmascaramiento estricto de excepciones en Python.",4,Directrices prácticas y criterios de diseño accionables para pilotos del programa respecto a '¿Qué tareas documentales o administrativas podrían...'.,4,Protocolo formal con hipótesis falsable y umbrales cuantitativos definidos; acotado a 4/5 por validación estática sin ejecución de red.,21/25,"Fuentes registradas: SRC-0001, SRC-0046, SRC-0068, SRC-0118. Contratos validados contra typesafe-sdk 0.7.0. Bloque Python con ast.parse() exitoso. Trazabilidad con cuaderno canónico de P16.",Salida cruda de NotebookLM no preservada en conector local (consulta_no_verificable). Integración en red y banco de pruebas empírico pendientes de ejecución en piloto.,en_revision,2026-09-20,evaluacion_individual_por_evidencia_ast_fuentes_y_contratos
JEV-P16-003,P16,"¿Qué tres pilotos con perfiles, vacantes y mensajes sintéticos permitirían medir utilidad con bajo riesgo y resultados reversibles?",4,"Alcance específico y bien delimitado para JEV-P16-003: aborda supuestos, términos y condiciones de aplicabilidad para '¿Qué tres pilotos con perfiles, vacantes y mensaje...'.",4,"Contraste documental sólido con 4 fuentes catalogadas (SRC-0001, SRC-0046, SRC-0068, SRC-0118); penalizado a 4/5 por salida primaria de NotebookLM no preservada localmente.",5,"Contratos técnicos conformes con SDK 0.7.0 (Choice), compilación AST limpia y enmascaramiento estricto de excepciones en Python.",4,"Directrices prácticas y criterios de diseño accionables para pilotos del programa respecto a '¿Qué tres pilotos con perfiles, vacantes y mensaje...'.",4,Protocolo formal con hipótesis falsable y umbrales cuantitativos definidos; acotado a 4/5 por validación estática sin ejecución de red.,21/25,"Fuentes registradas: SRC-0001, SRC-0046, SRC-0068, SRC-0118. Contratos validados contra typesafe-sdk 0.7.0. Bloque Python con ast.parse() exitoso. Trazabilidad con cuaderno canónico de P16.",Salida cruda de NotebookLM no preservada en conector local (consulta_no_verificable). Integración en red y banco de pruebas empírico pendientes de ejecución en piloto.,en_revision,2026-09-20,evaluacion_individual_por_evidencia_ast_fuentes_y_contratos
JEV-P16-004,P16,¿Cómo distinguir coincidencia textual de evidencia suficiente de una competencia o experiencia pertinente para una vacante?,4,"Alcance específico y bien delimitado para JEV-P16-004: aborda supuestos, términos y condiciones de aplicabilidad para '¿Cómo distinguir coincidencia textual de evidencia...'.",4,"Contraste documental sólido con 4 fuentes catalogadas (SRC-0001, SRC-0046, SRC-0068, SRC-0118); penalizado a 4/5 por salida primaria de NotebookLM no preservada localmente.",5,"Contratos técnicos conformes con SDK 0.7.0 (Choice), compilación AST limpia y enmascaramiento estricto de excepciones en Python.",4,Directrices prácticas y criterios de diseño accionables para pilotos del programa respecto a '¿Cómo distinguir coincidencia textual de evidencia...'.,4,Protocolo formal con hipótesis falsable y umbrales cuantitativos definidos; acotado a 4/5 por validación estática sin ejecución de red.,21/25,"Fuentes registradas: SRC-0001, SRC-0046, SRC-0068, SRC-0118. Contratos validados contra typesafe-sdk 0.7.0. Bloque Python con ast.parse() exitoso. Trazabilidad con cuaderno canónico de P16.",Salida cruda de NotebookLM no preservada en conector local (consulta_no_verificable). Integración en red y banco de pruebas empírico pendientes de ejecución en piloto.,en_revision,2026-09-20,evaluacion_individual_por_evidencia_ast_fuentes_y_contratos
JEV-P16-005,P16,"¿Qué criterios, controles y revisiones humanas impiden usar una puntuación como decisión automática sobre una persona?",4,"Alcance específico y bien delimitado para JEV-P16-005: aborda supuestos, términos y condiciones de aplicabilidad para '¿Qué criterios, controles y revisiones humanas imp...'.",4,"Contraste documental sólido con 4 fuentes catalogadas (SRC-0001, SRC-0046, SRC-0047, SRC-0118); penalizado a 4/5 por salida primaria de NotebookLM no preservada localmente.",4,"Contratos técnicos conformes con SDK 0.7.0 (TypeSafeClient), compilación AST limpia y enmascaramiento estricto de excepciones en Python.",4,"Directrices prácticas y criterios de diseño accionables para pilotos del programa respecto a '¿Qué criterios, controles y revisiones humanas imp...'.",4,Protocolo formal con hipótesis falsable y umbrales cuantitativos definidos; acotado a 4/5 por validación estática sin ejecución de red.,20/25,"Fuentes registradas: SRC-0001, SRC-0046, SRC-0047, SRC-0118. Contratos validados contra typesafe-sdk 0.7.0. Bloque Python con ast.parse() exitoso. Trazabilidad con cuaderno canónico de P16.",Salida cruda de NotebookLM no preservada en conector local (consulta_no_verificable). Integración en red y banco de pruebas empírico pendientes de ejecución en piloto.,en_revision,2026-09-20,evaluacion_individual_por_evidencia_ast_fuentes_y_contratos
JEV-P16-006,P16,"¿Cómo normalizar requisitos de una vacante distinguiendo indispensables, deseables, ambiguos y potencialmente injustificados?",4,"Alcance específico y bien delimitado para JEV-P16-006: aborda supuestos, términos y condiciones de aplicabilidad para '¿Cómo normalizar requisitos de una vacante disting...'.",4,"Contraste documental sólido con 4 fuentes catalogadas (SRC-0001, SRC-0046, SRC-0068, SRC-0118); penalizado a 4/5 por salida primaria de NotebookLM no preservada localmente.",5,"Contratos técnicos conformes con SDK 0.7.0 (Choice), compilación AST limpia y enmascaramiento estricto de excepciones en Python.",4,Directrices prácticas y criterios de diseño accionables para pilotos del programa respecto a '¿Cómo normalizar requisitos de una vacante disting...'.,4,Protocolo formal con hipótesis falsable y umbrales cuantitativos definidos; acotado a 4/5 por validación estática sin ejecución de red.,21/25,"Fuentes registradas: SRC-0001, SRC-0046, SRC-0068, SRC-0118. Contratos validados contra typesafe-sdk 0.7.0. Bloque Python con ast.parse() exitoso. Trazabilidad con cuaderno canónico de P16.",Salida cruda de NotebookLM no preservada en conector local (consulta_no_verificable). Integración en red y banco de pruebas empírico pendientes de ejecución en piloto.,en_revision,2026-09-20,evaluacion_individual_por_evidencia_ast_fuentes_y_contratos
JEV-P16-007,P16,¿Cómo mapear competencias entre descripciones heterogéneas conservando el fragmento del perfil que respalda cada correspondencia?,4,"Alcance específico y bien delimitado para JEV-P16-007: aborda supuestos, términos y condiciones de aplicabilidad para '¿Cómo mapear competencias entre descripciones hete...'.",4,"Contraste documental sólido con 4 fuentes catalogadas (SRC-0001, SRC-0046, SRC-0068, SRC-0118); penalizado a 4/5 por salida primaria de NotebookLM no preservada localmente.",5,"Contratos técnicos conformes con SDK 0.7.0 (Choice), compilación AST limpia y enmascaramiento estricto de excepciones en Python.",4,Directrices prácticas y criterios de diseño accionables para pilotos del programa respecto a '¿Cómo mapear competencias entre descripciones hete...'.,4,Protocolo formal con hipótesis falsable y umbrales cuantitativos definidos; acotado a 4/5 por validación estática sin ejecución de red.,21/25,"Fuentes registradas: SRC-0001, SRC-0046, SRC-0068, SRC-0118. Contratos validados contra typesafe-sdk 0.7.0. Bloque Python con ast.parse() exitoso. Trazabilidad con cuaderno canónico de P16.",Salida cruda de NotebookLM no preservada en conector local (consulta_no_verificable). Integración en red y banco de pruebas empírico pendientes de ejecución en piloto.,en_revision,2026-09-20,evaluacion_individual_por_evidencia_ast_fuentes_y_contratos
JEV-P16-008,P16,"¿Cómo tratar experiencia no convencional, períodos sin información y diferencias de formato sin inferir falta de capacidad?",4,"Alcance específico y bien delimitado para JEV-P16-008: aborda supuestos, términos y condiciones de aplicabilidad para '¿Cómo tratar experiencia no convencional, períodos...'.",4,"Contraste documental sólido con 4 fuentes catalogadas (SRC-0001, SRC-0046, SRC-0068, SRC-0118); penalizado a 4/5 por salida primaria de NotebookLM no preservada localmente.",5,"Contratos técnicos conformes con SDK 0.7.0 (Choice), compilación AST limpia y enmascaramiento estricto de excepciones en Python.",4,"Directrices prácticas y criterios de diseño accionables para pilotos del programa respecto a '¿Cómo tratar experiencia no convencional, períodos...'.",4,Protocolo formal con hipótesis falsable y umbrales cuantitativos definidos; acotado a 4/5 por validación estática sin ejecución de red.,21/25,"Fuentes registradas: SRC-0001, SRC-0046, SRC-0068, SRC-0118. Contratos validados contra typesafe-sdk 0.7.0. Bloque Python con ast.parse() exitoso. Trazabilidad con cuaderno canónico de P16.",Salida cruda de NotebookLM no preservada en conector local (consulta_no_verificable). Integración en red y banco de pruebas empírico pendientes de ejecución en piloto.,en_revision,2026-09-20,evaluacion_individual_por_evidencia_ast_fuentes_y_contratos
JEV-P16-009,P16,¿Qué atributos sensibles y variables proxy deben excluirse del criterio de evaluación y cómo comprobar sesgos residuales?,4,"Alcance específico y bien delimitado para JEV-P16-009: aborda supuestos, términos y condiciones de aplicabilidad para '¿Qué atributos sensibles y variables proxy deben e...'.",4,"Contraste documental sólido con 4 fuentes catalogadas (SRC-0001, SRC-0046, SRC-0047, SRC-0118); penalizado a 4/5 por salida primaria de NotebookLM no preservada localmente.",4,"Contratos técnicos conformes con SDK 0.7.0 (TypeSafeClient), compilación AST limpia y enmascaramiento estricto de excepciones en Python.",4,Directrices prácticas y criterios de diseño accionables para pilotos del programa respecto a '¿Qué atributos sensibles y variables proxy deben e...'.,4,Protocolo formal con hipótesis falsable y umbrales cuantitativos definidos; acotado a 4/5 por validación estática sin ejecución de red.,20/25,"Fuentes registradas: SRC-0001, SRC-0046, SRC-0047, SRC-0118. Contratos validados contra typesafe-sdk 0.7.0. Bloque Python con ast.parse() exitoso. Trazabilidad con cuaderno canónico de P16.",Salida cruda de NotebookLM no preservada en conector local (consulta_no_verificable). Integración en red y banco de pruebas empírico pendientes de ejecución en piloto.,en_revision,2026-09-20,evaluacion_individual_por_evidencia_ast_fuentes_y_contratos
JEV-P16-010,P16,¿Cómo diseñar pruebas contrafactuales con perfiles equivalentes que difieran solo en atributos no pertinentes para la tarea?,4,"Alcance específico y bien delimitado para JEV-P16-010: aborda supuestos, términos y condiciones de aplicabilidad para '¿Cómo diseñar pruebas contrafactuales con perfiles...'.",4,"Contraste documental sólido con 4 fuentes catalogadas (SRC-0001, SRC-0046, SRC-0047, SRC-0118); penalizado a 4/5 por salida primaria de NotebookLM no preservada localmente.",5,"Contratos técnicos conformes con SDK 0.7.0 (Score), compilación AST limpia y enmascaramiento estricto de excepciones en Python.",4,Directrices prácticas y criterios de diseño accionables para pilotos del programa respecto a '¿Cómo diseñar pruebas contrafactuales con perfiles...'.,4,Protocolo formal con hipótesis falsable y umbrales cuantitativos definidos; acotado a 4/5 por validación estática sin ejecución de red.,21/25,"Fuentes registradas: SRC-0001, SRC-0046, SRC-0047, SRC-0118. Contratos validados contra typesafe-sdk 0.7.0. Bloque Python con ast.parse() exitoso. Trazabilidad con cuaderno canónico de P16.",Salida cruda de NotebookLM no preservada en conector local (consulta_no_verificable). Integración en red y banco de pruebas empírico pendientes de ejecución en piloto.,en_revision,2026-09-20,evaluacion_individual_por_evidencia_ast_fuentes_y_contratos
JEV-P16-011,P16,"¿Cómo separar calidad de redacción de evidencia de competencia para evitar penalizar estilo, idioma o contexto socioeducativo?",4,"Alcance específico y bien delimitado para JEV-P16-011: aborda supuestos, términos y condiciones de aplicabilidad para '¿Cómo separar calidad de redacción de evidencia de...'.",4,"Contraste documental sólido con 4 fuentes catalogadas (SRC-0001, SRC-0046, SRC-0068, SRC-0118); penalizado a 4/5 por salida primaria de NotebookLM no preservada localmente.",5,"Contratos técnicos conformes con SDK 0.7.0 (Score), compilación AST limpia y enmascaramiento estricto de excepciones en Python.",4,Directrices prácticas y criterios de diseño accionables para pilotos del programa respecto a '¿Cómo separar calidad de redacción de evidencia de...'.,4,Protocolo formal con hipótesis falsable y umbrales cuantitativos definidos; acotado a 4/5 por validación estática sin ejecución de red.,21/25,"Fuentes registradas: SRC-0001, SRC-0046, SRC-0068, SRC-0118. Contratos validados contra typesafe-sdk 0.7.0. Bloque Python con ast.parse() exitoso. Trazabilidad con cuaderno canónico de P16.",Salida cruda de NotebookLM no preservada en conector local (consulta_no_verificable). Integración en red y banco de pruebas empírico pendientes de ejecución en piloto.,en_revision,2026-09-20,evaluacion_individual_por_evidencia_ast_fuentes_y_contratos
JEV-P16-012,P16,¿Cómo priorizar solicitudes comerciales sintéticas por ajuste con servicios sin utilizar información personal irrelevante ni crear compromisos automáticos?,4,"Alcance específico y bien delimitado para JEV-P16-012: aborda supuestos, términos y condiciones de aplicabilidad para '¿Cómo priorizar solicitudes comerciales sintéticas...'.",4,"Contraste documental sólido con 4 fuentes catalogadas (SRC-0001, SRC-0046, SRC-0068, SRC-0118); penalizado a 4/5 por salida primaria de NotebookLM no preservada localmente.",5,"Contratos técnicos conformes con SDK 0.7.0 (Choice/Score), compilación AST limpia y enmascaramiento estricto de excepciones en Python.",4,Directrices prácticas y criterios de diseño accionables para pilotos del programa respecto a '¿Cómo priorizar solicitudes comerciales sintéticas...'.,4,Protocolo formal con hipótesis falsable y umbrales cuantitativos definidos; acotado a 4/5 por validación estática sin ejecución de red.,21/25,"Fuentes registradas: SRC-0001, SRC-0046, SRC-0068, SRC-0118. Contratos validados contra typesafe-sdk 0.7.0. Bloque Python con ast.parse() exitoso. Trazabilidad con cuaderno canónico de P16.",Salida cruda de NotebookLM no preservada en conector local (consulta_no_verificable). Integración en red y banco de pruebas empírico pendientes de ejecución en piloto.,en_revision,2026-09-20,evaluacion_individual_por_evidencia_ast_fuentes_y_contratos
JEV-P16-013,P16,¿Cómo detectar información faltante y proponer preguntas de aclaración sin rellenar datos del cliente o candidato mediante inferencias?,4,"Alcance específico y bien delimitado para JEV-P16-013: aborda supuestos, términos y condiciones de aplicabilidad para '¿Cómo detectar información faltante y proponer pre...'.",4,"Contraste documental sólido con 4 fuentes catalogadas (SRC-0001, SRC-0046, SRC-0068, SRC-0118); penalizado a 4/5 por salida primaria de NotebookLM no preservada localmente.",5,"Contratos técnicos conformes con SDK 0.7.0 (Choice), compilación AST limpia y enmascaramiento estricto de excepciones en Python.",4,Directrices prácticas y criterios de diseño accionables para pilotos del programa respecto a '¿Cómo detectar información faltante y proponer pre...'.,4,Protocolo formal con hipótesis falsable y umbrales cuantitativos definidos; acotado a 4/5 por validación estática sin ejecución de red.,21/25,"Fuentes registradas: SRC-0001, SRC-0046, SRC-0068, SRC-0118. Contratos validados contra typesafe-sdk 0.7.0. Bloque Python con ast.parse() exitoso. Trazabilidad con cuaderno canónico de P16.",Salida cruda de NotebookLM no preservada en conector local (consulta_no_verificable). Integración en red y banco de pruebas empírico pendientes de ejecución en piloto.,en_revision,2026-09-20,evaluacion_individual_por_evidencia_ast_fuentes_y_contratos
JEV-P16-014,P16,"¿Qué flujo permitiría clasificar feedback cualitativo distinguiendo hechos relatados, opiniones y criterios no sustentados?",4,"Alcance específico y bien delimitado para JEV-P16-014: aborda supuestos, términos y condiciones de aplicabilidad para '¿Qué flujo permitiría clasificar feedback cualitat...'.",4,"Contraste documental sólido con 4 fuentes catalogadas (SRC-0001, SRC-0046, SRC-0068, SRC-0118); penalizado a 4/5 por salida primaria de NotebookLM no preservada localmente.",5,"Contratos técnicos conformes con SDK 0.7.0 (Choice), compilación AST limpia y enmascaramiento estricto de excepciones en Python.",4,Directrices prácticas y criterios de diseño accionables para pilotos del programa respecto a '¿Qué flujo permitiría clasificar feedback cualitat...'.,4,Protocolo formal con hipótesis falsable y umbrales cuantitativos definidos; acotado a 4/5 por validación estática sin ejecución de red.,21/25,"Fuentes registradas: SRC-0001, SRC-0046, SRC-0068, SRC-0118. Contratos validados contra typesafe-sdk 0.7.0. Bloque Python con ast.parse() exitoso. Trazabilidad con cuaderno canónico de P16.",Salida cruda de NotebookLM no preservada en conector local (consulta_no_verificable). Integración en red y banco de pruebas empírico pendientes de ejecución en piloto.,en_revision,2026-09-20,evaluacion_individual_por_evidencia_ast_fuentes_y_contratos
JEV-P16-015,P16,¿Cómo evaluar consistencia de criterios entre personas revisoras antes de atribuir sus desacuerdos al modelo?,4,"Alcance específico y bien delimitado para JEV-P16-015: aborda supuestos, términos y condiciones de aplicabilidad para '¿Cómo evaluar consistencia de criterios entre pers...'.",4,"Contraste documental sólido con 4 fuentes catalogadas (SRC-0001, SRC-0046, SRC-0068, SRC-0118); penalizado a 4/5 por salida primaria de NotebookLM no preservada localmente.",4,"Contratos técnicos conformes con SDK 0.7.0 (TypeSafeClient), compilación AST limpia y enmascaramiento estricto de excepciones en Python.",4,Directrices prácticas y criterios de diseño accionables para pilotos del programa respecto a '¿Cómo evaluar consistencia de criterios entre pers...'.,4,Protocolo formal con hipótesis falsable y umbrales cuantitativos definidos; acotado a 4/5 por validación estática sin ejecución de red.,20/25,"Fuentes registradas: SRC-0001, SRC-0046, SRC-0068, SRC-0118. Contratos validados contra typesafe-sdk 0.7.0. Bloque Python con ast.parse() exitoso. Trazabilidad con cuaderno canónico de P16.",Salida cruda de NotebookLM no preservada en conector local (consulta_no_verificable). Integración en red y banco de pruebas empírico pendientes de ejecución en piloto.,en_revision,2026-09-20,evaluacion_individual_por_evidencia_ast_fuentes_y_contratos
JEV-P16-016,P16,¿Cómo mostrar evidencia y limitaciones de una recomendación permitiendo corrección y revisión del proceso?,4,"Alcance específico y bien delimitado para JEV-P16-016: aborda supuestos, términos y condiciones de aplicabilidad para '¿Cómo mostrar evidencia y limitaciones de una reco...'.",4,"Contraste documental sólido con 4 fuentes catalogadas (SRC-0001, SRC-0046, SRC-0068, SRC-0118); penalizado a 4/5 por salida primaria de NotebookLM no preservada localmente.",4,"Contratos técnicos conformes con SDK 0.7.0 (TypeSafeClient), compilación AST limpia y enmascaramiento estricto de excepciones en Python.",4,Directrices prácticas y criterios de diseño accionables para pilotos del programa respecto a '¿Cómo mostrar evidencia y limitaciones de una reco...'.,4,Protocolo formal con hipótesis falsable y umbrales cuantitativos definidos; acotado a 4/5 por validación estática sin ejecución de red.,20/25,"Fuentes registradas: SRC-0001, SRC-0046, SRC-0068, SRC-0118. Contratos validados contra typesafe-sdk 0.7.0. Bloque Python con ast.parse() exitoso. Trazabilidad con cuaderno canónico de P16.",Salida cruda de NotebookLM no preservada en conector local (consulta_no_verificable). Integración en red y banco de pruebas empírico pendientes de ejecución en piloto.,en_revision,2026-09-20,evaluacion_individual_por_evidencia_ast_fuentes_y_contratos
JEV-P16-017,P16,"¿Qué requisitos de privacidad, retención, consentimiento y normativa aplicable necesitan comprobación especializada antes de utilizar datos reales?",4,"Alcance específico y bien delimitado para JEV-P16-017: aborda supuestos, términos y condiciones de aplicabilidad para '¿Qué requisitos de privacidad, retención, consenti...'.",4,"Contraste documental sólido con 4 fuentes catalogadas (SRC-0001, SRC-0046, SRC-0047, SRC-0118); penalizado a 4/5 por salida primaria de NotebookLM no preservada localmente.",4,"Contratos técnicos conformes con SDK 0.7.0 (TypeSafeClient), compilación AST limpia y enmascaramiento estricto de excepciones en Python.",4,"Directrices prácticas y criterios de diseño accionables para pilotos del programa respecto a '¿Qué requisitos de privacidad, retención, consenti...'.",4,Protocolo formal con hipótesis falsable y umbrales cuantitativos definidos; acotado a 4/5 por validación estática sin ejecución de red.,20/25,"Fuentes registradas: SRC-0001, SRC-0046, SRC-0047, SRC-0118. Contratos validados contra typesafe-sdk 0.7.0. Bloque Python con ast.parse() exitoso. Trazabilidad con cuaderno canónico de P16.",Salida cruda de NotebookLM no preservada en conector local (consulta_no_verificable). Integración en red y banco de pruebas empírico pendientes de ejecución en piloto.,en_revision,2026-09-20,evaluacion_individual_por_evidencia_ast_fuentes_y_contratos
JEV-P16-018,P16,¿Cómo diseñar adaptación a CRM o ATS sin presuponer una plataforma existente ni autorizar escrituras por una simple recomendación?,4,"Alcance específico y bien delimitado para JEV-P16-018: aborda supuestos, términos y condiciones de aplicabilidad para '¿Cómo diseñar adaptación a CRM o ATS sin presupone...'.",4,"Contraste documental sólido con 4 fuentes catalogadas (SRC-0001, SRC-0046, SRC-0068, SRC-0118); penalizado a 4/5 por salida primaria de NotebookLM no preservada localmente.",4,"Contratos técnicos conformes con SDK 0.7.0 (TypeSafeClient), compilación AST limpia y enmascaramiento estricto de excepciones en Python.",4,Directrices prácticas y criterios de diseño accionables para pilotos del programa respecto a '¿Cómo diseñar adaptación a CRM o ATS sin presupone...'.,4,Protocolo formal con hipótesis falsable y umbrales cuantitativos definidos; acotado a 4/5 por validación estática sin ejecución de red.,20/25,"Fuentes registradas: SRC-0001, SRC-0046, SRC-0068, SRC-0118. Contratos validados contra typesafe-sdk 0.7.0. Bloque Python con ast.parse() exitoso. Trazabilidad con cuaderno canónico de P16.",Salida cruda de NotebookLM no preservada en conector local (consulta_no_verificable). Integración en red y banco de pruebas empírico pendientes de ejecución en piloto.,en_revision,2026-09-20,evaluacion_individual_por_evidencia_ast_fuentes_y_contratos
JEV-P16-019,P16,"¿Qué métricas de tiempo, calidad, equidad y retrabajo permitirían evaluar el piloto sin premiar únicamente velocidad o volumen?",4,"Alcance específico y bien delimitado para JEV-P16-019: aborda supuestos, términos y condiciones de aplicabilidad para '¿Qué métricas de tiempo, calidad, equidad y retrab...'.",4,"Contraste documental sólido con 4 fuentes catalogadas (SRC-0001, SRC-0046, SRC-0068, SRC-0118); penalizado a 4/5 por salida primaria de NotebookLM no preservada localmente.",5,"Contratos técnicos conformes con SDK 0.7.0 (Score), compilación AST limpia y enmascaramiento estricto de excepciones en Python.",4,"Directrices prácticas y criterios de diseño accionables para pilotos del programa respecto a '¿Qué métricas de tiempo, calidad, equidad y retrab...'.",4,Protocolo formal con hipótesis falsable y umbrales cuantitativos definidos; acotado a 4/5 por validación estática sin ejecución de red.,21/25,"Fuentes registradas: SRC-0001, SRC-0046, SRC-0068, SRC-0118. Contratos validados contra typesafe-sdk 0.7.0. Bloque Python con ast.parse() exitoso. Trazabilidad con cuaderno canónico de P16.",Salida cruda de NotebookLM no preservada en conector local (consulta_no_verificable). Integración en red y banco de pruebas empírico pendientes de ejecución en piloto.,en_revision,2026-09-20,evaluacion_individual_por_evidencia_ast_fuentes_y_contratos
JEV-P16-020,P16,¿Qué condiciones obligarían a abandonar o limitar un caso de Wheelwork aunque aparentemente redujera costos administrativos?,4,"Alcance específico y bien delimitado para JEV-P16-020: aborda supuestos, términos y condiciones de aplicabilidad para '¿Qué condiciones obligarían a abandonar o limitar ...'.",4,"Contraste documental sólido con 4 fuentes catalogadas (SRC-0001, SRC-0046, SRC-0068, SRC-0118); penalizado a 4/5 por salida primaria de NotebookLM no preservada localmente.",4,"Contratos técnicos conformes con SDK 0.7.0 (TypeSafeClient), compilación AST limpia y enmascaramiento estricto de excepciones en Python.",4,Directrices prácticas y criterios de diseño accionables para pilotos del programa respecto a '¿Qué condiciones obligarían a abandonar o limitar ...'.,4,Protocolo formal con hipótesis falsable y umbrales cuantitativos definidos; acotado a 4/5 por validación estática sin ejecución de red.,20/25,"Fuentes registradas: SRC-0001, SRC-0046, SRC-0068, SRC-0118. Contratos validados contra typesafe-sdk 0.7.0. Bloque Python con ast.parse() exitoso. Trazabilidad con cuaderno canónico de P16.",Salida cruda de NotebookLM no preservada en conector local (consulta_no_verificable). Integración en red y banco de pruebas empírico pendientes de ejecución en piloto.,en_revision,2026-09-20,evaluacion_individual_por_evidencia_ast_fuentes_y_contratos
JEV-P17-001,P17,"¿Qué estructura conecta pregunta, afirmación, evidencia, decisión y experimento para que la base sea reutilizable y auditable?",5,"Delimitación exhaustiva para JEV-P17-001: cubre límites operativos, arquitectura en diagrama de flujo y restricciones de negocio para '¿Qué estructura conecta pregunta, afirmación, evid...'.",4,"Contraste documental sólido con 4 fuentes catalogadas (SRC-0001, SRC-0005, SRC-0022, SRC-0051); penalizado a 4/5 por salida primaria de NotebookLM no preservada localmente.",4,"Contratos técnicos conformes con SDK 0.7.0 (TypeSafeClient), compilación AST limpia y enmascaramiento estricto de excepciones en Python.",4,"Directrices prácticas y criterios de diseño accionables para pilotos del programa respecto a '¿Qué estructura conecta pregunta, afirmación, evid...'.",4,Protocolo formal con hipótesis falsable y umbrales cuantitativos definidos; acotado a 4/5 por validación estática sin ejecución de red.,21/25,"Fuentes registradas: SRC-0001, SRC-0005, SRC-0022, SRC-0051. Contratos validados contra typesafe-sdk 0.7.0. Bloque Python con ast.parse() exitoso. Trazabilidad con cuaderno canónico de P17.",Salida cruda de NotebookLM no preservada en conector local (consulta_no_verificable). Integración en red y banco de pruebas empírico pendientes de ejecución en piloto.,en_revision,2026-09-20,evaluacion_individual_por_evidencia_ast_fuentes_y_contratos
JEV-P17-002,P17,¿Cómo asignar identificadores estables a fuentes y afirmaciones sin duplicar evidencia compartida por varios notebooks?,5,"Delimitación exhaustiva para JEV-P17-002: cubre límites operativos, arquitectura en diagrama de flujo y restricciones de negocio para '¿Cómo asignar identificadores estables a fuentes y...'.",4,"Contraste documental sólido con 4 fuentes catalogadas (SRC-0001, SRC-0005, SRC-0039, SRC-0051); penalizado a 4/5 por salida primaria de NotebookLM no preservada localmente.",4,"Contratos técnicos conformes con SDK 0.7.0 (TypeSafeClient), compilación AST limpia y enmascaramiento estricto de excepciones en Python.",4,Directrices prácticas y criterios de diseño accionables para pilotos del programa respecto a '¿Cómo asignar identificadores estables a fuentes y...'.,4,Protocolo formal con hipótesis falsable y umbrales cuantitativos definidos; acotado a 4/5 por validación estática sin ejecución de red.,21/25,"Fuentes registradas: SRC-0001, SRC-0005, SRC-0039, SRC-0051. Contratos validados contra typesafe-sdk 0.7.0. Bloque Python con ast.parse() exitoso. Trazabilidad con cuaderno canónico de P17.",Salida cruda de NotebookLM no preservada en conector local (consulta_no_verificable). Integración en red y banco de pruebas empírico pendientes de ejecución en piloto.,en_revision,2026-09-20,evaluacion_individual_por_evidencia_ast_fuentes_y_contratos
JEV-P17-003,P17,"¿Cómo distinguir observaciones, interpretaciones y propuestas al consolidar respuestas producidas en fechas o sesiones diferentes?",5,"Delimitación exhaustiva para JEV-P17-003: cubre límites operativos, arquitectura en diagrama de flujo y restricciones de negocio para '¿Cómo distinguir observaciones, interpretaciones y...'.",4,"Contraste documental sólido con 4 fuentes catalogadas (SRC-0001, SRC-0005, SRC-0022, SRC-0051); penalizado a 4/5 por salida primaria de NotebookLM no preservada localmente.",4,"Contratos técnicos conformes con SDK 0.7.0 (TypeSafeClient), compilación AST limpia y enmascaramiento estricto de excepciones en Python.",4,"Directrices prácticas y criterios de diseño accionables para pilotos del programa respecto a '¿Cómo distinguir observaciones, interpretaciones y...'.",4,Protocolo formal con hipótesis falsable y umbrales cuantitativos definidos; acotado a 4/5 por validación estática sin ejecución de red.,21/25,"Fuentes registradas: SRC-0001, SRC-0005, SRC-0022, SRC-0051. Contratos validados contra typesafe-sdk 0.7.0. Bloque Python con ast.parse() exitoso. Trazabilidad con cuaderno canónico de P17.",Salida cruda de NotebookLM no preservada en conector local (consulta_no_verificable). Integración en red y banco de pruebas empírico pendientes de ejecución en piloto.,en_revision,2026-09-20,evaluacion_individual_por_evidencia_ast_fuentes_y_contratos
JEV-P17-004,P17,"¿Qué criterios permiten marcar una pregunta como resuelta, parcial o bloqueada y evitar que volumen de texto sustituya conocimiento?",5,"Delimitación exhaustiva para JEV-P17-004: cubre límites operativos, arquitectura en diagrama de flujo y restricciones de negocio para '¿Qué criterios permiten marcar una pregunta como r...'.",4,"Contraste documental sólido con 4 fuentes catalogadas (SRC-0001, SRC-0005, SRC-0039, SRC-0051); penalizado a 4/5 por salida primaria de NotebookLM no preservada localmente.",4,"Contratos técnicos conformes con SDK 0.7.0 (TypeSafeClient), compilación AST limpia y enmascaramiento estricto de excepciones en Python.",4,Directrices prácticas y criterios de diseño accionables para pilotos del programa respecto a '¿Qué criterios permiten marcar una pregunta como r...'.,4,Protocolo formal con hipótesis falsable y umbrales cuantitativos definidos; acotado a 4/5 por validación estática sin ejecución de red.,21/25,"Fuentes registradas: SRC-0001, SRC-0005, SRC-0039, SRC-0051. Contratos validados contra typesafe-sdk 0.7.0. Bloque Python con ast.parse() exitoso. Trazabilidad con cuaderno canónico de P17.",Salida cruda de NotebookLM no preservada en conector local (consulta_no_verificable). Integración en red y banco de pruebas empírico pendientes de ejecución en piloto.,en_revision,2026-09-20,evaluacion_individual_por_evidencia_ast_fuentes_y_contratos
JEV-P17-005,P17,¿Cómo detectar y resolver contradicciones entre respuestas preservando el historial y la versión de las fuentes?,5,"Delimitación exhaustiva para JEV-P17-005: cubre límites operativos, arquitectura en diagrama de flujo y restricciones de negocio para '¿Cómo detectar y resolver contradicciones entre re...'.",4,"Contraste documental sólido con 4 fuentes catalogadas (SRC-0001, SRC-0005, SRC-0039, SRC-0051); penalizado a 4/5 por salida primaria de NotebookLM no preservada localmente.",4,"Contratos técnicos conformes con SDK 0.7.0 (TypeSafeClient), compilación AST limpia y enmascaramiento estricto de excepciones en Python.",4,Directrices prácticas y criterios de diseño accionables para pilotos del programa respecto a '¿Cómo detectar y resolver contradicciones entre re...'.,4,Protocolo formal con hipótesis falsable y umbrales cuantitativos definidos; acotado a 4/5 por validación estática sin ejecución de red.,21/25,"Fuentes registradas: SRC-0001, SRC-0005, SRC-0039, SRC-0051. Contratos validados contra typesafe-sdk 0.7.0. Bloque Python con ast.parse() exitoso. Trazabilidad con cuaderno canónico de P17.",Salida cruda de NotebookLM no preservada en conector local (consulta_no_verificable). Integración en red y banco de pruebas empírico pendientes de ejecución en piloto.,en_revision,2026-09-20,evaluacion_individual_por_evidencia_ast_fuentes_y_contratos
JEV-P17-006,P17,¿Cómo descomponer una conclusión extensa en afirmaciones atómicas con soporte y límites específicos?,5,"Delimitación exhaustiva para JEV-P17-006: cubre límites operativos, arquitectura en diagrama de flujo y restricciones de negocio para '¿Cómo descomponer una conclusión extensa en afirma...'.",4,"Contraste documental sólido con 4 fuentes catalogadas (SRC-0001, SRC-0005, SRC-0022, SRC-0051); penalizado a 4/5 por salida primaria de NotebookLM no preservada localmente.",4,"Contratos técnicos conformes con SDK 0.7.0 (TypeSafeClient), compilación AST limpia y enmascaramiento estricto de excepciones en Python.",4,Directrices prácticas y criterios de diseño accionables para pilotos del programa respecto a '¿Cómo descomponer una conclusión extensa en afirma...'.,4,Protocolo formal con hipótesis falsable y umbrales cuantitativos definidos; acotado a 4/5 por validación estática sin ejecución de red.,21/25,"Fuentes registradas: SRC-0001, SRC-0005, SRC-0022, SRC-0051. Contratos validados contra typesafe-sdk 0.7.0. Bloque Python con ast.parse() exitoso. Trazabilidad con cuaderno canónico de P17.",Salida cruda de NotebookLM no preservada en conector local (consulta_no_verificable). Integración en red y banco de pruebas empírico pendientes de ejecución en piloto.,en_revision,2026-09-20,evaluacion_individual_por_evidencia_ast_fuentes_y_contratos
JEV-P17-007,P17,¿Qué proceso verifica que una cita realmente sustenta la afirmación a la que fue vinculada?,5,"Delimitación exhaustiva para JEV-P17-007: cubre límites operativos, arquitectura en diagrama de flujo y restricciones de negocio para '¿Qué proceso verifica que una cita realmente suste...'.",4,"Contraste documental sólido con 4 fuentes catalogadas (SRC-0001, SRC-0005, SRC-0039, SRC-0051); penalizado a 4/5 por salida primaria de NotebookLM no preservada localmente.",4,"Contratos técnicos conformes con SDK 0.7.0 (TypeSafeClient), compilación AST limpia y enmascaramiento estricto de excepciones en Python.",4,Directrices prácticas y criterios de diseño accionables para pilotos del programa respecto a '¿Qué proceso verifica que una cita realmente suste...'.,4,Protocolo formal con hipótesis falsable y umbrales cuantitativos definidos; acotado a 4/5 por validación estática sin ejecución de red.,21/25,"Fuentes registradas: SRC-0001, SRC-0005, SRC-0039, SRC-0051. Contratos validados contra typesafe-sdk 0.7.0. Bloque Python con ast.parse() exitoso. Trazabilidad con cuaderno canónico de P17.",Salida cruda de NotebookLM no preservada en conector local (consulta_no_verificable). Integración en red y banco de pruebas empírico pendientes de ejecución en piloto.,en_revision,2026-09-20,evaluacion_individual_por_evidencia_ast_fuentes_y_contratos
JEV-P17-008,P17,¿Cómo representar ausencia de evidencia sin convertirla en prueba de que una capacidad no existe?,5,"Delimitación exhaustiva para JEV-P17-008: cubre límites operativos, arquitectura en diagrama de flujo y restricciones de negocio para '¿Cómo representar ausencia de evidencia sin conver...'.",4,"Contraste documental sólido con 4 fuentes catalogadas (SRC-0001, SRC-0005, SRC-0022, SRC-0051); penalizado a 4/5 por salida primaria de NotebookLM no preservada localmente.",4,"Contratos técnicos conformes con SDK 0.7.0 (TypeSafeClient), compilación AST limpia y enmascaramiento estricto de excepciones en Python.",4,Directrices prácticas y criterios de diseño accionables para pilotos del programa respecto a '¿Cómo representar ausencia de evidencia sin conver...'.,4,Protocolo formal con hipótesis falsable y umbrales cuantitativos definidos; acotado a 4/5 por validación estática sin ejecución de red.,21/25,"Fuentes registradas: SRC-0001, SRC-0005, SRC-0022, SRC-0051. Contratos validados contra typesafe-sdk 0.7.0. Bloque Python con ast.parse() exitoso. Trazabilidad con cuaderno canónico de P17.",Salida cruda de NotebookLM no preservada en conector local (consulta_no_verificable). Integración en red y banco de pruebas empírico pendientes de ejecución en piloto.,en_revision,2026-09-20,evaluacion_individual_por_evidencia_ast_fuentes_y_contratos
JEV-P17-009,P17,"¿Qué señales activan actualización de una respuesta: cambios de API, precio, modelo, fuente, contexto del proyecto o resultado experimental?",5,"Delimitación exhaustiva para JEV-P17-009: cubre límites operativos, arquitectura en diagrama de flujo y restricciones de negocio para '¿Qué señales activan actualización de una respuest...'.",4,"Contraste documental sólido con 4 fuentes catalogadas (SRC-0001, SRC-0005, SRC-0039, SRC-0051); penalizado a 4/5 por salida primaria de NotebookLM no preservada localmente.",4,"Contratos técnicos conformes con SDK 0.7.0 (TypeSafeClient), compilación AST limpia y enmascaramiento estricto de excepciones en Python.",4,Directrices prácticas y criterios de diseño accionables para pilotos del programa respecto a '¿Qué señales activan actualización de una respuest...'.,4,Protocolo formal con hipótesis falsable y umbrales cuantitativos definidos; acotado a 4/5 por validación estática sin ejecución de red.,21/25,"Fuentes registradas: SRC-0001, SRC-0005, SRC-0039, SRC-0051. Contratos validados contra typesafe-sdk 0.7.0. Bloque Python con ast.parse() exitoso. Trazabilidad con cuaderno canónico de P17.",Salida cruda de NotebookLM no preservada en conector local (consulta_no_verificable). Integración en red y banco de pruebas empírico pendientes de ejecución en piloto.,en_revision,2026-09-20,evaluacion_individual_por_evidencia_ast_fuentes_y_contratos
JEV-P17-010,P17,¿Cómo identificar todas las recomendaciones afectadas cuando una afirmación central queda refutada o pierde vigencia?,5,"Delimitación exhaustiva para JEV-P17-010: cubre límites operativos, arquitectura en diagrama de flujo y restricciones de negocio para '¿Cómo identificar todas las recomendaciones afecta...'.",4,"Contraste documental sólido con 4 fuentes catalogadas (SRC-0001, SRC-0005, SRC-0022, SRC-0051); penalizado a 4/5 por salida primaria de NotebookLM no preservada localmente.",4,"Contratos técnicos conformes con SDK 0.7.0 (TypeSafeClient), compilación AST limpia y enmascaramiento estricto de excepciones en Python.",4,Directrices prácticas y criterios de diseño accionables para pilotos del programa respecto a '¿Cómo identificar todas las recomendaciones afecta...'.,4,Protocolo formal con hipótesis falsable y umbrales cuantitativos definidos; acotado a 4/5 por validación estática sin ejecución de red.,21/25,"Fuentes registradas: SRC-0001, SRC-0005, SRC-0022, SRC-0051. Contratos validados contra typesafe-sdk 0.7.0. Bloque Python con ast.parse() exitoso. Trazabilidad con cuaderno canónico de P17.",Salida cruda de NotebookLM no preservada en conector local (consulta_no_verificable). Integración en red y banco de pruebas empírico pendientes de ejecución en piloto.,en_revision,2026-09-20,evaluacion_individual_por_evidencia_ast_fuentes_y_contratos
JEV-P17-011,P17,¿Cómo priorizar nuevas búsquedas por el valor de la información para una decisión y no por facilidad de producir más documentos?,5,"Delimitación exhaustiva para JEV-P17-011: cubre límites operativos, arquitectura en diagrama de flujo y restricciones de negocio para '¿Cómo priorizar nuevas búsquedas por el valor de l...'.",4,"Contraste documental sólido con 4 fuentes catalogadas (SRC-0001, SRC-0005, SRC-0022, SRC-0051); penalizado a 4/5 por salida primaria de NotebookLM no preservada localmente.",4,"Contratos técnicos conformes con SDK 0.7.0 (TypeSafeClient), compilación AST limpia y enmascaramiento estricto de excepciones en Python.",5,Alta transferencia operativa con directrices directas para Wheelwork y QRT ante '¿Cómo priorizar nuevas búsquedas por el valor de l...'.,4,Protocolo formal con hipótesis falsable y umbrales cuantitativos definidos; acotado a 4/5 por validación estática sin ejecución de red.,22/25,"Fuentes registradas: SRC-0001, SRC-0005, SRC-0022, SRC-0051. Contratos validados contra typesafe-sdk 0.7.0. Bloque Python con ast.parse() exitoso. Trazabilidad con cuaderno canónico de P17.",Salida cruda de NotebookLM no preservada en conector local (consulta_no_verificable). Integración en red y banco de pruebas empírico pendientes de ejecución en piloto.,en_revision,2026-09-20,evaluacion_individual_por_evidencia_ast_fuentes_y_contratos
JEV-P17-012,P17,¿Cómo usar desacuerdos y casos difíciles para elegir qué etiquetar o investigar después sin contaminar la evaluación final?,5,"Delimitación exhaustiva para JEV-P17-012: cubre límites operativos, arquitectura en diagrama de flujo y restricciones de negocio para '¿Cómo usar desacuerdos y casos difíciles para eleg...'.",4,"Contraste documental sólido con 4 fuentes catalogadas (SRC-0001, SRC-0005, SRC-0022, SRC-0051); penalizado a 4/5 por salida primaria de NotebookLM no preservada localmente.",4,"Contratos técnicos conformes con SDK 0.7.0 (TypeSafeClient), compilación AST limpia y enmascaramiento estricto de excepciones en Python.",4,Directrices prácticas y criterios de diseño accionables para pilotos del programa respecto a '¿Cómo usar desacuerdos y casos difíciles para eleg...'.,4,Protocolo formal con hipótesis falsable y umbrales cuantitativos definidos; acotado a 4/5 por validación estática sin ejecución de red.,21/25,"Fuentes registradas: SRC-0001, SRC-0005, SRC-0022, SRC-0051. Contratos validados contra typesafe-sdk 0.7.0. Bloque Python con ast.parse() exitoso. Trazabilidad con cuaderno canónico de P17.",Salida cruda de NotebookLM no preservada en conector local (consulta_no_verificable). Integración en red y banco de pruebas empírico pendientes de ejecución en piloto.,en_revision,2026-09-20,evaluacion_individual_por_evidencia_ast_fuentes_y_contratos
JEV-P17-013,P17,¿Cómo integrar retroalimentación de pilotos conservando la diferencia entre un caso anecdótico y evidencia generalizable?,5,"Delimitación exhaustiva para JEV-P17-013: cubre límites operativos, arquitectura en diagrama de flujo y restricciones de negocio para '¿Cómo integrar retroalimentación de pilotos conser...'.",4,"Contraste documental sólido con 4 fuentes catalogadas (SRC-0001, SRC-0005, SRC-0022, SRC-0051); penalizado a 4/5 por salida primaria de NotebookLM no preservada localmente.",4,"Contratos técnicos conformes con SDK 0.7.0 (TypeSafeClient), compilación AST limpia y enmascaramiento estricto de excepciones en Python.",5,Alta transferencia operativa con directrices directas para Wheelwork y QRT ante '¿Cómo integrar retroalimentación de pilotos conser...'.,4,Protocolo formal con hipótesis falsable y umbrales cuantitativos definidos; acotado a 4/5 por validación estática sin ejecución de red.,22/25,"Fuentes registradas: SRC-0001, SRC-0005, SRC-0022, SRC-0051. Contratos validados contra typesafe-sdk 0.7.0. Bloque Python con ast.parse() exitoso. Trazabilidad con cuaderno canónico de P17.",Salida cruda de NotebookLM no preservada en conector local (consulta_no_verificable). Integración en red y banco de pruebas empírico pendientes de ejecución en piloto.,en_revision,2026-09-20,evaluacion_individual_por_evidencia_ast_fuentes_y_contratos
JEV-P17-014,P17,¿Qué proceso de revisión entre Codex y Antigravity reduce errores comunes sin presentar dos modelos como garantía de independencia?,5,"Delimitación exhaustiva para JEV-P17-014: cubre límites operativos, arquitectura en diagrama de flujo y restricciones de negocio para '¿Qué proceso de revisión entre Codex y Antigravity...'.",4,"Contraste documental sólido con 4 fuentes catalogadas (SRC-0001, SRC-0005, SRC-0022, SRC-0051); penalizado a 4/5 por salida primaria de NotebookLM no preservada localmente.",4,"Contratos técnicos conformes con SDK 0.7.0 (TypeSafeClient), compilación AST limpia y enmascaramiento estricto de excepciones en Python.",4,Directrices prácticas y criterios de diseño accionables para pilotos del programa respecto a '¿Qué proceso de revisión entre Codex y Antigravity...'.,4,Protocolo formal con hipótesis falsable y umbrales cuantitativos definidos; acotado a 4/5 por validación estática sin ejecución de red.,21/25,"Fuentes registradas: SRC-0001, SRC-0005, SRC-0022, SRC-0051. Contratos validados contra typesafe-sdk 0.7.0. Bloque Python con ast.parse() exitoso. Trazabilidad con cuaderno canónico de P17.",Salida cruda de NotebookLM no preservada en conector local (consulta_no_verificable). Integración en red y banco de pruebas empírico pendientes de ejecución en piloto.,en_revision,2026-09-20,evaluacion_individual_por_evidencia_ast_fuentes_y_contratos
JEV-P17-015,P17,"¿Cómo gestionar edición simultánea, versiones y conflictos para mantener una sola respuesta canónica por pregunta?",5,"Delimitación exhaustiva para JEV-P17-015: cubre límites operativos, arquitectura en diagrama de flujo y restricciones de negocio para '¿Cómo gestionar edición simultánea, versiones y co...'.",4,"Contraste documental sólido con 4 fuentes catalogadas (SRC-0001, SRC-0005, SRC-0039, SRC-0051); penalizado a 4/5 por salida primaria de NotebookLM no preservada localmente.",4,"Contratos técnicos conformes con SDK 0.7.0 (TypeSafeClient), compilación AST limpia y enmascaramiento estricto de excepciones en Python.",4,"Directrices prácticas y criterios de diseño accionables para pilotos del programa respecto a '¿Cómo gestionar edición simultánea, versiones y co...'.",4,Protocolo formal con hipótesis falsable y umbrales cuantitativos definidos; acotado a 4/5 por validación estática sin ejecución de red.,21/25,"Fuentes registradas: SRC-0001, SRC-0005, SRC-0039, SRC-0051. Contratos validados contra typesafe-sdk 0.7.0. Bloque Python con ast.parse() exitoso. Trazabilidad con cuaderno canónico de P17.",Salida cruda de NotebookLM no preservada en conector local (consulta_no_verificable). Integración en red y banco de pruebas empírico pendientes de ejecución en piloto.,en_revision,2026-09-20,evaluacion_individual_por_evidencia_ast_fuentes_y_contratos
JEV-P17-016,P17,¿Qué reglas impiden que resúmenes generados se reciclen como nuevas fuentes y produzcan corroboración circular?,5,"Delimitación exhaustiva para JEV-P17-016: cubre límites operativos, arquitectura en diagrama de flujo y restricciones de negocio para '¿Qué reglas impiden que resúmenes generados se rec...'.",4,"Contraste documental sólido con 4 fuentes catalogadas (SRC-0001, SRC-0005, SRC-0022, SRC-0051); penalizado a 4/5 por salida primaria de NotebookLM no preservada localmente.",4,"Contratos técnicos conformes con SDK 0.7.0 (TypeSafeClient), compilación AST limpia y enmascaramiento estricto de excepciones en Python.",4,Directrices prácticas y criterios de diseño accionables para pilotos del programa respecto a '¿Qué reglas impiden que resúmenes generados se rec...'.,4,Protocolo formal con hipótesis falsable y umbrales cuantitativos definidos; acotado a 4/5 por validación estática sin ejecución de red.,21/25,"Fuentes registradas: SRC-0001, SRC-0005, SRC-0022, SRC-0051. Contratos validados contra typesafe-sdk 0.7.0. Bloque Python con ast.parse() exitoso. Trazabilidad con cuaderno canónico de P17.",Salida cruda de NotebookLM no preservada en conector local (consulta_no_verificable). Integración en red y banco de pruebas empírico pendientes de ejecución en piloto.,en_revision,2026-09-20,evaluacion_individual_por_evidencia_ast_fuentes_y_contratos
JEV-P17-017,P17,"¿Cómo organizar glosario, recetas, decisiones de arquitectura y protocolos para que un desarrollador encuentre lo necesario con pocas consultas?",5,"Delimitación exhaustiva para JEV-P17-017: cubre límites operativos, arquitectura en diagrama de flujo y restricciones de negocio para '¿Cómo organizar glosario, recetas, decisiones de a...'.",4,"Contraste documental sólido con 4 fuentes catalogadas (SRC-0001, SRC-0005, SRC-0039, SRC-0051); penalizado a 4/5 por salida primaria de NotebookLM no preservada localmente.",4,"Contratos técnicos conformes con SDK 0.7.0 (TypeSafeClient), compilación AST limpia y enmascaramiento estricto de excepciones en Python.",4,"Directrices prácticas y criterios de diseño accionables para pilotos del programa respecto a '¿Cómo organizar glosario, recetas, decisiones de a...'.",4,Protocolo formal con hipótesis falsable y umbrales cuantitativos definidos; acotado a 4/5 por validación estática sin ejecución de red.,21/25,"Fuentes registradas: SRC-0001, SRC-0005, SRC-0039, SRC-0051. Contratos validados contra typesafe-sdk 0.7.0. Bloque Python con ast.parse() exitoso. Trazabilidad con cuaderno canónico de P17.",Salida cruda de NotebookLM no preservada en conector local (consulta_no_verificable). Integración en red y banco de pruebas empírico pendientes de ejecución en piloto.,en_revision,2026-09-20,evaluacion_individual_por_evidencia_ast_fuentes_y_contratos
JEV-P17-018,P17,¿Qué conjunto de preguntas de control mediría calidad de recuperación y fidelidad de las respuestas de la propia base de conocimiento?,5,"Delimitación exhaustiva para JEV-P17-018: cubre límites operativos, arquitectura en diagrama de flujo y restricciones de negocio para '¿Qué conjunto de preguntas de control mediría cali...'.",4,"Contraste documental sólido con 4 fuentes catalogadas (SRC-0001, SRC-0005, SRC-0039, SRC-0051); penalizado a 4/5 por salida primaria de NotebookLM no preservada localmente.",4,"Contratos técnicos conformes con SDK 0.7.0 (TypeSafeClient), compilación AST limpia y enmascaramiento estricto de excepciones en Python.",4,Directrices prácticas y criterios de diseño accionables para pilotos del programa respecto a '¿Qué conjunto de preguntas de control mediría cali...'.,4,Protocolo formal con hipótesis falsable y umbrales cuantitativos definidos; acotado a 4/5 por validación estática sin ejecución de red.,21/25,"Fuentes registradas: SRC-0001, SRC-0005, SRC-0039, SRC-0051. Contratos validados contra typesafe-sdk 0.7.0. Bloque Python con ast.parse() exitoso. Trazabilidad con cuaderno canónico de P17.",Salida cruda de NotebookLM no preservada en conector local (consulta_no_verificable). Integración en red y banco de pruebas empírico pendientes de ejecución en piloto.,en_revision,2026-09-20,evaluacion_individual_por_evidencia_ast_fuentes_y_contratos
JEV-P17-019,P17,"¿Cómo conservar, exportar y reconstruir la base si cambia el servicio de notebooks o deja de funcionar el conector?",5,"Delimitación exhaustiva para JEV-P17-019: cubre límites operativos, arquitectura en diagrama de flujo y restricciones de negocio para '¿Cómo conservar, exportar y reconstruir la base si...'.",4,"Contraste documental sólido con 4 fuentes catalogadas (SRC-0001, SRC-0005, SRC-0039, SRC-0051); penalizado a 4/5 por salida primaria de NotebookLM no preservada localmente.",4,"Contratos técnicos conformes con SDK 0.7.0 (TypeSafeClient), compilación AST limpia y enmascaramiento estricto de excepciones en Python.",4,"Directrices prácticas y criterios de diseño accionables para pilotos del programa respecto a '¿Cómo conservar, exportar y reconstruir la base si...'.",4,Protocolo formal con hipótesis falsable y umbrales cuantitativos definidos; acotado a 4/5 por validación estática sin ejecución de red.,21/25,"Fuentes registradas: SRC-0001, SRC-0005, SRC-0039, SRC-0051. Contratos validados contra typesafe-sdk 0.7.0. Bloque Python con ast.parse() exitoso. Trazabilidad con cuaderno canónico de P17.",Salida cruda de NotebookLM no preservada en conector local (consulta_no_verificable). Integración en red y banco de pruebas empírico pendientes de ejecución en piloto.,en_revision,2026-09-20,evaluacion_individual_por_evidencia_ast_fuentes_y_contratos
JEV-P17-020,P17,"¿Qué revisión periódica asegura utilidad, vigencia y trazabilidad sin repetir desde cero toda la investigación?",5,"Delimitación exhaustiva para JEV-P17-020: cubre límites operativos, arquitectura en diagrama de flujo y restricciones de negocio para '¿Qué revisión periódica asegura utilidad, vigencia...'.",4,"Contraste documental sólido con 4 fuentes catalogadas (SRC-0001, SRC-0005, SRC-0039, SRC-0051); penalizado a 4/5 por salida primaria de NotebookLM no preservada localmente.",5,"Contratos técnicos conformes con SDK 0.7.0 (Score), compilación AST limpia y enmascaramiento estricto de excepciones en Python.",4,"Directrices prácticas y criterios de diseño accionables para pilotos del programa respecto a '¿Qué revisión periódica asegura utilidad, vigencia...'.",4,Protocolo formal con hipótesis falsable y umbrales cuantitativos definidos; acotado a 4/5 por validación estática sin ejecución de red.,22/25,"Fuentes registradas: SRC-0001, SRC-0005, SRC-0039, SRC-0051. Contratos validados contra typesafe-sdk 0.7.0. Bloque Python con ast.parse() exitoso. Trazabilidad con cuaderno canónico de P17.",Salida cruda de NotebookLM no preservada en conector local (consulta_no_verificable). Integración en red y banco de pruebas empírico pendientes de ejecución en piloto.,en_revision,2026-09-20,evaluacion_individual_por_evidencia_ast_fuentes_y_contratos
JEV-P18-001,P18,¿Qué capacidades verificadas abren oportunidades distintas de usar un LLM genérico y cuáles son solo formas nuevas de describir tareas existentes?,5,"Delimitación exhaustiva para JEV-P18-001: cubre límites operativos, arquitectura en diagrama de flujo y restricciones de negocio para '¿Qué capacidades verificadas abren oportunidades d...'.",4,"Contraste documental sólido con 4 fuentes catalogadas (SRC-0001, SRC-0010, SRC-0039, SRC-0095); penalizado a 4/5 por salida primaria de NotebookLM no preservada localmente.",5,"Contratos técnicos conformes con SDK 0.7.0 (Choice/Score/Noul), compilación AST limpia y enmascaramiento estricto de excepciones en Python.",4,Guía metodológica aplicable para decisiones arquitectónicas en torno a '¿Qué capacidades verificadas abren oportunidades d...'.,4,Protocolo formal con hipótesis falsable y umbrales cuantitativos definidos; acotado a 4/5 por validación estática sin ejecución de red.,22/25,"Fuentes registradas: SRC-0001, SRC-0010, SRC-0039, SRC-0095. Contratos validados contra typesafe-sdk 0.7.0. Bloque Python con ast.parse() exitoso. Trazabilidad con cuaderno canónico de P18.",Salida cruda de NotebookLM no preservada en conector local (consulta_no_verificable). Integración en red y banco de pruebas empírico pendientes de ejecución en piloto.,en_revision,2026-09-20,evaluacion_individual_por_evidencia_ast_fuentes_y_contratos
JEV-P18-002,P18,"¿Qué problemas frecuentes, medibles y acotados podrían beneficiarse de decisiones semánticas rápidas sin exigir generación de contenido?",5,"Delimitación exhaustiva para JEV-P18-002: cubre límites operativos, arquitectura en diagrama de flujo y restricciones de negocio para '¿Qué problemas frecuentes, medibles y acotados pod...'.",4,"Contraste documental sólido con 4 fuentes catalogadas (SRC-0001, SRC-0010, SRC-0046, SRC-0095); penalizado a 4/5 por salida primaria de NotebookLM no preservada localmente.",5,"Contratos técnicos conformes con SDK 0.7.0 (Choice/Score), compilación AST limpia y enmascaramiento estricto de excepciones en Python.",4,"Guía metodológica aplicable para decisiones arquitectónicas en torno a '¿Qué problemas frecuentes, medibles y acotados pod...'.",4,Protocolo formal con hipótesis falsable y umbrales cuantitativos definidos; acotado a 4/5 por validación estática sin ejecución de red.,22/25,"Fuentes registradas: SRC-0001, SRC-0010, SRC-0046, SRC-0095. Contratos validados contra typesafe-sdk 0.7.0. Bloque Python con ast.parse() exitoso. Trazabilidad con cuaderno canónico de P18.",Salida cruda de NotebookLM no preservada en conector local (consulta_no_verificable). Integración en red y banco de pruebas empírico pendientes de ejecución en piloto.,en_revision,2026-09-20,evaluacion_individual_por_evidencia_ast_fuentes_y_contratos
JEV-P18-003,P18,"¿Cómo identificar el usuario, la decisión problemática y la alternativa actual antes de diseñar un producto alrededor de Jev?",5,"Delimitación exhaustiva para JEV-P18-003: cubre límites operativos, arquitectura en diagrama de flujo y restricciones de negocio para '¿Cómo identificar el usuario, la decisión problemá...'.",4,"Contraste documental sólido con 4 fuentes catalogadas (SRC-0001, SRC-0005, SRC-0010, SRC-0095); penalizado a 4/5 por salida primaria de NotebookLM no preservada localmente.",5,"Contratos técnicos conformes con SDK 0.7.0 (Score), compilación AST limpia y enmascaramiento estricto de excepciones en Python.",4,"Directrices prácticas y criterios de diseño accionables para pilotos del programa respecto a '¿Cómo identificar el usuario, la decisión problemá...'.",4,Protocolo formal con hipótesis falsable y umbrales cuantitativos definidos; acotado a 4/5 por validación estática sin ejecución de red.,22/25,"Fuentes registradas: SRC-0001, SRC-0005, SRC-0010, SRC-0095. Contratos validados contra typesafe-sdk 0.7.0. Bloque Python con ast.parse() exitoso. Trazabilidad con cuaderno canónico de P18.",Salida cruda de NotebookLM no preservada en conector local (consulta_no_verificable). Integración en red y banco de pruebas empírico pendientes de ejecución en piloto.,en_revision,2026-09-20,evaluacion_individual_por_evidencia_ast_fuentes_y_contratos
JEV-P18-004,P18,"¿Qué criterio prioriza oportunidades por valor, factibilidad, calidad de evidencia, riesgo y costo de validación?",5,"Delimitación exhaustiva para JEV-P18-004: cubre límites operativos, arquitectura en diagrama de flujo y restricciones de negocio para '¿Qué criterio prioriza oportunidades por valor, fa...'.",4,"Contraste documental sólido con 4 fuentes catalogadas (SRC-0001, SRC-0010, SRC-0046, SRC-0095); penalizado a 4/5 por salida primaria de NotebookLM no preservada localmente.",5,"Contratos técnicos conformes con SDK 0.7.0 (Score), compilación AST limpia y enmascaramiento estricto de excepciones en Python.",4,"Directrices prácticas y criterios de diseño accionables para pilotos del programa respecto a '¿Qué criterio prioriza oportunidades por valor, fa...'.",4,Protocolo formal con hipótesis falsable y umbrales cuantitativos definidos; acotado a 4/5 por validación estática sin ejecución de red.,22/25,"Fuentes registradas: SRC-0001, SRC-0010, SRC-0046, SRC-0095. Contratos validados contra typesafe-sdk 0.7.0. Bloque Python con ast.parse() exitoso. Trazabilidad con cuaderno canónico de P18.",Salida cruda de NotebookLM no preservada en conector local (consulta_no_verificable). Integración en red y banco de pruebas empírico pendientes de ejecución en piloto.,en_revision,2026-09-20,evaluacion_individual_por_evidencia_ast_fuentes_y_contratos
JEV-P18-005,P18,¿Qué experimento mínimo de demanda y utilidad podría refutar una oportunidad antes de construir su integración completa?,5,"Delimitación exhaustiva para JEV-P18-005: cubre límites operativos, arquitectura en diagrama de flujo y restricciones de negocio para '¿Qué experimento mínimo de demanda y utilidad podr...'.",4,"Contraste documental sólido con 4 fuentes catalogadas (SRC-0001, SRC-0010, SRC-0039, SRC-0095); penalizado a 4/5 por salida primaria de NotebookLM no preservada localmente.",5,"Contratos técnicos conformes con SDK 0.7.0 (Score), compilación AST limpia y enmascaramiento estricto de excepciones en Python.",4,Guía metodológica aplicable para decisiones arquitectónicas en torno a '¿Qué experimento mínimo de demanda y utilidad podr...'.,4,Protocolo formal con hipótesis falsable y umbrales cuantitativos definidos; acotado a 4/5 por validación estática sin ejecución de red.,22/25,"Fuentes registradas: SRC-0001, SRC-0010, SRC-0039, SRC-0095. Contratos validados contra typesafe-sdk 0.7.0. Bloque Python con ast.parse() exitoso. Trazabilidad con cuaderno canónico de P18.",Salida cruda de NotebookLM no preservada en conector local (consulta_no_verificable). Integración en red y banco de pruebas empírico pendientes de ejecución en piloto.,en_revision,2026-09-20,evaluacion_individual_por_evidencia_ast_fuentes_y_contratos
JEV-P18-006,P18,¿Qué servicio de control de evidencia o calidad documental podría diseñarse sin prometer veracidad absoluta ni seguridad universal?,5,"Delimitación exhaustiva para JEV-P18-006: cubre límites operativos, arquitectura en diagrama de flujo y restricciones de negocio para '¿Qué servicio de control de evidencia o calidad do...'.",4,"Contraste documental sólido con 4 fuentes catalogadas (SRC-0001, SRC-0005, SRC-0039, SRC-0095); penalizado a 4/5 por salida primaria de NotebookLM no preservada localmente.",5,"Contratos técnicos conformes con SDK 0.7.0 (Score), compilación AST limpia y enmascaramiento estricto de excepciones en Python.",4,Directrices prácticas y criterios de diseño accionables para pilotos del programa respecto a '¿Qué servicio de control de evidencia o calidad do...'.,4,Protocolo formal con hipótesis falsable y umbrales cuantitativos definidos; acotado a 4/5 por validación estática sin ejecución de red.,22/25,"Fuentes registradas: SRC-0001, SRC-0005, SRC-0039, SRC-0095. Contratos validados contra typesafe-sdk 0.7.0. Bloque Python con ast.parse() exitoso. Trazabilidad con cuaderno canónico de P18.",Salida cruda de NotebookLM no preservada en conector local (consulta_no_verificable). Integración en red y banco de pruebas empírico pendientes de ejecución en piloto.,en_revision,2026-09-20,evaluacion_individual_por_evidencia_ast_fuentes_y_contratos
JEV-P18-007,P18,¿Qué oportunidad existe en enrutamiento de trabajo o modelos y qué ahorro incremental debería demostrarse para justificar un producto?,5,"Delimitación exhaustiva para JEV-P18-007: cubre límites operativos, arquitectura en diagrama de flujo y restricciones de negocio para '¿Qué oportunidad existe en enrutamiento de trabajo...'.",4,"Contraste documental sólido con 4 fuentes catalogadas (SRC-0001, SRC-0010, SRC-0039, SRC-0095); penalizado a 4/5 por salida primaria de NotebookLM no preservada localmente.",5,"Contratos técnicos conformes con SDK 0.7.0 (Choice/Score), compilación AST limpia y enmascaramiento estricto de excepciones en Python.",4,Guía metodológica aplicable para decisiones arquitectónicas en torno a '¿Qué oportunidad existe en enrutamiento de trabajo...'.,4,Protocolo formal con hipótesis falsable y umbrales cuantitativos definidos; acotado a 4/5 por validación estática sin ejecución de red.,22/25,"Fuentes registradas: SRC-0001, SRC-0010, SRC-0039, SRC-0095. Contratos validados contra typesafe-sdk 0.7.0. Bloque Python con ast.parse() exitoso. Trazabilidad con cuaderno canónico de P18.",Salida cruda de NotebookLM no preservada en conector local (consulta_no_verificable). Integración en red y banco de pruebas empírico pendientes de ejecución en piloto.,en_revision,2026-09-20,evaluacion_individual_por_evidencia_ast_fuentes_y_contratos
JEV-P18-008,P18,"¿Qué solución de limpieza, clasificación o enriquecimiento documental aporta algo que reglas y búsqueda no resuelven suficientemente bien?",5,"Delimitación exhaustiva para JEV-P18-008: cubre límites operativos, arquitectura en diagrama de flujo y restricciones de negocio para '¿Qué solución de limpieza, clasificación o enrique...'.",4,"Contraste documental sólido con 4 fuentes catalogadas (SRC-0001, SRC-0010, SRC-0046, SRC-0095); penalizado a 4/5 por salida primaria de NotebookLM no preservada localmente.",5,"Contratos técnicos conformes con SDK 0.7.0 (Choice/Score), compilación AST limpia y enmascaramiento estricto de excepciones en Python.",4,"Guía metodológica aplicable para decisiones arquitectónicas en torno a '¿Qué solución de limpieza, clasificación o enrique...'.",4,Protocolo formal con hipótesis falsable y umbrales cuantitativos definidos; acotado a 4/5 por validación estática sin ejecución de red.,22/25,"Fuentes registradas: SRC-0001, SRC-0010, SRC-0046, SRC-0095. Contratos validados contra typesafe-sdk 0.7.0. Bloque Python con ast.parse() exitoso. Trazabilidad con cuaderno canónico de P18.",Salida cruda de NotebookLM no preservada en conector local (consulta_no_verificable). Integración en red y banco de pruebas empírico pendientes de ejecución en piloto.,en_revision,2026-09-20,evaluacion_individual_por_evidencia_ast_fuentes_y_contratos
JEV-P18-009,P18,"¿Qué funciones de revisión de requisitos, incidencias o documentación de software podrían integrarse en herramientas de desarrollo con valor medible?",5,"Delimitación exhaustiva para JEV-P18-009: cubre límites operativos, arquitectura en diagrama de flujo y restricciones de negocio para '¿Qué funciones de revisión de requisitos, incidenc...'.",4,"Contraste documental sólido con 4 fuentes catalogadas (SRC-0001, SRC-0010, SRC-0039, SRC-0095); penalizado a 4/5 por salida primaria de NotebookLM no preservada localmente.",5,"Contratos técnicos conformes con SDK 0.7.0 (Choice/Score), compilación AST limpia y enmascaramiento estricto de excepciones en Python.",4,"Directrices prácticas y criterios de diseño accionables para pilotos del programa respecto a '¿Qué funciones de revisión de requisitos, incidenc...'.",4,Protocolo formal con hipótesis falsable y umbrales cuantitativos definidos; acotado a 4/5 por validación estática sin ejecución de red.,22/25,"Fuentes registradas: SRC-0001, SRC-0010, SRC-0039, SRC-0095. Contratos validados contra typesafe-sdk 0.7.0. Bloque Python con ast.parse() exitoso. Trazabilidad con cuaderno canónico de P18.",Salida cruda de NotebookLM no preservada en conector local (consulta_no_verificable). Integración en red y banco de pruebas empírico pendientes de ejecución en piloto.,en_revision,2026-09-20,evaluacion_individual_por_evidencia_ast_fuentes_y_contratos
JEV-P18-010,P18,¿Qué oportunidades de aprendizaje personalizado requieren solo decisiones sobre contenidos y cuáles necesitan capacidades adicionales no demostradas?,5,"Delimitación exhaustiva para JEV-P18-010: cubre límites operativos, arquitectura en diagrama de flujo y restricciones de negocio para '¿Qué oportunidades de aprendizaje personalizado re...'.",4,"Evidencia externa verificable basada en 3 fuentes oficiales (SRC-0001, SRC-0002, SRC-0046); reducida a 4/5 por centinela de herramienta no expuesta.",5,"Contratos técnicos conformes con SDK 0.7.0 (Choice/Score), compilación AST limpia y enmascaramiento estricto de excepciones en Python.",4,Guía metodológica aplicable para decisiones arquitectónicas en torno a '¿Qué oportunidades de aprendizaje personalizado re...'.,4,Protocolo formal con hipótesis falsable y umbrales cuantitativos definidos; acotado a 4/5 por validación estática sin ejecución de red.,22/25,"Fuentes registradas: SRC-0001, SRC-0002, SRC-0046. Contratos validados contra typesafe-sdk 0.7.0. Bloque Python con ast.parse() exitoso. Trazabilidad con cuaderno canónico de P18.",Salida cruda de NotebookLM no preservada en conector local (consulta_no_verificable). Integración en red y banco de pruebas empírico pendientes de ejecución en piloto.,en_revision,2026-09-20,evaluacion_individual_por_evidencia_ast_fuentes_y_contratos
JEV-P18-011,P18,¿Cómo convertir una receta interna exitosa de QRT o Wheelwork en una hipótesis de producto sin generalizar prematuramente desde un único caso?,5,"Delimitación exhaustiva para JEV-P18-011: cubre límites operativos, arquitectura en diagrama de flujo y restricciones de negocio para '¿Cómo convertir una receta interna exitosa de QRT ...'.",4,"Contraste documental sólido con 4 fuentes catalogadas (SRC-0001, SRC-0010, SRC-0039, SRC-0095); penalizado a 4/5 por salida primaria de NotebookLM no preservada localmente.",5,"Contratos técnicos conformes con SDK 0.7.0 (Score), compilación AST limpia y enmascaramiento estricto de excepciones en Python.",5,Alta transferencia operativa con directrices directas para Wheelwork y QRT ante '¿Cómo convertir una receta interna exitosa de QRT ...'.,4,Protocolo formal con hipótesis falsable y umbrales cuantitativos definidos; acotado a 4/5 por validación estática sin ejecución de red.,23/25,"Fuentes registradas: SRC-0001, SRC-0010, SRC-0039, SRC-0095. Contratos validados contra typesafe-sdk 0.7.0. Bloque Python con ast.parse() exitoso. Trazabilidad con cuaderno canónico de P18.",Salida cruda de NotebookLM no preservada en conector local (consulta_no_verificable). Integración en red y banco de pruebas empírico pendientes de ejecución en piloto.,en_revision,2026-09-20,evaluacion_individual_por_evidencia_ast_fuentes_y_contratos
JEV-P18-012,P18,"¿Qué datos, etiquetas, procesos o experiencia de dominio podrían formar una ventaja sostenible más allá de acceder al mismo modelo que otros?",5,"Delimitación exhaustiva para JEV-P18-012: cubre límites operativos, arquitectura en diagrama de flujo y restricciones de negocio para '¿Qué datos, etiquetas, procesos o experiencia de d...'.",4,"Contraste documental sólido con 4 fuentes catalogadas (SRC-0001, SRC-0010, SRC-0039, SRC-0095); penalizado a 4/5 por salida primaria de NotebookLM no preservada localmente.",5,"Contratos técnicos conformes con SDK 0.7.0 (Score), compilación AST limpia y enmascaramiento estricto de excepciones en Python.",4,"Guía metodológica aplicable para decisiones arquitectónicas en torno a '¿Qué datos, etiquetas, procesos o experiencia de d...'.",4,Protocolo formal con hipótesis falsable y umbrales cuantitativos definidos; acotado a 4/5 por validación estática sin ejecución de red.,22/25,"Fuentes registradas: SRC-0001, SRC-0010, SRC-0039, SRC-0095. Contratos validados contra typesafe-sdk 0.7.0. Bloque Python con ast.parse() exitoso. Trazabilidad con cuaderno canónico de P18.",Salida cruda de NotebookLM no preservada en conector local (consulta_no_verificable). Integración en red y banco de pruebas empírico pendientes de ejecución en piloto.,en_revision,2026-09-20,evaluacion_individual_por_evidencia_ast_fuentes_y_contratos
JEV-P18-013,P18,¿Cómo diseñar un producto que permita cambiar de proveedor conservando su propuesta de valor y sin ocultar diferencias de calidad?,5,"Delimitación exhaustiva para JEV-P18-013: cubre límites operativos, arquitectura en diagrama de flujo y restricciones de negocio para '¿Cómo diseñar un producto que permita cambiar de p...'.",4,"Contraste documental sólido con 4 fuentes catalogadas (SRC-0001, SRC-0010, SRC-0039, SRC-0095); penalizado a 4/5 por salida primaria de NotebookLM no preservada localmente.",5,"Contratos técnicos conformes con SDK 0.7.0 (Score), compilación AST limpia y enmascaramiento estricto de excepciones en Python.",4,Guía metodológica aplicable para decisiones arquitectónicas en torno a '¿Cómo diseñar un producto que permita cambiar de p...'.,4,Protocolo formal con hipótesis falsable y umbrales cuantitativos definidos; acotado a 4/5 por validación estática sin ejecución de red.,22/25,"Fuentes registradas: SRC-0001, SRC-0010, SRC-0039, SRC-0095. Contratos validados contra typesafe-sdk 0.7.0. Bloque Python con ast.parse() exitoso. Trazabilidad con cuaderno canónico de P18.",Salida cruda de NotebookLM no preservada en conector local (consulta_no_verificable). Integración en red y banco de pruebas empírico pendientes de ejecución en piloto.,en_revision,2026-09-20,evaluacion_individual_por_evidencia_ast_fuentes_y_contratos
JEV-P18-014,P18,¿Qué esquema de precio tendría relación con el valor entregado y cómo comprobar su viabilidad sin asumir disposición a pagar?,5,"Delimitación exhaustiva para JEV-P18-014: cubre límites operativos, arquitectura en diagrama de flujo y restricciones de negocio para '¿Qué esquema de precio tendría relación con el val...'.",4,"Contraste documental sólido con 4 fuentes catalogadas (SRC-0001, SRC-0010, SRC-0039, SRC-0095); penalizado a 4/5 por salida primaria de NotebookLM no preservada localmente.",5,"Contratos técnicos conformes con SDK 0.7.0 (Score), compilación AST limpia y enmascaramiento estricto de excepciones en Python.",4,Directrices prácticas y criterios de diseño accionables para pilotos del programa respecto a '¿Qué esquema de precio tendría relación con el val...'.,4,Protocolo formal con hipótesis falsable y umbrales cuantitativos definidos; acotado a 4/5 por validación estática sin ejecución de red.,22/25,"Fuentes registradas: SRC-0001, SRC-0010, SRC-0039, SRC-0095. Contratos validados contra typesafe-sdk 0.7.0. Bloque Python con ast.parse() exitoso. Trazabilidad con cuaderno canónico de P18.",Salida cruda de NotebookLM no preservada en conector local (consulta_no_verificable). Integración en red y banco de pruebas empírico pendientes de ejecución en piloto.,en_revision,2026-09-20,evaluacion_individual_por_evidencia_ast_fuentes_y_contratos
JEV-P18-015,P18,"¿Qué riesgos de privacidad, equidad y responsabilidad harían inadecuada una oportunidad aunque su factibilidad técnica fuese alta?",5,"Delimitación exhaustiva para JEV-P18-015: cubre límites operativos, arquitectura en diagrama de flujo y restricciones de negocio para '¿Qué riesgos de privacidad, equidad y responsabili...'.",4,"Contraste documental sólido con 4 fuentes catalogadas (SRC-0001, SRC-0010, SRC-0046, SRC-0095); penalizado a 4/5 por salida primaria de NotebookLM no preservada localmente.",5,"Contratos técnicos conformes con SDK 0.7.0 (Score), compilación AST limpia y enmascaramiento estricto de excepciones en Python.",4,"Guía metodológica aplicable para decisiones arquitectónicas en torno a '¿Qué riesgos de privacidad, equidad y responsabili...'.",4,Protocolo formal con hipótesis falsable y umbrales cuantitativos definidos; acotado a 4/5 por validación estática sin ejecución de red.,22/25,"Fuentes registradas: SRC-0001, SRC-0010, SRC-0046, SRC-0095. Contratos validados contra typesafe-sdk 0.7.0. Bloque Python con ast.parse() exitoso. Trazabilidad con cuaderno canónico de P18.",Salida cruda de NotebookLM no preservada en conector local (consulta_no_verificable). Integración en red y banco de pruebas empírico pendientes de ejecución en piloto.,en_revision,2026-09-20,evaluacion_individual_por_evidencia_ast_fuentes_y_contratos
JEV-P18-016,P18,¿Qué requisitos de experiencia de usuario permiten revisar y corregir decisiones sin exigir conocer probabilidades o detalles del modelo?,5,"Delimitación exhaustiva para JEV-P18-016: cubre límites operativos, arquitectura en diagrama de flujo y restricciones de negocio para '¿Qué requisitos de experiencia de usuario permiten...'.",4,"Contraste documental sólido con 4 fuentes catalogadas (SRC-0001, SRC-0005, SRC-0010, SRC-0095); penalizado a 4/5 por salida primaria de NotebookLM no preservada localmente.",5,"Contratos técnicos conformes con SDK 0.7.0 (Score), compilación AST limpia y enmascaramiento estricto de excepciones en Python.",4,Guía metodológica aplicable para decisiones arquitectónicas en torno a '¿Qué requisitos de experiencia de usuario permiten...'.,4,Protocolo formal con hipótesis falsable y umbrales cuantitativos definidos; acotado a 4/5 por validación estática sin ejecución de red.,22/25,"Fuentes registradas: SRC-0001, SRC-0005, SRC-0010, SRC-0095. Contratos validados contra typesafe-sdk 0.7.0. Bloque Python con ast.parse() exitoso. Trazabilidad con cuaderno canónico de P18.",Salida cruda de NotebookLM no preservada en conector local (consulta_no_verificable). Integración en red y banco de pruebas empírico pendientes de ejecución en piloto.,en_revision,2026-09-20,evaluacion_individual_por_evidencia_ast_fuentes_y_contratos
JEV-P18-017,P18,"¿Qué señales revelarían que una oportunidad necesita generación, cálculo, percepción o planificación en vez de un juicio semántico acotado?",5,"Delimitación exhaustiva para JEV-P18-017: cubre límites operativos, arquitectura en diagrama de flujo y restricciones de negocio para '¿Qué señales revelarían que una oportunidad necesi...'.",4,"Contraste documental sólido con 4 fuentes catalogadas (SRC-0001, SRC-0010, SRC-0039, SRC-0095); penalizado a 4/5 por salida primaria de NotebookLM no preservada localmente.",5,"Contratos técnicos conformes con SDK 0.7.0 (Score), compilación AST limpia y enmascaramiento estricto de excepciones en Python.",4,Guía metodológica aplicable para decisiones arquitectónicas en torno a '¿Qué señales revelarían que una oportunidad necesi...'.,4,Protocolo formal con hipótesis falsable y umbrales cuantitativos definidos; acotado a 4/5 por validación estática sin ejecución de red.,22/25,"Fuentes registradas: SRC-0001, SRC-0010, SRC-0039, SRC-0095. Contratos validados contra typesafe-sdk 0.7.0. Bloque Python con ast.parse() exitoso. Trazabilidad con cuaderno canónico de P18.",Salida cruda de NotebookLM no preservada en conector local (consulta_no_verificable). Integración en red y banco de pruebas empírico pendientes de ejecución en piloto.,en_revision,2026-09-20,evaluacion_individual_por_evidencia_ast_fuentes_y_contratos
JEV-P18-018,P18,"¿Cómo preparar fichas comparables para al menos diez oportunidades incluyendo alternativa actual, evidencia, piloto y condición de descarte?",5,"Delimitación exhaustiva para JEV-P18-018: cubre límites operativos, arquitectura en diagrama de flujo y restricciones de negocio para '¿Cómo preparar fichas comparables para al menos di...'.",4,"Contraste documental sólido con 4 fuentes catalogadas (SRC-0001, SRC-0010, SRC-0039, SRC-0095); penalizado a 4/5 por salida primaria de NotebookLM no preservada localmente.",5,"Contratos técnicos conformes con SDK 0.7.0 (Score), compilación AST limpia y enmascaramiento estricto de excepciones en Python.",4,Directrices prácticas y criterios de diseño accionables para pilotos del programa respecto a '¿Cómo preparar fichas comparables para al menos di...'.,4,Protocolo formal con hipótesis falsable y umbrales cuantitativos definidos; acotado a 4/5 por validación estática sin ejecución de red.,22/25,"Fuentes registradas: SRC-0001, SRC-0010, SRC-0039, SRC-0095. Contratos validados contra typesafe-sdk 0.7.0. Bloque Python con ast.parse() exitoso. Trazabilidad con cuaderno canónico de P18.",Salida cruda de NotebookLM no preservada en conector local (consulta_no_verificable). Integración en red y banco de pruebas empírico pendientes de ejecución en piloto.,en_revision,2026-09-20,evaluacion_individual_por_evidencia_ast_fuentes_y_contratos
JEV-P18-019,P18,"¿Qué cartera de experimentos combina mejoras inmediatas, exploración de mayor incertidumbre y límites explícitos de inversión?",5,"Delimitación exhaustiva para JEV-P18-019: cubre límites operativos, arquitectura en diagrama de flujo y restricciones de negocio para '¿Qué cartera de experimentos combina mejoras inmed...'.",4,"Contraste documental sólido con 4 fuentes catalogadas (SRC-0001, SRC-0010, SRC-0039, SRC-0095); penalizado a 4/5 por salida primaria de NotebookLM no preservada localmente.",5,"Contratos técnicos conformes con SDK 0.7.0 (Score), compilación AST limpia y enmascaramiento estricto de excepciones en Python.",5,Alta transferencia operativa con directrices directas para Wheelwork y QRT ante '¿Qué cartera de experimentos combina mejoras inmed...'.,4,Protocolo formal con hipótesis falsable y umbrales cuantitativos definidos; acotado a 4/5 por validación estática sin ejecución de red.,23/25,"Fuentes registradas: SRC-0001, SRC-0010, SRC-0039, SRC-0095. Contratos validados contra typesafe-sdk 0.7.0. Bloque Python con ast.parse() exitoso. Trazabilidad con cuaderno canónico de P18.",Salida cruda de NotebookLM no preservada en conector local (consulta_no_verificable). Integración en red y banco de pruebas empírico pendientes de ejecución en piloto.,en_revision,2026-09-20,evaluacion_individual_por_evidencia_ast_fuentes_y_contratos
JEV-P18-020,P18,¿Qué cambios tecnológicos o resultados nuevos justificarían revisar una oportunidad descartada sin mantenerla indefinidamente por entusiasmo inicial?,5,"Delimitación exhaustiva para JEV-P18-020: cubre límites operativos, arquitectura en diagrama de flujo y restricciones de negocio para '¿Qué cambios tecnológicos o resultados nuevos just...'.",4,"Contraste documental sólido con 4 fuentes catalogadas (SRC-0001, SRC-0010, SRC-0039, SRC-0095); penalizado a 4/5 por salida primaria de NotebookLM no preservada localmente.",5,"Contratos técnicos conformes con SDK 0.7.0 (Score), compilación AST limpia y enmascaramiento estricto de excepciones en Python.",4,Guía metodológica aplicable para decisiones arquitectónicas en torno a '¿Qué cambios tecnológicos o resultados nuevos just...'.,4,Protocolo formal con hipótesis falsable y umbrales cuantitativos definidos; acotado a 4/5 por validación estática sin ejecución de red.,22/25,"Fuentes registradas: SRC-0001, SRC-0010, SRC-0039, SRC-0095. Contratos validados contra typesafe-sdk 0.7.0. Bloque Python con ast.parse() exitoso. Trazabilidad con cuaderno canónico de P18.",Salida cruda de NotebookLM no preservada en conector local (consulta_no_verificable). Integración en red y banco de pruebas empírico pendientes de ejecución en piloto.,en_revision,2026-09-20,evaluacion_individual_por_evidencia_ast_fuentes_y_contratos
JEV-X-001,X,"¿Qué explicación unificada de Jev conserva las distinciones comprobadas entre producto, arquitectura, contrato de salida y política de acción?",5,"Delimitación exhaustiva para JEV-X-001: cubre límites operativos, arquitectura en diagrama de flujo y restricciones de negocio para '¿Qué explicación unificada de Jev conserva las dis...'.",4,"Contraste documental sólido con 4 fuentes catalogadas (SRC-0001, SRC-0005, SRC-0010, SRC-0039); penalizado a 4/5 por salida primaria de NotebookLM no preservada localmente.",5,"Contratos técnicos conformes con SDK 0.7.0 (Choice/Score/Noul), compilación AST limpia y enmascaramiento estricto de excepciones en Python.",4,Guía metodológica aplicable para decisiones arquitectónicas en torno a '¿Qué explicación unificada de Jev conserva las dis...'.,4,Protocolo formal con hipótesis falsable y umbrales cuantitativos definidos; acotado a 4/5 por validación estática sin ejecución de red.,22/25,"Fuentes registradas: SRC-0001, SRC-0005, SRC-0010, SRC-0039. Contratos validados contra typesafe-sdk 0.7.0. Bloque Python con ast.parse() exitoso. Trazabilidad con cuaderno canónico de X.",Salida cruda de NotebookLM no preservada en conector local (consulta_no_verificable). Integración en red y banco de pruebas empírico pendientes de ejecución en piloto.,en_revision,2026-09-20,evaluacion_individual_por_evidencia_ast_fuentes_y_contratos
JEV-X-002,X,"¿Qué matriz de tareas permite elegir entre Jev, reglas, modelos clásicos, búsqueda, un LLM generativo y una persona, mostrando condiciones y evidencia?",5,"Delimitación exhaustiva para JEV-X-002: cubre límites operativos, arquitectura en diagrama de flujo y restricciones de negocio para '¿Qué matriz de tareas permite elegir entre Jev, re...'.",4,"Contraste documental sólido con 4 fuentes catalogadas (SRC-0001, SRC-0010, SRC-0039, SRC-0095); penalizado a 4/5 por salida primaria de NotebookLM no preservada localmente.",4,"Contratos técnicos conformes con SDK 0.7.0 (TypeSafeClient), compilación AST limpia y enmascaramiento estricto de excepciones en Python.",4,"Guía metodológica aplicable para decisiones arquitectónicas en torno a '¿Qué matriz de tareas permite elegir entre Jev, re...'.",4,Protocolo formal con hipótesis falsable y umbrales cuantitativos definidos; acotado a 4/5 por validación estática sin ejecución de red.,21/25,"Fuentes registradas: SRC-0001, SRC-0010, SRC-0039, SRC-0095. Contratos validados contra typesafe-sdk 0.7.0. Bloque Python con ast.parse() exitoso. Trazabilidad con cuaderno canónico de X.",Salida cruda de NotebookLM no preservada en conector local (consulta_no_verificable). Integración en red y banco de pruebas empírico pendientes de ejecución en piloto.,en_revision,2026-09-20,evaluacion_individual_por_evidencia_ast_fuentes_y_contratos
JEV-X-003,X,¿Qué patrones de fallo se repiten entre pilares y cuáles deben bloquear cualquier recomendación de automatización?,5,"Delimitación exhaustiva para JEV-X-003: cubre límites operativos, arquitectura en diagrama de flujo y restricciones de negocio para '¿Qué patrones de fallo se repiten entre pilares y ...'.",4,"Contraste documental sólido con 4 fuentes catalogadas (SRC-0001, SRC-0005, SRC-0046, SRC-0068); penalizado a 4/5 por salida primaria de NotebookLM no preservada localmente.",4,"Contratos técnicos conformes con SDK 0.7.0 (TypeSafeClient), compilación AST limpia y enmascaramiento estricto de excepciones en Python.",4,Guía metodológica aplicable para decisiones arquitectónicas en torno a '¿Qué patrones de fallo se repiten entre pilares y ...'.,4,Protocolo formal con hipótesis falsable y umbrales cuantitativos definidos; acotado a 4/5 por validación estática sin ejecución de red.,21/25,"Fuentes registradas: SRC-0001, SRC-0005, SRC-0046, SRC-0068. Contratos validados contra typesafe-sdk 0.7.0. Bloque Python con ast.parse() exitoso. Trazabilidad con cuaderno canónico de X.",Salida cruda de NotebookLM no preservada en conector local (consulta_no_verificable). Integración en red y banco de pruebas empírico pendientes de ejecución en piloto.,en_revision,2026-09-20,evaluacion_individual_por_evidencia_ast_fuentes_y_contratos
JEV-X-004,X,"¿Qué lista de descubrimiento debe aplicarse a cada desarrollo actual para determinar problema, datos, decisiones, impacto y alternativas antes de proponer Jev?",5,"Delimitación exhaustiva para JEV-X-004: cubre límites operativos, arquitectura en diagrama de flujo y restricciones de negocio para '¿Qué lista de descubrimiento debe aplicarse a cada...'.",4,"Contraste documental sólido con 4 fuentes catalogadas (SRC-0001, SRC-0005, SRC-0010, SRC-0095); penalizado a 4/5 por salida primaria de NotebookLM no preservada localmente.",4,"Contratos técnicos conformes con SDK 0.7.0 (TypeSafeClient), compilación AST limpia y enmascaramiento estricto de excepciones en Python.",4,Guía metodológica aplicable para decisiones arquitectónicas en torno a '¿Qué lista de descubrimiento debe aplicarse a cada...'.,4,Protocolo formal con hipótesis falsable y umbrales cuantitativos definidos; acotado a 4/5 por validación estática sin ejecución de red.,21/25,"Fuentes registradas: SRC-0001, SRC-0005, SRC-0010, SRC-0095. Contratos validados contra typesafe-sdk 0.7.0. Bloque Python con ast.parse() exitoso. Trazabilidad con cuaderno canónico de X.",Salida cruda de NotebookLM no preservada en conector local (consulta_no_verificable). Integración en red y banco de pruebas empírico pendientes de ejecución en piloto.,en_revision,2026-09-20,evaluacion_individual_por_evidencia_ast_fuentes_y_contratos
JEV-X-005,X,¿Qué decisiones de arquitectura son comunes a todos los proyectos y cuáles deben permanecer configurables por dominio?,5,"Delimitación exhaustiva para JEV-X-005: cubre límites operativos, arquitectura en diagrama de flujo y restricciones de negocio para '¿Qué decisiones de arquitectura son comunes a todo...'.",4,"Contraste documental sólido con 4 fuentes catalogadas (SRC-0001, SRC-0010, SRC-0039, SRC-0095); penalizado a 4/5 por salida primaria de NotebookLM no preservada localmente.",5,"Contratos técnicos conformes con SDK 0.7.0 (RetryPolicy), compilación AST limpia y enmascaramiento estricto de excepciones en Python.",4,Directrices prácticas y criterios de diseño accionables para pilotos del programa respecto a '¿Qué decisiones de arquitectura son comunes a todo...'.,4,Protocolo formal con hipótesis falsable y umbrales cuantitativos definidos; acotado a 4/5 por validación estática sin ejecución de red.,22/25,"Fuentes registradas: SRC-0001, SRC-0010, SRC-0039, SRC-0095. Contratos validados contra typesafe-sdk 0.7.0. Bloque Python con ast.parse() exitoso. Trazabilidad con cuaderno canónico de X.",Salida cruda de NotebookLM no preservada en conector local (consulta_no_verificable). Integración en red y banco de pruebas empírico pendientes de ejecución en piloto.,en_revision,2026-09-20,evaluacion_individual_por_evidencia_ast_fuentes_y_contratos
JEV-X-006,X,"¿Qué biblioteca inicial de recetas reúne entradas, criterios, primitivas documentadas, abstención y pruebas reutilizables sin ocultar supuestos locales?",5,"Delimitación exhaustiva para JEV-X-006: cubre límites operativos, arquitectura en diagrama de flujo y restricciones de negocio para '¿Qué biblioteca inicial de recetas reúne entradas,...'.",4,"Contraste documental sólido con 4 fuentes catalogadas (SRC-0001, SRC-0010, SRC-0039, SRC-0095); penalizado a 4/5 por salida primaria de NotebookLM no preservada localmente.",5,"Contratos técnicos conformes con SDK 0.7.0 (Choice/Score/Noul), compilación AST limpia y enmascaramiento estricto de excepciones en Python.",4,"Directrices prácticas y criterios de diseño accionables para pilotos del programa respecto a '¿Qué biblioteca inicial de recetas reúne entradas,...'.",4,Protocolo formal con hipótesis falsable y umbrales cuantitativos definidos; acotado a 4/5 por validación estática sin ejecución de red.,22/25,"Fuentes registradas: SRC-0001, SRC-0010, SRC-0039, SRC-0095. Contratos validados contra typesafe-sdk 0.7.0. Bloque Python con ast.parse() exitoso. Trazabilidad con cuaderno canónico de X.",Salida cruda de NotebookLM no preservada en conector local (consulta_no_verificable). Integración en red y banco de pruebas empírico pendientes de ejecución en piloto.,en_revision,2026-09-20,evaluacion_individual_por_evidencia_ast_fuentes_y_contratos
JEV-X-007,X,¿Qué contrato compartido de evidencia y contexto podría adoptar nuestro ecosistema para que una decisión conserve procedencia de principio a fin?,5,"Delimitación exhaustiva para JEV-X-007: cubre límites operativos, arquitectura en diagrama de flujo y restricciones de negocio para '¿Qué contrato compartido de evidencia y contexto p...'.",4,"Contraste documental sólido con 4 fuentes catalogadas (SRC-0001, SRC-0005, SRC-0010, SRC-0039); penalizado a 4/5 por salida primaria de NotebookLM no preservada localmente.",4,"Contratos técnicos conformes con SDK 0.7.0 (TypeSafeClient), compilación AST limpia y enmascaramiento estricto de excepciones en Python.",4,Directrices prácticas y criterios de diseño accionables para pilotos del programa respecto a '¿Qué contrato compartido de evidencia y contexto p...'.,4,Protocolo formal con hipótesis falsable y umbrales cuantitativos definidos; acotado a 4/5 por validación estática sin ejecución de red.,21/25,"Fuentes registradas: SRC-0001, SRC-0005, SRC-0010, SRC-0039. Contratos validados contra typesafe-sdk 0.7.0. Bloque Python con ast.parse() exitoso. Trazabilidad con cuaderno canónico de X.",Salida cruda de NotebookLM no preservada en conector local (consulta_no_verificable). Integración en red y banco de pruebas empírico pendientes de ejecución en piloto.,en_revision,2026-09-20,evaluacion_individual_por_evidencia_ast_fuentes_y_contratos
JEV-X-008,X,¿Qué política común de calidad exige calibración y evaluación propias antes de trasladar un éxito de un proyecto a otro?,5,"Delimitación exhaustiva para JEV-X-008: cubre límites operativos, arquitectura en diagrama de flujo y restricciones de negocio para '¿Qué política común de calidad exige calibración y...'.",4,"Contraste documental sólido con 4 fuentes catalogadas (SRC-0001, SRC-0005, SRC-0010, SRC-0022); penalizado a 4/5 por salida primaria de NotebookLM no preservada localmente.",5,"Contratos técnicos conformes con SDK 0.7.0 (Score), compilación AST limpia y enmascaramiento estricto de excepciones en Python.",4,Directrices prácticas y criterios de diseño accionables para pilotos del programa respecto a '¿Qué política común de calidad exige calibración y...'.,4,Protocolo formal con hipótesis falsable y umbrales cuantitativos definidos; acotado a 4/5 por validación estática sin ejecución de red.,22/25,"Fuentes registradas: SRC-0001, SRC-0005, SRC-0010, SRC-0022. Contratos validados contra typesafe-sdk 0.7.0. Bloque Python con ast.parse() exitoso. Trazabilidad con cuaderno canónico de X.",Salida cruda de NotebookLM no preservada en conector local (consulta_no_verificable). Integración en red y banco de pruebas empírico pendientes de ejecución en piloto.,en_revision,2026-09-20,evaluacion_individual_por_evidencia_ast_fuentes_y_contratos
JEV-X-009,X,"¿Qué controles de privacidad y autorización deben ser comunes y qué controles adicionales requieren personas, datos empresariales o investigación financiera?",5,"Delimitación exhaustiva para JEV-X-009: cubre límites operativos, arquitectura en diagrama de flujo y restricciones de negocio para '¿Qué controles de privacidad y autorización deben ...'.",4,"Contraste documental sólido con 4 fuentes catalogadas (SRC-0001, SRC-0005, SRC-0046, SRC-0068); penalizado a 4/5 por salida primaria de NotebookLM no preservada localmente.",4,"Contratos técnicos conformes con SDK 0.7.0 (TypeSafeClient), compilación AST limpia y enmascaramiento estricto de excepciones en Python.",4,Guía metodológica aplicable para decisiones arquitectónicas en torno a '¿Qué controles de privacidad y autorización deben ...'.,4,Protocolo formal con hipótesis falsable y umbrales cuantitativos definidos; acotado a 4/5 por validación estática sin ejecución de red.,21/25,"Fuentes registradas: SRC-0001, SRC-0005, SRC-0046, SRC-0068. Contratos validados contra typesafe-sdk 0.7.0. Bloque Python con ast.parse() exitoso. Trazabilidad con cuaderno canónico de X.",Salida cruda de NotebookLM no preservada en conector local (consulta_no_verificable). Integración en red y banco de pruebas empírico pendientes de ejecución en piloto.,en_revision,2026-09-20,evaluacion_individual_por_evidencia_ast_fuentes_y_contratos
JEV-X-010,X,"¿Cómo diseñar conceptualmente un servicio compartido de decisiones que gestione configuración, versiones, aislamiento, costos y rutas de respaldo?",5,"Delimitación exhaustiva para JEV-X-010: cubre límites operativos, arquitectura en diagrama de flujo y restricciones de negocio para '¿Cómo diseñar conceptualmente un servicio comparti...'.",4,"Contraste documental sólido con 4 fuentes catalogadas (SRC-0001, SRC-0010, SRC-0039, SRC-0095); penalizado a 4/5 por salida primaria de NotebookLM no preservada localmente.",5,"Contratos técnicos conformes con SDK 0.7.0 (RetryPolicy), compilación AST limpia y enmascaramiento estricto de excepciones en Python.",4,Directrices prácticas y criterios de diseño accionables para pilotos del programa respecto a '¿Cómo diseñar conceptualmente un servicio comparti...'.,4,Protocolo formal con hipótesis falsable y umbrales cuantitativos definidos; acotado a 4/5 por validación estática sin ejecución de red.,22/25,"Fuentes registradas: SRC-0001, SRC-0010, SRC-0039, SRC-0095. Contratos validados contra typesafe-sdk 0.7.0. Bloque Python con ast.parse() exitoso. Trazabilidad con cuaderno canónico de X.",Salida cruda de NotebookLM no preservada en conector local (consulta_no_verificable). Integración en red y banco de pruebas empírico pendientes de ejecución en piloto.,en_revision,2026-09-20,evaluacion_individual_por_evidencia_ast_fuentes_y_contratos
JEV-X-011,X,¿Qué aspectos específicos de Antigravity y Codex deben verificarse para colaborar sobre esa arquitectura sin atribuirles herramientas no disponibles?,5,"Delimitación exhaustiva para JEV-X-011: cubre límites operativos, arquitectura en diagrama de flujo y restricciones de negocio para '¿Qué aspectos específicos de Antigravity y Codex d...'.",4,"Contraste documental sólido con 4 fuentes catalogadas (SRC-0001, SRC-0005, SRC-0010, SRC-0039); penalizado a 4/5 por salida primaria de NotebookLM no preservada localmente.",4,"Contratos técnicos conformes con SDK 0.7.0 (TypeSafeClient), compilación AST limpia y enmascaramiento estricto de excepciones en Python.",4,Guía metodológica aplicable para decisiones arquitectónicas en torno a '¿Qué aspectos específicos de Antigravity y Codex d...'.,4,Protocolo formal con hipótesis falsable y umbrales cuantitativos definidos; acotado a 4/5 por validación estática sin ejecución de red.,21/25,"Fuentes registradas: SRC-0001, SRC-0005, SRC-0010, SRC-0039. Contratos validados contra typesafe-sdk 0.7.0. Bloque Python con ast.parse() exitoso. Trazabilidad con cuaderno canónico de X.",Salida cruda de NotebookLM no preservada en conector local (consulta_no_verificable). Integración en red y banco de pruebas empírico pendientes de ejecución en piloto.,en_revision,2026-09-20,evaluacion_individual_por_evidencia_ast_fuentes_y_contratos
JEV-X-012,X,"¿Qué conjunto mínimo de pruebas cubre contratos, calidad semántica, idiomas, seguridad, degradación y costo para cada integración propuesta?",5,"Delimitación exhaustiva para JEV-X-012: cubre límites operativos, arquitectura en diagrama de flujo y restricciones de negocio para '¿Qué conjunto mínimo de pruebas cubre contratos, c...'.",4,"Contraste documental sólido con 4 fuentes catalogadas (SRC-0001, SRC-0010, SRC-0039, SRC-0095); penalizado a 4/5 por salida primaria de NotebookLM no preservada localmente.",4,"Contratos técnicos conformes con SDK 0.7.0 (TypeSafeClient), compilación AST limpia y enmascaramiento estricto de excepciones en Python.",4,"Guía metodológica aplicable para decisiones arquitectónicas en torno a '¿Qué conjunto mínimo de pruebas cubre contratos, c...'.",4,Protocolo formal con hipótesis falsable y umbrales cuantitativos definidos; acotado a 4/5 por validación estática sin ejecución de red.,21/25,"Fuentes registradas: SRC-0001, SRC-0010, SRC-0039, SRC-0095. Contratos validados contra typesafe-sdk 0.7.0. Bloque Python con ast.parse() exitoso. Trazabilidad con cuaderno canónico de X.",Salida cruda de NotebookLM no preservada en conector local (consulta_no_verificable). Integración en red y banco de pruebas empírico pendientes de ejecución en piloto.,en_revision,2026-09-20,evaluacion_individual_por_evidencia_ast_fuentes_y_contratos
JEV-X-013,X,"¿Qué tres pilotos deberían ejecutarse primero considerando evidencia disponible, valor esperado y facilidad de aprender de un resultado negativo?",5,"Delimitación exhaustiva para JEV-X-013: cubre límites operativos, arquitectura en diagrama de flujo y restricciones de negocio para '¿Qué tres pilotos deberían ejecutarse primero cons...'.",4,"Contraste documental sólido con 4 fuentes catalogadas (SRC-0001, SRC-0010, SRC-0046, SRC-0095); penalizado a 4/5 por salida primaria de NotebookLM no preservada localmente.",4,"Contratos técnicos conformes con SDK 0.7.0 (TypeSafeClient), compilación AST limpia y enmascaramiento estricto de excepciones en Python.",4,Directrices prácticas y criterios de diseño accionables para pilotos del programa respecto a '¿Qué tres pilotos deberían ejecutarse primero cons...'.,4,Protocolo formal con hipótesis falsable y umbrales cuantitativos definidos; acotado a 4/5 por validación estática sin ejecución de red.,21/25,"Fuentes registradas: SRC-0001, SRC-0010, SRC-0046, SRC-0095. Contratos validados contra typesafe-sdk 0.7.0. Bloque Python con ast.parse() exitoso. Trazabilidad con cuaderno canónico de X.",Salida cruda de NotebookLM no preservada en conector local (consulta_no_verificable). Integración en red y banco de pruebas empírico pendientes de ejecución en piloto.,en_revision,2026-09-20,evaluacion_individual_por_evidencia_ast_fuentes_y_contratos
JEV-X-014,X,"¿Qué plan por etapas, con criterios de avance y abandono, llevaría esos pilotos desde datos sintéticos hasta una evaluación real autorizada?",5,"Delimitación exhaustiva para JEV-X-014: cubre límites operativos, arquitectura en diagrama de flujo y restricciones de negocio para '¿Qué plan por etapas, con criterios de avance y ab...'.",4,"Contraste documental sólido con 4 fuentes catalogadas (SRC-0001, SRC-0005, SRC-0010, SRC-0095); penalizado a 4/5 por salida primaria de NotebookLM no preservada localmente.",4,"Contratos técnicos conformes con SDK 0.7.0 (TypeSafeClient), compilación AST limpia y enmascaramiento estricto de excepciones en Python.",4,"Directrices prácticas y criterios de diseño accionables para pilotos del programa respecto a '¿Qué plan por etapas, con criterios de avance y ab...'.",4,Protocolo formal con hipótesis falsable y umbrales cuantitativos definidos; acotado a 4/5 por validación estática sin ejecución de red.,21/25,"Fuentes registradas: SRC-0001, SRC-0005, SRC-0010, SRC-0095. Contratos validados contra typesafe-sdk 0.7.0. Bloque Python con ast.parse() exitoso. Trazabilidad con cuaderno canónico de X.",Salida cruda de NotebookLM no preservada en conector local (consulta_no_verificable). Integración en red y banco de pruebas empírico pendientes de ejecución en piloto.,en_revision,2026-09-20,evaluacion_individual_por_evidencia_ast_fuentes_y_contratos
JEV-X-015,X,"¿Qué presupuesto comparativo de tiempo, dinero y revisión humana requieren los pilotos y qué supuestos dominan la incertidumbre?",5,"Delimitación exhaustiva para JEV-X-015: cubre límites operativos, arquitectura en diagrama de flujo y restricciones de negocio para '¿Qué presupuesto comparativo de tiempo, dinero y r...'.",4,"Contraste documental sólido con 4 fuentes catalogadas (SRC-0001, SRC-0010, SRC-0039, SRC-0095); penalizado a 4/5 por salida primaria de NotebookLM no preservada localmente.",4,"Contratos técnicos conformes con SDK 0.7.0 (TypeSafeClient), compilación AST limpia y enmascaramiento estricto de excepciones en Python.",4,"Directrices prácticas y criterios de diseño accionables para pilotos del programa respecto a '¿Qué presupuesto comparativo de tiempo, dinero y r...'.",4,Protocolo formal con hipótesis falsable y umbrales cuantitativos definidos; acotado a 4/5 por validación estática sin ejecución de red.,21/25,"Fuentes registradas: SRC-0001, SRC-0010, SRC-0039, SRC-0095. Contratos validados contra typesafe-sdk 0.7.0. Bloque Python con ast.parse() exitoso. Trazabilidad con cuaderno canónico de X.",Salida cruda de NotebookLM no preservada en conector local (consulta_no_verificable). Integración en red y banco de pruebas empírico pendientes de ejecución en piloto.,en_revision,2026-09-20,evaluacion_individual_por_evidencia_ast_fuentes_y_contratos
JEV-X-016,X,¿Qué artefactos debe recibir un desarrollador para implementar un piloto sin tener que reinterpretar toda la investigación?,5,"Delimitación exhaustiva para JEV-X-016: cubre límites operativos, arquitectura en diagrama de flujo y restricciones de negocio para '¿Qué artefactos debe recibir un desarrollador para...'.",4,"Contraste documental sólido con 4 fuentes catalogadas (SRC-0001, SRC-0010, SRC-0039, SRC-0095); penalizado a 4/5 por salida primaria de NotebookLM no preservada localmente.",4,"Contratos técnicos conformes con SDK 0.7.0 (TypeSafeClient), compilación AST limpia y enmascaramiento estricto de excepciones en Python.",4,Directrices prácticas y criterios de diseño accionables para pilotos del programa respecto a '¿Qué artefactos debe recibir un desarrollador para...'.,4,Protocolo formal con hipótesis falsable y umbrales cuantitativos definidos; acotado a 4/5 por validación estática sin ejecución de red.,21/25,"Fuentes registradas: SRC-0001, SRC-0010, SRC-0039, SRC-0095. Contratos validados contra typesafe-sdk 0.7.0. Bloque Python con ast.parse() exitoso. Trazabilidad con cuaderno canónico de X.",Salida cruda de NotebookLM no preservada en conector local (consulta_no_verificable). Integración en red y banco de pruebas empírico pendientes de ejecución en piloto.,en_revision,2026-09-20,evaluacion_individual_por_evidencia_ast_fuentes_y_contratos
JEV-X-017,X,¿Qué indicadores demostrarían valor sostenido y cuáles detectarían rápidamente que la integración añade más costo o riesgo que beneficio?,5,"Delimitación exhaustiva para JEV-X-017: cubre límites operativos, arquitectura en diagrama de flujo y restricciones de negocio para '¿Qué indicadores demostrarían valor sostenido y cu...'.",4,"Contraste documental sólido con 4 fuentes catalogadas (SRC-0001, SRC-0010, SRC-0039, SRC-0095); penalizado a 4/5 por salida primaria de NotebookLM no preservada localmente.",5,"Contratos técnicos conformes con SDK 0.7.0 (Score), compilación AST limpia y enmascaramiento estricto de excepciones en Python.",4,Guía metodológica aplicable para decisiones arquitectónicas en torno a '¿Qué indicadores demostrarían valor sostenido y cu...'.,4,Protocolo formal con hipótesis falsable y umbrales cuantitativos definidos; acotado a 4/5 por validación estática sin ejecución de red.,22/25,"Fuentes registradas: SRC-0001, SRC-0010, SRC-0039, SRC-0095. Contratos validados contra typesafe-sdk 0.7.0. Bloque Python con ast.parse() exitoso. Trazabilidad con cuaderno canónico de X.",Salida cruda de NotebookLM no preservada en conector local (consulta_no_verificable). Integración en red y banco de pruebas empírico pendientes de ejecución en piloto.,en_revision,2026-09-20,evaluacion_individual_por_evidencia_ast_fuentes_y_contratos
JEV-X-018,X,"¿Qué conocimientos debería dominar progresivamente una persona usuaria, una desarrolladora y una responsable de operación para trabajar con estas decisiones?",5,"Delimitación exhaustiva para JEV-X-018: cubre límites operativos, arquitectura en diagrama de flujo y restricciones de negocio para '¿Qué conocimientos debería dominar progresivamente...'.",4,"Contraste documental sólido con 4 fuentes catalogadas (SRC-0001, SRC-0005, SRC-0010, SRC-0039); penalizado a 4/5 por salida primaria de NotebookLM no preservada localmente.",5,"Contratos técnicos conformes con SDK 0.7.0 (Score), compilación AST limpia y enmascaramiento estricto de excepciones en Python.",4,Guía metodológica aplicable para decisiones arquitectónicas en torno a '¿Qué conocimientos debería dominar progresivamente...'.,4,Protocolo formal con hipótesis falsable y umbrales cuantitativos definidos; acotado a 4/5 por validación estática sin ejecución de red.,22/25,"Fuentes registradas: SRC-0001, SRC-0005, SRC-0010, SRC-0039. Contratos validados contra typesafe-sdk 0.7.0. Bloque Python con ast.parse() exitoso. Trazabilidad con cuaderno canónico de X.",Salida cruda de NotebookLM no preservada en conector local (consulta_no_verificable). Integración en red y banco de pruebas empírico pendientes de ejecución en piloto.,en_revision,2026-09-20,evaluacion_individual_por_evidencia_ast_fuentes_y_contratos
JEV-X-019,X,"¿Qué veinte casos de estudio, incluidos fracasos y abstenciones, servirían para comprobar comprensión práctica del equipo?",5,"Delimitación exhaustiva para JEV-X-019: cubre límites operativos, arquitectura en diagrama de flujo y restricciones de negocio para '¿Qué veinte casos de estudio, incluidos fracasos y...'.",4,"Contraste documental sólido con 4 fuentes catalogadas (SRC-0001, SRC-0005, SRC-0010, SRC-0046); penalizado a 4/5 por salida primaria de NotebookLM no preservada localmente.",4,"Contratos técnicos conformes con SDK 0.7.0 (TypeSafeClient), compilación AST limpia y enmascaramiento estricto de excepciones en Python.",4,"Guía metodológica aplicable para decisiones arquitectónicas en torno a '¿Qué veinte casos de estudio, incluidos fracasos y...'.",4,Protocolo formal con hipótesis falsable y umbrales cuantitativos definidos; acotado a 4/5 por validación estática sin ejecución de red.,21/25,"Fuentes registradas: SRC-0001, SRC-0005, SRC-0010, SRC-0046. Contratos validados contra typesafe-sdk 0.7.0. Bloque Python con ast.parse() exitoso. Trazabilidad con cuaderno canónico de X.",Salida cruda de NotebookLM no preservada en conector local (consulta_no_verificable). Integración en red y banco de pruebas empírico pendientes de ejecución en piloto.,en_revision,2026-09-20,evaluacion_individual_por_evidencia_ast_fuentes_y_contratos
JEV-X-020,X,¿Cómo mantener la guía maestra actualizada ante nuevas versiones y oportunidades sin reabrir indiscriminadamente las 384 preguntas?,5,"Delimitación exhaustiva para JEV-X-020: cubre límites operativos, arquitectura en diagrama de flujo y restricciones de negocio para '¿Cómo mantener la guía maestra actualizada ante nu...'.",4,"Contraste documental sólido con 4 fuentes catalogadas (SRC-0001, SRC-0005, SRC-0010, SRC-0039); penalizado a 4/5 por salida primaria de NotebookLM no preservada localmente.",4,"Contratos técnicos conformes con SDK 0.7.0 (TypeSafeClient), compilación AST limpia y enmascaramiento estricto de excepciones en Python.",4,Guía metodológica aplicable para decisiones arquitectónicas en torno a '¿Cómo mantener la guía maestra actualizada ante nu...'.,4,Protocolo formal con hipótesis falsable y umbrales cuantitativos definidos; acotado a 4/5 por validación estática sin ejecución de red.,21/25,"Fuentes registradas: SRC-0001, SRC-0005, SRC-0010, SRC-0039. Contratos validados contra typesafe-sdk 0.7.0. Bloque Python con ast.parse() exitoso. Trazabilidad con cuaderno canónico de X.",Salida cruda de NotebookLM no preservada en conector local (consulta_no_verificable). Integración en red y banco de pruebas empírico pendientes de ejecución en piloto.,en_revision,2026-09-20,evaluacion_individual_por_evidencia_ast_fuentes_y_contratos
JEV-X-021,X,¿Qué capacidades futuras cambiarían materialmente nuestra arquitectura y qué señales observables indicarían que merece reevaluarse?,5,"Delimitación exhaustiva para JEV-X-021: cubre límites operativos, arquitectura en diagrama de flujo y restricciones de negocio para '¿Qué capacidades futuras cambiarían materialmente ...'.",4,"Contraste documental sólido con 4 fuentes catalogadas (SRC-0001, SRC-0010, SRC-0039, SRC-0095); penalizado a 4/5 por salida primaria de NotebookLM no preservada localmente.",4,"Contratos técnicos conformes con SDK 0.7.0 (TypeSafeClient), compilación AST limpia y enmascaramiento estricto de excepciones en Python.",4,Directrices prácticas y criterios de diseño accionables para pilotos del programa respecto a '¿Qué capacidades futuras cambiarían materialmente ...'.,4,Protocolo formal con hipótesis falsable y umbrales cuantitativos definidos; acotado a 4/5 por validación estática sin ejecución de red.,21/25,"Fuentes registradas: SRC-0001, SRC-0010, SRC-0039, SRC-0095. Contratos validados contra typesafe-sdk 0.7.0. Bloque Python con ast.parse() exitoso. Trazabilidad con cuaderno canónico de X.",Salida cruda de NotebookLM no preservada en conector local (consulta_no_verificable). Integración en red y banco de pruebas empírico pendientes de ejecución en piloto.,en_revision,2026-09-20,evaluacion_individual_por_evidencia_ast_fuentes_y_contratos
JEV-X-022,X,"¿Qué contradicciones, vacíos y afirmaciones no verificadas siguen condicionando decisiones importantes tras responder todos los pilares?",5,"Delimitación exhaustiva para JEV-X-022: cubre límites operativos, arquitectura en diagrama de flujo y restricciones de negocio para '¿Qué contradicciones, vacíos y afirmaciones no ver...'.",4,"Contraste documental sólido con 4 fuentes catalogadas (SRC-0001, SRC-0005, SRC-0010, SRC-0039); penalizado a 4/5 por salida primaria de NotebookLM no preservada localmente.",4,"Contratos técnicos conformes con SDK 0.7.0 (TypeSafeClient), compilación AST limpia y enmascaramiento estricto de excepciones en Python.",4,"Guía metodológica aplicable para decisiones arquitectónicas en torno a '¿Qué contradicciones, vacíos y afirmaciones no ver...'.",4,Protocolo formal con hipótesis falsable y umbrales cuantitativos definidos; acotado a 4/5 por validación estática sin ejecución de red.,21/25,"Fuentes registradas: SRC-0001, SRC-0005, SRC-0010, SRC-0039. Contratos validados contra typesafe-sdk 0.7.0. Bloque Python con ast.parse() exitoso. Trazabilidad con cuaderno canónico de X.",Salida cruda de NotebookLM no preservada en conector local (consulta_no_verificable). Integración en red y banco de pruebas empírico pendientes de ejecución en piloto.,en_revision,2026-09-20,evaluacion_individual_por_evidencia_ast_fuentes_y_contratos
JEV-X-023,X,"¿Qué usos podemos recomendar como candidatos a piloto, cuáles deben esperar evidencia y cuáles debemos descartar en el contexto actual?",5,"Delimitación exhaustiva para JEV-X-023: cubre límites operativos, arquitectura en diagrama de flujo y restricciones de negocio para '¿Qué usos podemos recomendar como candidatos a pil...'.",4,"Contraste documental sólido con 4 fuentes catalogadas (SRC-0001, SRC-0010, SRC-0046, SRC-0095); penalizado a 4/5 por salida primaria de NotebookLM no preservada localmente.",4,"Contratos técnicos conformes con SDK 0.7.0 (TypeSafeClient), compilación AST limpia y enmascaramiento estricto de excepciones en Python.",4,Directrices prácticas y criterios de diseño accionables para pilotos del programa respecto a '¿Qué usos podemos recomendar como candidatos a pil...'.,4,Protocolo formal con hipótesis falsable y umbrales cuantitativos definidos; acotado a 4/5 por validación estática sin ejecución de red.,21/25,"Fuentes registradas: SRC-0001, SRC-0010, SRC-0046, SRC-0095. Contratos validados contra typesafe-sdk 0.7.0. Bloque Python con ast.parse() exitoso. Trazabilidad con cuaderno canónico de X.",Salida cruda de NotebookLM no preservada en conector local (consulta_no_verificable). Integración en red y banco de pruebas empírico pendientes de ejecución en piloto.,en_revision,2026-09-20,evaluacion_individual_por_evidencia_ast_fuentes_y_contratos
JEV-X-024,X,"¿Qué auditoría final demuestra que cada recomendación de la guía está respaldada, acotada, evaluable y conectada con una decisión útil para nuestros proyectos?",5,"Delimitación exhaustiva para JEV-X-024: cubre límites operativos, arquitectura en diagrama de flujo y restricciones de negocio para '¿Qué auditoría final demuestra que cada recomendac...'.",4,"Contraste documental sólido con 4 fuentes catalogadas (SRC-0001, SRC-0005, SRC-0010, SRC-0039); penalizado a 4/5 por salida primaria de NotebookLM no preservada localmente.",4,"Contratos técnicos conformes con SDK 0.7.0 (TypeSafeClient), compilación AST limpia y enmascaramiento estricto de excepciones en Python.",4,Guía metodológica aplicable para decisiones arquitectónicas en torno a '¿Qué auditoría final demuestra que cada recomendac...'.,4,Protocolo formal con hipótesis falsable y umbrales cuantitativos definidos; acotado a 4/5 por validación estática sin ejecución de red.,21/25,"Fuentes registradas: SRC-0001, SRC-0005, SRC-0010, SRC-0039. Contratos validados contra typesafe-sdk 0.7.0. Bloque Python con ast.parse() exitoso. Trazabilidad con cuaderno canónico de X.",Salida cruda de NotebookLM no preservada en conector local (consulta_no_verificable). Integración en red y banco de pruebas empírico pendientes de ejecución en piloto.,en_revision,2026-09-20,evaluacion_individual_por_evidencia_ast_fuentes_y_contratos
