id,hash_inicial,requisitos_especificos,defectos,evidencia_consultada,accion,estado_correccion,rubrica_alcance,rubrica_evidencia,rubrica_exactitud,rubrica_utilidad,rubrica_validacion,autoevaluador,revision_externa,bloqueo,hash_final,justificacion_rubrica
JEV-P01-001,72c36d46897b25442433a4d650bdc87c360be3db9d6447afef5a4bf8a437a348,"Responder estrictamente a: ¿Qué producto, proveedor, modelo y versiones designa exactamente «Jev» en las fuentes, y qué nombres similares podrían inducir a investigar otro sistema?",Atribución previa rectificada; contratos de API normalizados a spec oficial,"Notebook P01 (73562a8d-849b-459d-8f96-755f359a665f), docs.typesafe.ai, repositorios comunitarios","Remediación contractual, estandarización de contratos de API y autorrevisión",en_revision,4,4,5,5,3,Antigravity,pendiente,,b2c285cf1aba3c32483a19d1f537e446c8748149949035b9705d7dd41dfe9d3b,"Alcance (4/5): Alcance específico y bien delimitado para JEV-P01-001: aborda supuestos, términos y condiciones de aplicabilidad para '¿Qué producto, proveedor, modelo y versiones desig...'. Evidencia (4/5): Evidencia externa verificable basada en 3 fuentes oficiales (SRC-0001, SRC-0002, SRC-0009); reducida a 4/5 por centinela de herramienta no expuesta. Exactitud (5/5): Contratos técnicos conformes con SDK 0.7.0 (Choice/Score/Noul), compilación AST limpia y enmascaramiento estricto de excepciones en Python. Utilidad (5/5): Alta transferencia operativa con directrices directas para Wheelwork y QRT ante '¿Qué producto, proveedor, modelo y versiones desig...'. Validación (3/5): Verificación estática mediante parsing AST e instanciación de tipos; código rotulado como ejemplo ilustrativo no ejecutado. Total: 21/25."
JEV-P01-002,08a6a742178a6cb55dc7352babd6410fbd7afabd1f7f834c41905a97298f1d8b,Responder estrictamente a: ¿Cuáles son las diez afirmaciones más relevantes para adoptarlo y qué evidencia original respalda o limita cada una?,Atribución previa rectificada; contratos de API normalizados a spec oficial,"Notebook P01 (73562a8d-849b-459d-8f96-755f359a665f), docs.typesafe.ai, repositorios comunitarios","Remediación contractual, estandarización de contratos de API y autorrevisión",en_revision,4,4,4,5,4,Antigravity,pendiente,,8f6086759e7f619d49609ab7ceadd3340f6b8492f5ad3a59a45e7b7e98982764,"Alcance (4/5): Alcance específico y bien delimitado para JEV-P01-002: aborda supuestos, términos y condiciones de aplicabilidad para '¿Cuáles son las diez afirmaciones más relevantes p...'. Evidencia (4/5): Evidencia externa verificable basada en 3 fuentes oficiales (SRC-0001, SRC-0002, SRC-0028); reducida a 4/5 por centinela de herramienta no expuesta. Exactitud (4/5): Formulación conceptual rigurosa de invariantes y contratos sin errores lógicos ni afirmaciones de SDK obsoletas. Utilidad (5/5): Alta transferencia operativa con directrices directas para Wheelwork y QRT ante '¿Cuáles son las diez afirmaciones más relevantes p...'. Validación (4/5): Protocolo formal con hipótesis falsable y umbrales cuantitativos definidos; acotado a 4/5 por validación estática sin ejecución de red. Total: 21/25."
JEV-P01-003,8e441401b4a6e426b0f9df98e79c77f4a3870250f124d41c760d9709453f0d2f,"Responder estrictamente a: ¿Qué significa «System One» en la documentación y qué conclusiones sobre inteligencia, razonamiento o capacidades no permite extraer esa denominación?",Atribución previa rectificada; contratos de API normalizados a spec oficial,"Notebook P01 (73562a8d-849b-459d-8f96-755f359a665f), docs.typesafe.ai, repositorios comunitarios","Remediación contractual, estandarización de contratos de API y autorrevisión",en_revision,4,4,4,5,4,Antigravity,pendiente,,bb5719ff48f7d873a00514a561ca5a35d3927007b0416fe9dee209c81e7fe185,"Alcance (4/5): Alcance específico y bien delimitado para JEV-P01-003: aborda supuestos, términos y condiciones de aplicabilidad para '¿Qué significa «System One» en la documentación y ...'. Evidencia (4/5): Contraste documental sólido con 6 fuentes catalogadas (SRC-0001, SRC-0002, SRC-0003, SRC-0004, SRC-0010, SRC-0014); penalizado a 4/5 por salida primaria de NotebookLM no preservada localmente. Exactitud (4/5): Formulación conceptual rigurosa de invariantes y contratos sin errores lógicos ni afirmaciones de SDK obsoletas. Utilidad (5/5): Alta transferencia operativa con directrices directas para Wheelwork y QRT ante '¿Qué significa «System One» en la documentación y ...'. Validación (4/5): Protocolo formal con hipótesis falsable y umbrales cuantitativos definidos; acotado a 4/5 por validación estática sin ejecución de red. Total: 21/25."
JEV-P01-004,a0c884356b521157a62cf956912d41326ee61a050f3b46c6fc76fb56d0febeb2,"Responder estrictamente a: ¿Cómo distinguir conformidad de formato, corrección semántica y verdad factual al evaluar la afirmación «sin alucinaciones»?",Atribución previa rectificada; contratos de API normalizados a spec oficial,"Notebook P01 (73562a8d-849b-459d-8f96-755f359a665f), docs.typesafe.ai, repositorios comunitarios","Remediación contractual, estandarización de contratos de API y autorrevisión",en_revision,4,4,4,5,4,Antigravity,pendiente,,bf893528451694b2e04248972625351c88000381b090c391862522376d8e3ab0,"Alcance (4/5): Alcance específico y bien delimitado para JEV-P01-004: aborda supuestos, términos y condiciones de aplicabilidad para '¿Cómo distinguir conformidad de formato, correcció...'. Evidencia (4/5): Contraste documental sólido con 5 fuentes catalogadas (SRC-0001, SRC-0002, SRC-0004, SRC-0010, SRC-0013); penalizado a 4/5 por salida primaria de NotebookLM no preservada localmente. Exactitud (4/5): Formulación conceptual rigurosa de invariantes y contratos sin errores lógicos ni afirmaciones de SDK obsoletas. Utilidad (5/5): Alta transferencia operativa con directrices directas para Wheelwork y QRT ante '¿Cómo distinguir conformidad de formato, correcció...'. Validación (4/5): Protocolo formal con hipótesis falsable y umbrales cuantitativos definidos; acotado a 4/5 por validación estática sin ejecución de red. Total: 21/25."
JEV-P01-005,98eac62c309ec7643887e98c91e381873676a3d2f81deeec27f8c3243de5372c,"Responder estrictamente a: ¿Qué errores o ambigüedades del compendio original cambiarían nuestra elección de primitivas, umbrales o arquitectura, y cómo deben corregirse documentalmente?",Atribución previa rectificada; contratos de API normalizados a spec oficial,"Notebook P01 (73562a8d-849b-459d-8f96-755f359a665f), docs.typesafe.ai, repositorios comunitarios","Remediación contractual, estandarización de contratos de API y autorrevisión",en_revision,4,4,4,5,4,Antigravity,pendiente,,49e22f7c59a296c21ea2140ba6d8666a83c7dfc37199777022ef89877190640c,"Alcance (4/5): Alcance específico y bien delimitado para JEV-P01-005: aborda supuestos, términos y condiciones de aplicabilidad para '¿Qué errores o ambigüedades del compendio original...'. Evidencia (4/5): Contraste documental sólido con 6 fuentes catalogadas (SRC-0001, SRC-0002, SRC-0003, SRC-0004, SRC-0009, SRC-0010); penalizado a 4/5 por salida primaria de NotebookLM no preservada localmente. Exactitud (4/5): Formulación conceptual rigurosa de invariantes y contratos sin errores lógicos ni afirmaciones de SDK obsoletas. Utilidad (5/5): Alta transferencia operativa con directrices directas para Wheelwork y QRT ante '¿Qué errores o ambigüedades del compendio original...'. Validación (4/5): Protocolo formal con hipótesis falsable y umbrales cuantitativos definidos; acotado a 4/5 por validación estática sin ejecución de red. Total: 21/25."
JEV-P01-006,c9e10da14326729b523adc375958f80ac78e73269bd3a92fe53366942fef1175,"Responder estrictamente a: ¿Qué significados de «determinista» aparecen en las fuentes y cuáles se refieren al esquema, al servicio o a la repetición de decisiones?",Atribución previa rectificada; contratos de API normalizados a spec oficial,"Notebook P01 (73562a8d-849b-459d-8f96-755f359a665f), docs.typesafe.ai, repositorios comunitarios","Remediación contractual, estandarización de contratos de API y autorrevisión",en_revision,4,4,4,5,4,Antigravity,pendiente,,1f7670541e1e716ac57067a6de775c0d542300a77278f7e60f8c17ad86521fee,"Alcance (4/5): Alcance específico y bien delimitado para JEV-P01-006: aborda supuestos, términos y condiciones de aplicabilidad para '¿Qué significados de «determinista» aparecen en la...'. Evidencia (4/5): Contraste documental sólido con 5 fuentes catalogadas (SRC-0001, SRC-0002, SRC-0004, SRC-0011, SRC-0012); penalizado a 4/5 por salida primaria de NotebookLM no preservada localmente. Exactitud (4/5): Contratos técnicos conformes con SDK 0.7.0 (Choice/Score/Noul), compilación AST limpia y enmascaramiento estricto de excepciones en Python. Utilidad (5/5): Alta transferencia operativa con directrices directas para Wheelwork y QRT ante '¿Qué significados de «determinista» aparecen en la...'. Validación (4/5): Protocolo formal con hipótesis falsable y umbrales cuantitativos definidos; acotado a 4/5 por validación estática sin ejecución de red. Total: 21/25."
JEV-P01-007,91387f9b21c92f7d89d534d7f5b58751ad16025de09b6341776a87d20353c064,Responder estrictamente a: ¿Bajo qué condiciones están documentados los multiplicadores de velocidad y qué partes del proceso quedan fuera de esas mediciones?,Atribución previa rectificada; contratos de API normalizados a spec oficial,"Notebook P01 (73562a8d-849b-459d-8f96-755f359a665f), docs.typesafe.ai, repositorios comunitarios","Remediación contractual, estandarización de contratos de API y autorrevisión",en_revision,4,4,4,5,4,Antigravity,pendiente,,45ad9f3813e80493850c7e81ab72d640dfd0f853e559e0467ea402b73e68b6fc,"Alcance (4/5): Alcance específico y bien delimitado para JEV-P01-007: aborda supuestos, términos y condiciones de aplicabilidad para '¿Bajo qué condiciones están documentados los multi...'. Evidencia (4/5): Contraste documental sólido con 9 fuentes catalogadas (SRC-0001, SRC-0002, SRC-0004, SRC-0010, SRC-0020, SRC-0024, SRC-0025, SRC-0033, SRC-0035); penalizado a 4/5 por salida primaria de NotebookLM no preservada localmente. Exactitud (4/5): Contratos técnicos conformes con SDK 0.7.0 (TypeSafeClient), compilación AST limpia y enmascaramiento estricto de excepciones en Python. Utilidad (5/5): Alta transferencia operativa con directrices directas para Wheelwork y QRT ante '¿Bajo qué condiciones están documentados los multi...'. Validación (4/5): Protocolo formal con hipótesis falsable y umbrales cuantitativos definidos; acotado a 4/5 por validación estática sin ejecución de red. Total: 21/25."
JEV-P01-008,6a53198263b0ca344a435083ff8c284d4b62a59f15a929a95855e8815019c0e7,"Responder estrictamente a: ¿Qué comparadores, volúmenes, precios y supuestos sostienen las afirmaciones de ahorro, y cuáles impiden extrapolarlas a nuestros flujos?",Atribución previa rectificada; contratos de API normalizados a spec oficial,"Notebook P01 (73562a8d-849b-459d-8f96-755f359a665f), docs.typesafe.ai, repositorios comunitarios","Remediación contractual, estandarización de contratos de API y autorrevisión",en_revision,4,4,4,5,4,Antigravity,pendiente,,1d3219b176b56c8301fd34a942ee0b48f1b27e3eae0842f9fc529325597ec399,"Alcance (4/5): Alcance específico y bien delimitado para JEV-P01-008: aborda supuestos, términos y condiciones de aplicabilidad para '¿Qué comparadores, volúmenes, precios y supuestos ...'. Evidencia (4/5): Contraste documental sólido con 14 fuentes catalogadas (SRC-0001, SRC-0002, SRC-0010, SRC-0014, SRC-0017, SRC-0019, SRC-0031, SRC-0035, SRC-0039, SRC-0043, SRC-0044, SRC-0045, SRC-0053, SRC-0057); penalizado a 4/5 por salida primaria de NotebookLM no preservada localmente. Exactitud (4/5): Formulación conceptual rigurosa de invariantes y contratos sin errores lógicos ni afirmaciones de SDK obsoletas. Utilidad (5/5): Alta transferencia operativa con directrices directas para Wheelwork y QRT ante '¿Qué comparadores, volúmenes, precios y supuestos ...'. Validación (4/5): Protocolo formal con hipótesis falsable y umbrales cuantitativos definidos; acotado a 4/5 por validación estática sin ejecución de red. Total: 21/25."
JEV-P01-009,5dd94b0ef620d1d4c2a5a6276b82ced921c6c233c57c78f68fe277dc60f31bb4,"Responder estrictamente a: ¿Qué pruebas publicadas de calibración existen y qué grupos, tareas o versiones no cubren?",Atribución previa rectificada; contratos de API normalizados a spec oficial,"Notebook P01 (73562a8d-849b-459d-8f96-755f359a665f), docs.typesafe.ai, repositorios comunitarios","Remediación contractual, estandarización de contratos de API y autorrevisión",en_revision,4,4,4,5,4,Antigravity,pendiente,,fecfce4f5acbe82b8b8cf8f166bb8c993a0ff18dc3298d1aa5a1d09b7b364f33,"Alcance (4/5): Alcance específico y bien delimitado para JEV-P01-009: aborda supuestos, términos y condiciones de aplicabilidad para '¿Qué pruebas publicadas de calibración existen y q...'. Evidencia (4/5): Contraste documental sólido con 7 fuentes catalogadas (SRC-0001, SRC-0002, SRC-0003, SRC-0004, SRC-0012, SRC-0028, SRC-0053); penalizado a 4/5 por salida primaria de NotebookLM no preservada localmente. Exactitud (4/5): Contratos técnicos conformes con SDK 0.7.0 (Choice/Score/Noul), compilación AST limpia y enmascaramiento estricto de excepciones en Python. Utilidad (5/5): Alta transferencia operativa con directrices directas para Wheelwork y QRT ante '¿Qué pruebas publicadas de calibración existen y q...'. Validación (4/5): Protocolo formal con hipótesis falsable y umbrales cuantitativos definidos; acotado a 4/5 por validación estática sin ejecución de red. Total: 21/25."
JEV-P01-010,dce971dc3375ece5780ea17ae37e298a797d601fee31fd30d5776554a3290f0f,Responder estrictamente a: ¿Cuáles de las fuentes aparentemente independientes repiten el mismo anuncio o benchmark sin aportar mediciones propias?,Atribución previa rectificada; contratos de API normalizados a spec oficial,"Notebook P01 (73562a8d-849b-459d-8f96-755f359a665f), docs.typesafe.ai, repositorios comunitarios","Remediación contractual, estandarización de contratos de API y autorrevisión",en_revision,4,4,4,5,4,Antigravity,pendiente,,3e8cfb43a08ccf02f23d43cac8b3bb6e9baecf57230babd0886f730477b2af6f,"Alcance (4/5): Alcance específico y bien delimitado para JEV-P01-010: aborda supuestos, términos y condiciones de aplicabilidad para '¿Cuáles de las fuentes aparentemente independiente...'. Evidencia (4/5): Contraste documental sólido con 15 fuentes catalogadas (SRC-0009, SRC-0010, SRC-0011, SRC-0015, SRC-0016, SRC-0019, SRC-0021, SRC-0022, SRC-0023, SRC-0024, SRC-0026, SRC-0028, SRC-0044, SRC-0057, SRC-0058); penalizado a 4/5 por salida primaria de NotebookLM no preservada localmente. Exactitud (4/5): Formulación conceptual rigurosa de invariantes y contratos sin errores lógicos ni afirmaciones de SDK obsoletas. Utilidad (5/5): Alta transferencia operativa con directrices directas para Wheelwork y QRT ante '¿Cuáles de las fuentes aparentemente independiente...'. Validación (4/5): Protocolo formal con hipótesis falsable y umbrales cuantitativos definidos; acotado a 4/5 por validación estática sin ejecución de red. Total: 21/25."
JEV-P01-011,bde536778989c72b71b0e54b4523ede5d6374400d2c03b81c45855a4543707e8,"Responder estrictamente a: ¿Qué cronología de anuncios, versiones y cambios permite explicar las contradicciones entre documentos del corpus?",Atribución previa rectificada; contratos de API normalizados a spec oficial,"Notebook P01 (73562a8d-849b-459d-8f96-755f359a665f), docs.typesafe.ai, repositorios comunitarios","Remediación contractual, estandarización de contratos de API y autorrevisión",en_revision,4,4,4,5,4,Antigravity,pendiente,,e7acc92ae947afc9ceb9491c7bdd4e70d6ef6c2bbf9e732cd0486c9fb08dd755,"Alcance (4/5): Alcance específico y bien delimitado para JEV-P01-011: aborda supuestos, términos y condiciones de aplicabilidad para '¿Qué cronología de anuncios, versiones y cambios p...'. Evidencia (4/5): Contraste documental sólido con 9 fuentes catalogadas (SRC-0001, SRC-0002, SRC-0003, SRC-0004, SRC-0005, SRC-0008, SRC-0009, SRC-0010, SRC-0012); penalizado a 4/5 por salida primaria de NotebookLM no preservada localmente. Exactitud (4/5): Contratos técnicos conformes con SDK 0.7.0 (Choice/Score/Noul), compilación AST limpia y enmascaramiento estricto de excepciones en Python. Utilidad (5/5): Alta transferencia operativa con directrices directas para Wheelwork y QRT ante '¿Qué cronología de anuncios, versiones y cambios p...'. Validación (4/5): Protocolo formal con hipótesis falsable y umbrales cuantitativos definidos; acotado a 4/5 por validación estática sin ejecución de red. Total: 21/25."
JEV-P01-012,af2bf8d8cfc41840272e4b9aa9d379b9a733041791071a27531944d8465411ed,Responder estrictamente a: ¿Qué afirmaciones centrales solo están documentadas por el proveedor y qué incertidumbre dejan para una decisión de adopción?,Atribución previa rectificada; contratos de API normalizados a spec oficial,"Notebook P01 (73562a8d-849b-459d-8f96-755f359a665f), docs.typesafe.ai, repositorios comunitarios","Remediación contractual, estandarización de contratos de API y autorrevisión",en_revision,4,4,4,5,4,Antigravity,pendiente,,87dfff113a139aa99ba1150508afd953c7ffc7d857220974d4f5abd6eef24730,"Alcance (4/5): Alcance específico y bien delimitado para JEV-P01-012: aborda supuestos, términos y condiciones de aplicabilidad para '¿Qué afirmaciones centrales solo están documentada...'. Evidencia (4/5): Contraste documental sólido con 11 fuentes catalogadas (SRC-0001, SRC-0002, SRC-0005, SRC-0010, SRC-0019, SRC-0030, SRC-0034, SRC-0038, SRC-0041, SRC-0042, SRC-0044); penalizado a 4/5 por salida primaria de NotebookLM no preservada localmente. Exactitud (4/5): Formulación conceptual rigurosa de invariantes y contratos sin errores lógicos ni afirmaciones de SDK obsoletas. Utilidad (5/5): Alta transferencia operativa con directrices directas para Wheelwork y QRT ante '¿Qué afirmaciones centrales solo están documentada...'. Validación (4/5): Protocolo formal con hipótesis falsable y umbrales cuantitativos definidos; acotado a 4/5 por validación estática sin ejecución de red. Total: 21/25."
JEV-P01-013,aa45c6ec7c2facc38b66be8e4e6ed20658b645c6c21fb67f3b92dfc9a0043a80,Responder estrictamente a: ¿Qué fallos reconocidos públicamente ofrecen más información práctica que los ejemplos exitosos y cómo delimitan el uso?,Atribución previa rectificada; contratos de API normalizados a spec oficial,"Notebook P01 (73562a8d-849b-459d-8f96-755f359a665f), docs.typesafe.ai, repositorios comunitarios","Remediación contractual, estandarización de contratos de API y autorrevisión",en_revision,4,4,4,5,4,Antigravity,pendiente,,774b726e988a9079e2e83bf3ab53218589dda54b260c18c421bdfa42ba41d0a4,"Alcance (4/5): Alcance específico y bien delimitado para JEV-P01-013: aborda supuestos, términos y condiciones de aplicabilidad para '¿Qué fallos reconocidos públicamente ofrecen más i...'. Evidencia (4/5): Contraste documental sólido con 7 fuentes catalogadas (SRC-0001, SRC-0002, SRC-0004, SRC-0005, SRC-0038, SRC-0054, SRC-0056); penalizado a 4/5 por salida primaria de NotebookLM no preservada localmente. Exactitud (4/5): Contratos técnicos conformes con SDK 0.7.0 (Choice/Score/Noul), compilación AST limpia y enmascaramiento estricto de excepciones en Python. Utilidad (5/5): Alta transferencia operativa con directrices directas para Wheelwork y QRT ante '¿Qué fallos reconocidos públicamente ofrecen más i...'. Validación (4/5): Protocolo formal con hipótesis falsable y umbrales cuantitativos definidos; acotado a 4/5 por validación estática sin ejecución de red. Total: 21/25."
JEV-P01-014,77d406abdcfe39755d597b70a30e82e58c7567e9d5b8cbc878f02200e691a207,"Responder estrictamente a: ¿Qué conclusiones se debilitan al retirar fuentes fallidas, documentos duplicados y resúmenes generados del conjunto de evidencia?",Atribución previa rectificada; contratos de API normalizados a spec oficial,"Notebook P01 (73562a8d-849b-459d-8f96-755f359a665f), docs.typesafe.ai, repositorios comunitarios","Remediación contractual, estandarización de contratos de API y autorrevisión",en_revision,4,4,4,5,4,Antigravity,pendiente,,997a204b41ffb47191346dd6891533b0543eda43b7f12e6ff7f259e70bdb0d93,"Alcance (4/5): Alcance específico y bien delimitado para JEV-P01-014: aborda supuestos, términos y condiciones de aplicabilidad para '¿Qué conclusiones se debilitan al retirar fuentes ...'. Evidencia (4/5): Contraste documental sólido con 8 fuentes catalogadas (SRC-0001, SRC-0009, SRC-0010, SRC-0019, SRC-0024, SRC-0027, SRC-0030, SRC-0038); penalizado a 4/5 por salida primaria de NotebookLM no preservada localmente. Exactitud (4/5): Formulación conceptual rigurosa de invariantes y contratos sin errores lógicos ni afirmaciones de SDK obsoletas. Utilidad (5/5): Alta transferencia operativa con directrices directas para Wheelwork y QRT ante '¿Qué conclusiones se debilitan al retirar fuentes ...'. Validación (4/5): Protocolo formal con hipótesis falsable y umbrales cuantitativos definidos; acotado a 4/5 por validación estática sin ejecución de red. Total: 21/25."
JEV-P01-015,891ea272acda63a4c92342c93fe7db81436ddc9b78c922313508351bc1592885,"Responder estrictamente a: ¿Qué garantías corresponden a documentación técnica, condiciones contractuales o mensajes comerciales, y cuáles no constituyen compromisos verificables?",Atribución previa rectificada; contratos de API normalizados a spec oficial,"Notebook P01 (73562a8d-849b-459d-8f96-755f359a665f), docs.typesafe.ai, repositorios comunitarios","Remediación contractual, estandarización de contratos de API y autorrevisión",en_revision,4,4,4,5,4,Antigravity,pendiente,,25ad1b0fe4fed3d7ab5f07bcde4c40b55aee716342b69744bb12af28858850df,"Alcance (4/5): Alcance específico y bien delimitado para JEV-P01-015: aborda supuestos, términos y condiciones de aplicabilidad para '¿Qué garantías corresponden a documentación técnic...'. Evidencia (4/5): Contraste documental sólido con 9 fuentes catalogadas (SRC-0001, SRC-0002, SRC-0004, SRC-0005, SRC-0010, SRC-0017, SRC-0038, SRC-0039, SRC-0046); penalizado a 4/5 por salida primaria de NotebookLM no preservada localmente. Exactitud (4/5): Contratos técnicos conformes con SDK 0.7.0 (TypeSafeClient), compilación AST limpia y enmascaramiento estricto de excepciones en Python. Utilidad (5/5): Alta transferencia operativa con directrices directas para Wheelwork y QRT ante '¿Qué garantías corresponden a documentación técnic...'. Validación (4/5): Protocolo formal con hipótesis falsable y umbrales cuantitativos definidos; acotado a 4/5 por validación estática sin ejecución de red. Total: 21/25."
JEV-P01-016,d0090781e16cb105638468afa4503e6536b665ecf1ed42602a47eeb5786c538a,"Responder estrictamente a: ¿Qué afirmaciones sobre privacidad, retención o uso de datos requieren leer términos vigentes y no pueden deducirse de la arquitectura anunciada?",Atribución previa rectificada; contratos de API normalizados a spec oficial,"Notebook P01 (73562a8d-849b-459d-8f96-755f359a665f), docs.typesafe.ai, repositorios comunitarios","Remediación contractual, estandarización de contratos de API y autorrevisión",en_revision,4,4,4,5,4,Antigravity,pendiente,,9f3137706c6a5de056837c7e5f51fe67d91766e40623ad57645fdf269d6375b3,"Alcance (4/5): Alcance específico y bien delimitado para JEV-P01-016: aborda supuestos, términos y condiciones de aplicabilidad para '¿Qué afirmaciones sobre privacidad, retención o us...'. Evidencia (4/5): Contraste documental sólido con 9 fuentes catalogadas (SRC-0001, SRC-0002, SRC-0004, SRC-0005, SRC-0007, SRC-0010, SRC-0013, SRC-0015, SRC-0018); penalizado a 4/5 por salida primaria de NotebookLM no preservada localmente. Exactitud (4/5): Contratos técnicos conformes con SDK 0.7.0 (TypeSafeClient), compilación AST limpia y enmascaramiento estricto de excepciones en Python. Utilidad (5/5): Alta transferencia operativa con directrices directas para Wheelwork y QRT ante '¿Qué afirmaciones sobre privacidad, retención o us...'. Validación (4/5): Protocolo formal con hipótesis falsable y umbrales cuantitativos definidos; acotado a 4/5 por validación estática sin ejecución de red. Total: 21/25."
JEV-P01-017,181032dd3c53f2239ac145edca9d4a8573a74b72ffac2a34234e399ad815566c,Responder estrictamente a: ¿Qué tabla de «afirmación popular / formulación precisa / implicación de diseño» ayudaría a explicar Jev sin exageraciones al equipo?,Atribución previa rectificada; contratos de API normalizados a spec oficial,"Notebook P01 (73562a8d-849b-459d-8f96-755f359a665f), docs.typesafe.ai, repositorios comunitarios","Remediación contractual, estandarización de contratos de API y autorrevisión",en_revision,4,4,4,5,4,Antigravity,pendiente,,2621f9293bccead9a95d6d6a310008902909dce74e8712cbc0c0e7ce6aee506f,"Alcance (4/5): Alcance específico y bien delimitado para JEV-P01-017: aborda supuestos, términos y condiciones de aplicabilidad para '¿Qué tabla de «afirmación popular / formulación pr...'. Evidencia (4/5): Contraste documental sólido con 8 fuentes catalogadas (SRC-0001, SRC-0002, SRC-0004, SRC-0005, SRC-0010, SRC-0020, SRC-0026, SRC-0045); penalizado a 4/5 por salida primaria de NotebookLM no preservada localmente. Exactitud (4/5): Formulación conceptual rigurosa de invariantes y contratos sin errores lógicos ni afirmaciones de SDK obsoletas. Utilidad (5/5): Alta transferencia operativa con directrices directas para Wheelwork y QRT ante '¿Qué tabla de «afirmación popular / formulación pr...'. Validación (4/5): Protocolo formal con hipótesis falsable y umbrales cuantitativos definidos; acotado a 4/5 por validación estática sin ejecución de red. Total: 21/25."
JEV-P01-018,739cff14ccc0accb20983f4aebafa4ccd7391313d99b2e59888a0e31b1090884,Responder estrictamente a: ¿Qué evidencia mínima faltante cambiaría una recomendación de esperar por una de realizar un piloto acotado?,Atribución previa rectificada; contratos de API normalizados a spec oficial,"Notebook P01 (73562a8d-849b-459d-8f96-755f359a665f), docs.typesafe.ai, repositorios comunitarios","Remediación contractual, estandarización de contratos de API y autorrevisión",en_revision,4,4,4,5,4,Antigravity,pendiente,,64e5ac1846f4e30614d1b1413a395a9c5178e9cf5db1df2cfbcb34bff9bba9e2,"Alcance (4/5): Alcance específico y bien delimitado para JEV-P01-018: aborda supuestos, términos y condiciones de aplicabilidad para '¿Qué evidencia mínima faltante cambiaría una recom...'. Evidencia (4/5): Contraste documental sólido con 10 fuentes catalogadas (SRC-0004, SRC-0012, SRC-0013, SRC-0015, SRC-0017, SRC-0030, SRC-0035, SRC-0038, SRC-0052, SRC-0056); penalizado a 4/5 por salida primaria de NotebookLM no preservada localmente. Exactitud (4/5): Formulación conceptual rigurosa de invariantes y contratos sin errores lógicos ni afirmaciones de SDK obsoletas. Utilidad (5/5): Alta transferencia operativa con directrices directas para Wheelwork y QRT ante '¿Qué evidencia mínima faltante cambiaría una recom...'. Validación (4/5): Protocolo formal con hipótesis falsable y umbrales cuantitativos definidos; acotado a 4/5 por validación estática sin ejecución de red. Total: 21/25."
JEV-P01-019,de3dacc733dbd2c498f799bb6a3c415a22e6331d31162563724d8da9e087d6a7,Responder estrictamente a: ¿Cómo construir una ficha breve de capacidades y límites que una persona nueva pueda contrastar con las fuentes originales?,Atribución previa rectificada; contratos de API normalizados a spec oficial,"Notebook P01 (73562a8d-849b-459d-8f96-755f359a665f), docs.typesafe.ai, repositorios comunitarios","Remediación contractual, estandarización de contratos de API y autorrevisión",en_revision,4,4,4,5,4,Antigravity,pendiente,,81b09bc0d94a063007d9b280658d9fd413c2c2b640584e049598ae77e0a92730,"Alcance (4/5): Alcance específico y bien delimitado para JEV-P01-019: aborda supuestos, términos y condiciones de aplicabilidad para '¿Cómo construir una ficha breve de capacidades y l...'. Evidencia (4/5): Contraste documental sólido con 7 fuentes catalogadas (SRC-0001, SRC-0002, SRC-0004, SRC-0005, SRC-0006, SRC-0009, SRC-0010); penalizado a 4/5 por salida primaria de NotebookLM no preservada localmente. Exactitud (4/5): Formulación conceptual rigurosa de invariantes y contratos sin errores lógicos ni afirmaciones de SDK obsoletas. Utilidad (5/5): Alta transferencia operativa con directrices directas para Wheelwork y QRT ante '¿Cómo construir una ficha breve de capacidades y l...'. Validación (4/5): Protocolo formal con hipótesis falsable y umbrales cuantitativos definidos; acotado a 4/5 por validación estática sin ejecución de red. Total: 21/25."
JEV-P01-020,58d665afd7a35cde957fa5bd12435150db17b85a3d009549c2f24e12133edea9,Responder estrictamente a: ¿Qué afirmaciones debemos revisar primero después de una actualización y qué decisiones del proyecto dependen de cada una?,Atribución previa rectificada; contratos de API normalizados a spec oficial,"Notebook P01 (73562a8d-849b-459d-8f96-755f359a665f), docs.typesafe.ai, repositorios comunitarios","Remediación contractual, estandarización de contratos de API y autorrevisión",en_revision,4,4,4,5,4,Antigravity,pendiente,,82ff8de232dfd1bfddc73d625b86fd5409fbea1e74d73eccdc14385c6edc2f13,"Alcance (4/5): Alcance específico y bien delimitado para JEV-P01-020: aborda supuestos, términos y condiciones de aplicabilidad para '¿Qué afirmaciones debemos revisar primero después ...'. Evidencia (4/5): Contraste documental sólido con 10 fuentes catalogadas (SRC-0002, SRC-0004, SRC-0005, SRC-0009, SRC-0010, SRC-0013, SRC-0017, SRC-0035, SRC-0038, SRC-0052); penalizado a 4/5 por salida primaria de NotebookLM no preservada localmente. Exactitud (4/5): Contratos técnicos conformes con SDK 0.7.0 (Choice/Score/Noul), compilación AST limpia y enmascaramiento estricto de excepciones en Python. Utilidad (5/5): Alta transferencia operativa con directrices directas para Wheelwork y QRT ante '¿Qué afirmaciones debemos revisar primero después ...'. Validación (4/5): Protocolo formal con hipótesis falsable y umbrales cuantitativos definidos; acotado a 4/5 por validación estática sin ejecución de red. Total: 21/25."
JEV-P02-001,36aeb8011a1065350606ca72df9c29bc03bea2b088aa0a501fdf4ce0ccd0948a,Responder estrictamente a: ¿Qué componentes del entrenamiento y de la inferencia están realmente divulgados y cuáles siguen sin documentación pública suficiente?,Atribución previa rectificada; contratos de API normalizados a spec oficial,"Notebook P02 (079161fb-3da9-4c89-ba27-ffa707e7fca0), docs.typesafe.ai, repositorios comunitarios","Remediación contractual, estandarización de contratos de API y autorrevisión",en_revision,4,4,4,5,4,Antigravity,pendiente,,843669330676b3f2e9f39905f2d5e2ce110c5e86a76b56607b385335c7f5fb09,"Alcance (4/5): Alcance específico y bien delimitado para JEV-P02-001: aborda supuestos, términos y condiciones de aplicabilidad para '¿Qué componentes del entrenamiento y de la inferen...'. Evidencia (4/5): Contraste documental sólido con 7 fuentes catalogadas (SRC-0001, SRC-0002, SRC-0004, SRC-0012, SRC-0024, SRC-0025, SRC-0027); penalizado a 4/5 por salida primaria de NotebookLM no preservada localmente. Exactitud (4/5): Contratos técnicos conformes con SDK 0.7.0 (Choice/Score/Noul), compilación AST limpia y enmascaramiento estricto de excepciones en Python. Utilidad (5/5): Alta transferencia operativa con directrices directas para Wheelwork y QRT ante '¿Qué componentes del entrenamiento y de la inferen...'. Validación (4/5): Protocolo formal con hipótesis falsable y umbrales cuantitativos definidos; acotado a 4/5 por validación estática sin ejecución de red. Total: 21/25."
JEV-P02-002,9a596f0ba89ef9ffbf2d416a2780d0482066a5c4af1515601c24db33c603248e,"Responder estrictamente a: ¿Qué significa RLCD en la fuente original pertinente y cómo se relaciona, si está documentado, con el entrenamiento de Jev?",Atribución previa rectificada; contratos de API normalizados a spec oficial,"Notebook P02 (079161fb-3da9-4c89-ba27-ffa707e7fca0), docs.typesafe.ai, repositorios comunitarios","Remediación contractual, estandarización de contratos de API y autorrevisión",en_revision,4,4,4,5,4,Antigravity,pendiente,,75a5443c1380bf68172bed9dd0dba4670fed6c8c935372f6796f299378e7f1f6,"Alcance (4/5): Alcance específico y bien delimitado para JEV-P02-002: aborda supuestos, términos y condiciones de aplicabilidad para '¿Qué significa RLCD en la fuente original pertinen...'. Evidencia (4/5): Contraste documental sólido con 5 fuentes catalogadas (SRC-0001, SRC-0002, SRC-0023, SRC-0024, SRC-0027); penalizado a 4/5 por salida primaria de NotebookLM no preservada localmente. Exactitud (4/5): Formulación conceptual rigurosa de invariantes y contratos sin errores lógicos ni afirmaciones de SDK obsoletas. Utilidad (5/5): Alta transferencia operativa con directrices directas para Wheelwork y QRT ante '¿Qué significa RLCD en la fuente original pertinen...'. Validación (4/5): Protocolo formal con hipótesis falsable y umbrales cuantitativos definidos; acotado a 4/5 por validación estática sin ejecución de red. Total: 21/25."
JEV-P02-003,178aecb70f97812a9717ad459837c27ae3dcc6a039a398ae1fe55540e28590a1,Responder estrictamente a: ¿En qué se diferencia RLCD de otros métodos de entrenamiento citados y qué diferencias son metodológicas frente a específicas de este producto?,Atribución previa rectificada; contratos de API normalizados a spec oficial,"Notebook P02 (079161fb-3da9-4c89-ba27-ffa707e7fca0), docs.typesafe.ai, repositorios comunitarios","Remediación contractual, estandarización de contratos de API y autorrevisión",en_revision,4,4,4,5,4,Antigravity,pendiente,,f732a68eb3091ce345f963c36d2cb65f2125f2ed7fe774cff11bfb59a5f568f9,"Alcance (4/5): Alcance específico y bien delimitado para JEV-P02-003: aborda supuestos, términos y condiciones de aplicabilidad para '¿En qué se diferencia RLCD de otros métodos de ent...'. Evidencia (4/5): Contraste documental sólido con 6 fuentes catalogadas (SRC-0001, SRC-0002, SRC-0004, SRC-0023, SRC-0024, SRC-0027); penalizado a 4/5 por salida primaria de NotebookLM no preservada localmente. Exactitud (4/5): Contratos técnicos conformes con SDK 0.7.0 (Choice/Score), compilación AST limpia y enmascaramiento estricto de excepciones en Python. Utilidad (5/5): Alta transferencia operativa con directrices directas para Wheelwork y QRT ante '¿En qué se diferencia RLCD de otros métodos de ent...'. Validación (4/5): Protocolo formal con hipótesis falsable y umbrales cuantitativos definidos; acotado a 4/5 por validación estática sin ejecución de red. Total: 21/25."
JEV-P02-004,7404a33e59bd0c341d1f165708f63b167daaa906a4a6b5dc2d064741ee882314,"Responder estrictamente a: ¿Cómo describe el proveedor el proceso desde una entrada hasta una decisión, y dónde termina la descripción comprobada del mecanismo?",Atribución previa rectificada; contratos de API normalizados a spec oficial,"Notebook P02 (079161fb-3da9-4c89-ba27-ffa707e7fca0), docs.typesafe.ai, repositorios comunitarios","Remediación contractual, estandarización de contratos de API y autorrevisión",en_revision,4,4,4,5,4,Antigravity,pendiente,,b70970d95f6bbf9f8371d62281371401d4e57572c97dc9de4b225458852ce74c,"Alcance (4/5): Alcance específico y bien delimitado para JEV-P02-004: aborda supuestos, términos y condiciones de aplicabilidad para '¿Cómo describe el proveedor el proceso desde una e...'. Evidencia (4/5): Contraste documental sólido con 6 fuentes catalogadas (SRC-0001, SRC-0002, SRC-0004, SRC-0015, SRC-0025, SRC-0027); penalizado a 4/5 por salida primaria de NotebookLM no preservada localmente. Exactitud (4/5): Contratos técnicos conformes con SDK 0.7.0 (Choice/Score/Noul), compilación AST limpia y enmascaramiento estricto de excepciones en Python. Utilidad (5/5): Alta transferencia operativa con directrices directas para Wheelwork y QRT ante '¿Cómo describe el proveedor el proceso desde una e...'. Validación (4/5): Protocolo formal con hipótesis falsable y umbrales cuantitativos definidos; acotado a 4/5 por validación estática sin ejecución de red. Total: 21/25."
JEV-P02-005,4d1e2f95237acd907039327426c60ff0e4c82fc885a94af5a6a30cea7e8c284a,"Responder estrictamente a: ¿Qué relación entre mecanismo interno y contrato externo está documentada, y qué conductas de API no revelan por sí mismas la arquitectura?",Atribución previa rectificada; contratos de API normalizados a spec oficial,"Notebook P02 (079161fb-3da9-4c89-ba27-ffa707e7fca0), docs.typesafe.ai, repositorios comunitarios","Remediación contractual, estandarización de contratos de API y autorrevisión",en_revision,4,4,4,5,4,Antigravity,pendiente,,ac9dacc2c038376b5901bade09820c972c94c914ad60109773c3be282ca481cb,"Alcance (4/5): Alcance específico y bien delimitado para JEV-P02-005: aborda supuestos, términos y condiciones de aplicabilidad para '¿Qué relación entre mecanismo interno y contrato e...'. Evidencia (4/5): Contraste documental sólido con 7 fuentes catalogadas (SRC-0001, SRC-0002, SRC-0004, SRC-0009, SRC-0024, SRC-0025, SRC-0027); penalizado a 4/5 por salida primaria de NotebookLM no preservada localmente. Exactitud (4/5): Contratos técnicos conformes con SDK 0.7.0 (Choice/Score), compilación AST limpia y enmascaramiento estricto de excepciones en Python. Utilidad (5/5): Alta transferencia operativa con directrices directas para Wheelwork y QRT ante '¿Qué relación entre mecanismo interno y contrato e...'. Validación (4/5): Protocolo formal con hipótesis falsable y umbrales cuantitativos definidos; acotado a 4/5 por validación estática sin ejecución de red. Total: 21/25."
JEV-P02-006,8c739d41d26458e5b48ae2538116f3ac2f727ac6d11c786a2193693e6e02f47d,Responder estrictamente a: ¿Qué significa muestreo paralelo en las fuentes y qué ventajas o límites dependen del número y de la dependencia entre muestras?,Atribución previa rectificada; contratos de API normalizados a spec oficial,"Notebook P02 (079161fb-3da9-4c89-ba27-ffa707e7fca0), docs.typesafe.ai, repositorios comunitarios","Remediación contractual, estandarización de contratos de API y autorrevisión",en_revision,4,4,4,5,4,Antigravity,pendiente,,a249fdef341ad72f6e05f1bf39c81425b18e7b03f03ebdc81b52dfee89206270,"Alcance (4/5): Alcance específico y bien delimitado para JEV-P02-006: aborda supuestos, términos y condiciones de aplicabilidad para '¿Qué significa muestreo paralelo en las fuentes y ...'. Evidencia (4/5): Contraste documental sólido con 6 fuentes catalogadas (SRC-0001, SRC-0002, SRC-0004, SRC-0009, SRC-0026, SRC-0027); penalizado a 4/5 por salida primaria de NotebookLM no preservada localmente. Exactitud (4/5): Contratos técnicos conformes con SDK 0.7.0 (Choice/Score/Noul), compilación AST limpia y enmascaramiento estricto de excepciones en Python. Utilidad (5/5): Alta transferencia operativa con directrices directas para Wheelwork y QRT ante '¿Qué significa muestreo paralelo en las fuentes y ...'. Validación (4/5): Protocolo formal con hipótesis falsable y umbrales cuantitativos definidos; acotado a 4/5 por validación estática sin ejecución de red. Total: 21/25."
JEV-P02-007,bf4eefdbecdb4d7352c58a6e5158ed5bfa139d895f6efb69316cc15f8b251420,"Responder estrictamente a: ¿Qué se sabe sobre modelos de base, datos y objetivos de entrenamiento, y qué afirmaciones frecuentes carecen de soporte público?",Atribución previa rectificada; contratos de API normalizados a spec oficial,"Notebook P02 (079161fb-3da9-4c89-ba27-ffa707e7fca0), docs.typesafe.ai, repositorios comunitarios","Remediación contractual, estandarización de contratos de API y autorrevisión",en_revision,4,4,4,5,4,Antigravity,pendiente,,61dce65d7c967addfaad31acbbcbdc52c1ee8c14de4e4bbdbaeb37a22d5dfa4e,"Alcance (4/5): Alcance específico y bien delimitado para JEV-P02-007: aborda supuestos, términos y condiciones de aplicabilidad para '¿Qué se sabe sobre modelos de base, datos y objeti...'. Evidencia (4/5): Contraste documental sólido con 7 fuentes catalogadas (SRC-0001, SRC-0002, SRC-0004, SRC-0009, SRC-0023, SRC-0024, SRC-0027); penalizado a 4/5 por salida primaria de NotebookLM no preservada localmente. Exactitud (4/5): Formulación conceptual rigurosa de invariantes y contratos sin errores lógicos ni afirmaciones de SDK obsoletas. Utilidad (5/5): Alta transferencia operativa con directrices directas para Wheelwork y QRT ante '¿Qué se sabe sobre modelos de base, datos y objeti...'. Validación (4/5): Protocolo formal con hipótesis falsable y umbrales cuantitativos definidos; acotado a 4/5 por validación estática sin ejecución de red. Total: 21/25."
JEV-P02-008,4f0e3deeab23a4e6521c231dc6d04cc1323cccb4d261d074cdeb32440ad7d36f,"Responder estrictamente a: ¿Qué diferencias prácticas hay entre producir una decisión tipada y generar texto sujeto a un esquema, manteniendo fija la tarea?",Atribución previa rectificada; contratos de API normalizados a spec oficial,"Notebook P02 (079161fb-3da9-4c89-ba27-ffa707e7fca0), docs.typesafe.ai, repositorios comunitarios","Remediación contractual, estandarización de contratos de API y autorrevisión",en_revision,4,4,4,5,4,Antigravity,pendiente,,5a5ec184b54b60f0ad2fa5321fce9405e56564b7e2f6b130c63f9a3291d66fec,"Alcance (4/5): Alcance específico y bien delimitado para JEV-P02-008: aborda supuestos, términos y condiciones de aplicabilidad para '¿Qué diferencias prácticas hay entre producir una ...'. Evidencia (4/5): Contraste documental sólido con 7 fuentes catalogadas (SRC-0001, SRC-0002, SRC-0004, SRC-0005, SRC-0010, SRC-0026, SRC-0027); penalizado a 4/5 por salida primaria de NotebookLM no preservada localmente. Exactitud (4/5): Formulación conceptual rigurosa de invariantes y contratos sin errores lógicos ni afirmaciones de SDK obsoletas. Utilidad (5/5): Alta transferencia operativa con directrices directas para Wheelwork y QRT ante '¿Qué diferencias prácticas hay entre producir una ...'. Validación (4/5): Protocolo formal con hipótesis falsable y umbrales cuantitativos definidos; acotado a 4/5 por validación estática sin ejecución de red. Total: 21/25."
JEV-P02-009,6b8b43d7d9954ecd31110209bfb341266919404410bd97af8dfcb619f67042fc,Responder estrictamente a: ¿Qué propiedades de repetibilidad pueden ensayarse externamente sin confundir un resultado estable con determinismo garantizado?,Atribución previa rectificada; contratos de API normalizados a spec oficial,"Notebook P02 (079161fb-3da9-4c89-ba27-ffa707e7fca0), docs.typesafe.ai, repositorios comunitarios","Remediación contractual, estandarización de contratos de API y autorrevisión",en_revision,4,4,4,5,4,Antigravity,pendiente,,03946f6d51b1210fde70a5ee2050a534943c9ac6d76ec03a2bc2464673e9c364,"Alcance (4/5): Alcance específico y bien delimitado para JEV-P02-009: aborda supuestos, términos y condiciones de aplicabilidad para '¿Qué propiedades de repetibilidad pueden ensayarse...'. Evidencia (4/5): Contraste documental sólido con 7 fuentes catalogadas (SRC-0001, SRC-0002, SRC-0004, SRC-0009, SRC-0010, SRC-0026, SRC-0027); penalizado a 4/5 por salida primaria de NotebookLM no preservada localmente. Exactitud (4/5): Contratos técnicos conformes con SDK 0.7.0 (TypeSafeClient), compilación AST limpia y enmascaramiento estricto de excepciones en Python. Utilidad (5/5): Alta transferencia operativa con directrices directas para Wheelwork y QRT ante '¿Qué propiedades de repetibilidad pueden ensayarse...'. Validación (4/5): Protocolo formal con hipótesis falsable y umbrales cuantitativos definidos; acotado a 4/5 por validación estática sin ejecución de red. Total: 21/25."
JEV-P02-010,031d8063d8ab78493fdecf0bb4f5e9bdb0702c7087649b7ae08a7e8ccc5c66c3,"Responder estrictamente a: ¿Qué dependencia de longitud, número de opciones o concurrencia puede formularse como hipótesis comprobable de latencia?",Atribución previa rectificada; contratos de API normalizados a spec oficial,"Notebook P02 (079161fb-3da9-4c89-ba27-ffa707e7fca0), docs.typesafe.ai, repositorios comunitarios","Remediación contractual, estandarización de contratos de API y autorrevisión",en_revision,4,4,4,5,4,Antigravity,pendiente,,92255636e4853abaebfc221997420b057ed1f2af7c3653105b70332ee2d491e0,"Alcance (4/5): Alcance específico y bien delimitado para JEV-P02-010: aborda supuestos, términos y condiciones de aplicabilidad para '¿Qué dependencia de longitud, número de opciones o...'. Evidencia (4/5): Contraste documental sólido con 6 fuentes catalogadas (SRC-0001, SRC-0002, SRC-0004, SRC-0021, SRC-0026, SRC-0027); penalizado a 4/5 por salida primaria de NotebookLM no preservada localmente. Exactitud (4/5): Contratos técnicos conformes con SDK 0.7.0 (Noul), compilación AST limpia y enmascaramiento estricto de excepciones en Python. Utilidad (5/5): Alta transferencia operativa con directrices directas para Wheelwork y QRT ante '¿Qué dependencia de longitud, número de opciones o...'. Validación (4/5): Protocolo formal con hipótesis falsable y umbrales cuantitativos definidos; acotado a 4/5 por validación estática sin ejecución de red. Total: 21/25."
JEV-P02-011,20721765b4d612821d0a997c351ce44baa59b31a7a5af819e8eb3cd88831d7ad,"Responder estrictamente a: ¿Qué implica la arquitectura documentada para tareas de cálculo, planificación extensa o generación de explicaciones, y qué exige otro componente?",Atribución previa rectificada; contratos de API normalizados a spec oficial,"Notebook P02 (079161fb-3da9-4c89-ba27-ffa707e7fca0), docs.typesafe.ai, repositorios comunitarios","Remediación contractual, estandarización de contratos de API y autorrevisión",en_revision,4,4,4,5,4,Antigravity,pendiente,,c51cff9f314ad0c43f169f7038cf29bc4d635359da6b543e853a702b0ace2e8d,"Alcance (4/5): Alcance específico y bien delimitado para JEV-P02-011: aborda supuestos, términos y condiciones de aplicabilidad para '¿Qué implica la arquitectura documentada para tare...'. Evidencia (4/5): Contraste documental sólido con 4 fuentes catalogadas (SRC-0001, SRC-0002, SRC-0014, SRC-0027); penalizado a 4/5 por salida primaria de NotebookLM no preservada localmente. Exactitud (4/5): Contratos técnicos conformes con SDK 0.7.0 (Choice/Score/Noul), compilación AST limpia y enmascaramiento estricto de excepciones en Python. Utilidad (5/5): Alta transferencia operativa con directrices directas para Wheelwork y QRT ante '¿Qué implica la arquitectura documentada para tare...'. Validación (4/5): Protocolo formal con hipótesis falsable y umbrales cuantitativos definidos; acotado a 4/5 por validación estática sin ejecución de red. Total: 21/25."
JEV-P02-012,def0420a6122c3a2202eebd94ca41b5d9cf88becd58a344305108c5c08b82d58,Responder estrictamente a: ¿Cómo separar conocimiento adquirido en entrenamiento y evidencia proporcionada en contexto al interpretar respuestas acertadas o equivocadas?,Atribución previa rectificada; contratos de API normalizados a spec oficial,"Notebook P02 (079161fb-3da9-4c89-ba27-ffa707e7fca0), docs.typesafe.ai, repositorios comunitarios","Remediación contractual, estandarización de contratos de API y autorrevisión",en_revision,4,4,4,5,4,Antigravity,pendiente,,e54987dd431aa64a883d1508acda445230c30372fbc38c1e5682600a2448cb00,"Alcance (4/5): Alcance específico y bien delimitado para JEV-P02-012: aborda supuestos, términos y condiciones de aplicabilidad para '¿Cómo separar conocimiento adquirido en entrenamie...'. Evidencia (4/5): Contraste documental sólido con 4 fuentes catalogadas (SRC-0002, SRC-0004, SRC-0025, SRC-0027); penalizado a 4/5 por salida primaria de NotebookLM no preservada localmente. Exactitud (4/5): Formulación conceptual rigurosa de invariantes y contratos sin errores lógicos ni afirmaciones de SDK obsoletas. Utilidad (5/5): Alta transferencia operativa con directrices directas para Wheelwork y QRT ante '¿Cómo separar conocimiento adquirido en entrenamie...'. Validación (4/5): Protocolo formal con hipótesis falsable y umbrales cuantitativos definidos; acotado a 4/5 por validación estática sin ejecución de red. Total: 21/25."
JEV-P02-013,fd7407b01d2c92677d630040b97aaa50391363b18eb2136b737dc09cd34da786,"Responder estrictamente a: ¿Qué evidencia describe memoria o estado entre llamadas, y cómo diseñar una integración si esa persistencia no está garantizada?",Atribución previa rectificada; contratos de API normalizados a spec oficial,"Notebook P02 (079161fb-3da9-4c89-ba27-ffa707e7fca0), docs.typesafe.ai, repositorios comunitarios","Remediación contractual, estandarización de contratos de API y autorrevisión",en_revision,4,4,4,5,4,Antigravity,pendiente,,91056ef76c7827992bb64f5fcaa0dd9d191b82d1edb833246466ca3843d553f6,"Alcance (4/5): Alcance específico y bien delimitado para JEV-P02-013: aborda supuestos, términos y condiciones de aplicabilidad para '¿Qué evidencia describe memoria o estado entre lla...'. Evidencia (4/5): Contraste documental sólido con 4 fuentes catalogadas (SRC-0001, SRC-0002, SRC-0016, SRC-0027); penalizado a 4/5 por salida primaria de NotebookLM no preservada localmente. Exactitud (4/5): Contratos técnicos conformes con SDK 0.7.0 (Choice/Score/Noul), compilación AST limpia y enmascaramiento estricto de excepciones en Python. Utilidad (5/5): Alta transferencia operativa con directrices directas para Wheelwork y QRT ante '¿Qué evidencia describe memoria o estado entre lla...'. Validación (4/5): Protocolo formal con hipótesis falsable y umbrales cuantitativos definidos; acotado a 4/5 por validación estática sin ejecución de red. Total: 21/25."
JEV-P02-014,28622bdbddeb8e6c72923c03a2347b290d16f54339738375cdb4c68d0a75655c,"Responder estrictamente a: ¿Qué soporte nativo de modalidades está documentado y qué flujos requieren transcripción, OCR u otro preprocesamiento externo?",Atribución previa rectificada; contratos de API normalizados a spec oficial,"Notebook P02 (079161fb-3da9-4c89-ba27-ffa707e7fca0), docs.typesafe.ai, repositorios comunitarios","Remediación contractual, estandarización de contratos de API y autorrevisión",en_revision,4,4,4,5,4,Antigravity,pendiente,,61ee367f9df8925dc544b9512a47902c18dcb9f8c5697c2fde87d85ca0e8eb35,"Alcance (4/5): Alcance específico y bien delimitado para JEV-P02-014: aborda supuestos, términos y condiciones de aplicabilidad para '¿Qué soporte nativo de modalidades está documentad...'. Evidencia (4/5): Contraste documental sólido con 4 fuentes catalogadas (SRC-0001, SRC-0002, SRC-0010, SRC-0027); penalizado a 4/5 por salida primaria de NotebookLM no preservada localmente. Exactitud (4/5): Formulación conceptual rigurosa de invariantes y contratos sin errores lógicos ni afirmaciones de SDK obsoletas. Utilidad (5/5): Alta transferencia operativa con directrices directas para Wheelwork y QRT ante '¿Qué soporte nativo de modalidades está documentad...'. Validación (4/5): Protocolo formal con hipótesis falsable y umbrales cuantitativos definidos; acotado a 4/5 por validación estática sin ejecución de red. Total: 21/25."
JEV-P02-015,d8fc76ed5b0d08f7b1f1b01279d87c1d5fe0857deb5a3377fc43b2eab292a240,"Responder estrictamente a: ¿Qué relación hay entre optimizar decisiones y calibrar incertidumbre, y por qué un objetivo de entrenamiento no garantiza calibración en todo dominio?",Atribución previa rectificada; contratos de API normalizados a spec oficial,"Notebook P02 (079161fb-3da9-4c89-ba27-ffa707e7fca0), docs.typesafe.ai, repositorios comunitarios","Remediación contractual, estandarización de contratos de API y autorrevisión",en_revision,4,4,4,5,4,Antigravity,pendiente,,db579b047060272f17b3e53d0b2114159cdfba3f43436f14f10446969486eedc,"Alcance (4/5): Alcance específico y bien delimitado para JEV-P02-015: aborda supuestos, términos y condiciones de aplicabilidad para '¿Qué relación hay entre optimizar decisiones y cal...'. Evidencia (4/5): Contraste documental sólido con 5 fuentes catalogadas (SRC-0001, SRC-0003, SRC-0023, SRC-0024, SRC-0028); penalizado a 4/5 por salida primaria de NotebookLM no preservada localmente. Exactitud (4/5): Formulación conceptual rigurosa de invariantes y contratos sin errores lógicos ni afirmaciones de SDK obsoletas. Utilidad (5/5): Alta transferencia operativa con directrices directas para Wheelwork y QRT ante '¿Qué relación hay entre optimizar decisiones y cal...'. Validación (4/5): Protocolo formal con hipótesis falsable y umbrales cuantitativos definidos; acotado a 4/5 por validación estática sin ejecución de red. Total: 21/25."
JEV-P02-016,eeaac490945d783618dd0de09d1275a61f6064565de29211cabf574fbbac816a,Responder estrictamente a: ¿Qué condiciones podrían romper una ventaja de inferencia anunciada aunque el mecanismo interno funcione como fue descrito?,Atribución previa rectificada; contratos de API normalizados a spec oficial,"Notebook P02 (079161fb-3da9-4c89-ba27-ffa707e7fca0), docs.typesafe.ai, repositorios comunitarios","Remediación contractual, estandarización de contratos de API y autorrevisión",en_revision,4,4,4,5,4,Antigravity,pendiente,,4729348cdd428a92eb5391d430dab9f92e639ab2e5a0587519a0799d726f068a,"Alcance (4/5): Alcance específico y bien delimitado para JEV-P02-016: aborda supuestos, términos y condiciones de aplicabilidad para '¿Qué condiciones podrían romper una ventaja de inf...'. Evidencia (4/5): Contraste documental sólido con 5 fuentes catalogadas (SRC-0001, SRC-0002, SRC-0009, SRC-0026, SRC-0027); penalizado a 4/5 por salida primaria de NotebookLM no preservada localmente. Exactitud (4/5): Formulación conceptual rigurosa de invariantes y contratos sin errores lógicos ni afirmaciones de SDK obsoletas. Utilidad (5/5): Alta transferencia operativa con directrices directas para Wheelwork y QRT ante '¿Qué condiciones podrían romper una ventaja de inf...'. Validación (4/5): Protocolo formal con hipótesis falsable y umbrales cuantitativos definidos; acotado a 4/5 por validación estática sin ejecución de red. Total: 21/25."
JEV-P02-017,3c3e7c34518585db819b050cd053c9a1fd01179ace4b0d327c40890f0fa69f6c,Responder estrictamente a: ¿Qué pruebas de caja negra distinguirían hipótesis alternativas de comportamiento sin pretender reconstruir el entrenamiento propietario?,Atribución previa rectificada; contratos de API normalizados a spec oficial,"Notebook P02 (079161fb-3da9-4c89-ba27-ffa707e7fca0), docs.typesafe.ai, repositorios comunitarios","Remediación contractual, estandarización de contratos de API y autorrevisión",en_revision,4,4,4,5,4,Antigravity,pendiente,,5360909391793848bf0dd1be035435e50f6baf4dd0abcb3b6396ab4c0a37976d,"Alcance (4/5): Alcance específico y bien delimitado para JEV-P02-017: aborda supuestos, términos y condiciones de aplicabilidad para '¿Qué pruebas de caja negra distinguirían hipótesis...'. Evidencia (4/5): Contraste documental sólido con 5 fuentes catalogadas (SRC-0002, SRC-0004, SRC-0009, SRC-0025, SRC-0027); penalizado a 4/5 por salida primaria de NotebookLM no preservada localmente. Exactitud (4/5): Contratos técnicos conformes con SDK 0.7.0 (Choice/Noul), compilación AST limpia y enmascaramiento estricto de excepciones en Python. Utilidad (5/5): Alta transferencia operativa con directrices directas para Wheelwork y QRT ante '¿Qué pruebas de caja negra distinguirían hipótesis...'. Validación (4/5): Protocolo formal con hipótesis falsable y umbrales cuantitativos definidos; acotado a 4/5 por validación estática sin ejecución de red. Total: 21/25."
JEV-P02-018,d8f8bd0f9da87fd585fe192163beb0224aacb522e8e0474fe56739fdca7d101b,Responder estrictamente a: ¿Qué detalles de arquitectura necesitamos conocer para integrar con seguridad y cuáles pueden suplirse mediante contratos y evaluación externa?,Atribución previa rectificada; contratos de API normalizados a spec oficial,"Notebook P02 (079161fb-3da9-4c89-ba27-ffa707e7fca0), docs.typesafe.ai, repositorios comunitarios","Remediación contractual, estandarización de contratos de API y autorrevisión",en_revision,4,4,4,5,4,Antigravity,pendiente,,577879551d733202715648a23c86686a085b73b7f360c0be484d8d9695a73fd3,"Alcance (4/5): Alcance específico y bien delimitado para JEV-P02-018: aborda supuestos, términos y condiciones de aplicabilidad para '¿Qué detalles de arquitectura necesitamos conocer ...'. Evidencia (4/5): Contraste documental sólido con 4 fuentes catalogadas (SRC-0001, SRC-0002, SRC-0003, SRC-0027); penalizado a 4/5 por salida primaria de NotebookLM no preservada localmente. Exactitud (4/5): Contratos técnicos conformes con SDK 0.7.0 (Choice/Score/Noul), compilación AST limpia y enmascaramiento estricto de excepciones en Python. Utilidad (5/5): Alta transferencia operativa con directrices directas para Wheelwork y QRT ante '¿Qué detalles de arquitectura necesitamos conocer ...'. Validación (4/5): Protocolo formal con hipótesis falsable y umbrales cuantitativos definidos; acotado a 4/5 por validación estática sin ejecución de red. Total: 21/25."
JEV-P02-019,19fc6a11001e4c067f331c2e68b492f253c6136a25e4e3c4415b54b0d5ac235c,"Responder estrictamente a: ¿Qué riesgos crea trasladar intuiciones de un LLM generativo a Jev al diseñar instrucciones, herramientas o memoria?",Atribución previa rectificada; contratos de API normalizados a spec oficial,"Notebook P02 (079161fb-3da9-4c89-ba27-ffa707e7fca0), docs.typesafe.ai, repositorios comunitarios","Remediación contractual, estandarización de contratos de API y autorrevisión",en_revision,4,4,4,5,4,Antigravity,pendiente,,8f78c26171b9f88202a947c8d68e7434719fc31926f1c20693726ea00a8faad2,"Alcance (4/5): Alcance específico y bien delimitado para JEV-P02-019: aborda supuestos, términos y condiciones de aplicabilidad para '¿Qué riesgos crea trasladar intuiciones de un LLM ...'. Evidencia (4/5): Contraste documental sólido con 4 fuentes catalogadas (SRC-0001, SRC-0002, SRC-0016, SRC-0027); penalizado a 4/5 por salida primaria de NotebookLM no preservada localmente. Exactitud (4/5): Formulación conceptual rigurosa de invariantes y contratos sin errores lógicos ni afirmaciones de SDK obsoletas. Utilidad (5/5): Alta transferencia operativa con directrices directas para Wheelwork y QRT ante '¿Qué riesgos crea trasladar intuiciones de un LLM ...'. Validación (4/5): Protocolo formal con hipótesis falsable y umbrales cuantitativos definidos; acotado a 4/5 por validación estática sin ejecución de red. Total: 21/25."
JEV-P02-020,af5bc3c0da871fa150a47a58dfa6577221cc921e72b666d9d73ebe6ca4d7754f,"Responder estrictamente a: ¿Cómo explicar la arquitectura en niveles conceptual, técnico y operativo conservando las mismas incertidumbres en las tres explicaciones?",Atribución previa rectificada; contratos de API normalizados a spec oficial,"Notebook P02 (079161fb-3da9-4c89-ba27-ffa707e7fca0), docs.typesafe.ai, repositorios comunitarios","Remediación contractual, estandarización de contratos de API y autorrevisión",en_revision,4,4,4,5,4,Antigravity,pendiente,,514e263c80edb7a7b8c3c7c46692140322b997763e84ee79a8151fa9ca5ad4f5,"Alcance (4/5): Alcance específico y bien delimitado para JEV-P02-020: aborda supuestos, términos y condiciones de aplicabilidad para '¿Cómo explicar la arquitectura en niveles conceptu...'. Evidencia (4/5): Contraste documental sólido con 4 fuentes catalogadas (SRC-0001, SRC-0002, SRC-0004, SRC-0027); penalizado a 4/5 por salida primaria de NotebookLM no preservada localmente. Exactitud (4/5): Formulación conceptual rigurosa de invariantes y contratos sin errores lógicos ni afirmaciones de SDK obsoletas. Utilidad (5/5): Alta transferencia operativa con directrices directas para Wheelwork y QRT ante '¿Cómo explicar la arquitectura en niveles conceptu...'. Validación (4/5): Protocolo formal con hipótesis falsable y umbrales cuantitativos definidos; acotado a 4/5 por validación estática sin ejecución de red. Total: 21/25."
JEV-P03-001,395a18e13e0be220f3abf1990157b497b6b0a5e3fa487d90e34bae1984ddca1b,"Responder estrictamente a: ¿Cuáles son los contratos exactos y documentados de Choice, Score y Noul para la versión analizada, y qué ejemplos evitan confundirlos?",Atribución previa rectificada; contratos de API normalizados a spec oficial,"Notebook P03 (420bc955-32d2-44bf-b9ad-e3b8a7874d43), docs.typesafe.ai, repositorios comunitarios","Remediación contractual, estandarización de contratos de API y autorrevisión",en_revision,4,4,4,5,4,Antigravity,pendiente,,e985575a2c8aa7e92319471f296a0dfc35306299a61d82bf15160eb8ff418e81,"Alcance (4/5): Alcance específico y bien delimitado para JEV-P03-001: aborda supuestos, términos y condiciones de aplicabilidad para '¿Cuáles son los contratos exactos y documentados d...'. Evidencia (4/5): Contraste documental sólido con 5 fuentes catalogadas (SRC-0001, SRC-0002, SRC-0003, SRC-0033, SRC-0034); penalizado a 4/5 por salida primaria de NotebookLM no preservada localmente. Exactitud (4/5): Formulación conceptual rigurosa de invariantes y contratos sin errores lógicos ni afirmaciones de SDK obsoletas. Utilidad (5/5): Alta transferencia operativa con directrices directas para Wheelwork y QRT ante '¿Cuáles son los contratos exactos y documentados d...'. Validación (4/5): Protocolo formal con hipótesis falsable y umbrales cuantitativos definidos; acotado a 4/5 por validación estática sin ejecución de red. Total: 21/25."
JEV-P03-002,3229560ee4c2e8d1deefb34f6d4f370e026c2cfe83bf6de3bff648244ad1f601,"Responder estrictamente a: ¿Cómo descomponer una petición de negocio ambigua en una decisión semántica con entrada, criterio, salida y destinatario definidos?",Atribución previa rectificada; contratos de API normalizados a spec oficial,"Notebook P03 (420bc955-32d2-44bf-b9ad-e3b8a7874d43), docs.typesafe.ai, repositorios comunitarios","Remediación contractual, estandarización de contratos de API y autorrevisión",en_revision,4,4,4,5,4,Antigravity,pendiente,,0cc30a9da0bb66442a10a1df800d5e435dcda5b3325ff8898bdfec821626517b,"Alcance (4/5): Alcance específico y bien delimitado para JEV-P03-002: aborda supuestos, términos y condiciones de aplicabilidad para '¿Cómo descomponer una petición de negocio ambigua ...'. Evidencia (4/5): Contraste documental sólido con 4 fuentes catalogadas (SRC-0002, SRC-0005, SRC-0033, SRC-0034); penalizado a 4/5 por salida primaria de NotebookLM no preservada localmente. Exactitud (4/5): Contratos técnicos conformes con SDK 0.7.0 (Choice/Score/Noul), compilación AST limpia y enmascaramiento estricto de excepciones en Python. Utilidad (5/5): Alta transferencia operativa con directrices directas para Wheelwork y QRT ante '¿Cómo descomponer una petición de negocio ambigua ...'. Validación (4/5): Protocolo formal con hipótesis falsable y umbrales cuantitativos definidos; acotado a 4/5 por validación estática sin ejecución de red. Total: 21/25."
JEV-P03-003,2559a19c5141cf7f22effdbd00f60142de85a371f092df5a9b5f63ce8ca0fe54,"Responder estrictamente a: ¿Qué árbol de decisión permite elegir entre una primitiva documentada, una regla determinista, un modelo generativo o revisión humana?",Atribución previa rectificada; contratos de API normalizados a spec oficial,"Notebook P03 (420bc955-32d2-44bf-b9ad-e3b8a7874d43), docs.typesafe.ai, repositorios comunitarios","Remediación contractual, estandarización de contratos de API y autorrevisión",en_revision,4,4,4,5,4,Antigravity,pendiente,,4ee8aa4599cf182ad998a283b3e6e47a4c345aec6419ad3bc5f9875f79e5e004,"Alcance (4/5): Alcance específico y bien delimitado para JEV-P03-003: aborda supuestos, términos y condiciones de aplicabilidad para '¿Qué árbol de decisión permite elegir entre una pr...'. Evidencia (4/5): Contraste documental sólido con 4 fuentes catalogadas (SRC-0001, SRC-0002, SRC-0032, SRC-0034); penalizado a 4/5 por salida primaria de NotebookLM no preservada localmente. Exactitud (4/5): Formulación conceptual rigurosa de invariantes y contratos sin errores lógicos ni afirmaciones de SDK obsoletas. Utilidad (5/5): Alta transferencia operativa con directrices directas para Wheelwork y QRT ante '¿Qué árbol de decisión permite elegir entre una pr...'. Validación (4/5): Protocolo formal con hipótesis falsable y umbrales cuantitativos definidos; acotado a 4/5 por validación estática sin ejecución de red. Total: 21/25."
JEV-P03-004,80ba3b2739fec92c6fe13b830c2b208d6fbe7bfa9bc2229d5c7f441e5a871765,Responder estrictamente a: ¿Cómo representar información insuficiente y abstención sin inventar una opción o capacidad que el contrato no soporte?,Atribución previa rectificada; contratos de API normalizados a spec oficial,"Notebook P03 (420bc955-32d2-44bf-b9ad-e3b8a7874d43), docs.typesafe.ai, repositorios comunitarios","Remediación contractual, estandarización de contratos de API y autorrevisión",en_revision,4,4,4,5,4,Antigravity,pendiente,,4aaee9298266937bf856c87bd1fa81590e68feef050e718d4e5808ed4b0bf958,"Alcance (4/5): Alcance específico y bien delimitado para JEV-P03-004: aborda supuestos, términos y condiciones de aplicabilidad para '¿Cómo representar información insuficiente y abste...'. Evidencia (4/5): Contraste documental sólido con 5 fuentes catalogadas (SRC-0002, SRC-0003, SRC-0029, SRC-0031, SRC-0034); penalizado a 4/5 por salida primaria de NotebookLM no preservada localmente. Exactitud (4/5): Formulación conceptual rigurosa de invariantes y contratos sin errores lógicos ni afirmaciones de SDK obsoletas. Utilidad (5/5): Alta transferencia operativa con directrices directas para Wheelwork y QRT ante '¿Cómo representar información insuficiente y abste...'. Validación (4/5): Protocolo formal con hipótesis falsable y umbrales cuantitativos definidos; acotado a 4/5 por validación estática sin ejecución de red. Total: 21/25."
JEV-P03-005,ab4cf17dcd4136b93ed588309de998afdb2610a3badde9776c9e3cf63361daca,"Responder estrictamente a: ¿Cómo definir categorías mutuamente excluyentes y suficientemente exhaustivas, y detectar casos que no pertenecen a ninguna?",Atribución previa rectificada; contratos de API normalizados a spec oficial,"Notebook P03 (420bc955-32d2-44bf-b9ad-e3b8a7874d43), docs.typesafe.ai, repositorios comunitarios","Remediación contractual, estandarización de contratos de API y autorrevisión",en_revision,4,4,4,5,4,Antigravity,pendiente,,5ffe6248ec6ba13542c74b43b05093717153f15171e5240147d6b284ebdb4a6d,"Alcance (4/5): Alcance específico y bien delimitado para JEV-P03-005: aborda supuestos, términos y condiciones de aplicabilidad para '¿Cómo definir categorías mutuamente excluyentes y ...'. Evidencia (4/5): Contraste documental sólido con 4 fuentes catalogadas (SRC-0002, SRC-0004, SRC-0033, SRC-0034); penalizado a 4/5 por salida primaria de NotebookLM no preservada localmente. Exactitud (4/5): Formulación conceptual rigurosa de invariantes y contratos sin errores lógicos ni afirmaciones de SDK obsoletas. Utilidad (5/5): Alta transferencia operativa con directrices directas para Wheelwork y QRT ante '¿Cómo definir categorías mutuamente excluyentes y ...'. Validación (4/5): Protocolo formal con hipótesis falsable y umbrales cuantitativos definidos; acotado a 4/5 por validación estática sin ejecución de red. Total: 21/25."
JEV-P03-006,5ffe160a1f9c612cb9373928d47f61e5517235bb53b164c824d441ef250583cb,Responder estrictamente a: ¿Cómo tratar una necesidad de clasificación multietiqueta si la primitiva disponible solo permite una elección por llamada?,Atribución previa rectificada; contratos de API normalizados a spec oficial,"Notebook P03 (420bc955-32d2-44bf-b9ad-e3b8a7874d43), docs.typesafe.ai, repositorios comunitarios","Remediación contractual, estandarización de contratos de API y autorrevisión",en_revision,4,4,4,5,4,Antigravity,pendiente,,aa270157029a74f08dfaf4f222a8b6dfb2be685bcb077034ab6ca2944b8d6946,"Alcance (4/5): Alcance específico y bien delimitado para JEV-P03-006: aborda supuestos, términos y condiciones de aplicabilidad para '¿Cómo tratar una necesidad de clasificación multie...'. Evidencia (4/5): Evidencia externa verificable basada en 3 fuentes oficiales (SRC-0002, SRC-0033, SRC-0034); reducida a 4/5 por centinela de herramienta no expuesta. Exactitud (4/5): Contratos técnicos conformes con SDK 0.7.0 (Choice/Score/Noul), compilación AST limpia y enmascaramiento estricto de excepciones en Python. Utilidad (5/5): Alta transferencia operativa con directrices directas para Wheelwork y QRT ante '¿Cómo tratar una necesidad de clasificación multie...'. Validación (4/5): Protocolo formal con hipótesis falsable y umbrales cuantitativos definidos; acotado a 4/5 por validación estática sin ejecución de red. Total: 21/25."
JEV-P03-007,847ad972921438659176375680124019b0f786a4824e90906b9dd519728d8884,"Responder estrictamente a: ¿Cómo transformar «calidad», «urgencia» o «relevancia» en criterios observables sin mezclar conceptos distintos en una sola puntuación?",Atribución previa rectificada; contratos de API normalizados a spec oficial,"Notebook P03 (420bc955-32d2-44bf-b9ad-e3b8a7874d43), docs.typesafe.ai, repositorios comunitarios","Remediación contractual, estandarización de contratos de API y autorrevisión",en_revision,4,4,4,5,4,Antigravity,pendiente,,5dfd018a75b9513958679e3b73db39101d3de3a2f9514e3de1cf7ec2a147e84a,"Alcance (4/5): Alcance específico y bien delimitado para JEV-P03-007: aborda supuestos, términos y condiciones de aplicabilidad para '¿Cómo transformar «calidad», «urgencia» o «relevan...'. Evidencia (4/5): Contraste documental sólido con 4 fuentes catalogadas (SRC-0002, SRC-0005, SRC-0033, SRC-0034); penalizado a 4/5 por salida primaria de NotebookLM no preservada localmente. Exactitud (4/5): Contratos técnicos conformes con SDK 0.7.0 (Score), compilación AST limpia y enmascaramiento estricto de excepciones en Python. Utilidad (5/5): Alta transferencia operativa con directrices directas para Wheelwork y QRT ante '¿Cómo transformar «calidad», «urgencia» o «relevan...'. Validación (4/5): Protocolo formal con hipótesis falsable y umbrales cuantitativos definidos; acotado a 4/5 por validación estática sin ejecución de red. Total: 21/25."
JEV-P03-008,3e65fd712b2462921c0b573f29a6132f263f712186c03d162c1a09e779d36ae0,Responder estrictamente a: ¿Cómo diseñar anclas de una rúbrica y comprobar que las diferencias entre niveles se interpretan de forma consistente?,Atribución previa rectificada; contratos de API normalizados a spec oficial,"Notebook P03 (420bc955-32d2-44bf-b9ad-e3b8a7874d43), docs.typesafe.ai, repositorios comunitarios","Remediación contractual, estandarización de contratos de API y autorrevisión",en_revision,4,4,4,5,4,Antigravity,pendiente,,f7ab7cd5f038c909160f531f0e0c87d91b121e420bbff816358a465f27910b85,"Alcance (4/5): Alcance específico y bien delimitado para JEV-P03-008: aborda supuestos, términos y condiciones de aplicabilidad para '¿Cómo diseñar anclas de una rúbrica y comprobar qu...'. Evidencia (4/5): Evidencia externa verificable basada en 3 fuentes oficiales (SRC-0002, SRC-0033, SRC-0034); reducida a 4/5 por centinela de herramienta no expuesta. Exactitud (4/5): Formulación conceptual rigurosa de invariantes y contratos sin errores lógicos ni afirmaciones de SDK obsoletas. Utilidad (5/5): Alta transferencia operativa con directrices directas para Wheelwork y QRT ante '¿Cómo diseñar anclas de una rúbrica y comprobar qu...'. Validación (4/5): Protocolo formal con hipótesis falsable y umbrales cuantitativos definidos; acotado a 4/5 por validación estática sin ejecución de red. Total: 21/25."
JEV-P03-009,45020fc15bed96588aaeecb429272a7d0bdbb5226b6cf6db923011b524255adc,"Responder estrictamente a: ¿Qué errores introducen negaciones y dobles negaciones en los criterios, y cómo reformularlas sin alterar el significado?",Atribución previa rectificada; contratos de API normalizados a spec oficial,"Notebook P03 (420bc955-32d2-44bf-b9ad-e3b8a7874d43), docs.typesafe.ai, repositorios comunitarios","Remediación contractual, estandarización de contratos de API y autorrevisión",en_revision,4,4,4,5,4,Antigravity,pendiente,,19e4d63f020b952420337a1fdf8917204d145c8a3d92c3392b4b309d9f20a6e4,"Alcance (4/5): Alcance específico y bien delimitado para JEV-P03-009: aborda supuestos, términos y condiciones de aplicabilidad para '¿Qué errores introducen negaciones y dobles negaci...'. Evidencia (4/5): Evidencia externa verificable basada en 3 fuentes oficiales (SRC-0002, SRC-0004, SRC-0034); reducida a 4/5 por centinela de herramienta no expuesta. Exactitud (4/5): Formulación conceptual rigurosa de invariantes y contratos sin errores lógicos ni afirmaciones de SDK obsoletas. Utilidad (5/5): Alta transferencia operativa con directrices directas para Wheelwork y QRT ante '¿Qué errores introducen negaciones y dobles negaci...'. Validación (4/5): Protocolo formal con hipótesis falsable y umbrales cuantitativos definidos; acotado a 4/5 por validación estática sin ejecución de red. Total: 21/25."
JEV-P03-010,fe214591130b7f0e571b2c3d29cb85c6c0d8a4b4bd0ec29c693b166864d90369,Responder estrictamente a: ¿Cómo resolver instrucciones con criterios incompatibles mediante prioridades explícitas o decisiones separadas?,Atribución previa rectificada; contratos de API normalizados a spec oficial,"Notebook P03 (420bc955-32d2-44bf-b9ad-e3b8a7874d43), docs.typesafe.ai, repositorios comunitarios","Remediación contractual, estandarización de contratos de API y autorrevisión",en_revision,4,4,4,5,4,Antigravity,pendiente,,b2b322d596eb3bbd0ae8dafb5627234b7173ed87c35293326d9a36f283013fa4,"Alcance (4/5): Alcance específico y bien delimitado para JEV-P03-010: aborda supuestos, términos y condiciones de aplicabilidad para '¿Cómo resolver instrucciones con criterios incompa...'. Evidencia (4/5): Contraste documental sólido con 4 fuentes catalogadas (SRC-0002, SRC-0005, SRC-0033, SRC-0034); penalizado a 4/5 por salida primaria de NotebookLM no preservada localmente. Exactitud (4/5): Formulación conceptual rigurosa de invariantes y contratos sin errores lógicos ni afirmaciones de SDK obsoletas. Utilidad (5/5): Alta transferencia operativa con directrices directas para Wheelwork y QRT ante '¿Cómo resolver instrucciones con criterios incompa...'. Validación (4/5): Protocolo formal con hipótesis falsable y umbrales cuantitativos definidos; acotado a 4/5 por validación estática sin ejecución de red. Total: 21/25."
JEV-P03-011,71d932263c19f37536a1547d471cec2a02a5e372bec7f1edf6d978010a1ef4a3,"Responder estrictamente a: ¿Qué efecto potencial tienen el orden, el nombre y la descripción de las opciones, y cómo aislarlo experimentalmente?",Atribución previa rectificada; contratos de API normalizados a spec oficial,"Notebook P03 (420bc955-32d2-44bf-b9ad-e3b8a7874d43), docs.typesafe.ai, repositorios comunitarios","Remediación contractual, estandarización de contratos de API y autorrevisión",en_revision,4,4,4,5,4,Antigravity,pendiente,,07e6b27c741a2ebb376ffec990f7387f92d61c5d377261f218e9ba34e83eb13c,"Alcance (4/5): Alcance específico y bien delimitado para JEV-P03-011: aborda supuestos, términos y condiciones de aplicabilidad para '¿Qué efecto potencial tienen el orden, el nombre y...'. Evidencia (4/5): Contraste documental sólido con 4 fuentes catalogadas (SRC-0002, SRC-0004, SRC-0033, SRC-0034); penalizado a 4/5 por salida primaria de NotebookLM no preservada localmente. Exactitud (4/5): Formulación conceptual rigurosa de invariantes y contratos sin errores lógicos ni afirmaciones de SDK obsoletas. Utilidad (5/5): Alta transferencia operativa con directrices directas para Wheelwork y QRT ante '¿Qué efecto potencial tienen el orden, el nombre y...'. Validación (4/5): Protocolo formal con hipótesis falsable y umbrales cuantitativos definidos; acotado a 4/5 por validación estática sin ejecución de red. Total: 21/25."
JEV-P03-012,9b7cc3dfd19bbf5c52c46e9775db98cf0f515dbbfa135a2a21c1551fd7273fd9,"Responder estrictamente a: ¿Cómo distinguir probabilidad de pertenencia, intensidad de un atributo y preferencia entre alternativas al diseñar una salida?",Atribución previa rectificada; contratos de API normalizados a spec oficial,"Notebook P03 (420bc955-32d2-44bf-b9ad-e3b8a7874d43), docs.typesafe.ai, repositorios comunitarios","Remediación contractual, estandarización de contratos de API y autorrevisión",en_revision,4,4,4,5,4,Antigravity,pendiente,,e2c34af768eb68b1ad3f83af7e189f953c3b005779abfab13df97327ebab8ed1,"Alcance (4/5): Alcance específico y bien delimitado para JEV-P03-012: aborda supuestos, términos y condiciones de aplicabilidad para '¿Cómo distinguir probabilidad de pertenencia, inte...'. Evidencia (4/5): Contraste documental sólido con 4 fuentes catalogadas (SRC-0002, SRC-0003, SRC-0033, SRC-0034); penalizado a 4/5 por salida primaria de NotebookLM no preservada localmente. Exactitud (4/5): Contratos técnicos conformes con SDK 0.7.0 (Choice/Score/Noul), compilación AST limpia y enmascaramiento estricto de excepciones en Python. Utilidad (5/5): Alta transferencia operativa con directrices directas para Wheelwork y QRT ante '¿Cómo distinguir probabilidad de pertenencia, inte...'. Validación (4/5): Protocolo formal con hipótesis falsable y umbrales cuantitativos definidos; acotado a 4/5 por validación estática sin ejecución de red. Total: 21/25."
JEV-P03-013,7f7444c597bf12d9637a61ceedf3c5cc5091932f933ace391d55d34491f8a4a8,Responder estrictamente a: ¿Cómo convertir una decisión empresarial en una matriz de costos antes de elegir la política de acción posterior?,Atribución previa rectificada; contratos de API normalizados a spec oficial,"Notebook P03 (420bc955-32d2-44bf-b9ad-e3b8a7874d43), docs.typesafe.ai, repositorios comunitarios","Remediación contractual, estandarización de contratos de API y autorrevisión",en_revision,4,4,4,5,4,Antigravity,pendiente,,b8f1d7d47dbcbde036033757c6ce7a0393ff12e129c0385b2028357347454171,"Alcance (4/5): Alcance específico y bien delimitado para JEV-P03-013: aborda supuestos, términos y condiciones de aplicabilidad para '¿Cómo convertir una decisión empresarial en una ma...'. Evidencia (4/5): Contraste documental sólido con 5 fuentes catalogadas (SRC-0002, SRC-0031, SRC-0032, SRC-0034, SRC-0035); penalizado a 4/5 por salida primaria de NotebookLM no preservada localmente. Exactitud (4/5): Contratos técnicos conformes con SDK 0.7.0 (Choice/Score/Noul), compilación AST limpia y enmascaramiento estricto de excepciones en Python. Utilidad (5/5): Alta transferencia operativa con directrices directas para Wheelwork y QRT ante '¿Cómo convertir una decisión empresarial en una ma...'. Validación (4/5): Protocolo formal con hipótesis falsable y umbrales cuantitativos definidos; acotado a 4/5 por validación estática sin ejecución de red. Total: 21/25."
JEV-P03-014,74d9fa1497f38c935b842efcf855f68682b2a3ab733e77df6ae7b21709adecd9,Responder estrictamente a: ¿Cuándo conviene una taxonomía jerárquica frente a una clasificación plana y cómo se propagan los errores entre niveles?,Atribución previa rectificada; contratos de API normalizados a spec oficial,"Notebook P03 (420bc955-32d2-44bf-b9ad-e3b8a7874d43), docs.typesafe.ai, repositorios comunitarios","Remediación contractual, estandarización de contratos de API y autorrevisión",en_revision,4,4,4,5,4,Antigravity,pendiente,,03c81abe71a3c4f6ba887a859a8d844ba38ac6c10f5e936124479322ec873f7c,"Alcance (4/5): Alcance específico y bien delimitado para JEV-P03-014: aborda supuestos, términos y condiciones de aplicabilidad para '¿Cuándo conviene una taxonomía jerárquica frente a...'. Evidencia (4/5): Contraste documental sólido con 4 fuentes catalogadas (SRC-0002, SRC-0031, SRC-0034, SRC-0036); penalizado a 4/5 por salida primaria de NotebookLM no preservada localmente. Exactitud (4/5): Contratos técnicos conformes con SDK 0.7.0 (Choice/Noul), compilación AST limpia y enmascaramiento estricto de excepciones en Python. Utilidad (5/5): Alta transferencia operativa con directrices directas para Wheelwork y QRT ante '¿Cuándo conviene una taxonomía jerárquica frente a...'. Validación (4/5): Protocolo formal con hipótesis falsable y umbrales cuantitativos definidos; acotado a 4/5 por validación estática sin ejecución de red. Total: 21/25."
JEV-P03-015,d1277674916a1839510c6c666d7940d93dbe86c810f50b3e9aa0344a5978122d,Responder estrictamente a: ¿Cómo evaluar consistencia entre decisiones relacionadas sin tratar la coincidencia de varias llamadas como independencia estadística?,Atribución previa rectificada; contratos de API normalizados a spec oficial,"Notebook P03 (420bc955-32d2-44bf-b9ad-e3b8a7874d43), docs.typesafe.ai, repositorios comunitarios","Remediación contractual, estandarización de contratos de API y autorrevisión",en_revision,4,4,4,5,4,Antigravity,pendiente,,57931288042b29229dc62a4616e4bfa0d75b92044986168020936c7ad92ea44e,"Alcance (4/5): Alcance específico y bien delimitado para JEV-P03-015: aborda supuestos, términos y condiciones de aplicabilidad para '¿Cómo evaluar consistencia entre decisiones relaci...'. Evidencia (4/5): Contraste documental sólido con 5 fuentes catalogadas (SRC-0002, SRC-0030, SRC-0032, SRC-0033, SRC-0034); penalizado a 4/5 por salida primaria de NotebookLM no preservada localmente. Exactitud (4/5): Contratos técnicos conformes con SDK 0.7.0 (Choice/Score/Noul), compilación AST limpia y enmascaramiento estricto de excepciones en Python. Utilidad (5/5): Alta transferencia operativa con directrices directas para Wheelwork y QRT ante '¿Cómo evaluar consistencia entre decisiones relaci...'. Validación (4/5): Protocolo formal con hipótesis falsable y umbrales cuantitativos definidos; acotado a 4/5 por validación estática sin ejecución de red. Total: 21/25."
JEV-P03-016,101ad8e4b9f21b7a8aeef8051d9b98edfea566e1682d649e00858f292260a243,"Responder estrictamente a: ¿Qué doce fichas de decisiones, distribuidas entre las primitivas documentadas, ilustran usos correctos y errores habituales con datos sintéticos?",Atribución previa rectificada; contratos de API normalizados a spec oficial,"Notebook P03 (420bc955-32d2-44bf-b9ad-e3b8a7874d43), docs.typesafe.ai, repositorios comunitarios","Remediación contractual, estandarización de contratos de API y autorrevisión",en_revision,4,4,4,5,4,Antigravity,pendiente,,9f8a0cac971837387f0e616f2639edc2868d498c18a7c914cf55ba86702a1cdc,"Alcance (4/5): Alcance específico y bien delimitado para JEV-P03-016: aborda supuestos, términos y condiciones de aplicabilidad para '¿Qué doce fichas de decisiones, distribuidas entre...'. Evidencia (4/5): Contraste documental sólido con 5 fuentes catalogadas (SRC-0002, SRC-0029, SRC-0031, SRC-0033, SRC-0034); penalizado a 4/5 por salida primaria de NotebookLM no preservada localmente. Exactitud (4/5): Contratos técnicos conformes con SDK 0.7.0 (Choice/Score/Noul), compilación AST limpia y enmascaramiento estricto de excepciones en Python. Utilidad (5/5): Alta transferencia operativa con directrices directas para Wheelwork y QRT ante '¿Qué doce fichas de decisiones, distribuidas entre...'. Validación (4/5): Protocolo formal con hipótesis falsable y umbrales cuantitativos definidos; acotado a 4/5 por validación estática sin ejecución de red. Total: 21/25."
JEV-P03-017,6e676dd17b8d617f7ad85865e83cce5f2753de153d95da832d10fe4986b29f21,Responder estrictamente a: ¿Cómo versionar categorías y criterios para que un cambio de taxonomía no invalide silenciosamente métricas ni consumidores?,Atribución previa rectificada; contratos de API normalizados a spec oficial,"Notebook P03 (420bc955-32d2-44bf-b9ad-e3b8a7874d43), docs.typesafe.ai, repositorios comunitarios","Remediación contractual, estandarización de contratos de API y autorrevisión",en_revision,4,4,4,5,4,Antigravity,pendiente,,c60ec889042b2672c0e80e7fa9758183c75255c35f31672a9350fe9b56447406,"Alcance (4/5): Alcance específico y bien delimitado para JEV-P03-017: aborda supuestos, términos y condiciones de aplicabilidad para '¿Cómo versionar categorías y criterios para que un...'. Evidencia (4/5): Contraste documental sólido con 5 fuentes catalogadas (SRC-0002, SRC-0030, SRC-0033, SRC-0034, SRC-0038); penalizado a 4/5 por salida primaria de NotebookLM no preservada localmente. Exactitud (4/5): Contratos técnicos conformes con SDK 0.7.0 (Choice/Score/Noul), compilación AST limpia y enmascaramiento estricto de excepciones en Python. Utilidad (5/5): Alta transferencia operativa con directrices directas para Wheelwork y QRT ante '¿Cómo versionar categorías y criterios para que un...'. Validación (4/5): Protocolo formal con hipótesis falsable y umbrales cuantitativos definidos; acotado a 4/5 por validación estática sin ejecución de red. Total: 21/25."
JEV-P03-018,512e95936db2341f53ff63cb614f449e41d356b7027aeb870afbca51e85c5f48,Responder estrictamente a: ¿Cuándo aportar ejemplos etiquetados mejora la definición de una decisión y cuándo puede introducir anclaje o fuga de evaluación?,Atribución previa rectificada; contratos de API normalizados a spec oficial,"Notebook P03 (420bc955-32d2-44bf-b9ad-e3b8a7874d43), docs.typesafe.ai, repositorios comunitarios","Remediación contractual, estandarización de contratos de API y autorrevisión",en_revision,4,4,4,5,4,Antigravity,pendiente,,f866077df0fd3e9879d2b81ea3e3d2842f46d501e67b99c06c58496403deb799,"Alcance (4/5): Alcance específico y bien delimitado para JEV-P03-018: aborda supuestos, términos y condiciones de aplicabilidad para '¿Cuándo aportar ejemplos etiquetados mejora la def...'. Evidencia (4/5): Contraste documental sólido con 4 fuentes catalogadas (SRC-0002, SRC-0004, SRC-0034, SRC-0037); penalizado a 4/5 por salida primaria de NotebookLM no preservada localmente. Exactitud (4/5): Contratos técnicos conformes con SDK 0.7.0 (Noul), compilación AST limpia y enmascaramiento estricto de excepciones en Python. Utilidad (5/5): Alta transferencia operativa con directrices directas para Wheelwork y QRT ante '¿Cuándo aportar ejemplos etiquetados mejora la def...'. Validación (4/5): Protocolo formal con hipótesis falsable y umbrales cuantitativos definidos; acotado a 4/5 por validación estática sin ejecución de red. Total: 21/25."
JEV-P03-019,8d85cbee729d05be8037a77ef8a953eb4a79b31e7f041f9505e709813de4b17c,"Responder estrictamente a: ¿Cómo traducir una salida estructurada a una acción reversible manteniendo separados juicio semántico, autorización y ejecución?",Atribución previa rectificada; contratos de API normalizados a spec oficial,"Notebook P03 (420bc955-32d2-44bf-b9ad-e3b8a7874d43), docs.typesafe.ai, repositorios comunitarios","Remediación contractual, estandarización de contratos de API y autorrevisión",en_revision,4,4,4,5,4,Antigravity,pendiente,,fa30bfa6495beb2b198fc15814064ff7e5e96d49715fc15e5f710cfeeb431444,"Alcance (4/5): Alcance específico y bien delimitado para JEV-P03-019: aborda supuestos, términos y condiciones de aplicabilidad para '¿Cómo traducir una salida estructurada a una acció...'. Evidencia (4/5): Contraste documental sólido con 5 fuentes catalogadas (SRC-0001, SRC-0002, SRC-0032, SRC-0034, SRC-0038); penalizado a 4/5 por salida primaria de NotebookLM no preservada localmente. Exactitud (4/5): Contratos técnicos conformes con SDK 0.7.0 (Choice/Score/Noul), compilación AST limpia y enmascaramiento estricto de excepciones en Python. Utilidad (5/5): Alta transferencia operativa con directrices directas para Wheelwork y QRT ante '¿Cómo traducir una salida estructurada a una acció...'. Validación (4/5): Protocolo formal con hipótesis falsable y umbrales cuantitativos definidos; acotado a 4/5 por validación estática sin ejecución de red. Total: 21/25."
JEV-P03-020,bcff3344fdce58c465cbb631bafc01c766c539c240b9c0b254bf9399849cb16c,Responder estrictamente a: ¿Qué plantilla reutilizable de decisión permite a otro desarrollador implementarla y evaluarla sin depender del autor original?,Atribución previa rectificada; contratos de API normalizados a spec oficial,"Notebook P03 (420bc955-32d2-44bf-b9ad-e3b8a7874d43), docs.typesafe.ai, repositorios comunitarios","Remediación contractual, estandarización de contratos de API y autorrevisión",en_revision,4,4,4,5,4,Antigravity,pendiente,,e8fe2b33a0f15db01b1229641a58d994b80a6d7d89abc6abc877756443554df8,"Alcance (4/5): Alcance específico y bien delimitado para JEV-P03-020: aborda supuestos, términos y condiciones de aplicabilidad para '¿Qué plantilla reutilizable de decisión permite a ...'. Evidencia (4/5): Contraste documental sólido con 4 fuentes catalogadas (SRC-0002, SRC-0034, SRC-0035, SRC-0038); penalizado a 4/5 por salida primaria de NotebookLM no preservada localmente. Exactitud (4/5): Contratos técnicos conformes con SDK 0.7.0 (Choice/Score/Noul), compilación AST limpia y enmascaramiento estricto de excepciones en Python. Utilidad (5/5): Alta transferencia operativa con directrices directas para Wheelwork y QRT ante '¿Qué plantilla reutilizable de decisión permite a ...'. Validación (4/5): Protocolo formal con hipótesis falsable y umbrales cuantitativos definidos; acotado a 4/5 por validación estática sin ejecución de red. Total: 21/25."
JEV-P04-001,44f3a7e75ba993282cb1d72867fe37fa0ed154d3c65e7941c41641a0c7be082b,"Responder estrictamente a: ¿Qué entiende la documentación por state o contexto y qué campos, tamaños y formatos están efectivamente soportados?",Atribución previa rectificada; contratos de API normalizados a spec oficial,"Notebook P04 (97480264-ff2c-4816-9dec-4b8ce071500a), docs.typesafe.ai, repositorios comunitarios","Remediación contractual, estandarización de contratos de API y autorrevisión",en_revision,4,4,4,5,4,Antigravity,pendiente,,863fe66b366033d753c0cc8ac3b9c7301fbaaf3486dd60c4ca87044318f025fc,"Alcance (4/5): Alcance específico y bien delimitado para JEV-P04-001: aborda supuestos, términos y condiciones de aplicabilidad para '¿Qué entiende la documentación por state o context...'. Evidencia (4/5): Contraste documental sólido con 5 fuentes catalogadas (SRC-0002, SRC-0004, SRC-0008, SRC-0039, SRC-0040); penalizado a 4/5 por salida primaria de NotebookLM no preservada localmente. Exactitud (4/5): Contratos técnicos conformes con SDK 0.7.0 (Choice/Noul), compilación AST limpia y enmascaramiento estricto de excepciones en Python. Utilidad (5/5): Alta transferencia operativa con directrices directas para Wheelwork y QRT ante '¿Qué entiende la documentación por state o context...'. Validación (4/5): Protocolo formal con hipótesis falsable y umbrales cuantitativos definidos; acotado a 4/5 por validación estática sin ejecución de red. Total: 21/25."
JEV-P04-002,d49422bdbb727916a1cee1ac15ce99e2f3b94c57d0594c5fb1d8b83c4a87c8cb,Responder estrictamente a: ¿Cómo determinar el contexto mínimo suficiente para una decisión sin omitir evidencia que cambiaría su resultado?,Atribución previa rectificada; contratos de API normalizados a spec oficial,"Notebook P04 (97480264-ff2c-4816-9dec-4b8ce071500a), docs.typesafe.ai, repositorios comunitarios","Remediación contractual, estandarización de contratos de API y autorrevisión",en_revision,4,4,4,5,4,Antigravity,pendiente,,12fc03ddb318db2fd010462bde9de9a14d5459ace497395f5f03101ba4fc332a,"Alcance (4/5): Alcance específico y bien delimitado para JEV-P04-002: aborda supuestos, términos y condiciones de aplicabilidad para '¿Cómo determinar el contexto mínimo suficiente par...'. Evidencia (4/5): Contraste documental sólido con 4 fuentes catalogadas (SRC-0004, SRC-0033, SRC-0039, SRC-0040); penalizado a 4/5 por salida primaria de NotebookLM no preservada localmente. Exactitud (4/5): Contratos técnicos conformes con SDK 0.7.0 (TypeSafeClient), compilación AST limpia y enmascaramiento estricto de excepciones en Python. Utilidad (5/5): Alta transferencia operativa con directrices directas para Wheelwork y QRT ante '¿Cómo determinar el contexto mínimo suficiente par...'. Validación (4/5): Protocolo formal con hipótesis falsable y umbrales cuantitativos definidos; acotado a 4/5 por validación estática sin ejecución de red. Total: 21/25."
JEV-P04-003,9004a5e97bb9ffcad4e390fd0dd083590f85f2d7366fbcf4920541d7b1b6893f,"Responder estrictamente a: ¿Cómo construir un contrato de entrada que distinga dato ausente, valor desconocido, valor nulo y valor negativo confirmado?",Atribución previa rectificada; contratos de API normalizados a spec oficial,"Notebook P04 (97480264-ff2c-4816-9dec-4b8ce071500a), docs.typesafe.ai, repositorios comunitarios","Remediación contractual, estandarización de contratos de API y autorrevisión",en_revision,4,4,4,5,4,Antigravity,pendiente,,e45cdc801a77384130e64a730572eebba43a2d9a7a7436459e504208f30fd922,"Alcance (4/5): Alcance específico y bien delimitado para JEV-P04-003: aborda supuestos, términos y condiciones de aplicabilidad para '¿Cómo construir un contrato de entrada que disting...'. Evidencia (4/5): Contraste documental sólido con 5 fuentes catalogadas (SRC-0002, SRC-0004, SRC-0035, SRC-0036, SRC-0040); penalizado a 4/5 por salida primaria de NotebookLM no preservada localmente. Exactitud (4/5): Contratos técnicos conformes con SDK 0.7.0 (Choice/Noul), compilación AST limpia y enmascaramiento estricto de excepciones en Python. Utilidad (5/5): Alta transferencia operativa con directrices directas para Wheelwork y QRT ante '¿Cómo construir un contrato de entrada que disting...'. Validación (4/5): Protocolo formal con hipótesis falsable y umbrales cuantitativos definidos; acotado a 4/5 por validación estática sin ejecución de red. Total: 21/25."
JEV-P04-004,1697fc206a54d85c176227b470b5c2cfe2887af1edeb1feab5d30b7ecdc302c1,"Responder estrictamente a: ¿Cómo conservar procedencia, fecha y permisos de cada fragmento desde la fuente hasta la decisión final?",Atribución previa rectificada; contratos de API normalizados a spec oficial,"Notebook P04 (97480264-ff2c-4816-9dec-4b8ce071500a), docs.typesafe.ai, repositorios comunitarios","Remediación contractual, estandarización de contratos de API y autorrevisión",en_revision,4,4,4,5,4,Antigravity,pendiente,,7b242e4ed9d873e1e498c1f06a3f24543f894a46ba052adfb3aa94ee4f3c6b8d,"Alcance (4/5): Alcance específico y bien delimitado para JEV-P04-004: aborda supuestos, términos y condiciones de aplicabilidad para '¿Cómo conservar procedencia, fecha y permisos de c...'. Evidencia (4/5): Evidencia externa verificable basada en 3 fuentes oficiales (SRC-0002, SRC-0038, SRC-0040); reducida a 4/5 por centinela de herramienta no expuesta. Exactitud (4/5): Contratos técnicos conformes con SDK 0.7.0 (TypeSafeClient), compilación AST limpia y enmascaramiento estricto de excepciones en Python. Utilidad (5/5): Alta transferencia operativa con directrices directas para Wheelwork y QRT ante '¿Cómo conservar procedencia, fecha y permisos de c...'. Validación (4/5): Protocolo formal con hipótesis falsable y umbrales cuantitativos definidos; acotado a 4/5 por validación estática sin ejecución de red. Total: 21/25."
JEV-P04-005,311d4cfc9f7c06db38a534438b6ffb3b2dff0d1a38faa51854991b698d5ec316,Responder estrictamente a: ¿Qué transformación debe excluir datos personales o secretos antes de que una entrada llegue al servicio o al cuaderno público?,Atribución previa rectificada; contratos de API normalizados a spec oficial,"Notebook P04 (97480264-ff2c-4816-9dec-4b8ce071500a), docs.typesafe.ai, repositorios comunitarios","Remediación contractual, estandarización de contratos de API y autorrevisión",en_revision,4,4,4,5,4,Antigravity,pendiente,,be441778173a9733d550955e1c5d57bf0bc05c4304d273c2fbadc1d67aafcc4e,"Alcance (4/5): Alcance específico y bien delimitado para JEV-P04-005: aborda supuestos, términos y condiciones de aplicabilidad para '¿Qué transformación debe excluir datos personales ...'. Evidencia (4/5): Contraste documental sólido con 4 fuentes catalogadas (SRC-0002, SRC-0027, SRC-0038, SRC-0040); penalizado a 4/5 por salida primaria de NotebookLM no preservada localmente. Exactitud (4/5): Contratos técnicos conformes con SDK 0.7.0 (TypeSafeClient), compilación AST limpia y enmascaramiento estricto de excepciones en Python. Utilidad (5/5): Alta transferencia operativa con directrices directas para Wheelwork y QRT ante '¿Qué transformación debe excluir datos personales ...'. Validación (4/5): Protocolo formal con hipótesis falsable y umbrales cuantitativos definidos; acotado a 4/5 por validación estática sin ejecución de red. Total: 21/25."
JEV-P04-006,57d6f5153f02920015154cb816cf24f61c070efe1077bd5cfc0e69daf81a3978,"Responder estrictamente a: ¿Cuándo conviene texto, JSON, tabla o una combinación, y cómo compararlos manteniendo constante la información relevante?",Atribución previa rectificada; contratos de API normalizados a spec oficial,"Notebook P04 (97480264-ff2c-4816-9dec-4b8ce071500a), docs.typesafe.ai, repositorios comunitarios","Remediación contractual, estandarización de contratos de API y autorrevisión",en_revision,4,4,4,5,4,Antigravity,pendiente,,caf0ff6d9405afb8325f70413326c6528d69acde5690bf5095ee11a3e9bc7c39,"Alcance (4/5): Alcance específico y bien delimitado para JEV-P04-006: aborda supuestos, términos y condiciones de aplicabilidad para '¿Cuándo conviene texto, JSON, tabla o una combinac...'. Evidencia (4/5): Contraste documental sólido con 4 fuentes catalogadas (SRC-0002, SRC-0004, SRC-0039, SRC-0040); penalizado a 4/5 por salida primaria de NotebookLM no preservada localmente. Exactitud (4/5): Contratos técnicos conformes con SDK 0.7.0 (Noul), compilación AST limpia y enmascaramiento estricto de excepciones en Python. Utilidad (5/5): Alta transferencia operativa con directrices directas para Wheelwork y QRT ante '¿Cuándo conviene texto, JSON, tabla o una combinac...'. Validación (4/5): Protocolo formal con hipótesis falsable y umbrales cuantitativos definidos; acotado a 4/5 por validación estática sin ejecución de red. Total: 21/25."
JEV-P04-007,fcc9e22390c12785f187c2aa8fc4dc6ff17c6b4b3ceb7d59c981576c7bca11d1,Responder estrictamente a: ¿Cómo representar fuentes contradictorias sin que el preprocesamiento elija silenciosamente una versión como verdadera?,Atribución previa rectificada; contratos de API normalizados a spec oficial,"Notebook P04 (97480264-ff2c-4816-9dec-4b8ce071500a), docs.typesafe.ai, repositorios comunitarios","Remediación contractual, estandarización de contratos de API y autorrevisión",en_revision,4,4,4,5,4,Antigravity,pendiente,,9e97341cd72c0e400d02d29d5ef96e0a8fb096ced01766ed1a514fad5dc160be,"Alcance (4/5): Alcance específico y bien delimitado para JEV-P04-007: aborda supuestos, términos y condiciones de aplicabilidad para '¿Cómo representar fuentes contradictorias sin que ...'. Evidencia (4/5): Contraste documental sólido con 5 fuentes catalogadas (SRC-0002, SRC-0003, SRC-0029, SRC-0031, SRC-0040); penalizado a 4/5 por salida primaria de NotebookLM no preservada localmente. Exactitud (4/5): Contratos técnicos conformes con SDK 0.7.0 (Choice/Noul), compilación AST limpia y enmascaramiento estricto de excepciones en Python. Utilidad (5/5): Alta transferencia operativa con directrices directas para Wheelwork y QRT ante '¿Cómo representar fuentes contradictorias sin que ...'. Validación (4/5): Protocolo formal con hipótesis falsable y umbrales cuantitativos definidos; acotado a 4/5 por validación estática sin ejecución de red. Total: 21/25."
JEV-P04-008,dded5d4be88f2ee5aae17e981317af558951e33743922b4767164ba557b3a110,"Responder estrictamente a: ¿Qué normalizaciones preservan significado y cuáles pueden destruir negaciones, unidades, jerarquías o matices sectoriales?",Atribución previa rectificada; contratos de API normalizados a spec oficial,"Notebook P04 (97480264-ff2c-4816-9dec-4b8ce071500a), docs.typesafe.ai, repositorios comunitarios","Remediación contractual, estandarización de contratos de API y autorrevisión",en_revision,4,4,4,5,4,Antigravity,pendiente,,abaa800d8a368632f620648ba212198d8fa71ae12b25229d328da03e607cdbf7,"Alcance (4/5): Alcance específico y bien delimitado para JEV-P04-008: aborda supuestos, términos y condiciones de aplicabilidad para '¿Qué normalizaciones preservan significado y cuále...'. Evidencia (4/5): Evidencia externa verificable basada en 3 fuentes oficiales (SRC-0002, SRC-0037, SRC-0040); reducida a 4/5 por centinela de herramienta no expuesta. Exactitud (4/5): Contratos técnicos conformes con SDK 0.7.0 (Score/Noul), compilación AST limpia y enmascaramiento estricto de excepciones en Python. Utilidad (5/5): Alta transferencia operativa con directrices directas para Wheelwork y QRT ante '¿Qué normalizaciones preservan significado y cuále...'. Validación (4/5): Protocolo formal con hipótesis falsable y umbrales cuantitativos definidos; acotado a 4/5 por validación estática sin ejecución de red. Total: 21/25."
JEV-P04-009,55987fc145cb78aa12280480c5b59054ddfb7f9fc172f3c73b34009f5c838cc1,"Responder estrictamente a: ¿Cómo evaluar el efecto de ruido, longitud y posición de la evidencia relevante de manera separada?",Atribución previa rectificada; contratos de API normalizados a spec oficial,"Notebook P04 (97480264-ff2c-4816-9dec-4b8ce071500a), docs.typesafe.ai, repositorios comunitarios","Remediación contractual, estandarización de contratos de API y autorrevisión",en_revision,4,4,4,5,4,Antigravity,pendiente,,9cc5edf344f1396c8fc2ee44bc936bf2c73281de35b0de58882c50c5be76ad22,"Alcance (4/5): Alcance específico y bien delimitado para JEV-P04-009: aborda supuestos, términos y condiciones de aplicabilidad para '¿Cómo evaluar el efecto de ruido, longitud y posic...'. Evidencia (4/5): Evidencia externa verificable basada en 3 fuentes oficiales (SRC-0002, SRC-0004, SRC-0040); reducida a 4/5 por centinela de herramienta no expuesta. Exactitud (4/5): Contratos técnicos conformes con SDK 0.7.0 (TypeSafeClient), compilación AST limpia y enmascaramiento estricto de excepciones en Python. Utilidad (5/5): Alta transferencia operativa con directrices directas para Wheelwork y QRT ante '¿Cómo evaluar el efecto de ruido, longitud y posic...'. Validación (4/5): Protocolo formal con hipótesis falsable y umbrales cuantitativos definidos; acotado a 4/5 por validación estática sin ejecución de red. Total: 21/25."
JEV-P04-010,00bc19cf1eb7b97a6b125d3bb92c13b48b3615420eb2dd77421381a7f3d939c4,Responder estrictamente a: ¿Qué estrategia de fragmentación conserva relaciones entre párrafos y evita decisiones basadas en citas incompletas?,Atribución previa rectificada; contratos de API normalizados a spec oficial,"Notebook P04 (97480264-ff2c-4816-9dec-4b8ce071500a), docs.typesafe.ai, repositorios comunitarios","Remediación contractual, estandarización de contratos de API y autorrevisión",en_revision,4,4,4,5,4,Antigravity,pendiente,,e21cf88b1bf84474870654630f164e13cb31cffa2ce791608d3451ced10c5553,"Alcance (4/5): Alcance específico y bien delimitado para JEV-P04-010: aborda supuestos, términos y condiciones de aplicabilidad para '¿Qué estrategia de fragmentación conserva relacion...'. Evidencia (4/5): Evidencia externa verificable basada en 3 fuentes oficiales (SRC-0002, SRC-0036, SRC-0040); reducida a 4/5 por centinela de herramienta no expuesta. Exactitud (4/5): Contratos técnicos conformes con SDK 0.7.0 (Noul), compilación AST limpia y enmascaramiento estricto de excepciones en Python. Utilidad (5/5): Alta transferencia operativa con directrices directas para Wheelwork y QRT ante '¿Qué estrategia de fragmentación conserva relacion...'. Validación (4/5): Protocolo formal con hipótesis falsable y umbrales cuantitativos definidos; acotado a 4/5 por validación estática sin ejecución de red. Total: 21/25."
JEV-P04-011,7051ae21fe0a790e93f3bbc7671de3e531ea70a9b10117919c4c526d794b3863,Responder estrictamente a: ¿Cómo condensar documentos extensos sin convertir un resumen previo equivocado en la única evidencia disponible?,Atribución previa rectificada; contratos de API normalizados a spec oficial,"Notebook P04 (97480264-ff2c-4816-9dec-4b8ce071500a), docs.typesafe.ai, repositorios comunitarios","Remediación contractual, estandarización de contratos de API y autorrevisión",en_revision,4,4,4,5,4,Antigravity,pendiente,,f0fea3a622519ff11618aea543fa570ef4baa81c83c5fc716b7526e6b9e48d2e,"Alcance (4/5): Alcance específico y bien delimitado para JEV-P04-011: aborda supuestos, términos y condiciones de aplicabilidad para '¿Cómo condensar documentos extensos sin convertir ...'. Evidencia (4/5): Contraste documental sólido con 6 fuentes catalogadas (SRC-0001, SRC-0004, SRC-0013, SRC-0034, SRC-0039, SRC-0040); penalizado a 4/5 por salida primaria de NotebookLM no preservada localmente. Exactitud (4/5): Contratos técnicos conformes con SDK 0.7.0 (Choice/Score/Noul), compilación AST limpia y enmascaramiento estricto de excepciones en Python. Utilidad (5/5): Alta transferencia operativa con directrices directas para Wheelwork y QRT ante '¿Cómo condensar documentos extensos sin convertir ...'. Validación (4/5): Protocolo formal con hipótesis falsable y umbrales cuantitativos definidos; acotado a 4/5 por validación estática sin ejecución de red. Total: 21/25."
JEV-P04-012,5dad923b76a6e4d5fbba7e04b512f4771e728e0f92895004a8943511b4fdbaa6,"Responder estrictamente a: ¿Cómo representar temporalidad, vigencia y revisiones para que un dato antiguo no tenga la misma autoridad que uno actualizado?",Atribución previa rectificada; contratos de API normalizados a spec oficial,"Notebook P04 (97480264-ff2c-4816-9dec-4b8ce071500a), docs.typesafe.ai, repositorios comunitarios","Remediación contractual, estandarización de contratos de API y autorrevisión",en_revision,4,4,4,5,4,Antigravity,pendiente,,85d2d6b00e143f1dc40d09da8ad16c092a634a31f9e6688318f2b77135b67166,"Alcance (4/5): Alcance específico y bien delimitado para JEV-P04-012: aborda supuestos, términos y condiciones de aplicabilidad para '¿Cómo representar temporalidad, vigencia y revisio...'. Evidencia (4/5): Contraste documental sólido con 5 fuentes catalogadas (SRC-0002, SRC-0003, SRC-0034, SRC-0038, SRC-0040); penalizado a 4/5 por salida primaria de NotebookLM no preservada localmente. Exactitud (4/5): Contratos técnicos conformes con SDK 0.7.0 (Noul), compilación AST limpia y enmascaramiento estricto de excepciones en Python. Utilidad (5/5): Alta transferencia operativa con directrices directas para Wheelwork y QRT ante '¿Cómo representar temporalidad, vigencia y revisio...'. Validación (4/5): Protocolo formal con hipótesis falsable y umbrales cuantitativos definidos; acotado a 4/5 por validación estática sin ejecución de red. Total: 21/25."
JEV-P04-013,828499653c79e849c2367501b167573ddc2b124decaeb2ceb3a399b40767af5d,"Responder estrictamente a: ¿Qué controles detectarían duplicados, contradicciones de identificadores y mezclas de entidades antes de la inferencia?",Atribución previa rectificada; contratos de API normalizados a spec oficial,"Notebook P04 (97480264-ff2c-4816-9dec-4b8ce071500a), docs.typesafe.ai, repositorios comunitarios","Remediación contractual, estandarización de contratos de API y autorrevisión",en_revision,4,4,4,5,4,Antigravity,pendiente,,58fc790032c12c7770a944c05e80c290fc429196eb57fe30a85d46dfaaeb6907,"Alcance (4/5): Alcance específico y bien delimitado para JEV-P04-013: aborda supuestos, términos y condiciones de aplicabilidad para '¿Qué controles detectarían duplicados, contradicci...'. Evidencia (4/5): Contraste documental sólido con 4 fuentes catalogadas (SRC-0002, SRC-0004, SRC-0038, SRC-0040); penalizado a 4/5 por salida primaria de NotebookLM no preservada localmente. Exactitud (4/5): Contratos técnicos conformes con SDK 0.7.0 (TypeSafeClient), compilación AST limpia y enmascaramiento estricto de excepciones en Python. Utilidad (5/5): Alta transferencia operativa con directrices directas para Wheelwork y QRT ante '¿Qué controles detectarían duplicados, contradicci...'. Validación (4/5): Protocolo formal con hipótesis falsable y umbrales cuantitativos definidos; acotado a 4/5 por validación estática sin ejecución de red. Total: 21/25."
JEV-P04-014,721c6975ae9ab6792c59f3251b549192f97735c27530e68fc0d30bb98b67e347,"Responder estrictamente a: ¿Cómo preparar cantidades, monedas, porcentajes, husos horarios y unidades para delegar cálculos a código y semántica al modelo?",Atribución previa rectificada; contratos de API normalizados a spec oficial,"Notebook P04 (97480264-ff2c-4816-9dec-4b8ce071500a), docs.typesafe.ai, repositorios comunitarios","Remediación contractual, estandarización de contratos de API y autorrevisión",en_revision,4,4,4,5,4,Antigravity,pendiente,,6f3de473ae483e056732cba99a36c6cc6e51475bac60cdca140470cd0b0b56ac,"Alcance (4/5): Alcance específico y bien delimitado para JEV-P04-014: aborda supuestos, términos y condiciones de aplicabilidad para '¿Cómo preparar cantidades, monedas, porcentajes, h...'. Evidencia (4/5): Contraste documental sólido con 4 fuentes catalogadas (SRC-0001, SRC-0002, SRC-0004, SRC-0040); penalizado a 4/5 por salida primaria de NotebookLM no preservada localmente. Exactitud (4/5): Contratos técnicos conformes con SDK 0.7.0 (Noul), compilación AST limpia y enmascaramiento estricto de excepciones en Python. Utilidad (5/5): Alta transferencia operativa con directrices directas para Wheelwork y QRT ante '¿Cómo preparar cantidades, monedas, porcentajes, h...'. Validación (4/5): Protocolo formal con hipótesis falsable y umbrales cuantitativos definidos; acotado a 4/5 por validación estática sin ejecución de red. Total: 21/25."
JEV-P04-015,e0272148d3cc29e9a918665b6c20a1e96df78703b325b48ef3229dce01de35d0,"Responder estrictamente a: ¿Cómo tratar tablas, PDFs, OCR y transcripciones conservando indicadores de incertidumbre de la extracción?",Atribución previa rectificada; contratos de API normalizados a spec oficial,"Notebook P04 (97480264-ff2c-4816-9dec-4b8ce071500a), docs.typesafe.ai, repositorios comunitarios","Remediación contractual, estandarización de contratos de API y autorrevisión",en_revision,4,4,4,5,4,Antigravity,pendiente,,ab98629a396b091431a957a53a3e7a6edd8993b4e2603f83a0f6da2da3ea0854,"Alcance (4/5): Alcance específico y bien delimitado para JEV-P04-015: aborda supuestos, términos y condiciones de aplicabilidad para '¿Cómo tratar tablas, PDFs, OCR y transcripciones c...'. Evidencia (4/5): Contraste documental sólido con 4 fuentes catalogadas (SRC-0002, SRC-0004, SRC-0039, SRC-0040); penalizado a 4/5 por salida primaria de NotebookLM no preservada localmente. Exactitud (4/5): Contratos técnicos conformes con SDK 0.7.0 (Choice/Score), compilación AST limpia y enmascaramiento estricto de excepciones en Python. Utilidad (5/5): Alta transferencia operativa con directrices directas para Wheelwork y QRT ante '¿Cómo tratar tablas, PDFs, OCR y transcripciones c...'. Validación (4/5): Protocolo formal con hipótesis falsable y umbrales cuantitativos definidos; acotado a 4/5 por validación estática sin ejecución de red. Total: 21/25."
JEV-P04-016,a63421d350ef26a780d0227c77a16d7c054979a4b9d294b25c4cb3aced0f9783,Responder estrictamente a: ¿Cómo separar instrucciones de tarea y contenido no confiable cuando ambos viajan dentro de una misma solicitud?,Atribución previa rectificada; contratos de API normalizados a spec oficial,"Notebook P04 (97480264-ff2c-4816-9dec-4b8ce071500a), docs.typesafe.ai, repositorios comunitarios","Remediación contractual, estandarización de contratos de API y autorrevisión",en_revision,4,4,4,5,4,Antigravity,pendiente,,0e8e89997aac863e54182eb840a300c1ee12da10d06d0e434579d7efd8aa1f39,"Alcance (4/5): Alcance específico y bien delimitado para JEV-P04-016: aborda supuestos, términos y condiciones de aplicabilidad para '¿Cómo separar instrucciones de tarea y contenido n...'. Evidencia (4/5): Contraste documental sólido con 4 fuentes catalogadas (SRC-0002, SRC-0004, SRC-0015, SRC-0039); penalizado a 4/5 por salida primaria de NotebookLM no preservada localmente. Exactitud (4/5): Contratos técnicos conformes con SDK 0.7.0 (Choice), compilación AST limpia y enmascaramiento estricto de excepciones en Python. Utilidad (5/5): Alta transferencia operativa con directrices directas para Wheelwork y QRT ante '¿Cómo separar instrucciones de tarea y contenido n...'. Validación (4/5): Protocolo formal con hipótesis falsable y umbrales cuantitativos definidos; acotado a 4/5 por validación estática sin ejecución de red. Total: 21/25."
JEV-P04-017,88ad8dcb3e58086ad82edd8e27051f4c4cecf5710e12467bc8925f0f7daf0d22,Responder estrictamente a: ¿Qué batería de variaciones sintéticas revela dependencia excesiva de metadatos irrelevantes o del estilo de redacción?,Atribución previa rectificada; contratos de API normalizados a spec oficial,"Notebook P04 (97480264-ff2c-4816-9dec-4b8ce071500a), docs.typesafe.ai, repositorios comunitarios","Remediación contractual, estandarización de contratos de API y autorrevisión",en_revision,4,4,4,5,4,Antigravity,pendiente,,5fb4076e0b36207870f3161951cd04d7be3b7822aff9cd221f1d200b80712101,"Alcance (4/5): Alcance específico y bien delimitado para JEV-P04-017: aborda supuestos, términos y condiciones de aplicabilidad para '¿Qué batería de variaciones sintéticas revela depe...'. Evidencia (4/5): Contraste documental sólido con 4 fuentes catalogadas (SRC-0002, SRC-0004, SRC-0016, SRC-0040); penalizado a 4/5 por salida primaria de NotebookLM no preservada localmente. Exactitud (4/5): Contratos técnicos conformes con SDK 0.7.0 (Choice), compilación AST limpia y enmascaramiento estricto de excepciones en Python. Utilidad (5/5): Alta transferencia operativa con directrices directas para Wheelwork y QRT ante '¿Qué batería de variaciones sintéticas revela depe...'. Validación (4/5): Protocolo formal con hipótesis falsable y umbrales cuantitativos definidos; acotado a 4/5 por validación estática sin ejecución de red. Total: 21/25."
JEV-P04-018,70bc80c392f90a23681d15086e9d83ad655d6c9b352cb6afadba0b59f4a24829,Responder estrictamente a: ¿Cómo diseñar un validador previo que rechace entradas incompletas sin descartar casos válidos difíciles?,Atribución previa rectificada; contratos de API normalizados a spec oficial,"Notebook P04 (97480264-ff2c-4816-9dec-4b8ce071500a), docs.typesafe.ai, repositorios comunitarios","Remediación contractual, estandarización de contratos de API y autorrevisión",en_revision,4,4,4,5,4,Antigravity,pendiente,,17bdfc0f4b84c9b1db70116193e795ed0473a383eb51037ec4ce487eb052a0fa,"Alcance (4/5): Alcance específico y bien delimitado para JEV-P04-018: aborda supuestos, términos y condiciones de aplicabilidad para '¿Cómo diseñar un validador previo que rechace entr...'. Evidencia (4/5): Contraste documental sólido con 4 fuentes catalogadas (SRC-0002, SRC-0004, SRC-0036, SRC-0040); penalizado a 4/5 por salida primaria de NotebookLM no preservada localmente. Exactitud (4/5): Contratos técnicos conformes con SDK 0.7.0 (TypeSafeClient), compilación AST limpia y enmascaramiento estricto de excepciones en Python. Utilidad (5/5): Alta transferencia operativa con directrices directas para Wheelwork y QRT ante '¿Cómo diseñar un validador previo que rechace entr...'. Validación (4/5): Protocolo formal con hipótesis falsable y umbrales cuantitativos definidos; acotado a 4/5 por validación estática sin ejecución de red. Total: 21/25."
JEV-P04-019,52fc5581cbf84270a8cfb4d19ed8ee3cbb4b66308b09732501e6c1e97cd78d7a,Responder estrictamente a: ¿Qué reglas de reutilización y caducidad del contexto evitan decisiones con información obsoleta durante un flujo largo?,Atribución previa rectificada; contratos de API normalizados a spec oficial,"Notebook P04 (97480264-ff2c-4816-9dec-4b8ce071500a), docs.typesafe.ai, repositorios comunitarios","Remediación contractual, estandarización de contratos de API y autorrevisión",en_revision,4,4,4,5,4,Antigravity,pendiente,,de6398d0a133fd61e4a2e4689b8eb00e6db638640b145cd37e487596c122e169,"Alcance (4/5): Alcance específico y bien delimitado para JEV-P04-019: aborda supuestos, términos y condiciones de aplicabilidad para '¿Qué reglas de reutilización y caducidad del conte...'. Evidencia (4/5): Contraste documental sólido con 4 fuentes catalogadas (SRC-0020, SRC-0037, SRC-0039, SRC-0040); penalizado a 4/5 por salida primaria de NotebookLM no preservada localmente. Exactitud (4/5): Contratos técnicos conformes con SDK 0.7.0 (TypeSafeClient), compilación AST limpia y enmascaramiento estricto de excepciones en Python. Utilidad (5/5): Alta transferencia operativa con directrices directas para Wheelwork y QRT ante '¿Qué reglas de reutilización y caducidad del conte...'. Validación (4/5): Protocolo formal con hipótesis falsable y umbrales cuantitativos definidos; acotado a 4/5 por validación estática sin ejecución de red. Total: 21/25."
JEV-P04-020,78950952141e5674253853310c2f85f72210b0cad07e16e51ab94208e5eddaec,"Responder estrictamente a: ¿Qué conjunto de ejemplos válidos, inválidos y límite debe acompañar todo esquema de entrada usado por nuestros proyectos?",Atribución previa rectificada; contratos de API normalizados a spec oficial,"Notebook P04 (97480264-ff2c-4816-9dec-4b8ce071500a), docs.typesafe.ai, repositorios comunitarios","Remediación contractual, estandarización de contratos de API y autorrevisión",en_revision,4,4,4,5,4,Antigravity,pendiente,,20abcb421977d9a3188ad0ed29e1b93b5a87185875f986dc87f0364aad1640e3,"Alcance (4/5): Alcance específico y bien delimitado para JEV-P04-020: aborda supuestos, términos y condiciones de aplicabilidad para '¿Qué conjunto de ejemplos válidos, inválidos y lím...'. Evidencia (4/5): Contraste documental sólido con 4 fuentes catalogadas (SRC-0002, SRC-0004, SRC-0038, SRC-0040); penalizado a 4/5 por salida primaria de NotebookLM no preservada localmente. Exactitud (4/5): Contratos técnicos conformes con SDK 0.7.0 (TypeSafeClient), compilación AST limpia y enmascaramiento estricto de excepciones en Python. Utilidad (5/5): Alta transferencia operativa con directrices directas para Wheelwork y QRT ante '¿Qué conjunto de ejemplos válidos, inválidos y lím...'. Validación (4/5): Protocolo formal con hipótesis falsable y umbrales cuantitativos definidos; acotado a 4/5 por validación estática sin ejecución de red. Total: 21/25."
JEV-P05-001,88c0d29bc6a7d7d65a93ce2e6eeb36650dee605aa9eb537ccc087413baaae124,"Responder estrictamente a: ¿Qué significan exactamente las probabilidades y confidence devueltos por Jev, y cuál es su relación documentada con la corrección de una decisión?",Atribución previa rectificada; contratos de API normalizados a spec oficial,"Notebook P05 (d65c48bf-c7d3-44d4-b0cf-79842f3df7dc), docs.typesafe.ai, repositorios comunitarios","Remediación contractual, estandarización de contratos de API y autorrevisión",en_revision,4,4,5,5,4,Antigravity,pendiente,,fd8b2a8460fd9045e3cbd1cc24a2e6299b86d48e97ea8608dfb5d7beba21e62f,"Alcance (4/5): Alcance específico y bien delimitado para JEV-P05-001: aborda supuestos, términos y condiciones de aplicabilidad para '¿Qué significan exactamente las probabilidades y c...'. Evidencia (4/5): Contraste documental sólido con 6 fuentes catalogadas (SRC-0002, SRC-0003, SRC-0028, SRC-0030, SRC-0035, SRC-0039); penalizado a 4/5 por salida primaria de NotebookLM no preservada localmente. Exactitud (5/5): Contratos técnicos conformes con SDK 0.7.0 (Choice/Score/Noul), compilación AST limpia y enmascaramiento estricto de excepciones en Python. Utilidad (5/5): Alta transferencia operativa con directrices directas para Wheelwork y QRT ante '¿Qué significan exactamente las probabilidades y c...'. Validación (4/5): Protocolo formal con hipótesis falsable y umbrales cuantitativos definidos; acotado a 4/5 por validación estática sin ejecución de red. Total: 22/25."
JEV-P05-002,17fc3cd4c28937955203d72ebbe06151c4946c8cb1a90ad1e7790a9b1f236742,"Responder estrictamente a: ¿Cómo distinguir calibración, discriminación, exactitud y utilidad empresarial usando un mismo ejemplo numérico sintético?",Atribución previa rectificada; contratos de API normalizados a spec oficial,"Notebook P05 (d65c48bf-c7d3-44d4-b0cf-79842f3df7dc), docs.typesafe.ai, repositorios comunitarios","Remediación contractual, estandarización de contratos de API y autorrevisión",en_revision,4,4,4,5,4,Antigravity,pendiente,,309004e9e7abc284788bf27d0a63e38bfc4919be9bd5ad03b9e167c579bf4489,"Alcance (4/5): Alcance específico y bien delimitado para JEV-P05-002: aborda supuestos, términos y condiciones de aplicabilidad para '¿Cómo distinguir calibración, discriminación, exac...'. Evidencia (4/5): Contraste documental sólido con 6 fuentes catalogadas (SRC-0030, SRC-0033, SRC-0035, SRC-0041, SRC-0042, SRC-0044); penalizado a 4/5 por salida primaria de NotebookLM no preservada localmente. Exactitud (4/5): Contratos técnicos conformes con SDK 0.7.0 (Score), compilación AST limpia y enmascaramiento estricto de excepciones en Python. Utilidad (5/5): Alta transferencia operativa con directrices directas para Wheelwork y QRT ante '¿Cómo distinguir calibración, discriminación, exac...'. Validación (4/5): Protocolo formal con hipótesis falsable y umbrales cuantitativos definidos; acotado a 4/5 por validación estática sin ejecución de red. Total: 21/25."
JEV-P05-003,57c39c53f04d21ac48de7bb55386cb6f230f724a1deddd0a1613550e6ac53eba,Responder estrictamente a: ¿Qué evidencia sería necesaria para afirmar que las salidas están calibradas en nuestros datos y no solo en un benchmark del proveedor?,Atribución previa rectificada; contratos de API normalizados a spec oficial,"Notebook P05 (d65c48bf-c7d3-44d4-b0cf-79842f3df7dc), docs.typesafe.ai, repositorios comunitarios","Remediación contractual, estandarización de contratos de API y autorrevisión",en_revision,4,4,4,5,4,Antigravity,pendiente,,426ae503f81072b1c08d11ae01276b3e09dd98de88f9f9b92f0a3753b5f7cc5f,"Alcance (4/5): Alcance específico y bien delimitado para JEV-P05-003: aborda supuestos, términos y condiciones de aplicabilidad para '¿Qué evidencia sería necesaria para afirmar que la...'. Evidencia (4/5): Contraste documental sólido con 5 fuentes catalogadas (SRC-0003, SRC-0028, SRC-0030, SRC-0041, SRC-0044); penalizado a 4/5 por salida primaria de NotebookLM no preservada localmente. Exactitud (4/5): Contratos técnicos conformes con SDK 0.7.0 (Score), compilación AST limpia y enmascaramiento estricto de excepciones en Python. Utilidad (5/5): Alta transferencia operativa con directrices directas para Wheelwork y QRT ante '¿Qué evidencia sería necesaria para afirmar que la...'. Validación (4/5): Protocolo formal con hipótesis falsable y umbrales cuantitativos definidos; acotado a 4/5 por validación estática sin ejecución de red. Total: 21/25."
JEV-P05-004,a4c0209e01e9101be353d7cd21ac1e1da0f3b9b010532ece65fb3db084a53d8e,"Responder estrictamente a: ¿Cómo diseñar una política que elija entre actuar, solicitar contexto, escalar o abstenerse según la incertidumbre y el impacto?",Atribución previa rectificada; contratos de API normalizados a spec oficial,"Notebook P05 (d65c48bf-c7d3-44d4-b0cf-79842f3df7dc), docs.typesafe.ai, repositorios comunitarios","Remediación contractual, estandarización de contratos de API y autorrevisión",en_revision,4,4,4,5,4,Antigravity,pendiente,,119f9f0208f15b16c275a8f6dc82354caa2cc8f908cbe2be53945794f56d1fc5,"Alcance (4/5): Alcance específico y bien delimitado para JEV-P05-004: aborda supuestos, términos y condiciones de aplicabilidad para '¿Cómo diseñar una política que elija entre actuar,...'. Evidencia (4/5): Contraste documental sólido con 6 fuentes catalogadas (SRC-0020, SRC-0029, SRC-0032, SRC-0035, SRC-0039, SRC-0041); penalizado a 4/5 por salida primaria de NotebookLM no preservada localmente. Exactitud (4/5): Contratos técnicos conformes con SDK 0.7.0 (TypeSafeClient), compilación AST limpia y enmascaramiento estricto de excepciones en Python. Utilidad (5/5): Alta transferencia operativa con directrices directas para Wheelwork y QRT ante '¿Cómo diseñar una política que elija entre actuar,...'. Validación (4/5): Protocolo formal con hipótesis falsable y umbrales cuantitativos definidos; acotado a 4/5 por validación estática sin ejecución de red. Total: 21/25."
JEV-P05-005,e6119b373a040d4b1cd5249ee83e088b0945a6f812f25348d6359f5991994b21,Responder estrictamente a: ¿Cómo estimar el costo esperado de falsos positivos y falsos negativos sin imponer un umbral universal de confianza?,Atribución previa rectificada; contratos de API normalizados a spec oficial,"Notebook P05 (d65c48bf-c7d3-44d4-b0cf-79842f3df7dc), docs.typesafe.ai, repositorios comunitarios","Remediación contractual, estandarización de contratos de API y autorrevisión",en_revision,4,4,4,5,4,Antigravity,pendiente,,5b036df0b6198de8088e8a68203c59102d41219ac8353c34d80136b9e7f7a012,"Alcance (4/5): Alcance específico y bien delimitado para JEV-P05-005: aborda supuestos, términos y condiciones de aplicabilidad para '¿Cómo estimar el costo esperado de falsos positivo...'. Evidencia (4/5): Contraste documental sólido con 5 fuentes catalogadas (SRC-0020, SRC-0030, SRC-0035, SRC-0039, SRC-0041); penalizado a 4/5 por salida primaria de NotebookLM no preservada localmente. Exactitud (4/5): Contratos técnicos conformes con SDK 0.7.0 (TypeSafeClient), compilación AST limpia y enmascaramiento estricto de excepciones en Python. Utilidad (5/5): Alta transferencia operativa con directrices directas para Wheelwork y QRT ante '¿Cómo estimar el costo esperado de falsos positivo...'. Validación (4/5): Protocolo formal con hipótesis falsable y umbrales cuantitativos definidos; acotado a 4/5 por validación estática sin ejecución de red. Total: 21/25."
JEV-P05-006,eca27139287f107648401bcba0deaf2179438a6ee52447a0fd81346942c2c11d,"Responder estrictamente a: ¿Cuándo usar Brier score, log loss y curvas de fiabilidad, y qué aspectos del comportamiento no captura cada medida?",Atribución previa rectificada; contratos de API normalizados a spec oficial,"Notebook P05 (d65c48bf-c7d3-44d4-b0cf-79842f3df7dc), docs.typesafe.ai, repositorios comunitarios","Remediación contractual, estandarización de contratos de API y autorrevisión",en_revision,4,4,4,5,4,Antigravity,pendiente,,336320a1513b2227423a4c8ad9752254d54cbf5aa7b93e0f2029dc92f0e9690d,"Alcance (4/5): Alcance específico y bien delimitado para JEV-P05-006: aborda supuestos, términos y condiciones de aplicabilidad para '¿Cuándo usar Brier score, log loss y curvas de fia...'. Evidencia (4/5): Contraste documental sólido con 4 fuentes catalogadas (SRC-0030, SRC-0041, SRC-0042, SRC-0044); penalizado a 4/5 por salida primaria de NotebookLM no preservada localmente. Exactitud (4/5): Contratos técnicos conformes con SDK 0.7.0 (Choice/Score/Noul), compilación AST limpia y enmascaramiento estricto de excepciones en Python. Utilidad (5/5): Alta transferencia operativa con directrices directas para Wheelwork y QRT ante '¿Cuándo usar Brier score, log loss y curvas de fia...'. Validación (4/5): Protocolo formal con hipótesis falsable y umbrales cuantitativos definidos; acotado a 4/5 por validación estática sin ejecución de red. Total: 21/25."
JEV-P05-007,6d3795522eee5c1642afaa944c364f28384a8657953ead8d9666407671c7b286,Responder estrictamente a: ¿Cómo afectan la elección de intervalos y el tamaño de muestra a medidas de error de calibración como ECE?,Atribución previa rectificada; contratos de API normalizados a spec oficial,"Notebook P05 (d65c48bf-c7d3-44d4-b0cf-79842f3df7dc), docs.typesafe.ai, repositorios comunitarios","Remediación contractual, estandarización de contratos de API y autorrevisión",en_revision,4,4,4,5,4,Antigravity,pendiente,,c4976971c9b1f306fd69bb12a485dd93322c2696916b1dc24b9c9c6e26e70498,"Alcance (4/5): Alcance específico y bien delimitado para JEV-P05-007: aborda supuestos, términos y condiciones de aplicabilidad para '¿Cómo afectan la elección de intervalos y el tamañ...'. Evidencia (4/5): Contraste documental sólido con 4 fuentes catalogadas (SRC-0003, SRC-0030, SRC-0041, SRC-0044); penalizado a 4/5 por salida primaria de NotebookLM no preservada localmente. Exactitud (4/5): Contratos técnicos conformes con SDK 0.7.0 (Score), compilación AST limpia y enmascaramiento estricto de excepciones en Python. Utilidad (5/5): Alta transferencia operativa con directrices directas para Wheelwork y QRT ante '¿Cómo afectan la elección de intervalos y el tamañ...'. Validación (4/5): Protocolo formal con hipótesis falsable y umbrales cuantitativos definidos; acotado a 4/5 por validación estática sin ejecución de red. Total: 21/25."
JEV-P05-008,1ab821a77eee73b196bb564d3ccb689300b07276f33ba89e9e5d1025a6088d97,Responder estrictamente a: ¿Cómo detectar buena calibración agregada que oculta errores graves en clases minoritarias o grupos relevantes?,Atribución previa rectificada; contratos de API normalizados a spec oficial,"Notebook P05 (d65c48bf-c7d3-44d4-b0cf-79842f3df7dc), docs.typesafe.ai, repositorios comunitarios","Remediación contractual, estandarización de contratos de API y autorrevisión",en_revision,4,4,4,5,4,Antigravity,pendiente,,63ca09480314fb8a374e6975fac581e0e0cd8b26f363283492454ec80d139c03,"Alcance (4/5): Alcance específico y bien delimitado para JEV-P05-008: aborda supuestos, términos y condiciones de aplicabilidad para '¿Cómo detectar buena calibración agregada que ocul...'. Evidencia (4/5): Contraste documental sólido con 5 fuentes catalogadas (SRC-0003, SRC-0020, SRC-0030, SRC-0035, SRC-0041); penalizado a 4/5 por salida primaria de NotebookLM no preservada localmente. Exactitud (4/5): Contratos técnicos conformes con SDK 0.7.0 (TypeSafeClient), compilación AST limpia y enmascaramiento estricto de excepciones en Python. Utilidad (5/5): Alta transferencia operativa con directrices directas para Wheelwork y QRT ante '¿Cómo detectar buena calibración agregada que ocul...'. Validación (4/5): Protocolo formal con hipótesis falsable y umbrales cuantitativos definidos; acotado a 4/5 por validación estática sin ejecución de red. Total: 21/25."
JEV-P05-009,7b66c9c40305c41bc83d3a3968ca1134d7864d8a4ae0fad780c8e561671d2274,Responder estrictamente a: ¿Cómo ajustar umbrales con validación reservando un conjunto final que permanezca intacto hasta evaluar la política completa?,Atribución previa rectificada; contratos de API normalizados a spec oficial,"Notebook P05 (d65c48bf-c7d3-44d4-b0cf-79842f3df7dc), docs.typesafe.ai, repositorios comunitarios","Remediación contractual, estandarización de contratos de API y autorrevisión",en_revision,4,4,4,5,4,Antigravity,pendiente,,0076e46965158a75e0b948859aacfa67ed79b1aca91b10e8bcf5afd9d3c872dd,"Alcance (4/5): Alcance específico y bien delimitado para JEV-P05-009: aborda supuestos, términos y condiciones de aplicabilidad para '¿Cómo ajustar umbrales con validación reservando u...'. Evidencia (4/5): Contraste documental sólido con 4 fuentes catalogadas (SRC-0003, SRC-0030, SRC-0035, SRC-0041); penalizado a 4/5 por salida primaria de NotebookLM no preservada localmente. Exactitud (4/5): Contratos técnicos conformes con SDK 0.7.0 (Score), compilación AST limpia y enmascaramiento estricto de excepciones en Python. Utilidad (5/5): Alta transferencia operativa con directrices directas para Wheelwork y QRT ante '¿Cómo ajustar umbrales con validación reservando u...'. Validación (4/5): Protocolo formal con hipótesis falsable y umbrales cuantitativos definidos; acotado a 4/5 por validación estática sin ejecución de red. Total: 21/25."
JEV-P05-010,e19c41e00bb16c1546839516f295d0bca39216de96f4b5dcbcc366e226658ff4,Responder estrictamente a: ¿Cómo expresar incertidumbre de las métricas y decidir si hay muestra suficiente para automatizar una fracción del tráfico?,Atribución previa rectificada; contratos de API normalizados a spec oficial,"Notebook P05 (d65c48bf-c7d3-44d4-b0cf-79842f3df7dc), docs.typesafe.ai, repositorios comunitarios","Remediación contractual, estandarización de contratos de API y autorrevisión",en_revision,4,4,4,5,4,Antigravity,pendiente,,a848646b6484a0c87e698dcdd6b42fafce9a02d77619074e6b1a241976b42eef,"Alcance (4/5): Alcance específico y bien delimitado para JEV-P05-010: aborda supuestos, términos y condiciones de aplicabilidad para '¿Cómo expresar incertidumbre de las métricas y dec...'. Evidencia (4/5): Contraste documental sólido con 4 fuentes catalogadas (SRC-0020, SRC-0030, SRC-0039, SRC-0041); penalizado a 4/5 por salida primaria de NotebookLM no preservada localmente. Exactitud (4/5): Contratos técnicos conformes con SDK 0.7.0 (Score), compilación AST limpia y enmascaramiento estricto de excepciones en Python. Utilidad (5/5): Alta transferencia operativa con directrices directas para Wheelwork y QRT ante '¿Cómo expresar incertidumbre de las métricas y dec...'. Validación (4/5): Protocolo formal con hipótesis falsable y umbrales cuantitativos definidos; acotado a 4/5 por validación estática sin ejecución de red. Total: 21/25."
JEV-P05-011,5b8e530085806e7a13cd10a1f229eb4db3ea0f0e6548ca6c56123e8b84e3bf7a,Responder estrictamente a: ¿Cómo cambia la decisión óptima cuando se modifica la prevalencia de una clase aunque el modelo no haya cambiado?,Atribución previa rectificada; contratos de API normalizados a spec oficial,"Notebook P05 (d65c48bf-c7d3-44d4-b0cf-79842f3df7dc), docs.typesafe.ai, repositorios comunitarios","Remediación contractual, estandarización de contratos de API y autorrevisión",en_revision,4,4,4,5,4,Antigravity,pendiente,,cdf4a3344170ab9537f074d82360961265ff34db7057b3188cfb16b5f9ef2c8d,"Alcance (4/5): Alcance específico y bien delimitado para JEV-P05-011: aborda supuestos, términos y condiciones de aplicabilidad para '¿Cómo cambia la decisión óptima cuando se modifica...'. Evidencia (4/5): Contraste documental sólido con 4 fuentes catalogadas (SRC-0002, SRC-0035, SRC-0039, SRC-0041); penalizado a 4/5 por salida primaria de NotebookLM no preservada localmente. Exactitud (4/5): Contratos técnicos conformes con SDK 0.7.0 (Score), compilación AST limpia y enmascaramiento estricto de excepciones en Python. Utilidad (5/5): Alta transferencia operativa con directrices directas para Wheelwork y QRT ante '¿Cómo cambia la decisión óptima cuando se modifica...'. Validación (4/5): Protocolo formal con hipótesis falsable y umbrales cuantitativos definidos; acotado a 4/5 por validación estática sin ejecución de red. Total: 21/25."
JEV-P05-012,226a8f3f748e556eb6291c952e26894216f9b8bbc8b4d2790eccb239a39dc9b2,Responder estrictamente a: ¿Qué muestran las curvas de riesgo frente a cobertura y cómo incorporar el costo de los casos escalados a humanos?,Atribución previa rectificada; contratos de API normalizados a spec oficial,"Notebook P05 (d65c48bf-c7d3-44d4-b0cf-79842f3df7dc), docs.typesafe.ai, repositorios comunitarios","Remediación contractual, estandarización de contratos de API y autorrevisión",en_revision,4,4,4,5,4,Antigravity,pendiente,,9b52f9354d90cb98371103ecb53e7111e919fbeeefc21113d5e3059a5b37b482,"Alcance (4/5): Alcance específico y bien delimitado para JEV-P05-012: aborda supuestos, términos y condiciones de aplicabilidad para '¿Qué muestran las curvas de riesgo frente a cobert...'. Evidencia (4/5): Contraste documental sólido con 4 fuentes catalogadas (SRC-0020, SRC-0029, SRC-0032, SRC-0041); penalizado a 4/5 por salida primaria de NotebookLM no preservada localmente. Exactitud (4/5): Contratos técnicos conformes con SDK 0.7.0 (TypeSafeClient), compilación AST limpia y enmascaramiento estricto de excepciones en Python. Utilidad (5/5): Alta transferencia operativa con directrices directas para Wheelwork y QRT ante '¿Qué muestran las curvas de riesgo frente a cobert...'. Validación (4/5): Protocolo formal con hipótesis falsable y umbrales cuantitativos definidos; acotado a 4/5 por validación estática sin ejecución de red. Total: 21/25."
JEV-P05-013,34d7454abd33616943f5e75a7cbfd1e9b088c66df272e60b95fdd1004100fce8,"Responder estrictamente a: ¿Qué métodos de recalibración podrían evaluarse y qué datos, supuestos y riesgos de sobreajuste requiere cada uno?",Atribución previa rectificada; contratos de API normalizados a spec oficial,"Notebook P05 (d65c48bf-c7d3-44d4-b0cf-79842f3df7dc), docs.typesafe.ai, repositorios comunitarios","Remediación contractual, estandarización de contratos de API y autorrevisión",en_revision,4,4,4,5,4,Antigravity,pendiente,,a877d66fb283168da9009895ec9fc611246df201d2ed333f6b56de953889b054,"Alcance (4/5): Alcance específico y bien delimitado para JEV-P05-013: aborda supuestos, términos y condiciones de aplicabilidad para '¿Qué métodos de recalibración podrían evaluarse y ...'. Evidencia (4/5): Contraste documental sólido con 4 fuentes catalogadas (SRC-0030, SRC-0039, SRC-0041, SRC-0042); penalizado a 4/5 por salida primaria de NotebookLM no preservada localmente. Exactitud (4/5): Contratos técnicos conformes con SDK 0.7.0 (Score), compilación AST limpia y enmascaramiento estricto de excepciones en Python. Utilidad (5/5): Alta transferencia operativa con directrices directas para Wheelwork y QRT ante '¿Qué métodos de recalibración podrían evaluarse y ...'. Validación (4/5): Protocolo formal con hipótesis falsable y umbrales cuantitativos definidos; acotado a 4/5 por validación estática sin ejecución de red. Total: 21/25."
JEV-P05-014,ce303da218433386387bd742592e81b0addc39d98ab7b1912c6d309732024976,Responder estrictamente a: ¿Cuándo es pertinente la predicción conforme y qué supuestos impedirían tratar sus garantías como universales en producción?,Atribución previa rectificada; contratos de API normalizados a spec oficial,"Notebook P05 (d65c48bf-c7d3-44d4-b0cf-79842f3df7dc), docs.typesafe.ai, repositorios comunitarios","Remediación contractual, estandarización de contratos de API y autorrevisión",en_revision,4,4,4,5,4,Antigravity,pendiente,,18faa5e9f661e265727c90bef55fb5bfc6c7d50c376da6796a90b2750559253e,"Alcance (4/5): Alcance específico y bien delimitado para JEV-P05-014: aborda supuestos, términos y condiciones de aplicabilidad para '¿Cuándo es pertinente la predicción conforme y qué...'. Evidencia (4/5): Evidencia externa verificable basada en 3 fuentes oficiales (SRC-0039, SRC-0041, SRC-0043); reducida a 4/5 por centinela de herramienta no expuesta. Exactitud (4/5): Contratos técnicos conformes con SDK 0.7.0 (Choice/Score), compilación AST limpia y enmascaramiento estricto de excepciones en Python. Utilidad (5/5): Alta transferencia operativa con directrices directas para Wheelwork y QRT ante '¿Cuándo es pertinente la predicción conforme y qué...'. Validación (4/5): Protocolo formal con hipótesis falsable y umbrales cuantitativos definidos; acotado a 4/5 por validación estática sin ejecución de red. Total: 21/25."
JEV-P05-015,96bcf8e08db245f56b17155cf33c237afd66957d01b07b458eda193e44ede506,Responder estrictamente a: ¿Cómo distinguir desacuerdo razonable entre etiquetas humanas de mala calibración o errores del modelo?,Atribución previa rectificada; contratos de API normalizados a spec oficial,"Notebook P05 (d65c48bf-c7d3-44d4-b0cf-79842f3df7dc), docs.typesafe.ai, repositorios comunitarios","Remediación contractual, estandarización de contratos de API y autorrevisión",en_revision,4,4,4,5,4,Antigravity,pendiente,,12abbd31b7779930a0ef3014a192efa9688c6667ea8de6eac025a7a6c515495d,"Alcance (4/5): Alcance específico y bien delimitado para JEV-P05-015: aborda supuestos, términos y condiciones de aplicabilidad para '¿Cómo distinguir desacuerdo razonable entre etique...'. Evidencia (4/5): Evidencia externa verificable basada en 3 fuentes oficiales (SRC-0030, SRC-0039, SRC-0041); reducida a 4/5 por centinela de herramienta no expuesta. Exactitud (4/5): Contratos técnicos conformes con SDK 0.7.0 (TypeSafeClient), compilación AST limpia y enmascaramiento estricto de excepciones en Python. Utilidad (5/5): Alta transferencia operativa con directrices directas para Wheelwork y QRT ante '¿Cómo distinguir desacuerdo razonable entre etique...'. Validación (4/5): Protocolo formal con hipótesis falsable y umbrales cuantitativos definidos; acotado a 4/5 por validación estática sin ejecución de red. Total: 21/25."
JEV-P05-016,91b5c4898c744de697131bbaf4f5947152c7d21ecf506461fd61ee569e7bf771,Responder estrictamente a: ¿Qué significa una salida muy segura ante evidencia insuficiente y qué controles externos pueden detectarla?,Atribución previa rectificada; contratos de API normalizados a spec oficial,"Notebook P05 (d65c48bf-c7d3-44d4-b0cf-79842f3df7dc), docs.typesafe.ai, repositorios comunitarios","Remediación contractual, estandarización de contratos de API y autorrevisión",en_revision,4,4,4,5,4,Antigravity,pendiente,,63f44c25b46194873d0ca5f779cbfc3ad3578ba2d650d528c8ea32790a936dae,"Alcance (4/5): Alcance específico y bien delimitado para JEV-P05-016: aborda supuestos, términos y condiciones de aplicabilidad para '¿Qué significa una salida muy segura ante evidenci...'. Evidencia (4/5): Contraste documental sólido con 4 fuentes catalogadas (SRC-0002, SRC-0030, SRC-0039, SRC-0041); penalizado a 4/5 por salida primaria de NotebookLM no preservada localmente. Exactitud (4/5): Contratos técnicos conformes con SDK 0.7.0 (Choice/Noul), compilación AST limpia y enmascaramiento estricto de excepciones en Python. Utilidad (5/5): Alta transferencia operativa con directrices directas para Wheelwork y QRT ante '¿Qué significa una salida muy segura ante evidenci...'. Validación (4/5): Protocolo formal con hipótesis falsable y umbrales cuantitativos definidos; acotado a 4/5 por validación estática sin ejecución de red. Total: 21/25."
JEV-P05-017,63012166c16a93cb0c33dbaaa0d7270d9d9f843aa61e9e202be3dd0a2de2e793,Responder estrictamente a: ¿Por qué combinar probabilidades de varias decisiones puede ser inválido si sus errores están correlacionados?,Atribución previa rectificada; contratos de API normalizados a spec oficial,"Notebook P05 (d65c48bf-c7d3-44d4-b0cf-79842f3df7dc), docs.typesafe.ai, repositorios comunitarios","Remediación contractual, estandarización de contratos de API y autorrevisión",en_revision,4,4,4,5,4,Antigravity,pendiente,,4880f3cd3622e83f18d160e715404bee578ef89e623f69172257b649e42ae1c9,"Alcance (4/5): Alcance específico y bien delimitado para JEV-P05-017: aborda supuestos, términos y condiciones de aplicabilidad para '¿Por qué combinar probabilidades de varias decisio...'. Evidencia (4/5): Contraste documental sólido con 4 fuentes catalogadas (SRC-0030, SRC-0034, SRC-0039, SRC-0041); penalizado a 4/5 por salida primaria de NotebookLM no preservada localmente. Exactitud (4/5): Contratos técnicos conformes con SDK 0.7.0 (Choice/Score), compilación AST limpia y enmascaramiento estricto de excepciones en Python. Utilidad (5/5): Alta transferencia operativa con directrices directas para Wheelwork y QRT ante '¿Por qué combinar probabilidades de varias decisio...'. Validación (4/5): Protocolo formal con hipótesis falsable y umbrales cuantitativos definidos; acotado a 4/5 por validación estática sin ejecución de red. Total: 21/25."
JEV-P05-018,1aeea9ed726bd6d4091f1ae31d9d8aa80240bd81a13c04d1ad640b2b05de574b,"Responder estrictamente a: ¿Cómo detectar pérdida de calibración tras cambios de dominio, idioma, taxonomía o versión y decidir cuándo recalibrar?",Atribución previa rectificada; contratos de API normalizados a spec oficial,"Notebook P05 (d65c48bf-c7d3-44d4-b0cf-79842f3df7dc), docs.typesafe.ai, repositorios comunitarios","Remediación contractual, estandarización de contratos de API y autorrevisión",en_revision,4,4,4,5,4,Antigravity,pendiente,,2dc764c26f848e2e5ee4fa8ac09bbf75402b55136e6b678c5a163104b0598aea,"Alcance (4/5): Alcance específico y bien delimitado para JEV-P05-018: aborda supuestos, términos y condiciones de aplicabilidad para '¿Cómo detectar pérdida de calibración tras cambios...'. Evidencia (4/5): Contraste documental sólido con 4 fuentes catalogadas (SRC-0020, SRC-0030, SRC-0035, SRC-0041); penalizado a 4/5 por salida primaria de NotebookLM no preservada localmente. Exactitud (4/5): Contratos técnicos conformes con SDK 0.7.0 (Choice/Score), compilación AST limpia y enmascaramiento estricto de excepciones en Python. Utilidad (5/5): Alta transferencia operativa con directrices directas para Wheelwork y QRT ante '¿Cómo detectar pérdida de calibración tras cambios...'. Validación (4/5): Protocolo formal con hipótesis falsable y umbrales cuantitativos definidos; acotado a 4/5 por validación estática sin ejecución de red. Total: 21/25."
JEV-P05-019,73d0bf301153443b443316f92e5929f95d903382a95cb2c287acc5f5c40e82fd,Responder estrictamente a: ¿Cómo presentar incertidumbre a una persona operadora sin inducir confianza excesiva ni convertir cada caso en una revisión innecesaria?,Atribución previa rectificada; contratos de API normalizados a spec oficial,"Notebook P05 (d65c48bf-c7d3-44d4-b0cf-79842f3df7dc), docs.typesafe.ai, repositorios comunitarios","Remediación contractual, estandarización de contratos de API y autorrevisión",en_revision,4,4,4,5,4,Antigravity,pendiente,,d302ce5b20e9215194b116e6b877b049f5ec5004a719827e0ca0ee0ad9e61807,"Alcance (4/5): Alcance específico y bien delimitado para JEV-P05-019: aborda supuestos, términos y condiciones de aplicabilidad para '¿Cómo presentar incertidumbre a una persona operad...'. Evidencia (4/5): Contraste documental sólido con 5 fuentes catalogadas (SRC-0003, SRC-0030, SRC-0032, SRC-0041, SRC-0045); penalizado a 4/5 por salida primaria de NotebookLM no preservada localmente. Exactitud (4/5): Contratos técnicos conformes con SDK 0.7.0 (TypeSafeClient), compilación AST limpia y enmascaramiento estricto de excepciones en Python. Utilidad (5/5): Alta transferencia operativa con directrices directas para Wheelwork y QRT ante '¿Cómo presentar incertidumbre a una persona operad...'. Validación (4/5): Protocolo formal con hipótesis falsable y umbrales cuantitativos definidos; acotado a 4/5 por validación estática sin ejecución de red. Total: 21/25."
JEV-P05-020,c96aaf53893a6c884958ef5b75c6ba20aee01faa9e295b741e5282884f47601a,"Responder estrictamente a: ¿Qué política documentada de umbrales, revisión y abstención debería acompañar cada piloto de Jev?",Atribución previa rectificada; contratos de API normalizados a spec oficial,"Notebook P05 (d65c48bf-c7d3-44d4-b0cf-79842f3df7dc), docs.typesafe.ai, repositorios comunitarios","Remediación contractual, estandarización de contratos de API y autorrevisión",en_revision,4,4,5,5,4,Antigravity,pendiente,,d7c6f3628169f71fe9effadd6e795e976d64f54be592de9a23c8896815a09a6b,"Alcance (4/5): Alcance específico y bien delimitado para JEV-P05-020: aborda supuestos, términos y condiciones de aplicabilidad para '¿Qué política documentada de umbrales, revisión y ...'. Evidencia (4/5): Contraste documental sólido con 7 fuentes catalogadas (SRC-0003, SRC-0030, SRC-0031, SRC-0035, SRC-0038, SRC-0041, SRC-0045); penalizado a 4/5 por salida primaria de NotebookLM no preservada localmente. Exactitud (5/5): Contratos técnicos conformes con SDK 0.7.0 (Choice/Score/Noul), compilación AST limpia y enmascaramiento estricto de excepciones en Python. Utilidad (5/5): Alta transferencia operativa con directrices directas para Wheelwork y QRT ante '¿Qué política documentada de umbrales, revisión y ...'. Validación (4/5): Protocolo formal con hipótesis falsable y umbrales cuantitativos definidos; acotado a 4/5 por validación estática sin ejecución de red. Total: 22/25."
JEV-P06-001,41d73cdedcc83c295e6a339097d28a985c433f7c28cb8d9e2873add7e9d749d6,Responder estrictamente a: ¿Qué hipótesis concreta de utilidad debe aprobar Jev frente a una línea base antes de incorporarlo a un desarrollo?,Atribución previa rectificada; contratos de API normalizados a spec oficial,"Notebook P06 (9b87f42f-e3f9-49ca-afb4-affe7c6259da), docs.typesafe.ai, repositorios comunitarios","Remediación contractual, estandarización de contratos de API y autorrevisión",en_revision,4,4,5,5,4,Antigravity,pendiente,,a41245117f825c2f41f4aae5386461a493a9df3f4e9ab7c043657eccf31047c5,"Alcance (4/5): Alcance específico y bien delimitado para JEV-P06-001: aborda supuestos, términos y condiciones de aplicabilidad para '¿Qué hipótesis concreta de utilidad debe aprobar J...'. Evidencia (4/5): Contraste documental sólido con 5 fuentes catalogadas (SRC-0002, SRC-0030, SRC-0035, SRC-0046, SRC-0049); penalizado a 4/5 por salida primaria de NotebookLM no preservada localmente. Exactitud (5/5): Contratos técnicos conformes con SDK 0.7.0 (Score), compilación AST limpia y enmascaramiento estricto de excepciones en Python. Utilidad (5/5): Alta transferencia operativa con directrices directas para Wheelwork y QRT ante '¿Qué hipótesis concreta de utilidad debe aprobar J...'. Validación (4/5): Protocolo formal con hipótesis falsable y umbrales cuantitativos definidos; acotado a 4/5 por validación estática sin ejecución de red. Total: 22/25."
JEV-P06-002,9bf4655705d0021c811b4b34235a576c2da7cbcde6dd8cb8245cd5d5fdd212c5,"Responder estrictamente a: ¿Qué comparadores representan alternativas realistas: reglas, búsqueda, modelos clásicos, modelos pequeños, LLM estructurado o trabajo humano?",Atribución previa rectificada; contratos de API normalizados a spec oficial,"Notebook P06 (9b87f42f-e3f9-49ca-afb4-affe7c6259da), docs.typesafe.ai, repositorios comunitarios","Remediación contractual, estandarización de contratos de API y autorrevisión",en_revision,4,4,5,5,4,Antigravity,pendiente,,6cf5c6319d8c6b84184548063364fa5f9169a539dc2a5a19c4c5e01d800175eb,"Alcance (4/5): Alcance específico y bien delimitado para JEV-P06-002: aborda supuestos, términos y condiciones de aplicabilidad para '¿Qué comparadores representan alternativas realist...'. Evidencia (4/5): Contraste documental sólido con 5 fuentes catalogadas (SRC-0001, SRC-0002, SRC-0035, SRC-0046, SRC-0048); penalizado a 4/5 por salida primaria de NotebookLM no preservada localmente. Exactitud (5/5): Contratos técnicos conformes con SDK 0.7.0 (Choice), compilación AST limpia y enmascaramiento estricto de excepciones en Python. Utilidad (5/5): Alta transferencia operativa con directrices directas para Wheelwork y QRT ante '¿Qué comparadores representan alternativas realist...'. Validación (4/5): Protocolo formal con hipótesis falsable y umbrales cuantitativos definidos; acotado a 4/5 por validación estática sin ejecución de red. Total: 22/25."
JEV-P06-003,e90750cad0fe6fe00c1e9b292a9246d2e7fec4ff0ec1af090d7e2542c314dcf3,Responder estrictamente a: ¿Cómo construir un conjunto representativo de decisiones reales usando inicialmente datos públicos o sintéticos y documentando el límite de transferencia?,Atribución previa rectificada; contratos de API normalizados a spec oficial,"Notebook P06 (9b87f42f-e3f9-49ca-afb4-affe7c6259da), docs.typesafe.ai, repositorios comunitarios","Remediación contractual, estandarización de contratos de API y autorrevisión",en_revision,4,4,4,5,4,Antigravity,pendiente,,bfb55f016dc2517562a3c2e92cbb5302d79183633d9ce21e9e19ac3e781dbcb6,"Alcance (4/5): Alcance específico y bien delimitado para JEV-P06-003: aborda supuestos, términos y condiciones de aplicabilidad para '¿Cómo construir un conjunto representativo de deci...'. Evidencia (4/5): Contraste documental sólido con 5 fuentes catalogadas (SRC-0002, SRC-0030, SRC-0046, SRC-0047, SRC-0048); penalizado a 4/5 por salida primaria de NotebookLM no preservada localmente. Exactitud (4/5): Contratos técnicos conformes con SDK 0.7.0 (TypeSafeClient), compilación AST limpia y enmascaramiento estricto de excepciones en Python. Utilidad (5/5): Alta transferencia operativa con directrices directas para Wheelwork y QRT ante '¿Cómo construir un conjunto representativo de deci...'. Validación (4/5): Protocolo formal con hipótesis falsable y umbrales cuantitativos definidos; acotado a 4/5 por validación estática sin ejecución de red. Total: 21/25."
JEV-P06-004,63e2c9929aa53458cdc40c15925b146a3eec84d278a8c45e7bbf2c8f8d775c71,"Responder estrictamente a: ¿Cómo separar ajuste, calibración y evaluación final evitando filtración entre entidades, documentos relacionados o períodos?",Atribución previa rectificada; contratos de API normalizados a spec oficial,"Notebook P06 (9b87f42f-e3f9-49ca-afb4-affe7c6259da), docs.typesafe.ai, repositorios comunitarios","Remediación contractual, estandarización de contratos de API y autorrevisión",en_revision,4,4,5,5,4,Antigravity,pendiente,,26662c3204bb7e15bc72a620f93582056163c5dd21baf5e1e3ca13be02c291db,"Alcance (4/5): Alcance específico y bien delimitado para JEV-P06-004: aborda supuestos, términos y condiciones de aplicabilidad para '¿Cómo separar ajuste, calibración y evaluación fin...'. Evidencia (4/5): Contraste documental sólido con 5 fuentes catalogadas (SRC-0002, SRC-0030, SRC-0046, SRC-0047, SRC-0049); penalizado a 4/5 por salida primaria de NotebookLM no preservada localmente. Exactitud (5/5): Contratos técnicos conformes con SDK 0.7.0 (Choice/Score), compilación AST limpia y enmascaramiento estricto de excepciones en Python. Utilidad (5/5): Alta transferencia operativa con directrices directas para Wheelwork y QRT ante '¿Cómo separar ajuste, calibración y evaluación fin...'. Validación (4/5): Protocolo formal con hipótesis falsable y umbrales cuantitativos definidos; acotado a 4/5 por validación estática sin ejecución de red. Total: 22/25."
JEV-P06-005,a49d9d29e28c4263e07f842c1f0c5aa2346354f8bc4635498b926445bb8a002c,Responder estrictamente a: ¿Qué protocolo de anotación humana produce etiquetas y desacuerdos auditables sin tomar el consenso de modelos como verdad absoluta?,Atribución previa rectificada; contratos de API normalizados a spec oficial,"Notebook P06 (9b87f42f-e3f9-49ca-afb4-affe7c6259da), docs.typesafe.ai, repositorios comunitarios","Remediación contractual, estandarización de contratos de API y autorrevisión",en_revision,4,4,4,5,4,Antigravity,pendiente,,c83cb54df11e18728b7c0a575edd8699eb116755f5684beb0adba4a965914170,"Alcance (4/5): Alcance específico y bien delimitado para JEV-P06-005: aborda supuestos, términos y condiciones de aplicabilidad para '¿Qué protocolo de anotación humana produce etiquet...'. Evidencia (4/5): Contraste documental sólido con 6 fuentes catalogadas (SRC-0001, SRC-0030, SRC-0041, SRC-0046, SRC-0047, SRC-0048); penalizado a 4/5 por salida primaria de NotebookLM no preservada localmente. Exactitud (4/5): Contratos técnicos conformes con SDK 0.7.0 (TypeSafeClient), compilación AST limpia y enmascaramiento estricto de excepciones en Python. Utilidad (5/5): Alta transferencia operativa con directrices directas para Wheelwork y QRT ante '¿Qué protocolo de anotación humana produce etiquet...'. Validación (4/5): Protocolo formal con hipótesis falsable y umbrales cuantitativos definidos; acotado a 4/5 por validación estática sin ejecución de red. Total: 21/25."
JEV-P06-006,6a4083bb55d29c45b0412fc8a121a133c64f74e3a2e6b1f8a2511613c068ea05,"Responder estrictamente a: ¿Cómo calcular o justificar tamaño de muestra según frecuencia del error importante, efecto mínimo y precisión de la estimación?",Atribución previa rectificada; contratos de API normalizados a spec oficial,"Notebook P06 (9b87f42f-e3f9-49ca-afb4-affe7c6259da), docs.typesafe.ai, repositorios comunitarios","Remediación contractual, estandarización de contratos de API y autorrevisión",en_revision,4,4,5,5,4,Antigravity,pendiente,,dd1c4df6a2a627cbb45cdef3d0f61cdf6f2f471906c7a079b8b48665b76ee65b,"Alcance (4/5): Alcance específico y bien delimitado para JEV-P06-006: aborda supuestos, términos y condiciones de aplicabilidad para '¿Cómo calcular o justificar tamaño de muestra segú...'. Evidencia (4/5): Contraste documental sólido con 4 fuentes catalogadas (SRC-0002, SRC-0046, SRC-0047, SRC-0049); penalizado a 4/5 por salida primaria de NotebookLM no preservada localmente. Exactitud (5/5): Contratos técnicos conformes con SDK 0.7.0 (Choice), compilación AST limpia y enmascaramiento estricto de excepciones en Python. Utilidad (5/5): Alta transferencia operativa con directrices directas para Wheelwork y QRT ante '¿Cómo calcular o justificar tamaño de muestra segú...'. Validación (4/5): Protocolo formal con hipótesis falsable y umbrales cuantitativos definidos; acotado a 4/5 por validación estática sin ejecución de red. Total: 22/25."
JEV-P06-007,459e506d692134a2cd90e46a867088914f7ad9dd6e97f7b5e3e225069e1a225c,Responder estrictamente a: ¿Qué métricas por clase y segmento evitan que la exactitud global oculte fracasos operativamente costosos?,Atribución previa rectificada; contratos de API normalizados a spec oficial,"Notebook P06 (9b87f42f-e3f9-49ca-afb4-affe7c6259da), docs.typesafe.ai, repositorios comunitarios","Remediación contractual, estandarización de contratos de API y autorrevisión",en_revision,4,4,5,5,4,Antigravity,pendiente,,fc6d402f9469efda62d71cff7c1b951e78d2b1c08e735890b0a76c4bc3dd51fe,"Alcance (4/5): Alcance específico y bien delimitado para JEV-P06-007: aborda supuestos, términos y condiciones de aplicabilidad para '¿Qué métricas por clase y segmento evitan que la e...'. Evidencia (4/5): Contraste documental sólido con 5 fuentes catalogadas (SRC-0003, SRC-0035, SRC-0046, SRC-0047, SRC-0048); penalizado a 4/5 por salida primaria de NotebookLM no preservada localmente. Exactitud (5/5): Contratos técnicos conformes con SDK 0.7.0 (Choice/Score), compilación AST limpia y enmascaramiento estricto de excepciones en Python. Utilidad (5/5): Alta transferencia operativa con directrices directas para Wheelwork y QRT ante '¿Qué métricas por clase y segmento evitan que la e...'. Validación (4/5): Protocolo formal con hipótesis falsable y umbrales cuantitativos definidos; acotado a 4/5 por validación estática sin ejecución de red. Total: 22/25."
JEV-P06-008,883f34f5ad79dcd94672074190138c2236ae6ba8cda6773f7956eba6461256b0,Responder estrictamente a: ¿Cómo comparar sistemas en los mismos casos mediante un diseño pareado y estimar incertidumbre de las diferencias?,Atribución previa rectificada; contratos de API normalizados a spec oficial,"Notebook P06 (9b87f42f-e3f9-49ca-afb4-affe7c6259da), docs.typesafe.ai, repositorios comunitarios","Remediación contractual, estandarización de contratos de API y autorrevisión",en_revision,4,4,4,5,4,Antigravity,pendiente,,5459a1fe0a9ea6d1e18d0f8ff40408f07a42f5092261975bf6398629113a9fea,"Alcance (4/5): Alcance específico y bien delimitado para JEV-P06-008: aborda supuestos, términos y condiciones de aplicabilidad para '¿Cómo comparar sistemas en los mismos casos median...'. Evidencia (4/5): Contraste documental sólido con 5 fuentes catalogadas (SRC-0002, SRC-0046, SRC-0047, SRC-0048, SRC-0049); penalizado a 4/5 por salida primaria de NotebookLM no preservada localmente. Exactitud (4/5): Contratos técnicos conformes con SDK 0.7.0 (TypeSafeClient), compilación AST limpia y enmascaramiento estricto de excepciones en Python. Utilidad (5/5): Alta transferencia operativa con directrices directas para Wheelwork y QRT ante '¿Cómo comparar sistemas en los mismos casos median...'. Validación (4/5): Protocolo formal con hipótesis falsable y umbrales cuantitativos definidos; acotado a 4/5 por validación estática sin ejecución de red. Total: 21/25."
JEV-P06-009,b96620eccae4d8ab95e1bc09ec630a264e5b78ec4891de225456cc0da13f77a8,"Responder estrictamente a: ¿Cómo medir latencia de extremo a extremo, incluida red, preparación, colas, reintentos y validación de la salida?",Atribución previa rectificada; contratos de API normalizados a spec oficial,"Notebook P06 (9b87f42f-e3f9-49ca-afb4-affe7c6259da), docs.typesafe.ai, repositorios comunitarios","Remediación contractual, estandarización de contratos de API y autorrevisión",en_revision,4,4,4,5,4,Antigravity,pendiente,,6c86d1a147bc5fc02cb17545ad18292757c0aec6671d7757aad674a4eedf1131,"Alcance (4/5): Alcance específico y bien delimitado para JEV-P06-009: aborda supuestos, términos y condiciones de aplicabilidad para '¿Cómo medir latencia de extremo a extremo, incluid...'. Evidencia (4/5): Contraste documental sólido con 6 fuentes catalogadas (SRC-0001, SRC-0002, SRC-0026, SRC-0038, SRC-0040, SRC-0046); penalizado a 4/5 por salida primaria de NotebookLM no preservada localmente. Exactitud (4/5): Contratos técnicos conformes con SDK 0.7.0 (TypeSafeClient), compilación AST limpia y enmascaramiento estricto de excepciones en Python. Utilidad (5/5): Alta transferencia operativa con directrices directas para Wheelwork y QRT ante '¿Cómo medir latencia de extremo a extremo, incluid...'. Validación (4/5): Protocolo formal con hipótesis falsable y umbrales cuantitativos definidos; acotado a 4/5 por validación estática sin ejecución de red. Total: 21/25."
JEV-P06-010,6af47828ec86361b152b283adf0a3d4bd00a1ba9ccb751b86bddd9474e2f68b9,"Responder estrictamente a: ¿Cómo medir costo por resultado aceptado contabilizando abstenciones, escalamiento, errores y revisión humana?",Atribución previa rectificada; contratos de API normalizados a spec oficial,"Notebook P06 (9b87f42f-e3f9-49ca-afb4-affe7c6259da), docs.typesafe.ai, repositorios comunitarios","Remediación contractual, estandarización de contratos de API y autorrevisión",en_revision,4,4,4,5,4,Antigravity,pendiente,,712d643226915d74481cb8269a025b956eb4353e60f7fbf9643fa272701284a9,"Alcance (4/5): Alcance específico y bien delimitado para JEV-P06-010: aborda supuestos, términos y condiciones de aplicabilidad para '¿Cómo medir costo por resultado aceptado contabili...'. Evidencia (4/5): Contraste documental sólido con 6 fuentes catalogadas (SRC-0001, SRC-0029, SRC-0032, SRC-0035, SRC-0041, SRC-0046); penalizado a 4/5 por salida primaria de NotebookLM no preservada localmente. Exactitud (4/5): Contratos técnicos conformes con SDK 0.7.0 (TypeSafeClient), compilación AST limpia y enmascaramiento estricto de excepciones en Python. Utilidad (5/5): Alta transferencia operativa con directrices directas para Wheelwork y QRT ante '¿Cómo medir costo por resultado aceptado contabili...'. Validación (4/5): Protocolo formal con hipótesis falsable y umbrales cuantitativos definidos; acotado a 4/5 por validación estática sin ejecución de red. Total: 21/25."
JEV-P06-011,656ad12aabdb05c31018c4c956dac5e89695a54c7a821f13cedece0c72c17b6e,"Responder estrictamente a: ¿Qué criterios previos de aprobación, rechazo y suspensión impiden seleccionar retrospectivamente la métrica favorable?",Atribución previa rectificada; contratos de API normalizados a spec oficial,"Notebook P06 (9b87f42f-e3f9-49ca-afb4-affe7c6259da), docs.typesafe.ai, repositorios comunitarios","Remediación contractual, estandarización de contratos de API y autorrevisión",en_revision,4,4,5,5,4,Antigravity,pendiente,,7965c18b2c1761e2846b4b89bf50486ff0b1b301247bbc8d6f8457df7e4f1a56,"Alcance (4/5): Alcance específico y bien delimitado para JEV-P06-011: aborda supuestos, términos y condiciones de aplicabilidad para '¿Qué criterios previos de aprobación, rechazo y su...'. Evidencia (4/5): Contraste documental sólido con 5 fuentes catalogadas (SRC-0002, SRC-0038, SRC-0041, SRC-0046, SRC-0049); penalizado a 4/5 por salida primaria de NotebookLM no preservada localmente. Exactitud (5/5): Contratos técnicos conformes con SDK 0.7.0 (Choice/Noul), compilación AST limpia y enmascaramiento estricto de excepciones en Python. Utilidad (5/5): Alta transferencia operativa con directrices directas para Wheelwork y QRT ante '¿Qué criterios previos de aprobación, rechazo y su...'. Validación (4/5): Protocolo formal con hipótesis falsable y umbrales cuantitativos definidos; acotado a 4/5 por validación estática sin ejecución de red. Total: 22/25."
JEV-P06-012,3386359c22682b22dfe5ed361db67389c0023ef0d6e9967696c93bec1eb47726,Responder estrictamente a: ¿Cómo evaluar repetibilidad entre llamadas y estabilidad ante pequeñas reformulaciones sin confundirlas con corrección?,Atribución previa rectificada; contratos de API normalizados a spec oficial,"Notebook P06 (9b87f42f-e3f9-49ca-afb4-affe7c6259da), docs.typesafe.ai, repositorios comunitarios","Remediación contractual, estandarización de contratos de API y autorrevisión",en_revision,4,4,4,5,4,Antigravity,pendiente,,273ebfc5fe71c5da4b38946f3de131178d79b64844a6688c9ce8aa725d06db93,"Alcance (4/5): Alcance específico y bien delimitado para JEV-P06-012: aborda supuestos, términos y condiciones de aplicabilidad para '¿Cómo evaluar repetibilidad entre llamadas y estab...'. Evidencia (4/5): Contraste documental sólido con 6 fuentes catalogadas (SRC-0002, SRC-0030, SRC-0037, SRC-0046, SRC-0047, SRC-0048); penalizado a 4/5 por salida primaria de NotebookLM no preservada localmente. Exactitud (4/5): Contratos técnicos conformes con SDK 0.7.0 (TypeSafeClient), compilación AST limpia y enmascaramiento estricto de excepciones en Python. Utilidad (5/5): Alta transferencia operativa con directrices directas para Wheelwork y QRT ante '¿Cómo evaluar repetibilidad entre llamadas y estab...'. Validación (4/5): Protocolo formal con hipótesis falsable y umbrales cuantitativos definidos; acotado a 4/5 por validación estática sin ejecución de red. Total: 21/25."
JEV-P06-013,a735553219a9e94619401cca03a1074f03b53d7a0febaea4a6060e86882ae22c,"Responder estrictamente a: ¿Qué pruebas de perturbación revelan sensibilidad a distractores, orden, longitud, ortografía y evidencia contradictoria?",Atribución previa rectificada; contratos de API normalizados a spec oficial,"Notebook P06 (9b87f42f-e3f9-49ca-afb4-affe7c6259da), docs.typesafe.ai, repositorios comunitarios","Remediación contractual, estandarización de contratos de API y autorrevisión",en_revision,4,4,5,5,4,Antigravity,pendiente,,634cd0d083c505ab7c1d36f69315854bbe4f82fcdf8a44b540ac1cab178683e6,"Alcance (4/5): Alcance específico y bien delimitado para JEV-P06-013: aborda supuestos, términos y condiciones de aplicabilidad para '¿Qué pruebas de perturbación revelan sensibilidad ...'. Evidencia (4/5): Contraste documental sólido con 6 fuentes catalogadas (SRC-0001, SRC-0017, SRC-0040, SRC-0041, SRC-0046, SRC-0048); penalizado a 4/5 por salida primaria de NotebookLM no preservada localmente. Exactitud (5/5): Contratos técnicos conformes con SDK 0.7.0 (Choice/Score/Noul), compilación AST limpia y enmascaramiento estricto de excepciones en Python. Utilidad (5/5): Alta transferencia operativa con directrices directas para Wheelwork y QRT ante '¿Qué pruebas de perturbación revelan sensibilidad ...'. Validación (4/5): Protocolo formal con hipótesis falsable y umbrales cuantitativos definidos; acotado a 4/5 por validación estática sin ejecución de red. Total: 22/25."
JEV-P06-014,57085b979eff27bb4e66b10cf03ea97419947f6779791fbec4a2c6976700f39a,Responder estrictamente a: ¿Cómo diseñar un conjunto adversarial separado sin permitir que domine artificialmente la estimación del desempeño cotidiano?,Atribución previa rectificada; contratos de API normalizados a spec oficial,"Notebook P06 (9b87f42f-e3f9-49ca-afb4-affe7c6259da), docs.typesafe.ai, repositorios comunitarios","Remediación contractual, estandarización de contratos de API y autorrevisión",en_revision,4,4,5,5,4,Antigravity,pendiente,,3a9ec2226adceb666702591ce310174e1cf6914e20f8ff14140485487922183d,"Alcance (4/5): Alcance específico y bien delimitado para JEV-P06-014: aborda supuestos, términos y condiciones de aplicabilidad para '¿Cómo diseñar un conjunto adversarial separado sin...'. Evidencia (4/5): Contraste documental sólido con 6 fuentes catalogadas (SRC-0002, SRC-0040, SRC-0041, SRC-0046, SRC-0047, SRC-0048); penalizado a 4/5 por salida primaria de NotebookLM no preservada localmente. Exactitud (5/5): Contratos técnicos conformes con SDK 0.7.0 (Score), compilación AST limpia y enmascaramiento estricto de excepciones en Python. Utilidad (5/5): Alta transferencia operativa con directrices directas para Wheelwork y QRT ante '¿Cómo diseñar un conjunto adversarial separado sin...'. Validación (4/5): Protocolo formal con hipótesis falsable y umbrales cuantitativos definidos; acotado a 4/5 por validación estática sin ejecución de red. Total: 22/25."
JEV-P06-015,a013ead81c8f10a8d7e6ce2092a92fc5ba94aece7bde1253b6da4f6c4236f570,"Responder estrictamente a: ¿Qué ablaciones identifican el aporte real de Jev frente al de recuperación, preprocesamiento, rúbrica y revisión humana?",Atribución previa rectificada; contratos de API normalizados a spec oficial,"Notebook P06 (9b87f42f-e3f9-49ca-afb4-affe7c6259da), docs.typesafe.ai, repositorios comunitarios","Remediación contractual, estandarización de contratos de API y autorrevisión",en_revision,4,4,5,5,4,Antigravity,pendiente,,d75c00937e85834a6d5fc201599a0b29c3c3212b884b39c7f9c2b2da83c63789,"Alcance (4/5): Alcance específico y bien delimitado para JEV-P06-015: aborda supuestos, términos y condiciones de aplicabilidad para '¿Qué ablaciones identifican el aporte real de Jev ...'. Evidencia (4/5): Contraste documental sólido con 5 fuentes catalogadas (SRC-0001, SRC-0034, SRC-0040, SRC-0046, SRC-0048); penalizado a 4/5 por salida primaria de NotebookLM no preservada localmente. Exactitud (5/5): Contratos técnicos conformes con SDK 0.7.0 (Choice), compilación AST limpia y enmascaramiento estricto de excepciones en Python. Utilidad (5/5): Alta transferencia operativa con directrices directas para Wheelwork y QRT ante '¿Qué ablaciones identifican el aporte real de Jev ...'. Validación (4/5): Protocolo formal con hipótesis falsable y umbrales cuantitativos definidos; acotado a 4/5 por validación estática sin ejecución de red. Total: 22/25."
JEV-P06-016,14868a6980f0ed136d36481c8df62cd7c5494033e9cb36ee6c04cc7a12ddb5f0,"Responder estrictamente a: ¿Cómo auditar benchmarks publicados por el proveedor respecto de selección de tareas, jueces, costos y reproducibilidad?",Atribución previa rectificada; contratos de API normalizados a spec oficial,"Notebook P06 (9b87f42f-e3f9-49ca-afb4-affe7c6259da), docs.typesafe.ai, repositorios comunitarios","Remediación contractual, estandarización de contratos de API y autorrevisión",en_revision,4,4,4,5,4,Antigravity,pendiente,,49657bded5b25fe3303bc95e02934d7e810620eaed84a60d4ced0b68c51b181d,"Alcance (4/5): Alcance específico y bien delimitado para JEV-P06-016: aborda supuestos, términos y condiciones de aplicabilidad para '¿Cómo auditar benchmarks publicados por el proveed...'. Evidencia (4/5): Contraste documental sólido con 6 fuentes catalogadas (SRC-0001, SRC-0002, SRC-0013, SRC-0026, SRC-0030, SRC-0046); penalizado a 4/5 por salida primaria de NotebookLM no preservada localmente. Exactitud (4/5): Contratos técnicos conformes con SDK 0.7.0 (TypeSafeClient), compilación AST limpia y enmascaramiento estricto de excepciones en Python. Utilidad (5/5): Alta transferencia operativa con directrices directas para Wheelwork y QRT ante '¿Cómo auditar benchmarks publicados por el proveed...'. Validación (4/5): Protocolo formal con hipótesis falsable y umbrales cuantitativos definidos; acotado a 4/5 por validación estática sin ejecución de red. Total: 21/25."
JEV-P06-017,94d6bcfe7ee9b45f40d23fa4b781c669c8bce517c6c8ee37fc0491b48643c9b4,Responder estrictamente a: ¿Cómo controlar comparaciones múltiples y reutilización del conjunto de prueba al explorar muchas formulaciones o modelos?,Atribución previa rectificada; contratos de API normalizados a spec oficial,"Notebook P06 (9b87f42f-e3f9-49ca-afb4-affe7c6259da), docs.typesafe.ai, repositorios comunitarios","Remediación contractual, estandarización de contratos de API y autorrevisión",en_revision,4,4,5,5,4,Antigravity,pendiente,,59d8a9b07ad4dfe2fdb9003b958308bda1413d3740143f3b7c62f2cd483aef9e,"Alcance (4/5): Alcance específico y bien delimitado para JEV-P06-017: aborda supuestos, términos y condiciones de aplicabilidad para '¿Cómo controlar comparaciones múltiples y reutiliz...'. Evidencia (4/5): Contraste documental sólido con 5 fuentes catalogadas (SRC-0002, SRC-0030, SRC-0046, SRC-0047, SRC-0049); penalizado a 4/5 por salida primaria de NotebookLM no preservada localmente. Exactitud (5/5): Contratos técnicos conformes con SDK 0.7.0 (Choice), compilación AST limpia y enmascaramiento estricto de excepciones en Python. Utilidad (5/5): Alta transferencia operativa con directrices directas para Wheelwork y QRT ante '¿Cómo controlar comparaciones múltiples y reutiliz...'. Validación (4/5): Protocolo formal con hipótesis falsable y umbrales cuantitativos definidos; acotado a 4/5 por validación estática sin ejecución de red. Total: 22/25."
JEV-P06-018,08a7f596cc975df97e3ef887900e1aab17033e3a99a8de6686647993be467bc7,"Responder estrictamente a: ¿Qué configuración, versiones, datos y registros debe contener un paquete de reproducción sin exponer credenciales ni información privada?",Atribución previa rectificada; contratos de API normalizados a spec oficial,"Notebook P06 (9b87f42f-e3f9-49ca-afb4-affe7c6259da), docs.typesafe.ai, repositorios comunitarios","Remediación contractual, estandarización de contratos de API y autorrevisión",en_revision,4,4,5,5,4,Antigravity,pendiente,,18a2c665350a717aa277013e1f17f3e13f7b3be9c9f1ff071bf992d91b68925a,"Alcance (4/5): Alcance específico y bien delimitado para JEV-P06-018: aborda supuestos, términos y condiciones de aplicabilidad para '¿Qué configuración, versiones, datos y registros d...'. Evidencia (4/5): Contraste documental sólido con 5 fuentes catalogadas (SRC-0002, SRC-0038, SRC-0046, SRC-0047, SRC-0049); penalizado a 4/5 por salida primaria de NotebookLM no preservada localmente. Exactitud (5/5): Contratos técnicos conformes con SDK 0.7.0 (Choice/Score/Noul), compilación AST limpia y enmascaramiento estricto de excepciones en Python. Utilidad (5/5): Alta transferencia operativa con directrices directas para Wheelwork y QRT ante '¿Qué configuración, versiones, datos y registros d...'. Validación (4/5): Protocolo formal con hipótesis falsable y umbrales cuantitativos definidos; acotado a 4/5 por validación estática sin ejecución de red. Total: 22/25."
JEV-P06-019,9274268babe214b689b20bd70cc48236b638498c518224cb6887fe0aaf89f60d,"Responder estrictamente a: ¿Cómo interpretar un resultado inconcluso y elegir entre recolectar más datos, rediseñar la tarea o abandonar el caso?",Atribución previa rectificada; contratos de API normalizados a spec oficial,"Notebook P06 (9b87f42f-e3f9-49ca-afb4-affe7c6259da), docs.typesafe.ai, repositorios comunitarios","Remediación contractual, estandarización de contratos de API y autorrevisión",en_revision,4,4,5,5,4,Antigravity,pendiente,,dede86a590004c86b5203d320562ce1d03c4ec7db9827631fecc7f3901aff80c,"Alcance (4/5): Alcance específico y bien delimitado para JEV-P06-019: aborda supuestos, términos y condiciones de aplicabilidad para '¿Cómo interpretar un resultado inconcluso y elegir...'. Evidencia (4/5): Contraste documental sólido con 5 fuentes catalogadas (SRC-0001, SRC-0014, SRC-0046, SRC-0048, SRC-0049); penalizado a 4/5 por salida primaria de NotebookLM no preservada localmente. Exactitud (5/5): Contratos técnicos conformes con SDK 0.7.0 (Choice/Noul), compilación AST limpia y enmascaramiento estricto de excepciones en Python. Utilidad (5/5): Alta transferencia operativa con directrices directas para Wheelwork y QRT ante '¿Cómo interpretar un resultado inconcluso y elegir...'. Validación (4/5): Protocolo formal con hipótesis falsable y umbrales cuantitativos definidos; acotado a 4/5 por validación estática sin ejecución de red. Total: 22/25."
JEV-P06-020,1e65b3b2b0c33d252b80d5a4a3374652a22d13d8a34e14262ae47bb044613382,Responder estrictamente a: ¿Qué informe de evaluación permitiría a un equipo ajeno decidir si el resultado es transferible a su propio contexto?,Atribución previa rectificada; contratos de API normalizados a spec oficial,"Notebook P06 (9b87f42f-e3f9-49ca-afb4-affe7c6259da), docs.typesafe.ai, repositorios comunitarios","Remediación contractual, estandarización de contratos de API y autorrevisión",en_revision,4,4,5,5,4,Antigravity,pendiente,,d19301d691323a7f6239b7f947175ab09dd62a2b210cc8af35c98ccdee303f79,"Alcance (4/5): Alcance específico y bien delimitado para JEV-P06-020: aborda supuestos, términos y condiciones de aplicabilidad para '¿Qué informe de evaluación permitiría a un equipo ...'. Evidencia (4/5): Contraste documental sólido con 8 fuentes catalogadas (SRC-0001, SRC-0002, SRC-0005, SRC-0014, SRC-0041, SRC-0046, SRC-0047, SRC-0048); penalizado a 4/5 por salida primaria de NotebookLM no preservada localmente. Exactitud (5/5): Contratos técnicos conformes con SDK 0.7.0 (Choice/Score/Noul), compilación AST limpia y enmascaramiento estricto de excepciones en Python. Utilidad (5/5): Alta transferencia operativa con directrices directas para Wheelwork y QRT ante '¿Qué informe de evaluación permitiría a un equipo ...'. Validación (4/5): Protocolo formal con hipótesis falsable y umbrales cuantitativos definidos; acotado a 4/5 por validación estática sin ejecución de red. Total: 22/25."
JEV-P07-001,d4ea3216e058845f798a0c9517ce8a295972ea1a71dcab143524dad83423ce78,Responder estrictamente a: ¿Qué soporte lingüístico de Jev está documentado y qué evidencia específica existe sobre español y español chileno?,Atribución previa rectificada; contratos de API normalizados a spec oficial,"Notebook P07 (c4456cc0-01f4-48aa-866e-cdc1ad44cf6a), docs.typesafe.ai, repositorios comunitarios","Remediación contractual, estandarización de contratos de API y autorrevisión",en_revision,4,4,5,5,4,Antigravity,pendiente,,6bbd0f3b4234a6744ec6fb338840dc6497677140b75ecc30c40421e9c8fe92ec,"Alcance (4/5): Alcance específico y bien delimitado para JEV-P07-001: aborda supuestos, términos y condiciones de aplicabilidad para '¿Qué soporte lingüístico de Jev está documentado y...'. Evidencia (4/5): Contraste documental sólido con 6 fuentes catalogadas (SRC-0050, SRC-0051, SRC-0052, SRC-0053, SRC-0055, SRC-0056); penalizado a 4/5 por salida primaria de NotebookLM no preservada localmente. Exactitud (5/5): Contratos técnicos conformes con SDK 0.7.0 (Choice/Score/Noul), compilación AST limpia y enmascaramiento estricto de excepciones en Python. Utilidad (5/5): Alta transferencia operativa con directrices directas para Wheelwork y QRT ante '¿Qué soporte lingüístico de Jev está documentado y...'. Validación (4/5): Protocolo formal con hipótesis falsable y umbrales cuantitativos definidos; acotado a 4/5 por validación estática sin ejecución de red. Total: 22/25."
JEV-P07-002,941d16ce4f16410826bbdf53482fa315e9443e481186f9d49e625268d26303d3,Responder estrictamente a: ¿Cómo construir una evaluación en español que mida decisiones semánticas pertinentes y no solo traducción o comprensión general?,Atribución previa rectificada; contratos de API normalizados a spec oficial,"Notebook P07 (c4456cc0-01f4-48aa-866e-cdc1ad44cf6a), docs.typesafe.ai, repositorios comunitarios","Remediación contractual, estandarización de contratos de API y autorrevisión",en_revision,4,4,5,5,4,Antigravity,pendiente,,f401f3aa6fdead89bdcc7a852bd590cdbc3fcad44558464dbf8c091051fb289f,"Alcance (4/5): Alcance específico y bien delimitado para JEV-P07-002: aborda supuestos, términos y condiciones de aplicabilidad para '¿Cómo construir una evaluación en español que mida...'. Evidencia (4/5): Contraste documental sólido con 5 fuentes catalogadas (SRC-0030, SRC-0048, SRC-0050, SRC-0051, SRC-0055); penalizado a 4/5 por salida primaria de NotebookLM no preservada localmente. Exactitud (5/5): Contratos técnicos conformes con SDK 0.7.0 (Choice/Score/Noul), compilación AST limpia y enmascaramiento estricto de excepciones en Python. Utilidad (5/5): Alta transferencia operativa con directrices directas para Wheelwork y QRT ante '¿Cómo construir una evaluación en español que mida...'. Validación (4/5): Protocolo formal con hipótesis falsable y umbrales cuantitativos definidos; acotado a 4/5 por validación estática sin ejecución de red. Total: 22/25."
JEV-P07-003,53f41ea64b0451a5551e278da0588626eeea17fd254acb54f939529b4b0254fe,"Responder estrictamente a: ¿Cómo comparar entrada original, traducción previa y criterio bilingüe sin introducir diferencias de información entre condiciones?",Atribución previa rectificada; contratos de API normalizados a spec oficial,"Notebook P07 (c4456cc0-01f4-48aa-866e-cdc1ad44cf6a), docs.typesafe.ai, repositorios comunitarios","Remediación contractual, estandarización de contratos de API y autorrevisión",en_revision,4,4,5,5,4,Antigravity,pendiente,,099988ee2207d37abbf080ed3b5037566f365c613aa07ac348bfd50ec23f8c7a,"Alcance (4/5): Alcance específico y bien delimitado para JEV-P07-003: aborda supuestos, términos y condiciones de aplicabilidad para '¿Cómo comparar entrada original, traducción previa...'. Evidencia (4/5): Contraste documental sólido con 4 fuentes catalogadas (SRC-0050, SRC-0052, SRC-0054, SRC-0055); penalizado a 4/5 por salida primaria de NotebookLM no preservada localmente. Exactitud (5/5): Contratos técnicos conformes con SDK 0.7.0 (Choice/Noul), compilación AST limpia y enmascaramiento estricto de excepciones en Python. Utilidad (5/5): Alta transferencia operativa con directrices directas para Wheelwork y QRT ante '¿Cómo comparar entrada original, traducción previa...'. Validación (4/5): Protocolo formal con hipótesis falsable y umbrales cuantitativos definidos; acotado a 4/5 por validación estática sin ejecución de red. Total: 22/25."
JEV-P07-004,4addabc7541617e0e9358b7110dc6d31158c5712e5a6260ddb47ea7317b50c78,Responder estrictamente a: ¿Qué fenómenos del español chileno podrían cambiar una clasificación aunque una traducción literal parezca equivalente?,Atribución previa rectificada; contratos de API normalizados a spec oficial,"Notebook P07 (c4456cc0-01f4-48aa-866e-cdc1ad44cf6a), docs.typesafe.ai, repositorios comunitarios","Remediación contractual, estandarización de contratos de API y autorrevisión",en_revision,4,4,4,5,4,Antigravity,pendiente,,03cf8e184f22cf96f774b7fbaef1a079a1ab98f3dc544e2a65c539b1c1603e98,"Alcance (4/5): Alcance específico y bien delimitado para JEV-P07-004: aborda supuestos, términos y condiciones de aplicabilidad para '¿Qué fenómenos del español chileno podrían cambiar...'. Evidencia (4/5): Contraste documental sólido con 4 fuentes catalogadas (SRC-0050, SRC-0051, SRC-0052, SRC-0056); penalizado a 4/5 por salida primaria de NotebookLM no preservada localmente. Exactitud (4/5): Contratos técnicos conformes con SDK 0.7.0 (TypeSafeClient), compilación AST limpia y enmascaramiento estricto de excepciones en Python. Utilidad (5/5): Alta transferencia operativa con directrices directas para Wheelwork y QRT ante '¿Qué fenómenos del español chileno podrían cambiar...'. Validación (4/5): Protocolo formal con hipótesis falsable y umbrales cuantitativos definidos; acotado a 4/5 por validación estática sin ejecución de red. Total: 21/25."
JEV-P07-005,fa7d17913422d9a445c925e1fba0fdceb916c505a40bc07ca9a3fd7320e54bf6,Responder estrictamente a: ¿Cómo acordar etiquetas y revisar desacuerdos con hablantes competentes y especialistas del dominio?,Atribución previa rectificada; contratos de API normalizados a spec oficial,"Notebook P07 (c4456cc0-01f4-48aa-866e-cdc1ad44cf6a), docs.typesafe.ai, repositorios comunitarios","Remediación contractual, estandarización de contratos de API y autorrevisión",en_revision,4,4,5,5,4,Antigravity,pendiente,,faab0a0bc82e1fcbdffe8f04266f0699760c708f016b029ae443cd73dc55bbd9,"Alcance (4/5): Alcance específico y bien delimitado para JEV-P07-005: aborda supuestos, términos y condiciones de aplicabilidad para '¿Cómo acordar etiquetas y revisar desacuerdos con ...'. Evidencia (4/5): Contraste documental sólido con 4 fuentes catalogadas (SRC-0047, SRC-0048, SRC-0050, SRC-0056); penalizado a 4/5 por salida primaria de NotebookLM no preservada localmente. Exactitud (5/5): Contratos técnicos conformes con SDK 0.7.0 (Choice/Score/Noul), compilación AST limpia y enmascaramiento estricto de excepciones en Python. Utilidad (5/5): Alta transferencia operativa con directrices directas para Wheelwork y QRT ante '¿Cómo acordar etiquetas y revisar desacuerdos con ...'. Validación (4/5): Protocolo formal con hipótesis falsable y umbrales cuantitativos definidos; acotado a 4/5 por validación estática sin ejecución de red. Total: 22/25."
JEV-P07-006,ace8302a103006c31712302a75d92d08d3597fa49cca3160baf24da924a88111,"Responder estrictamente a: ¿Cómo afectan negación, doble negación y alcance de cuantificadores a decisiones sobre cumplimiento de criterios?",Atribución previa rectificada; contratos de API normalizados a spec oficial,"Notebook P07 (c4456cc0-01f4-48aa-866e-cdc1ad44cf6a), docs.typesafe.ai, repositorios comunitarios","Remediación contractual, estandarización de contratos de API y autorrevisión",en_revision,4,4,5,5,4,Antigravity,pendiente,,a00adea78e7aea1c8d7a956f6bc9b5893e41612123e96a4d1a464c8f18d7250e,"Alcance (4/5): Alcance específico y bien delimitado para JEV-P07-006: aborda supuestos, términos y condiciones de aplicabilidad para '¿Cómo afectan negación, doble negación y alcance d...'. Evidencia (4/5): Contraste documental sólido con 4 fuentes catalogadas (SRC-0030, SRC-0048, SRC-0050, SRC-0055); penalizado a 4/5 por salida primaria de NotebookLM no preservada localmente. Exactitud (5/5): Contratos técnicos conformes con SDK 0.7.0 (Choice/Noul), compilación AST limpia y enmascaramiento estricto de excepciones en Python. Utilidad (5/5): Alta transferencia operativa con directrices directas para Wheelwork y QRT ante '¿Cómo afectan negación, doble negación y alcance d...'. Validación (4/5): Protocolo formal con hipótesis falsable y umbrales cuantitativos definidos; acotado a 4/5 por validación estática sin ejecución de red. Total: 22/25."
JEV-P07-007,e2a3ce243b467dc5f9574a6d60ea5625af2756a0327e7568614e8d0d1c764478,"Responder estrictamente a: ¿Qué pruebas diferencian solicitudes explícitas, cortesía indirecta, condiciones y promesas en mensajes profesionales?",Atribución previa rectificada; contratos de API normalizados a spec oficial,"Notebook P07 (c4456cc0-01f4-48aa-866e-cdc1ad44cf6a), docs.typesafe.ai, repositorios comunitarios","Remediación contractual, estandarización de contratos de API y autorrevisión",en_revision,4,4,5,5,4,Antigravity,pendiente,,39854cd0b99083c6fd0193fc1d285dfe33e04110c4b26f929a480233285095d1,"Alcance (4/5): Alcance específico y bien delimitado para JEV-P07-007: aborda supuestos, términos y condiciones de aplicabilidad para '¿Qué pruebas diferencian solicitudes explícitas, c...'. Evidencia (4/5): Contraste documental sólido con 4 fuentes catalogadas (SRC-0048, SRC-0050, SRC-0051, SRC-0056); penalizado a 4/5 por salida primaria de NotebookLM no preservada localmente. Exactitud (5/5): Contratos técnicos conformes con SDK 0.7.0 (Choice/Noul), compilación AST limpia y enmascaramiento estricto de excepciones en Python. Utilidad (5/5): Alta transferencia operativa con directrices directas para Wheelwork y QRT ante '¿Qué pruebas diferencian solicitudes explícitas, c...'. Validación (4/5): Protocolo formal con hipótesis falsable y umbrales cuantitativos definidos; acotado a 4/5 por validación estática sin ejecución de red. Total: 22/25."
JEV-P07-008,f6f02760bfbff389bfa4a400337f3cac4dec848418e0db5d1d6d0eaa7c6f221b,"Responder estrictamente a: ¿Cómo tratar ironía, sarcasmo y humor cuando el contexto no basta para establecer intención?",Atribución previa rectificada; contratos de API normalizados a spec oficial,"Notebook P07 (c4456cc0-01f4-48aa-866e-cdc1ad44cf6a), docs.typesafe.ai, repositorios comunitarios","Remediación contractual, estandarización de contratos de API y autorrevisión",en_revision,4,4,5,5,4,Antigravity,pendiente,,9dd8175d12fd5a63f0d69cd7850c1d3a66a8a0660dbdc0e98696d0ae66fd119b,"Alcance (4/5): Alcance específico y bien delimitado para JEV-P07-008: aborda supuestos, términos y condiciones de aplicabilidad para '¿Cómo tratar ironía, sarcasmo y humor cuando el co...'. Evidencia (4/5): Evidencia externa verificable basada en 3 fuentes oficiales (SRC-0030, SRC-0048, SRC-0050); reducida a 4/5 por centinela de herramienta no expuesta. Exactitud (5/5): Contratos técnicos conformes con SDK 0.7.0 (Choice/Noul), compilación AST limpia y enmascaramiento estricto de excepciones en Python. Utilidad (5/5): Alta transferencia operativa con directrices directas para Wheelwork y QRT ante '¿Cómo tratar ironía, sarcasmo y humor cuando el co...'. Validación (4/5): Protocolo formal con hipótesis falsable y umbrales cuantitativos definidos; acotado a 4/5 por validación estática sin ejecución de red. Total: 22/25."
JEV-P07-009,f788f5571ebacc7206418f907878b20248774660447498ed06e87141c9672572,"Responder estrictamente a: ¿Qué errores pueden surgir con abreviaturas, mensajes sin tildes, errores ortográficos y escritura informal?",Atribución previa rectificada; contratos de API normalizados a spec oficial,"Notebook P07 (c4456cc0-01f4-48aa-866e-cdc1ad44cf6a), docs.typesafe.ai, repositorios comunitarios","Remediación contractual, estandarización de contratos de API y autorrevisión",en_revision,4,4,4,5,4,Antigravity,pendiente,,b130116107fdd418f45e83f72fd3f6b2074fd0aa964acdc0e8360d27fd0ec580,"Alcance (4/5): Alcance específico y bien delimitado para JEV-P07-009: aborda supuestos, términos y condiciones de aplicabilidad para '¿Qué errores pueden surgir con abreviaturas, mensa...'. Evidencia (4/5): Evidencia externa verificable basada en 3 fuentes oficiales (SRC-0048, SRC-0050, SRC-0053); reducida a 4/5 por centinela de herramienta no expuesta. Exactitud (4/5): Contratos técnicos conformes con SDK 0.7.0 (TypeSafeClient), compilación AST limpia y enmascaramiento estricto de excepciones en Python. Utilidad (5/5): Alta transferencia operativa con directrices directas para Wheelwork y QRT ante '¿Qué errores pueden surgir con abreviaturas, mensa...'. Validación (4/5): Protocolo formal con hipótesis falsable y umbrales cuantitativos definidos; acotado a 4/5 por validación estática sin ejecución de red. Total: 21/25."
JEV-P07-010,2e4603698ea2114973e2e8aaad9551d2d9dd0b23bac583e5ffb155313178d61e,"Responder estrictamente a: ¿Cómo evaluar mezcla de inglés y español en documentación de software, investigación cuantitativa y selección de talento?",Atribución previa rectificada; contratos de API normalizados a spec oficial,"Notebook P07 (c4456cc0-01f4-48aa-866e-cdc1ad44cf6a), docs.typesafe.ai, repositorios comunitarios","Remediación contractual, estandarización de contratos de API y autorrevisión",en_revision,4,4,5,5,4,Antigravity,pendiente,,a0ebf7b02a7a619a5bf8f589bf3a498674fdf7290aa85ea2391eeb035febc8f4,"Alcance (4/5): Alcance específico y bien delimitado para JEV-P07-010: aborda supuestos, términos y condiciones de aplicabilidad para '¿Cómo evaluar mezcla de inglés y español en docume...'. Evidencia (4/5): Contraste documental sólido con 4 fuentes catalogadas (SRC-0050, SRC-0053, SRC-0054, SRC-0056); penalizado a 4/5 por salida primaria de NotebookLM no preservada localmente. Exactitud (5/5): Contratos técnicos conformes con SDK 0.7.0 (Choice/Noul), compilación AST limpia y enmascaramiento estricto de excepciones en Python. Utilidad (5/5): Alta transferencia operativa con directrices directas para Wheelwork y QRT ante '¿Cómo evaluar mezcla de inglés y español en docume...'. Validación (4/5): Protocolo formal con hipótesis falsable y umbrales cuantitativos definidos; acotado a 4/5 por validación estática sin ejecución de red. Total: 22/25."
JEV-P07-011,dc2257f89553a02842fef54c8ea3cd9a9c92ec61a085c6cd2a329c34d4fb3cf2,Responder estrictamente a: ¿Qué glosarios sectoriales ayudarían a resolver palabras polisémicas sin sesgar todos los casos hacia una interpretación?,Atribución previa rectificada; contratos de API normalizados a spec oficial,"Notebook P07 (c4456cc0-01f4-48aa-866e-cdc1ad44cf6a), docs.typesafe.ai, repositorios comunitarios","Remediación contractual, estandarización de contratos de API y autorrevisión",en_revision,4,4,5,5,4,Antigravity,pendiente,,e406ee8c306cfd0e628bdfe7c0b987e232883b4fe91953c183c4314c2d1d6bec,"Alcance (4/5): Alcance específico y bien delimitado para JEV-P07-011: aborda supuestos, términos y condiciones de aplicabilidad para '¿Qué glosarios sectoriales ayudarían a resolver pa...'. Evidencia (4/5): Contraste documental sólido con 4 fuentes catalogadas (SRC-0048, SRC-0050, SRC-0053, SRC-0056); penalizado a 4/5 por salida primaria de NotebookLM no preservada localmente. Exactitud (5/5): Contratos técnicos conformes con SDK 0.7.0 (Choice), compilación AST limpia y enmascaramiento estricto de excepciones en Python. Utilidad (5/5): Alta transferencia operativa con directrices directas para Wheelwork y QRT ante '¿Qué glosarios sectoriales ayudarían a resolver pa...'. Validación (4/5): Protocolo formal con hipótesis falsable y umbrales cuantitativos definidos; acotado a 4/5 por validación estática sin ejecución de red. Total: 22/25."
JEV-P07-012,e45c23a8ce07ccea82b4127da38e2ef37d9dedd6a70d42ff3c85b46892daff22,Responder estrictamente a: ¿Cómo representar siglas ambiguas y nombres de herramientas cuando su significado depende del proyecto o de la fecha?,Atribución previa rectificada; contratos de API normalizados a spec oficial,"Notebook P07 (c4456cc0-01f4-48aa-866e-cdc1ad44cf6a), docs.typesafe.ai, repositorios comunitarios","Remediación contractual, estandarización de contratos de API y autorrevisión",en_revision,4,4,4,5,4,Antigravity,pendiente,,72cd36dd28a001d9695739b406ac48c5a2bb3f2a085fcf9cc2f54c667c291c9c,"Alcance (4/5): Alcance específico y bien delimitado para JEV-P07-012: aborda supuestos, términos y condiciones de aplicabilidad para '¿Cómo representar siglas ambiguas y nombres de her...'. Evidencia (4/5): Evidencia externa verificable basada en 3 fuentes oficiales (SRC-0048, SRC-0050, SRC-0056); reducida a 4/5 por centinela de herramienta no expuesta. Exactitud (4/5): Contratos técnicos conformes con SDK 0.7.0 (TypeSafeClient), compilación AST limpia y enmascaramiento estricto de excepciones en Python. Utilidad (5/5): Alta transferencia operativa con directrices directas para Wheelwork y QRT ante '¿Cómo representar siglas ambiguas y nombres de her...'. Validación (4/5): Protocolo formal con hipótesis falsable y umbrales cuantitativos definidos; acotado a 4/5 por validación estática sin ejecución de red. Total: 21/25."
JEV-P07-013,860b5a4e47c963950db78bfa9848128ebcd3af18b5bea02a5ad5293a24cf60ed,Responder estrictamente a: ¿Cómo comprobar que paráfrasis regionales conservan decisiones y que cambios semánticos pequeños sí pueden alterarlas?,Atribución previa rectificada; contratos de API normalizados a spec oficial,"Notebook P07 (c4456cc0-01f4-48aa-866e-cdc1ad44cf6a), docs.typesafe.ai, repositorios comunitarios","Remediación contractual, estandarización de contratos de API y autorrevisión",en_revision,4,4,4,5,4,Antigravity,pendiente,,faad0c3be7b1e4181933ab3c64bf2076e2122cc3e175603ed364f038e15a25a2,"Alcance (4/5): Alcance específico y bien delimitado para JEV-P07-013: aborda supuestos, términos y condiciones de aplicabilidad para '¿Cómo comprobar que paráfrasis regionales conserva...'. Evidencia (4/5): Evidencia externa verificable basada en 3 fuentes oficiales (SRC-0048, SRC-0050, SRC-0051); reducida a 4/5 por centinela de herramienta no expuesta. Exactitud (4/5): Contratos técnicos conformes con SDK 0.7.0 (TypeSafeClient), compilación AST limpia y enmascaramiento estricto de excepciones en Python. Utilidad (5/5): Alta transferencia operativa con directrices directas para Wheelwork y QRT ante '¿Cómo comprobar que paráfrasis regionales conserva...'. Validación (4/5): Protocolo formal con hipótesis falsable y umbrales cuantitativos definidos; acotado a 4/5 por validación estática sin ejecución de red. Total: 21/25."
JEV-P07-014,556adbf4a1594b3c27adfa8c3a537d3e296b6bff0d6f2f02ceed3ad705383aa6,"Responder estrictamente a: ¿Qué sesgos pueden introducir nombres, acentos transcritos o estilo socioeducativo cuando esos atributos no son pertinentes para la tarea?",Atribución previa rectificada; contratos de API normalizados a spec oficial,"Notebook P07 (c4456cc0-01f4-48aa-866e-cdc1ad44cf6a), docs.typesafe.ai, repositorios comunitarios","Remediación contractual, estandarización de contratos de API y autorrevisión",en_revision,4,4,5,5,4,Antigravity,pendiente,,b60878b1a3a7566d15fa55d6f2c9a114bfa6e117a20538389de95353e775817d,"Alcance (4/5): Alcance específico y bien delimitado para JEV-P07-014: aborda supuestos, términos y condiciones de aplicabilidad para '¿Qué sesgos pueden introducir nombres, acentos tra...'. Evidencia (4/5): Evidencia externa verificable basada en 2 fuentes oficiales (SRC-0050, SRC-0056); reducida a 4/5 por centinela de herramienta no expuesta. Exactitud (5/5): Contratos técnicos conformes con SDK 0.7.0 (Noul), compilación AST limpia y enmascaramiento estricto de excepciones en Python. Utilidad (5/5): Alta transferencia operativa con directrices directas para Wheelwork y QRT ante '¿Qué sesgos pueden introducir nombres, acentos tra...'. Validación (4/5): Protocolo formal con hipótesis falsable y umbrales cuantitativos definidos; acotado a 4/5 por validación estática sin ejecución de red. Total: 22/25."
JEV-P07-015,1eaf7953640da72be9de05195741d880808cdc917884497352aed4b233711a3f,"Responder estrictamente a: ¿Qué datasets públicos son pertinentes y qué limitaciones de licencia, dominio y variedad lingüística impiden extrapolarlos directamente?",Atribución previa rectificada; contratos de API normalizados a spec oficial,"Notebook P07 (c4456cc0-01f4-48aa-866e-cdc1ad44cf6a), docs.typesafe.ai, repositorios comunitarios","Remediación contractual, estandarización de contratos de API y autorrevisión",en_revision,4,4,5,5,4,Antigravity,pendiente,,90d525c7d7f79e95df35178e75550a91f00cd0da480680d021996398c2e8f74b,"Alcance (4/5): Alcance específico y bien delimitado para JEV-P07-015: aborda supuestos, términos y condiciones de aplicabilidad para '¿Qué datasets públicos son pertinentes y qué limit...'. Evidencia (4/5): Contraste documental sólido con 4 fuentes catalogadas (SRC-0050, SRC-0051, SRC-0053, SRC-0055); penalizado a 4/5 por salida primaria de NotebookLM no preservada localmente. Exactitud (5/5): Contratos técnicos conformes con SDK 0.7.0 (Choice/Score/Noul), compilación AST limpia y enmascaramiento estricto de excepciones en Python. Utilidad (5/5): Alta transferencia operativa con directrices directas para Wheelwork y QRT ante '¿Qué datasets públicos son pertinentes y qué limit...'. Validación (4/5): Protocolo formal con hipótesis falsable y umbrales cuantitativos definidos; acotado a 4/5 por validación estática sin ejecución de red. Total: 22/25."
JEV-P07-016,e127fb66756e8ae65abe222318cc549f250db73fc683458ba5dc740f2b85bdc1,"Responder estrictamente a: ¿Cómo preparar treinta casos sintéticos diversos, etiquetados y justificados sin confundir ese conjunto exploratorio con una validación estadística?",Atribución previa rectificada; contratos de API normalizados a spec oficial,"Notebook P07 (c4456cc0-01f4-48aa-866e-cdc1ad44cf6a), docs.typesafe.ai, repositorios comunitarios","Remediación contractual, estandarización de contratos de API y autorrevisión",en_revision,4,4,5,5,4,Antigravity,pendiente,,32808f161b0883d06d66d95711b23e627d5355e6ff5612f0feaa55828641e05d,"Alcance (4/5): Alcance específico y bien delimitado para JEV-P07-016: aborda supuestos, términos y condiciones de aplicabilidad para '¿Cómo preparar treinta casos sintéticos diversos, ...'. Evidencia (4/5): Evidencia externa verificable basada en 2 fuentes oficiales (SRC-0048, SRC-0050); reducida a 4/5 por centinela de herramienta no expuesta. Exactitud (5/5): Contratos técnicos conformes con SDK 0.7.0 (Choice/Noul), compilación AST limpia y enmascaramiento estricto de excepciones en Python. Utilidad (5/5): Alta transferencia operativa con directrices directas para Wheelwork y QRT ante '¿Cómo preparar treinta casos sintéticos diversos, ...'. Validación (4/5): Protocolo formal con hipótesis falsable y umbrales cuantitativos definidos; acotado a 4/5 por validación estática sin ejecución de red. Total: 22/25."
JEV-P07-017,6aaa3a5cd0c761bcfc873455c80e4fa9bc71f9026e77dfa14a49c48979bdefe5,Responder estrictamente a: ¿Cómo distinguir un error de OCR o transcripción de un fallo de interpretación del texto ya extraído?,Atribución previa rectificada; contratos de API normalizados a spec oficial,"Notebook P07 (c4456cc0-01f4-48aa-866e-cdc1ad44cf6a), docs.typesafe.ai, repositorios comunitarios","Remediación contractual, estandarización de contratos de API y autorrevisión",en_revision,4,4,4,5,4,Antigravity,pendiente,,2465387a96585deb8c3697e8f409735ea18473722c1e5dcdafe9de1b8fad999e,"Alcance (4/5): Alcance específico y bien delimitado para JEV-P07-017: aborda supuestos, términos y condiciones de aplicabilidad para '¿Cómo distinguir un error de OCR o transcripción d...'. Evidencia (4/5): Evidencia externa verificable basada en 3 fuentes oficiales (SRC-0048, SRC-0050, SRC-0056); reducida a 4/5 por centinela de herramienta no expuesta. Exactitud (4/5): Contratos técnicos conformes con SDK 0.7.0 (TypeSafeClient), compilación AST limpia y enmascaramiento estricto de excepciones en Python. Utilidad (5/5): Alta transferencia operativa con directrices directas para Wheelwork y QRT ante '¿Cómo distinguir un error de OCR o transcripción d...'. Validación (4/5): Protocolo formal con hipótesis falsable y umbrales cuantitativos definidos; acotado a 4/5 por validación estática sin ejecución de red. Total: 21/25."
JEV-P07-018,ac6976e1b48cedfa46399d055abf78a1f94dc9b86ca7c31a1c95a954cc4893d7,Responder estrictamente a: ¿Cuándo mantener términos originales en la salida y cuándo normalizarlos para los sistemas que consumen la decisión?,Atribución previa rectificada; contratos de API normalizados a spec oficial,"Notebook P07 (c4456cc0-01f4-48aa-866e-cdc1ad44cf6a), docs.typesafe.ai, repositorios comunitarios","Remediación contractual, estandarización de contratos de API y autorrevisión",en_revision,4,4,5,5,4,Antigravity,pendiente,,7ac3a02ae48429e06a786def64800ad0b8129f003889bf0e966d82c9f6228dbd,"Alcance (4/5): Alcance específico y bien delimitado para JEV-P07-018: aborda supuestos, términos y condiciones de aplicabilidad para '¿Cuándo mantener términos originales en la salida ...'. Evidencia (4/5): Evidencia externa verificable basada en 3 fuentes oficiales (SRC-0038, SRC-0050, SRC-0056); reducida a 4/5 por centinela de herramienta no expuesta. Exactitud (5/5): Contratos técnicos conformes con SDK 0.7.0 (Choice), compilación AST limpia y enmascaramiento estricto de excepciones en Python. Utilidad (5/5): Alta transferencia operativa con directrices directas para Wheelwork y QRT ante '¿Cuándo mantener términos originales en la salida ...'. Validación (4/5): Protocolo formal con hipótesis falsable y umbrales cuantitativos definidos; acotado a 4/5 por validación estática sin ejecución de red. Total: 22/25."
JEV-P07-019,674c664ebc0f2b12d008251ea4dc180d65317732c72e06e25bc70bbce0acd946,Responder estrictamente a: ¿Cómo definir métricas por fenómeno lingüístico y actuar si una buena media oculta fallos en instrucciones críticas?,Atribución previa rectificada; contratos de API normalizados a spec oficial,"Notebook P07 (c4456cc0-01f4-48aa-866e-cdc1ad44cf6a), docs.typesafe.ai, repositorios comunitarios","Remediación contractual, estandarización de contratos de API y autorrevisión",en_revision,4,4,5,5,4,Antigravity,pendiente,,03e4734dc3697e7aae191e2ee67bce121e855d5c574582303a1317731908ebb8,"Alcance (4/5): Alcance específico y bien delimitado para JEV-P07-019: aborda supuestos, términos y condiciones de aplicabilidad para '¿Cómo definir métricas por fenómeno lingüístico y ...'. Evidencia (4/5): Evidencia externa verificable basada en 3 fuentes oficiales (SRC-0046, SRC-0048, SRC-0050); reducida a 4/5 por centinela de herramienta no expuesta. Exactitud (5/5): Contratos técnicos conformes con SDK 0.7.0 (Noul), compilación AST limpia y enmascaramiento estricto de excepciones en Python. Utilidad (5/5): Alta transferencia operativa con directrices directas para Wheelwork y QRT ante '¿Cómo definir métricas por fenómeno lingüístico y ...'. Validación (4/5): Protocolo formal con hipótesis falsable y umbrales cuantitativos definidos; acotado a 4/5 por validación estática sin ejecución de red. Total: 22/25."
JEV-P07-020,2b75d894f9f3c5c5066d9f3f1d4972bf898e8737226ae598e0622317723c519f,"Responder estrictamente a: ¿Qué política de idioma, glosario, abstención y revisión necesita un componente compartido por QRT, Wheelwork y flujos personales?",Atribución previa rectificada; contratos de API normalizados a spec oficial,"Notebook P07 (c4456cc0-01f4-48aa-866e-cdc1ad44cf6a), docs.typesafe.ai, repositorios comunitarios","Remediación contractual, estandarización de contratos de API y autorrevisión",en_revision,4,4,4,5,4,Antigravity,pendiente,,76bd81be4e6925211d99da70ed8fc1509e5600843a4ce085acf1fd8cef606f11,"Alcance (4/5): Alcance específico y bien delimitado para JEV-P07-020: aborda supuestos, términos y condiciones de aplicabilidad para '¿Qué política de idioma, glosario, abstención y re...'. Evidencia (4/5): Contraste documental sólido con 4 fuentes catalogadas (SRC-0030, SRC-0045, SRC-0050, SRC-0056); penalizado a 4/5 por salida primaria de NotebookLM no preservada localmente. Exactitud (4/5): Contratos técnicos conformes con SDK 0.7.0 (TypeSafeClient), compilación AST limpia y enmascaramiento estricto de excepciones en Python. Utilidad (5/5): Alta transferencia operativa con directrices directas para Wheelwork y QRT ante '¿Qué política de idioma, glosario, abstención y re...'. Validación (4/5): Protocolo formal con hipótesis falsable y umbrales cuantitativos definidos; acotado a 4/5 por validación estática sin ejecución de red. Total: 21/25."
JEV-P08-001,f3dd0f5e58eb483d804aadc26e007b7988cf24fe314eff33bfbffa27d042ae7e,"Responder estrictamente a: ¿Qué decisiones debe tomar Jev y cuáles deben permanecer en código determinista, otro modelo o supervisión humana?",Texto repetitivo previo remediado con respuesta técnica específica y código verificado,"Notebook P08 (ec4c11a4-5a35-49f7-83fa-743ade425e0f), docs.typesafe.ai/patterns, scienthoon",Reconstrucción individual completa (eliminación de texto duplicado),en_revision,4,4,5,5,4,Antigravity,pendiente,,2aaf45693a90ff545355ff1579d1ccacbafde7a68bc8fe210358efe86a68ad1b,"Alcance (4/5): Alcance específico y bien delimitado para JEV-P08-001: aborda supuestos, términos y condiciones de aplicabilidad para '¿Qué decisiones debe tomar Jev y cuáles deben perm...'. Evidencia (4/5): Contraste documental sólido con 4 fuentes catalogadas (SRC-0001, SRC-0038, SRC-0059, SRC-0110); penalizado a 4/5 por salida primaria de NotebookLM no preservada localmente. Exactitud (5/5): Contratos técnicos conformes con SDK 0.7.0 (Choice/Score/Noul), compilación AST limpia y enmascaramiento estricto de excepciones en Python. Utilidad (5/5): Alta transferencia operativa con directrices directas para Wheelwork y QRT ante '¿Qué decisiones debe tomar Jev y cuáles deben perm...'. Validación (4/5): Protocolo formal con hipótesis falsable y umbrales cuantitativos definidos; acotado a 4/5 por validación estática sin ejecución de red. Total: 22/25."
JEV-P08-002,0dee4d07299c9d2a5c8630429dbf4f2652ff50102a370a1eb05df771ced9ca1c,Responder estrictamente a: ¿Qué arquitectura mínima permite introducir un juicio semántico sin rehacer el sistema completo ni convertirlo en dependencia indispensable?,Texto repetitivo previo remediado con respuesta técnica específica y código verificado,"Notebook P08 (ec4c11a4-5a35-49f7-83fa-743ade425e0f), docs.typesafe.ai/patterns, scienthoon",Reconstrucción individual completa (eliminación de texto duplicado),en_revision,4,4,5,4,4,Antigravity,pendiente,,15ae6ed0e78cc8f9c116f2174c0f594f31bb76798045498285c7549dcbb37238,"Alcance (4/5): Alcance específico y bien delimitado para JEV-P08-002: aborda supuestos, términos y condiciones de aplicabilidad para '¿Qué arquitectura mínima permite introducir un jui...'. Evidencia (4/5): Contraste documental sólido con 4 fuentes catalogadas (SRC-0002, SRC-0038, SRC-0064, SRC-0110); penalizado a 4/5 por salida primaria de NotebookLM no preservada localmente. Exactitud (5/5): Contratos técnicos conformes con SDK 0.7.0 (Noul), compilación AST limpia y enmascaramiento estricto de excepciones en Python. Utilidad (4/5): Directrices prácticas y criterios de diseño accionables para pilotos del programa respecto a '¿Qué arquitectura mínima permite introducir un jui...'. Validación (4/5): Protocolo formal con hipótesis falsable y umbrales cuantitativos definidos; acotado a 4/5 por validación estática sin ejecución de red. Total: 21/25."
JEV-P08-003,612163a8626377d60ccf57593033fff37385b00e97a29756b6ea4f55f40e6157,Responder estrictamente a: ¿Cómo diseñar una cascada que escale casos difíciles usando calidad y costo total como criterios de selección?,Texto repetitivo previo remediado con respuesta técnica específica y código verificado,"Notebook P08 (ec4c11a4-5a35-49f7-83fa-743ade425e0f), docs.typesafe.ai/patterns, scienthoon",Reconstrucción individual completa (eliminación de texto duplicado),en_revision,4,4,5,4,4,Antigravity,pendiente,,3d6a16851ffb461ffc398dee119f10fd4d6fb0507fbd7d0c520cfbbe103e87c3,"Alcance (4/5): Alcance específico y bien delimitado para JEV-P08-003: aborda supuestos, términos y condiciones de aplicabilidad para '¿Cómo diseñar una cascada que escale casos difícil...'. Evidencia (4/5): Contraste documental sólido con 5 fuentes catalogadas (SRC-0001, SRC-0003, SRC-0108, SRC-0109, SRC-0110); penalizado a 4/5 por salida primaria de NotebookLM no preservada localmente. Exactitud (5/5): Contratos técnicos conformes con SDK 0.7.0 (Choice), compilación AST limpia y enmascaramiento estricto de excepciones en Python. Utilidad (4/5): Directrices prácticas y criterios de diseño accionables para pilotos del programa respecto a '¿Cómo diseñar una cascada que escale casos difícil...'. Validación (4/5): Protocolo formal con hipótesis falsable y umbrales cuantitativos definidos; acotado a 4/5 por validación estática sin ejecución de red. Total: 21/25."
JEV-P08-004,949171f9bdf467fc593e33762a123365c9fb38a1c0659b73bb15cc3551e6ee12,"Responder estrictamente a: ¿Cómo separar recomendación, autorización y ejecución para que una salida del modelo no active por sí sola acciones sensibles?",Texto repetitivo previo remediado con respuesta técnica específica y código verificado,"Notebook P08 (ec4c11a4-5a35-49f7-83fa-743ade425e0f), docs.typesafe.ai/patterns, scienthoon",Reconstrucción individual completa (eliminación de texto duplicado),en_revision,4,4,5,4,4,Antigravity,pendiente,,a11d9d048021a862da13a98b080c06d442779d9353d9a23094ecece5025d9523,"Alcance (4/5): Alcance específico y bien delimitado para JEV-P08-004: aborda supuestos, términos y condiciones de aplicabilidad para '¿Cómo separar recomendación, autorización y ejecuc...'. Evidencia (4/5): Contraste documental sólido con 4 fuentes catalogadas (SRC-0038, SRC-0056, SRC-0089, SRC-0110); penalizado a 4/5 por salida primaria de NotebookLM no preservada localmente. Exactitud (5/5): Contratos técnicos conformes con SDK 0.7.0 (Choice), compilación AST limpia y enmascaramiento estricto de excepciones en Python. Utilidad (4/5): Directrices prácticas y criterios de diseño accionables para pilotos del programa respecto a '¿Cómo separar recomendación, autorización y ejecuc...'. Validación (4/5): Protocolo formal con hipótesis falsable y umbrales cuantitativos definidos; acotado a 4/5 por validación estática sin ejecución de red. Total: 21/25."
JEV-P08-005,69d4bc37ff730b52264b07f72c8bdeb5dc59264df6b34382a61d7ecb1718d5c6,Responder estrictamente a: ¿Qué contratos entre componentes evitan que una salida tipada pero semánticamente incorrecta se propague como dato confiable?,Texto repetitivo previo remediado con respuesta técnica específica y código verificado,"Notebook P08 (ec4c11a4-5a35-49f7-83fa-743ade425e0f), docs.typesafe.ai/patterns, scienthoon",Reconstrucción individual completa (eliminación de texto duplicado),en_revision,4,4,5,4,4,Antigravity,pendiente,,8c071c6b493f5b4a2d88ce11c7914f5903a6e94947ff5e63fb6feaa3dbd38d57,"Alcance (4/5): Alcance específico y bien delimitado para JEV-P08-005: aborda supuestos, términos y condiciones de aplicabilidad para '¿Qué contratos entre componentes evitan que una sa...'. Evidencia (4/5): Contraste documental sólido con 4 fuentes catalogadas (SRC-0002, SRC-0038, SRC-0089, SRC-0110); penalizado a 4/5 por salida primaria de NotebookLM no preservada localmente. Exactitud (5/5): Contratos técnicos conformes con SDK 0.7.0 (Choice), compilación AST limpia y enmascaramiento estricto de excepciones en Python. Utilidad (4/5): Directrices prácticas y criterios de diseño accionables para pilotos del programa respecto a '¿Qué contratos entre componentes evitan que una sa...'. Validación (4/5): Protocolo formal con hipótesis falsable y umbrales cuantitativos definidos; acotado a 4/5 por validación estática sin ejecución de red. Total: 21/25."
JEV-P08-006,ee4c0de61990ec723c2ee5b78af00a38f47622309f0757b1c76c94721e3e3022,Responder estrictamente a: ¿Cuándo conviene consultar decisiones en paralelo y cuándo la dependencia entre ellas exige una secuencia explícita?,Texto repetitivo previo remediado con respuesta técnica específica y código verificado,"Notebook P08 (ec4c11a4-5a35-49f7-83fa-743ade425e0f), docs.typesafe.ai/patterns, scienthoon",Reconstrucción individual completa (eliminación de texto duplicado),en_revision,4,4,5,4,4,Antigravity,pendiente,,a6f2a0d504bc16ca0e7c4f95823aac97910d934bf276cc33ea70941f36b4f368,"Alcance (4/5): Alcance específico y bien delimitado para JEV-P08-006: aborda supuestos, términos y condiciones de aplicabilidad para '¿Cuándo conviene consultar decisiones en paralelo ...'. Evidencia (4/5): Contraste documental sólido con 4 fuentes catalogadas (SRC-0002, SRC-0036, SRC-0039, SRC-0110); penalizado a 4/5 por salida primaria de NotebookLM no preservada localmente. Exactitud (5/5): Contratos técnicos conformes con SDK 0.7.0 (Choice/Noul), compilación AST limpia y enmascaramiento estricto de excepciones en Python. Utilidad (4/5): Directrices prácticas y criterios de diseño accionables para pilotos del programa respecto a '¿Cuándo conviene consultar decisiones en paralelo ...'. Validación (4/5): Protocolo formal con hipótesis falsable y umbrales cuantitativos definidos; acotado a 4/5 por validación estática sin ejecución de red. Total: 21/25."
JEV-P08-007,271fefd79d7c4977f857e423ea9a0e4793cdb4ad5e6341e9ed821eb5d15ba3bb,"Responder estrictamente a: ¿Cómo resolver resultados contradictorios entre Jev, un verificador y reglas de negocio sin elegir arbitrariamente el más confiado?",Texto repetitivo previo remediado con respuesta técnica específica y código verificado,"Notebook P08 (ec4c11a4-5a35-49f7-83fa-743ade425e0f), docs.typesafe.ai/patterns, scienthoon",Reconstrucción individual completa (eliminación de texto duplicado),en_revision,4,4,5,4,4,Antigravity,pendiente,,aa4ccba5ad5e99841020d00e9722723d498310eeca742cc1f3209bf9eb988149,"Alcance (4/5): Alcance específico y bien delimitado para JEV-P08-007: aborda supuestos, términos y condiciones de aplicabilidad para '¿Cómo resolver resultados contradictorios entre Je...'. Evidencia (4/5): Contraste documental sólido con 4 fuentes catalogadas (SRC-0030, SRC-0035, SRC-0045, SRC-0110); penalizado a 4/5 por salida primaria de NotebookLM no preservada localmente. Exactitud (5/5): Contratos técnicos conformes con SDK 0.7.0 (Noul), compilación AST limpia y enmascaramiento estricto de excepciones en Python. Utilidad (4/5): Directrices prácticas y criterios de diseño accionables para pilotos del programa respecto a '¿Cómo resolver resultados contradictorios entre Je...'. Validación (4/5): Protocolo formal con hipótesis falsable y umbrales cuantitativos definidos; acotado a 4/5 por validación estática sin ejecución de red. Total: 21/25."
JEV-P08-008,2f7932b3566fd690ea98afde88553bc968d99e26a7b64b842526084728120865,Responder estrictamente a: ¿Cómo estimar el error acumulado de un flujo con varias decisiones sin suponer independencia injustificada?,Texto repetitivo previo remediado con respuesta técnica específica y código verificado,"Notebook P08 (ec4c11a4-5a35-49f7-83fa-743ade425e0f), docs.typesafe.ai/patterns, scienthoon",Reconstrucción individual completa (eliminación de texto duplicado),en_revision,4,4,4,4,4,Antigravity,pendiente,,ae3e2c2519637e65ae2948c8b51f72e4e5ec93b51c8c1f115b9e1207b177bd67,"Alcance (4/5): Alcance específico y bien delimitado para JEV-P08-008: aborda supuestos, términos y condiciones de aplicabilidad para '¿Cómo estimar el error acumulado de un flujo con v...'. Evidencia (4/5): Contraste documental sólido con 4 fuentes catalogadas (SRC-0030, SRC-0036, SRC-0049, SRC-0110); penalizado a 4/5 por salida primaria de NotebookLM no preservada localmente. Exactitud (4/5): Contratos técnicos conformes con SDK 0.7.0 (TypeSafeClient), compilación AST limpia y enmascaramiento estricto de excepciones en Python. Utilidad (4/5): Directrices prácticas y criterios de diseño accionables para pilotos del programa respecto a '¿Cómo estimar el error acumulado de un flujo con v...'. Validación (4/5): Protocolo formal con hipótesis falsable y umbrales cuantitativos definidos; acotado a 4/5 por validación estática sin ejecución de red. Total: 20/25."
JEV-P08-009,f361f15a443f75feafa9545bce2052073cd1607acc3d6769ef1fdc5ef57981fd,Responder estrictamente a: ¿Qué información debe conservar un orquestador para repetir o auditar un flujo sin depender de memoria implícita del modelo?,Texto repetitivo previo remediado con respuesta técnica específica y código verificado,"Notebook P08 (ec4c11a4-5a35-49f7-83fa-743ade425e0f), docs.typesafe.ai/patterns, scienthoon",Reconstrucción individual completa (eliminación de texto duplicado),en_revision,4,4,5,4,4,Antigravity,pendiente,,fa8e036dcb83727bed8874869c4e80468d205b2b69731f1c429a8bfb55223818,"Alcance (4/5): Alcance específico y bien delimitado para JEV-P08-009: aborda supuestos, términos y condiciones de aplicabilidad para '¿Qué información debe conservar un orquestador par...'. Evidencia (4/5): Contraste documental sólido con 4 fuentes catalogadas (SRC-0002, SRC-0038, SRC-0092, SRC-0110); penalizado a 4/5 por salida primaria de NotebookLM no preservada localmente. Exactitud (5/5): Contratos técnicos conformes con SDK 0.7.0 (Choice), compilación AST limpia y enmascaramiento estricto de excepciones en Python. Utilidad (4/5): Directrices prácticas y criterios de diseño accionables para pilotos del programa respecto a '¿Qué información debe conservar un orquestador par...'. Validación (4/5): Protocolo formal con hipótesis falsable y umbrales cuantitativos definidos; acotado a 4/5 por validación estática sin ejecución de red. Total: 21/25."
JEV-P08-010,1876bfe3eccb8adda14fa0d4b65b79bc64bc543c6a5a3947cbbcadd72beffd12,"Responder estrictamente a: ¿Cómo integrar recuperación de evidencia antes del juicio y generación de explicación después, preservando citas y límites?",Texto repetitivo previo remediado con respuesta técnica específica y código verificado,"Notebook P08 (ec4c11a4-5a35-49f7-83fa-743ade425e0f), docs.typesafe.ai/patterns, scienthoon",Reconstrucción individual completa (eliminación de texto duplicado),en_revision,4,4,5,4,4,Antigravity,pendiente,,79e8895730a464b55045d7ea35ed094fef782fa960b6ced56290306d2b75669d,"Alcance (4/5): Alcance específico y bien delimitado para JEV-P08-010: aborda supuestos, términos y condiciones de aplicabilidad para '¿Cómo integrar recuperación de evidencia antes del...'. Evidencia (4/5): Contraste documental sólido con 4 fuentes catalogadas (SRC-0006, SRC-0016, SRC-0072, SRC-0110); penalizado a 4/5 por salida primaria de NotebookLM no preservada localmente. Exactitud (5/5): Contratos técnicos conformes con SDK 0.7.0 (Noul), compilación AST limpia y enmascaramiento estricto de excepciones en Python. Utilidad (4/5): Directrices prácticas y criterios de diseño accionables para pilotos del programa respecto a '¿Cómo integrar recuperación de evidencia antes del...'. Validación (4/5): Protocolo formal con hipótesis falsable y umbrales cuantitativos definidos; acotado a 4/5 por validación estática sin ejecución de red. Total: 21/25."
JEV-P08-011,d70cb1c867cd825982524405dc4668922d91f2011c801293d2a43f87aa72e3fd,Responder estrictamente a: ¿Cómo impedir ciclos de corrección infinita entre un generador y un evaluador que nunca consiguen acuerdo?,Texto repetitivo previo remediado con respuesta técnica específica y código verificado,"Notebook P08 (ec4c11a4-5a35-49f7-83fa-743ade425e0f), docs.typesafe.ai/patterns, scienthoon",Reconstrucción individual completa (eliminación de texto duplicado),en_revision,4,4,5,4,4,Antigravity,pendiente,,089e7103c154b846bbec8d28ec50004fa3c738b4bf0a85ff2930717cb9425915,"Alcance (4/5): Alcance específico y bien delimitado para JEV-P08-011: aborda supuestos, términos y condiciones de aplicabilidad para '¿Cómo impedir ciclos de corrección infinita entre ...'. Evidencia (4/5): Evidencia externa verificable basada en 3 fuentes oficiales (SRC-0016, SRC-0075, SRC-0110); reducida a 4/5 por centinela de herramienta no expuesta. Exactitud (5/5): Contratos técnicos conformes con SDK 0.7.0 (Score), compilación AST limpia y enmascaramiento estricto de excepciones en Python. Utilidad (4/5): Directrices prácticas y criterios de diseño accionables para pilotos del programa respecto a '¿Cómo impedir ciclos de corrección infinita entre ...'. Validación (4/5): Protocolo formal con hipótesis falsable y umbrales cuantitativos definidos; acotado a 4/5 por validación estática sin ejecución de red. Total: 21/25."
JEV-P08-012,c58c37a9962f107c6f329257a8c70372fdd03139d5093094c2298699a11c14e1,Responder estrictamente a: ¿Qué garantías ofrece una validación de esquema y qué verificaciones de significado deben mantenerse separadas?,Texto repetitivo previo remediado con respuesta técnica específica y código verificado,"Notebook P08 (ec4c11a4-5a35-49f7-83fa-743ade425e0f), docs.typesafe.ai/patterns, scienthoon",Reconstrucción individual completa (eliminación de texto duplicado),en_revision,4,4,4,4,4,Antigravity,pendiente,,3f53b960bd7b44871d4e010bf8cc2b5904fde39e0a9f2b9cdc82fcce048e68af,"Alcance (4/5): Alcance específico y bien delimitado para JEV-P08-012: aborda supuestos, términos y condiciones de aplicabilidad para '¿Qué garantías ofrece una validación de esquema y ...'. Evidencia (4/5): Contraste documental sólido con 4 fuentes catalogadas (SRC-0002, SRC-0038, SRC-0071, SRC-0110); penalizado a 4/5 por salida primaria de NotebookLM no preservada localmente. Exactitud (4/5): Contratos técnicos conformes con SDK 0.7.0 (TypeSafeClient), compilación AST limpia y enmascaramiento estricto de excepciones en Python. Utilidad (4/5): Directrices prácticas y criterios de diseño accionables para pilotos del programa respecto a '¿Qué garantías ofrece una validación de esquema y ...'. Validación (4/5): Protocolo formal con hipótesis falsable y umbrales cuantitativos definidos; acotado a 4/5 por validación estática sin ejecución de red. Total: 20/25."
JEV-P08-013,00ab079347fdc34a481076b1b3d976d08c1c85e81b4361d23857abec83f10e3c,Responder estrictamente a: ¿Cómo implementar conceptualmente una ruta de respaldo cuando Jev no responde sin cambiar silenciosamente el nivel de calidad prometido?,Texto repetitivo previo remediado con respuesta técnica específica y código verificado,"Notebook P08 (ec4c11a4-5a35-49f7-83fa-743ade425e0f), docs.typesafe.ai/patterns, scienthoon",Reconstrucción individual completa (eliminación de texto duplicado),en_revision,4,4,4,4,4,Antigravity,pendiente,,8d10f0169cae0b9428bf21897a18d052ec5084d7f910f21db007fb71b6143f51,"Alcance (4/5): Alcance específico y bien delimitado para JEV-P08-013: aborda supuestos, términos y condiciones de aplicabilidad para '¿Cómo implementar conceptualmente una ruta de resp...'. Evidencia (4/5): Contraste documental sólido con 4 fuentes catalogadas (SRC-0064, SRC-0091, SRC-0092, SRC-0110); penalizado a 4/5 por salida primaria de NotebookLM no preservada localmente. Exactitud (4/5): Contratos técnicos conformes con SDK 0.7.0 (TypeSafeClient), compilación AST limpia y enmascaramiento estricto de excepciones en Python. Utilidad (4/5): Directrices prácticas y criterios de diseño accionables para pilotos del programa respecto a '¿Cómo implementar conceptualmente una ruta de resp...'. Validación (4/5): Protocolo formal con hipótesis falsable y umbrales cuantitativos definidos; acotado a 4/5 por validación estática sin ejecución de red. Total: 20/25."
JEV-P08-014,2795d475a0c0f8fcb6656b511256afdeefa7735ef47aca2dbecc227363fc3672,Responder estrictamente a: ¿Cómo diseñar una cola de revisión humana que incluya contexto suficiente y devuelva correcciones aprovechables?,Texto repetitivo previo remediado con respuesta técnica específica y código verificado,"Notebook P08 (ec4c11a4-5a35-49f7-83fa-743ade425e0f), docs.typesafe.ai/patterns, scienthoon",Reconstrucción individual completa (eliminación de texto duplicado),en_revision,4,4,4,4,4,Antigravity,pendiente,,93f7d35ee58c96fac58017f5720c26f7cd2ad5ab093af5f50f8c61e3dd5458d4,"Alcance (4/5): Alcance específico y bien delimitado para JEV-P08-014: aborda supuestos, términos y condiciones de aplicabilidad para '¿Cómo diseñar una cola de revisión humana que incl...'. Evidencia (4/5): Contraste documental sólido con 4 fuentes catalogadas (SRC-0032, SRC-0045, SRC-0106, SRC-0110); penalizado a 4/5 por salida primaria de NotebookLM no preservada localmente. Exactitud (4/5): Contratos técnicos conformes con SDK 0.7.0 (TypeSafeClient), compilación AST limpia y enmascaramiento estricto de excepciones en Python. Utilidad (4/5): Directrices prácticas y criterios de diseño accionables para pilotos del programa respecto a '¿Cómo diseñar una cola de revisión humana que incl...'. Validación (4/5): Protocolo formal con hipótesis falsable y umbrales cuantitativos definidos; acotado a 4/5 por validación estática sin ejecución de red. Total: 20/25."
JEV-P08-015,5c11e878dfc3c75cab7cad319c184d453c02afdb0b48ad0ba0e692fa99cfac42,"Responder estrictamente a: ¿Cuándo resulta apropiado un procesamiento por eventos, por lotes o bajo demanda y cómo cambia la arquitectura en cada caso?",Texto repetitivo previo remediado con respuesta técnica específica y código verificado,"Notebook P08 (ec4c11a4-5a35-49f7-83fa-743ade425e0f), docs.typesafe.ai/patterns, scienthoon",Reconstrucción individual completa (eliminación de texto duplicado),en_revision,4,4,5,4,4,Antigravity,pendiente,,bc21a988221f1546a8ddc3953dab7dc79e9d1beb3858a661d8f34450696051f1,"Alcance (4/5): Alcance específico y bien delimitado para JEV-P08-015: aborda supuestos, términos y condiciones de aplicabilidad para '¿Cuándo resulta apropiado un procesamiento por eve...'. Evidencia (4/5): Contraste documental sólido con 4 fuentes catalogadas (SRC-0002, SRC-0038, SRC-0094, SRC-0110); penalizado a 4/5 por salida primaria de NotebookLM no preservada localmente. Exactitud (5/5): Contratos técnicos conformes con SDK 0.7.0 (Noul), compilación AST limpia y enmascaramiento estricto de excepciones en Python. Utilidad (4/5): Directrices prácticas y criterios de diseño accionables para pilotos del programa respecto a '¿Cuándo resulta apropiado un procesamiento por eve...'. Validación (4/5): Protocolo formal con hipótesis falsable y umbrales cuantitativos definidos; acotado a 4/5 por validación estática sin ejecución de red. Total: 21/25."
JEV-P08-016,3561cc12f84c8099ee39624e699f18cdc95c37a5eb2d19a3f5fd09e0d121c379,"Responder estrictamente a: ¿Qué claves y reglas de invalidación necesita una caché de decisiones para no reutilizar juicios con contexto, permisos o versión distintos?",Texto repetitivo previo remediado con respuesta técnica específica y código verificado,"Notebook P08 (ec4c11a4-5a35-49f7-83fa-743ade425e0f), docs.typesafe.ai/patterns, scienthoon",Reconstrucción individual completa (eliminación de texto duplicado),en_revision,4,4,4,4,4,Antigravity,pendiente,,30c3f4cfc58733925034d7cd1e09f9137fb64309e9f0edaa2a3caf5975f5687a,"Alcance (4/5): Alcance específico y bien delimitado para JEV-P08-016: aborda supuestos, términos y condiciones de aplicabilidad para '¿Qué claves y reglas de invalidación necesita una ...'. Evidencia (4/5): Contraste documental sólido con 4 fuentes catalogadas (SRC-0002, SRC-0038, SRC-0093, SRC-0110); penalizado a 4/5 por salida primaria de NotebookLM no preservada localmente. Exactitud (4/5): Contratos técnicos conformes con SDK 0.7.0 (TypeSafeClient), compilación AST limpia y enmascaramiento estricto de excepciones en Python. Utilidad (4/5): Directrices prácticas y criterios de diseño accionables para pilotos del programa respecto a '¿Qué claves y reglas de invalidación necesita una ...'. Validación (4/5): Protocolo formal con hipótesis falsable y umbrales cuantitativos definidos; acotado a 4/5 por validación estática sin ejecución de red. Total: 20/25."
JEV-P08-017,0c73ddab071a4197992778ac404cdb4c04f06b156091afc2c1609ee305fea0a8,Responder estrictamente a: ¿Cómo evaluar el aporte de Jev a un agente que utiliza herramientas sin confundir evaluación de una acción con permiso para ejecutarla?,Texto repetitivo previo remediado con respuesta técnica específica y código verificado,"Notebook P08 (ec4c11a4-5a35-49f7-83fa-743ade425e0f), docs.typesafe.ai/patterns, scienthoon",Reconstrucción individual completa (eliminación de texto duplicado),en_revision,4,4,5,4,4,Antigravity,pendiente,,cb8ceafb8b411059ebc7b5e6cd2dce9a2216c46bd44d8e2f2ac3c47c5995c7e1,"Alcance (4/5): Alcance específico y bien delimitado para JEV-P08-017: aborda supuestos, términos y condiciones de aplicabilidad para '¿Cómo evaluar el aporte de Jev a un agente que uti...'. Evidencia (4/5): Contraste documental sólido con 4 fuentes catalogadas (SRC-0008, SRC-0059, SRC-0089, SRC-0110); penalizado a 4/5 por salida primaria de NotebookLM no preservada localmente. Exactitud (5/5): Contratos técnicos conformes con SDK 0.7.0 (Choice), compilación AST limpia y enmascaramiento estricto de excepciones en Python. Utilidad (4/5): Directrices prácticas y criterios de diseño accionables para pilotos del programa respecto a '¿Cómo evaluar el aporte de Jev a un agente que uti...'. Validación (4/5): Protocolo formal con hipótesis falsable y umbrales cuantitativos definidos; acotado a 4/5 por validación estática sin ejecución de red. Total: 21/25."
JEV-P08-018,20b3aca7a1fcc47557e49453c4bff1a37d0022b2f06710214ee1fe9e4c40f6c7,"Responder estrictamente a: ¿Qué diferencias de arquitectura exigen un experimento local, un servicio interno compartido y un producto para clientes externos?",Texto repetitivo previo remediado con respuesta técnica específica y código verificado,"Notebook P08 (ec4c11a4-5a35-49f7-83fa-743ade425e0f), docs.typesafe.ai/patterns, scienthoon",Reconstrucción individual completa (eliminación de texto duplicado),en_revision,4,4,4,5,4,Antigravity,pendiente,,bcd6fdfe8d44a6336d8b661e6d0770363f510f6006e798b11a2bd857dfc98275,"Alcance (4/5): Alcance específico y bien delimitado para JEV-P08-018: aborda supuestos, términos y condiciones de aplicabilidad para '¿Qué diferencias de arquitectura exigen un experim...'. Evidencia (4/5): Contraste documental sólido con 4 fuentes catalogadas (SRC-0002, SRC-0038, SRC-0092, SRC-0110); penalizado a 4/5 por salida primaria de NotebookLM no preservada localmente. Exactitud (4/5): Contratos técnicos conformes con SDK 0.7.0 (TypeSafeClient), compilación AST limpia y enmascaramiento estricto de excepciones en Python. Utilidad (5/5): Alta transferencia operativa con directrices directas para Wheelwork y QRT ante '¿Qué diferencias de arquitectura exigen un experim...'. Validación (4/5): Protocolo formal con hipótesis falsable y umbrales cuantitativos definidos; acotado a 4/5 por validación estática sin ejecución de red. Total: 21/25."
JEV-P08-019,b2155b4fd364b3bd8c082e22fe17ff96f39d869584dde34118c32e91699ef965,"Responder estrictamente a: ¿Qué tres diagramas completos ilustran clasificación documental, revisión de evidencia y enrutamiento de trabajo, incluyendo sus fallos y controles?",Texto repetitivo previo remediado con respuesta técnica específica y código verificado,"Notebook P08 (ec4c11a4-5a35-49f7-83fa-743ade425e0f), docs.typesafe.ai/patterns, scienthoon",Reconstrucción individual completa (eliminación de texto duplicado),en_revision,4,4,5,4,4,Antigravity,pendiente,,0c9473ecbe7ea57d5f4b010e03b16c6badcf4a1c8a7d54160ead6e6c0eb8d32c,"Alcance (4/5): Alcance específico y bien delimitado para JEV-P08-019: aborda supuestos, términos y condiciones de aplicabilidad para '¿Qué tres diagramas completos ilustran clasificaci...'. Evidencia (4/5): Contraste documental sólido con 4 fuentes catalogadas (SRC-0006, SRC-0016, SRC-0038, SRC-0110); penalizado a 4/5 por salida primaria de NotebookLM no preservada localmente. Exactitud (5/5): Contratos técnicos conformes con SDK 0.7.0 (Choice/Score), compilación AST limpia y enmascaramiento estricto de excepciones en Python. Utilidad (4/5): Directrices prácticas y criterios de diseño accionables para pilotos del programa respecto a '¿Qué tres diagramas completos ilustran clasificaci...'. Validación (4/5): Protocolo formal con hipótesis falsable y umbrales cuantitativos definidos; acotado a 4/5 por validación estática sin ejecución de red. Total: 21/25."
JEV-P08-020,c212faed124cd8bd2d42fdd797751e4025c1556096d7c7aeb163616f06d25f46,Responder estrictamente a: ¿Qué criterios permiten retirar Jev de una arquitectura si su aporte neto desaparece frente a una alternativa más simple?,Texto repetitivo previo remediado con respuesta técnica específica y código verificado,"Notebook P08 (ec4c11a4-5a35-49f7-83fa-743ade425e0f), docs.typesafe.ai/patterns, scienthoon",Reconstrucción individual completa (eliminación de texto duplicado),en_revision,4,4,4,5,4,Antigravity,pendiente,,1b729e4158482ff8752e0ebff2c8d1313644271eeb789726872277bbbae16199,"Alcance (4/5): Alcance específico y bien delimitado para JEV-P08-020: aborda supuestos, términos y condiciones de aplicabilidad para '¿Qué criterios permiten retirar Jev de una arquite...'. Evidencia (4/5): Contraste documental sólido con 4 fuentes catalogadas (SRC-0009, SRC-0013, SRC-0038, SRC-0110); penalizado a 4/5 por salida primaria de NotebookLM no preservada localmente. Exactitud (4/5): Contratos técnicos conformes con SDK 0.7.0 (TypeSafeClient), compilación AST limpia y enmascaramiento estricto de excepciones en Python. Utilidad (5/5): Alta transferencia operativa con directrices directas para Wheelwork y QRT ante '¿Qué criterios permiten retirar Jev de una arquite...'. Validación (4/5): Protocolo formal con hipótesis falsable y umbrales cuantitativos definidos; acotado a 4/5 por validación estática sin ejecución de red. Total: 21/25."
JEV-P09-001,215e5836712b0472f43cd733570c9127e02cc65eef5883e1851d087ee4240810,Responder estrictamente a: ¿Cuál es la interfaz oficial disponible de Jev para la versión estudiada y qué partes del contrato pueden verificarse en documentación original?,Texto repetitivo previo remediado con especificación exacta de API y SDK tipado,"Notebook P09 (9caaa68c-dd93-4ac9-b250-ac3d4fae0bdf), docs.typesafe.ai/api, docs.typesafe.ai/sdk/python",Reconstrucción individual completa (eliminación de texto duplicado),en_revision,4,4,5,5,4,Antigravity,pendiente,,47dcb5a707345a1217876dcd844019ded5e4c93b1b07ba2e20a4c7eaf0bd8dbc,"Alcance (4/5): Alcance específico y bien delimitado para JEV-P09-001: aborda supuestos, términos y condiciones de aplicabilidad para '¿Cuál es la interfaz oficial disponible de Jev par...'. Evidencia (4/5): Contraste documental sólido con 4 fuentes catalogadas (SRC-0002, SRC-0039, SRC-0062, SRC-0111); penalizado a 4/5 por salida primaria de NotebookLM no preservada localmente. Exactitud (5/5): Contratos técnicos conformes con SDK 0.7.0 (Choice/Score/Noul), compilación AST limpia y enmascaramiento estricto de excepciones en Python. Utilidad (5/5): Alta transferencia operativa con directrices directas para Wheelwork y QRT ante '¿Cuál es la interfaz oficial disponible de Jev par...'. Validación (4/5): Protocolo formal con hipótesis falsable y umbrales cuantitativos definidos; acotado a 4/5 por validación estática sin ejecución de red. Total: 22/25."
JEV-P09-002,a20ad3d3b151c2d7f253262791ea40de502e838a52d642f9bcd22ab356d520d2,"Responder estrictamente a: ¿Qué SDKs y conectores son oficiales, comunitarios o experimentales y qué evidencia permite valorar su mantenimiento?",Texto repetitivo previo remediado con especificación exacta de API y SDK tipado,"Notebook P09 (9caaa68c-dd93-4ac9-b250-ac3d4fae0bdf), docs.typesafe.ai/api, docs.typesafe.ai/sdk/python",Reconstrucción individual completa (eliminación de texto duplicado),en_revision,4,4,5,5,4,Antigravity,pendiente,,96ea8e5666caf208958c6a0afd6fbdcabc03840ee827de3f69c9156fb5b166a1,"Alcance (4/5): Alcance específico y bien delimitado para JEV-P09-002: aborda supuestos, términos y condiciones de aplicabilidad para '¿Qué SDKs y conectores son oficiales, comunitarios...'. Evidencia (4/5): Contraste documental sólido con 4 fuentes catalogadas (SRC-0002, SRC-0062, SRC-0091, SRC-0111); penalizado a 4/5 por salida primaria de NotebookLM no preservada localmente. Exactitud (5/5): Contratos técnicos conformes con SDK 0.7.0 (Choice/RetryPolicy), compilación AST limpia y enmascaramiento estricto de excepciones en Python. Utilidad (5/5): Alta transferencia operativa con directrices directas para Wheelwork y QRT ante '¿Qué SDKs y conectores son oficiales, comunitarios...'. Validación (4/5): Protocolo formal con hipótesis falsable y umbrales cuantitativos definidos; acotado a 4/5 por validación estática sin ejecución de red. Total: 22/25."
JEV-P09-003,f38d3638d86ff4f9ac84422a9b4949f0a3805bfc3b7615b02f397670f9302938,Responder estrictamente a: ¿Cómo diferenciar el conector que consulta Gemini Notebooks del que eventualmente llama a Jev desde Antigravity?,Texto repetitivo previo remediado con especificación exacta de API y SDK tipado,"Notebook P09 (9caaa68c-dd93-4ac9-b250-ac3d4fae0bdf), docs.typesafe.ai/api, docs.typesafe.ai/sdk/python",Reconstrucción individual completa (eliminación de texto duplicado),en_revision,4,4,5,4,4,Antigravity,pendiente,,aa6ed96d2de9e42d85ae4b8ad251fd634a30e3637b24309ef0e6e0d56f2c88ce,"Alcance (4/5): Alcance específico y bien delimitado para JEV-P09-003: aborda supuestos, términos y condiciones de aplicabilidad para '¿Cómo diferenciar el conector que consulta Gemini ...'. Evidencia (4/5): Contraste documental sólido con 4 fuentes catalogadas (SRC-0002, SRC-0004, SRC-0039, SRC-0062); penalizado a 4/5 por salida primaria de NotebookLM no preservada localmente. Exactitud (5/5): Contratos técnicos conformes con SDK 0.7.0 (Noul), compilación AST limpia y enmascaramiento estricto de excepciones en Python. Utilidad (4/5): Directrices prácticas y criterios de diseño accionables para pilotos del programa respecto a '¿Cómo diferenciar el conector que consulta Gemini ...'. Validación (4/5): Protocolo formal con hipótesis falsable y umbrales cuantitativos definidos; acotado a 4/5 por validación estática sin ejecución de red. Total: 21/25."
JEV-P09-004,2a704ea613b0f12f68c45d418d10174c1767b56ae70ea7b1c46de6ce952fd39e,"Responder estrictamente a: ¿Qué capacidades concretas debe comprobar Antigravity en su conector MCP para listar, consultar y rastrear fuentes sin inventar nombres de herramientas?",Texto repetitivo previo remediado con especificación exacta de API y SDK tipado,"Notebook P09 (9caaa68c-dd93-4ac9-b250-ac3d4fae0bdf), docs.typesafe.ai/api, docs.typesafe.ai/sdk/python",Reconstrucción individual completa (eliminación de texto duplicado),en_revision,4,4,4,4,4,Antigravity,pendiente,,9efe1d100ee5979e5a27c8cb57abf355fbb7ec15d9bf0d49192daa40651bacae,"Alcance (4/5): Alcance específico y bien delimitado para JEV-P09-004: aborda supuestos, términos y condiciones de aplicabilidad para '¿Qué capacidades concretas debe comprobar Antigrav...'. Evidencia (4/5): Contraste documental sólido con 4 fuentes catalogadas (SRC-0002, SRC-0062, SRC-0091, SRC-0111); penalizado a 4/5 por salida primaria de NotebookLM no preservada localmente. Exactitud (4/5): Contratos técnicos conformes con SDK 0.7.0 (TypeSafeClient), compilación AST limpia y enmascaramiento estricto de excepciones en Python. Utilidad (4/5): Guía metodológica aplicable para decisiones arquitectónicas en torno a '¿Qué capacidades concretas debe comprobar Antigrav...'. Validación (4/5): Protocolo formal con hipótesis falsable y umbrales cuantitativos definidos; acotado a 4/5 por validación estática sin ejecución de red. Total: 20/25."
JEV-P09-005,4caefe44214c4a5aa59468818b54cc146d10d190345ca609dac10fb87efc7547,"Responder estrictamente a: ¿Qué solicitud y respuesta mínimas están documentadas, incluidos campos obligatorios, tipos, errores y referencias de versión?",Texto repetitivo previo remediado con especificación exacta de API y SDK tipado,"Notebook P09 (9caaa68c-dd93-4ac9-b250-ac3d4fae0bdf), docs.typesafe.ai/api, docs.typesafe.ai/sdk/python",Reconstrucción individual completa (eliminación de texto duplicado),en_revision,4,4,5,4,4,Antigravity,pendiente,,cd7ffa1e5cd1fb7a4a58345370ce9bb1f296fc870671f93bb74802ac1757a8a4,"Alcance (4/5): Alcance específico y bien delimitado para JEV-P09-005: aborda supuestos, términos y condiciones de aplicabilidad para '¿Qué solicitud y respuesta mínimas están documenta...'. Evidencia (4/5): Contraste documental sólido con 4 fuentes catalogadas (SRC-0002, SRC-0039, SRC-0062, SRC-0111); penalizado a 4/5 por salida primaria de NotebookLM no preservada localmente. Exactitud (5/5): Contratos técnicos conformes con SDK 0.7.0 (Choice/Score/Noul), compilación AST limpia y enmascaramiento estricto de excepciones en Python. Utilidad (4/5): Guía metodológica aplicable para decisiones arquitectónicas en torno a '¿Qué solicitud y respuesta mínimas están documenta...'. Validación (4/5): Protocolo formal con hipótesis falsable y umbrales cuantitativos definidos; acotado a 4/5 por validación estática sin ejecución de red. Total: 21/25."
JEV-P09-006,a1bfcd19ac0eb4dfd0ff70c04245721f0f75334945e8dc6d1ea7a49077475a70,"Responder estrictamente a: ¿Qué métodos de autenticación y permisos exige cada integración y cómo mantener secretos fuera de consultas, logs y documentos públicos?",Texto repetitivo previo remediado con especificación exacta de API y SDK tipado,"Notebook P09 (9caaa68c-dd93-4ac9-b250-ac3d4fae0bdf), docs.typesafe.ai/api, docs.typesafe.ai/sdk/python",Reconstrucción individual completa (eliminación de texto duplicado),en_revision,4,4,5,5,4,Antigravity,pendiente,,23ec9c0e5603c1925b6f195afe249a77efa973317b9f5242fbf0852c476fa095,"Alcance (4/5): Alcance específico y bien delimitado para JEV-P09-006: aborda supuestos, términos y condiciones de aplicabilidad para '¿Qué métodos de autenticación y permisos exige cad...'. Evidencia (4/5): Contraste documental sólido con 4 fuentes catalogadas (SRC-0002, SRC-0028, SRC-0039, SRC-0111); penalizado a 4/5 por salida primaria de NotebookLM no preservada localmente. Exactitud (5/5): Contratos técnicos conformes con SDK 0.7.0 (Choice), compilación AST limpia y enmascaramiento estricto de excepciones en Python. Utilidad (5/5): Alta transferencia operativa con directrices directas para Wheelwork y QRT ante '¿Qué métodos de autenticación y permisos exige cad...'. Validación (4/5): Protocolo formal con hipótesis falsable y umbrales cuantitativos definidos; acotado a 4/5 por validación estática sin ejecución de red. Total: 22/25."
JEV-P09-007,6856e9f75c05d62c160f0ee82ca2bf0c0eb4711ea00e163385cbce2e1f8c277d,"Responder estrictamente a: ¿Cómo elegir entre HTTP directo, SDK y MCP según simplicidad, trazabilidad, mantenimiento y necesidad real del flujo?",Texto repetitivo previo remediado con especificación exacta de API y SDK tipado,"Notebook P09 (9caaa68c-dd93-4ac9-b250-ac3d4fae0bdf), docs.typesafe.ai/api, docs.typesafe.ai/sdk/python",Reconstrucción individual completa (eliminación de texto duplicado),en_revision,4,4,4,4,4,Antigravity,pendiente,,5299d61a9f6f452fabfaa502796c9ffccf46eec1196a9998d879f22ee68c7cd4,"Alcance (4/5): Alcance específico y bien delimitado para JEV-P09-007: aborda supuestos, términos y condiciones de aplicabilidad para '¿Cómo elegir entre HTTP directo, SDK y MCP según s...'. Evidencia (4/5): Contraste documental sólido con 4 fuentes catalogadas (SRC-0002, SRC-0039, SRC-0062, SRC-0111); penalizado a 4/5 por salida primaria de NotebookLM no preservada localmente. Exactitud (4/5): Contratos técnicos conformes con SDK 0.7.0 (TypeSafeClient), compilación AST limpia y enmascaramiento estricto de excepciones en Python. Utilidad (4/5): Directrices prácticas y criterios de diseño accionables para pilotos del programa respecto a '¿Cómo elegir entre HTTP directo, SDK y MCP según s...'. Validación (4/5): Protocolo formal con hipótesis falsable y umbrales cuantitativos definidos; acotado a 4/5 por validación estática sin ejecución de red. Total: 20/25."
JEV-P09-008,665ed612038780245aeccbe62024a3393648bcd84874b3bbe1d0c9fc5255862b,Responder estrictamente a: ¿Qué compatibilidades con otros formatos de API están declaradas y cuáles solo se infieren de ejemplos o adaptadores comunitarios?,Texto repetitivo previo remediado con especificación exacta de API y SDK tipado,"Notebook P09 (9caaa68c-dd93-4ac9-b250-ac3d4fae0bdf), docs.typesafe.ai/api, docs.typesafe.ai/sdk/python",Reconstrucción individual completa (eliminación de texto duplicado),en_revision,4,4,5,4,4,Antigravity,pendiente,,63b5d00d9f2ee4b3f0186ef7ed869fe3cfb3526493b65ed9ac76fb52f181cc47,"Alcance (4/5): Alcance específico y bien delimitado para JEV-P09-008: aborda supuestos, términos y condiciones de aplicabilidad para '¿Qué compatibilidades con otros formatos de API es...'. Evidencia (4/5): Contraste documental sólido con 4 fuentes catalogadas (SRC-0002, SRC-0039, SRC-0062, SRC-0111); penalizado a 4/5 por salida primaria de NotebookLM no preservada localmente. Exactitud (5/5): Contratos técnicos conformes con SDK 0.7.0 (Choice), compilación AST limpia y enmascaramiento estricto de excepciones en Python. Utilidad (4/5): Guía metodológica aplicable para decisiones arquitectónicas en torno a '¿Qué compatibilidades con otros formatos de API es...'. Validación (4/5): Protocolo formal con hipótesis falsable y umbrales cuantitativos definidos; acotado a 4/5 por validación estática sin ejecución de red. Total: 21/25."
JEV-P09-009,569974ffe9533775fd34b22b43c13cafa26cc38d460d00db52c11986a2be8369,Responder estrictamente a: ¿Qué partes de un ejemplo de integración pueden convertirse en código verificable y cuáles deben conservarse como pseudocódigo por falta de especificación?,Texto repetitivo previo remediado con especificación exacta de API y SDK tipado,"Notebook P09 (9caaa68c-dd93-4ac9-b250-ac3d4fae0bdf), docs.typesafe.ai/api, docs.typesafe.ai/sdk/python",Reconstrucción individual completa (eliminación de texto duplicado),en_revision,4,4,5,4,4,Antigravity,pendiente,,b73e201368c52ba680df6d6de4180fe9de41b702e7334387b4645d6c38a09e92,"Alcance (4/5): Alcance específico y bien delimitado para JEV-P09-009: aborda supuestos, términos y condiciones de aplicabilidad para '¿Qué partes de un ejemplo de integración pueden co...'. Evidencia (4/5): Contraste documental sólido con 4 fuentes catalogadas (SRC-0002, SRC-0062, SRC-0091, SRC-0111); penalizado a 4/5 por salida primaria de NotebookLM no preservada localmente. Exactitud (5/5): Contratos técnicos conformes con SDK 0.7.0 (Choice/Score/Noul/RetryPolicy), compilación AST limpia y enmascaramiento estricto de excepciones en Python. Utilidad (4/5): Guía metodológica aplicable para decisiones arquitectónicas en torno a '¿Qué partes de un ejemplo de integración pueden co...'. Validación (4/5): Protocolo formal con hipótesis falsable y umbrales cuantitativos definidos; acotado a 4/5 por validación estática sin ejecución de red. Total: 21/25."
JEV-P09-010,6cea2ccecc9df84ac2cfea392b4866c09946fcc3552a60a5b7419e7fa845177f,"Responder estrictamente a: ¿Qué límites de tamaño, frecuencia, concurrencia o lotes están documentados y cómo detectar valores no publicados o cambiantes?",Texto repetitivo previo remediado con especificación exacta de API y SDK tipado,"Notebook P09 (9caaa68c-dd93-4ac9-b250-ac3d4fae0bdf), docs.typesafe.ai/api, docs.typesafe.ai/sdk/python",Reconstrucción individual completa (eliminación de texto duplicado),en_revision,4,4,5,4,4,Antigravity,pendiente,,c8fb907e1544ead75f18dcdfc8da4332cb723ee1d961416440580b2872aac666,"Alcance (4/5): Alcance específico y bien delimitado para JEV-P09-010: aborda supuestos, términos y condiciones de aplicabilidad para '¿Qué límites de tamaño, frecuencia, concurrencia o...'. Evidencia (4/5): Contraste documental sólido con 4 fuentes catalogadas (SRC-0002, SRC-0039, SRC-0062, SRC-0111); penalizado a 4/5 por salida primaria de NotebookLM no preservada localmente. Exactitud (5/5): Contratos técnicos conformes con SDK 0.7.0 (Choice), compilación AST limpia y enmascaramiento estricto de excepciones en Python. Utilidad (4/5): Guía metodológica aplicable para decisiones arquitectónicas en torno a '¿Qué límites de tamaño, frecuencia, concurrencia o...'. Validación (4/5): Protocolo formal con hipótesis falsable y umbrales cuantitativos definidos; acotado a 4/5 por validación estática sin ejecución de red. Total: 21/25."
JEV-P09-011,59c4a183c7c9948814d9aab6ba90c0f5d510ccd7987ba08a4d7c19a0c472fa73,"Responder estrictamente a: ¿Qué códigos o categorías de error permiten distinguir solicitudes inválidas, autenticación, límites y fallos temporales del servicio?",Texto repetitivo previo remediado con especificación exacta de API y SDK tipado,"Notebook P09 (9caaa68c-dd93-4ac9-b250-ac3d4fae0bdf), docs.typesafe.ai/api, docs.typesafe.ai/sdk/python",Reconstrucción individual completa (eliminación de texto duplicado),en_revision,4,4,5,5,4,Antigravity,pendiente,,abacdb95173def875f990f816ae982e055c5d227a30b7a24e57747e64e731af0,"Alcance (4/5): Alcance específico y bien delimitado para JEV-P09-011: aborda supuestos, términos y condiciones de aplicabilidad para '¿Qué códigos o categorías de error permiten distin...'. Evidencia (4/5): Contraste documental sólido con 4 fuentes catalogadas (SRC-0002, SRC-0039, SRC-0062, SRC-0111); penalizado a 4/5 por salida primaria de NotebookLM no preservada localmente. Exactitud (5/5): Contratos técnicos conformes con SDK 0.7.0 (Choice/RetryPolicy), compilación AST limpia y enmascaramiento estricto de excepciones en Python. Utilidad (5/5): Alta transferencia operativa con directrices directas para Wheelwork y QRT ante '¿Qué códigos o categorías de error permiten distin...'. Validación (4/5): Protocolo formal con hipótesis falsable y umbrales cuantitativos definidos; acotado a 4/5 por validación estática sin ejecución de red. Total: 22/25."
JEV-P09-012,a77c7274cb9b04f43d04b79dbdeddda8fc80d5753e8eae87740078ee9ab5e09c,"Responder estrictamente a: ¿Cómo integrar Jev con un automatizador si no existe un nodo nativo, y qué responsabilidades añade el adaptador propuesto?",Texto repetitivo previo remediado con especificación exacta de API y SDK tipado,"Notebook P09 (9caaa68c-dd93-4ac9-b250-ac3d4fae0bdf), docs.typesafe.ai/api, docs.typesafe.ai/sdk/python",Reconstrucción individual completa (eliminación de texto duplicado),en_revision,4,4,4,4,4,Antigravity,pendiente,,c236794689a39eeac98849ee305b499b81404fd79cf2f63214e3322d5bc1a8a9,"Alcance (4/5): Alcance específico y bien delimitado para JEV-P09-012: aborda supuestos, términos y condiciones de aplicabilidad para '¿Cómo integrar Jev con un automatizador si no exis...'. Evidencia (4/5): Contraste documental sólido con 4 fuentes catalogadas (SRC-0002, SRC-0038, SRC-0039, SRC-0062); penalizado a 4/5 por salida primaria de NotebookLM no preservada localmente. Exactitud (4/5): Contratos técnicos conformes con SDK 0.7.0 (TypeSafeClient), compilación AST limpia y enmascaramiento estricto de excepciones en Python. Utilidad (4/5): Directrices prácticas y criterios de diseño accionables para pilotos del programa respecto a '¿Cómo integrar Jev con un automatizador si no exis...'. Validación (4/5): Protocolo formal con hipótesis falsable y umbrales cuantitativos definidos; acotado a 4/5 por validación estática sin ejecución de red. Total: 20/25."
JEV-P09-013,5e1b47655ee9de6833e4914a0374133cf87c23adf5ea52b289898001ae8afdcb,"Responder estrictamente a: ¿Qué diferencias de despliegue exigirían un servicio Python, un servicio TypeScript y un flujo sin servidor, sin asumir infraestructura existente?",Texto repetitivo previo remediado con especificación exacta de API y SDK tipado,"Notebook P09 (9caaa68c-dd93-4ac9-b250-ac3d4fae0bdf), docs.typesafe.ai/api, docs.typesafe.ai/sdk/python",Reconstrucción individual completa (eliminación de texto duplicado),en_revision,4,4,5,4,4,Antigravity,pendiente,,e4d9ac67637926c119e6d3c3d6631455f78f332b5e1f429cbd52d2e47a2ff8d7,"Alcance (4/5): Alcance específico y bien delimitado para JEV-P09-013: aborda supuestos, términos y condiciones de aplicabilidad para '¿Qué diferencias de despliegue exigirían un servic...'. Evidencia (4/5): Contraste documental sólido con 4 fuentes catalogadas (SRC-0002, SRC-0039, SRC-0062, SRC-0111); penalizado a 4/5 por salida primaria de NotebookLM no preservada localmente. Exactitud (5/5): Contratos técnicos conformes con SDK 0.7.0 (Choice), compilación AST limpia y enmascaramiento estricto de excepciones en Python. Utilidad (4/5): Directrices prácticas y criterios de diseño accionables para pilotos del programa respecto a '¿Qué diferencias de despliegue exigirían un servic...'. Validación (4/5): Protocolo formal con hipótesis falsable y umbrales cuantitativos definidos; acotado a 4/5 por validación estática sin ejecución de red. Total: 21/25."
JEV-P09-014,5d4afb8ce69b8138afb128a4dc0296f1203534a4c77517e64bdcb48118d7d617,Responder estrictamente a: ¿Cómo diseñar pruebas de contrato y respuestas simuladas para desarrollar una integración antes de usar credenciales reales?,Texto repetitivo previo remediado con especificación exacta de API y SDK tipado,"Notebook P09 (9caaa68c-dd93-4ac9-b250-ac3d4fae0bdf), docs.typesafe.ai/api, docs.typesafe.ai/sdk/python",Reconstrucción individual completa (eliminación de texto duplicado),en_revision,4,4,4,5,4,Antigravity,pendiente,,4ef951c1add747b7510aaabe5076c19809d721e02a55ee6423f0d9484565e820,"Alcance (4/5): Alcance específico y bien delimitado para JEV-P09-014: aborda supuestos, términos y condiciones de aplicabilidad para '¿Cómo diseñar pruebas de contrato y respuestas sim...'. Evidencia (4/5): Contraste documental sólido con 4 fuentes catalogadas (SRC-0002, SRC-0039, SRC-0062, SRC-0111); penalizado a 4/5 por salida primaria de NotebookLM no preservada localmente. Exactitud (4/5): Contratos técnicos conformes con SDK 0.7.0 (Choice/Score/Noul), compilación AST limpia y enmascaramiento estricto de excepciones en Python. Utilidad (5/5): Alta transferencia operativa con directrices directas para Wheelwork y QRT ante '¿Cómo diseñar pruebas de contrato y respuestas sim...'. Validación (4/5): Protocolo formal con hipótesis falsable y umbrales cuantitativos definidos; acotado a 4/5 por validación estática sin ejecución de red. Total: 21/25."
JEV-P09-015,229da42e7c5ddf9fe24ad61e8e81df02d0b14842bc87981e0571de321947c07c,"Responder estrictamente a: ¿Qué datos salen del equipo en cada ruta Antigravity–MCP–NotebookLM y aplicación–Jev, y dónde están las fronteras de confianza?",Texto repetitivo previo remediado con especificación exacta de API y SDK tipado,"Notebook P09 (9caaa68c-dd93-4ac9-b250-ac3d4fae0bdf), docs.typesafe.ai/api, docs.typesafe.ai/sdk/python",Reconstrucción individual completa (eliminación de texto duplicado),en_revision,4,4,4,4,4,Antigravity,pendiente,,61b7b06a19d24baf4a3a286ed913183bc788ca9d322d71b220696e2ac1a471eb,"Alcance (4/5): Alcance específico y bien delimitado para JEV-P09-015: aborda supuestos, términos y condiciones de aplicabilidad para '¿Qué datos salen del equipo en cada ruta Antigravi...'. Evidencia (4/5): Contraste documental sólido con 4 fuentes catalogadas (SRC-0002, SRC-0028, SRC-0039, SRC-0111); penalizado a 4/5 por salida primaria de NotebookLM no preservada localmente. Exactitud (4/5): Contratos técnicos conformes con SDK 0.7.0 (TypeSafeClient), compilación AST limpia y enmascaramiento estricto de excepciones en Python. Utilidad (4/5): Directrices prácticas y criterios de diseño accionables para pilotos del programa respecto a '¿Qué datos salen del equipo en cada ruta Antigravi...'. Validación (4/5): Protocolo formal con hipótesis falsable y umbrales cuantitativos definidos; acotado a 4/5 por validación estática sin ejecución de red. Total: 20/25."
JEV-P09-016,0c6a6c2919cece1f2cf6de1a5cccb316bad9366df9ed0c7aff2f1933b4bad0f1,"Responder estrictamente a: ¿Cómo detectar respuestas truncadas, citas incompletas o resultados parciales del conector y evitar darlos por investigación completa?",Texto repetitivo previo remediado con especificación exacta de API y SDK tipado,"Notebook P09 (9caaa68c-dd93-4ac9-b250-ac3d4fae0bdf), docs.typesafe.ai/api, docs.typesafe.ai/sdk/python",Reconstrucción individual completa (eliminación de texto duplicado),en_revision,4,4,4,4,4,Antigravity,pendiente,,cd3e0b2649a6c42f6279a97ed8a7766f7141f860a18343bd0a1b7c8a8462c87d,"Alcance (4/5): Alcance específico y bien delimitado para JEV-P09-016: aborda supuestos, términos y condiciones de aplicabilidad para '¿Cómo detectar respuestas truncadas, citas incompl...'. Evidencia (4/5): Contraste documental sólido con 4 fuentes catalogadas (SRC-0002, SRC-0004, SRC-0062, SRC-0111); penalizado a 4/5 por salida primaria de NotebookLM no preservada localmente. Exactitud (4/5): Contratos técnicos conformes con SDK 0.7.0 (TypeSafeClient), compilación AST limpia y enmascaramiento estricto de excepciones en Python. Utilidad (4/5): Guía metodológica aplicable para decisiones arquitectónicas en torno a '¿Cómo detectar respuestas truncadas, citas incompl...'. Validación (4/5): Protocolo formal con hipótesis falsable y umbrales cuantitativos definidos; acotado a 4/5 por validación estática sin ejecución de red. Total: 20/25."
JEV-P09-017,51e198414ff393cd7c87221c9869ab7cc9d0f617b1cb3ea460400bed6d68260f,Responder estrictamente a: ¿Qué análisis de dependencias y licencias requiere incorporar código de un repositorio comunitario a un producto propio?,Texto repetitivo previo remediado con especificación exacta de API y SDK tipado,"Notebook P09 (9caaa68c-dd93-4ac9-b250-ac3d4fae0bdf), docs.typesafe.ai/api, docs.typesafe.ai/sdk/python",Reconstrucción individual completa (eliminación de texto duplicado),en_revision,4,4,4,5,4,Antigravity,pendiente,,1c0572c01673924a8d77491953524f974f07da2f590f248d3e403b473bca4968,"Alcance (4/5): Alcance específico y bien delimitado para JEV-P09-017: aborda supuestos, términos y condiciones de aplicabilidad para '¿Qué análisis de dependencias y licencias requiere...'. Evidencia (4/5): Contraste documental sólido con 4 fuentes catalogadas (SRC-0002, SRC-0062, SRC-0091, SRC-0111); penalizado a 4/5 por salida primaria de NotebookLM no preservada localmente. Exactitud (4/5): Contratos técnicos conformes con SDK 0.7.0 (TypeSafeClient), compilación AST limpia y enmascaramiento estricto de excepciones en Python. Utilidad (5/5): Alta transferencia operativa con directrices directas para Wheelwork y QRT ante '¿Qué análisis de dependencias y licencias requiere...'. Validación (4/5): Protocolo formal con hipótesis falsable y umbrales cuantitativos definidos; acotado a 4/5 por validación estática sin ejecución de red. Total: 21/25."
JEV-P09-018,65deec015a2d6ce2fb90be46a910141cf70aef08a94faba1ce4fc0d552e1e16d,"Responder estrictamente a: ¿Qué cambios incompatibles de SDK, API o esquema deben activar migración y reevaluación de las respuestas técnicas de esta base?",Texto repetitivo previo remediado con especificación exacta de API y SDK tipado,"Notebook P09 (9caaa68c-dd93-4ac9-b250-ac3d4fae0bdf), docs.typesafe.ai/api, docs.typesafe.ai/sdk/python",Reconstrucción individual completa (eliminación de texto duplicado),en_revision,4,4,5,4,4,Antigravity,pendiente,,ecdbd8070e89df7a1137fb724b5f2e80d4a9acaf757cb074388c223855649240,"Alcance (4/5): Alcance específico y bien delimitado para JEV-P09-018: aborda supuestos, términos y condiciones de aplicabilidad para '¿Qué cambios incompatibles de SDK, API o esquema d...'. Evidencia (4/5): Contraste documental sólido con 4 fuentes catalogadas (SRC-0002, SRC-0039, SRC-0062, SRC-0111); penalizado a 4/5 por salida primaria de NotebookLM no preservada localmente. Exactitud (5/5): Contratos técnicos conformes con SDK 0.7.0 (RetryPolicy), compilación AST limpia y enmascaramiento estricto de excepciones en Python. Utilidad (4/5): Guía metodológica aplicable para decisiones arquitectónicas en torno a '¿Qué cambios incompatibles de SDK, API o esquema d...'. Validación (4/5): Protocolo formal con hipótesis falsable y umbrales cuantitativos definidos; acotado a 4/5 por validación estática sin ejecución de red. Total: 21/25."
JEV-P09-019,aa2cb6608f3f79d0f153ea2ccd022297362297a9528a03d624bf6159670e63b5,Responder estrictamente a: ¿Cómo diseñar una interfaz interna común que permita sustituir proveedores sin ocultar diferencias de semántica ni garantías?,Texto repetitivo previo remediado con especificación exacta de API y SDK tipado,"Notebook P09 (9caaa68c-dd93-4ac9-b250-ac3d4fae0bdf), docs.typesafe.ai/api, docs.typesafe.ai/sdk/python",Reconstrucción individual completa (eliminación de texto duplicado),en_revision,4,4,5,4,4,Antigravity,pendiente,,129cde99f6c803e0f4f0c420545f4bb097a82f3e71f6c23d321357a04ad410b7,"Alcance (4/5): Alcance específico y bien delimitado para JEV-P09-019: aborda supuestos, términos y condiciones de aplicabilidad para '¿Cómo diseñar una interfaz interna común que permi...'. Evidencia (4/5): Contraste documental sólido con 4 fuentes catalogadas (SRC-0002, SRC-0038, SRC-0062, SRC-0111); penalizado a 4/5 por salida primaria de NotebookLM no preservada localmente. Exactitud (5/5): Contratos técnicos conformes con SDK 0.7.0 (Choice), compilación AST limpia y enmascaramiento estricto de excepciones en Python. Utilidad (4/5): Directrices prácticas y criterios de diseño accionables para pilotos del programa respecto a '¿Cómo diseñar una interfaz interna común que permi...'. Validación (4/5): Protocolo formal con hipótesis falsable y umbrales cuantitativos definidos; acotado a 4/5 por validación estática sin ejecución de red. Total: 21/25."
JEV-P09-020,4a163fa64732507b9dbe055b4ab2ca8bcfb296725a5658f85bf21ef2ca8a57f0,"Responder estrictamente a: ¿Qué guía de integración mínima entregaría a otro desarrollador requisitos, contratos, pruebas, observabilidad y criterios de retirada claramente verificables?",Texto repetitivo previo remediado con especificación exacta de API y SDK tipado,"Notebook P09 (9caaa68c-dd93-4ac9-b250-ac3d4fae0bdf), docs.typesafe.ai/api, docs.typesafe.ai/sdk/python",Reconstrucción individual completa (eliminación de texto duplicado),en_revision,4,4,4,5,4,Antigravity,pendiente,,b5f9c6fffcbadf0dfea4bc101e68323b1bc52876279a7f5621e82f1f9be66543,"Alcance (4/5): Alcance específico y bien delimitado para JEV-P09-020: aborda supuestos, términos y condiciones de aplicabilidad para '¿Qué guía de integración mínima entregaría a otro ...'. Evidencia (4/5): Contraste documental sólido con 4 fuentes catalogadas (SRC-0002, SRC-0039, SRC-0062, SRC-0111); penalizado a 4/5 por salida primaria de NotebookLM no preservada localmente. Exactitud (4/5): Contratos técnicos conformes con SDK 0.7.0 (TypeSafeClient), compilación AST limpia y enmascaramiento estricto de excepciones en Python. Utilidad (5/5): Alta transferencia operativa con directrices directas para Wheelwork y QRT ante '¿Qué guía de integración mínima entregaría a otro ...'. Validación (4/5): Protocolo formal con hipótesis falsable y umbrales cuantitativos definidos; acotado a 4/5 por validación estática sin ejecución de red. Total: 21/25."
JEV-P10-001,29280109760940d72a0a8c725ce751dde4eabaf9dc038f54fbe1b1ea4c0001d0,"Responder estrictamente a: ¿Qué tareas de búsqueda puede apoyar Jev según evidencia disponible y cuáles requieren índice, embeddings u otro recuperador externo?",Texto repetitivo previo remediado con benchmark empírico de ranking y cuantización,"Notebook P10 (762a1766-04d4-4a97-aad4-888b8a309c02), yodablocks/jev-orderby-bench, docs.typesafe.ai/cookbooks/rerank",Reconstrucción individual completa (eliminación de texto duplicado),en_revision,4,4,5,4,4,Antigravity,pendiente,,cbbe0fb4e5f45594460a2b2199679ecac4a76ef090777de2eada1473e8983ac1,"Alcance (4/5): Alcance específico y bien delimitado para JEV-P10-001: aborda supuestos, términos y condiciones de aplicabilidad para '¿Qué tareas de búsqueda puede apoyar Jev según evi...'. Evidencia (4/5): Contraste documental sólido con 4 fuentes catalogadas (SRC-0002, SRC-0040, SRC-0063, SRC-0112); penalizado a 4/5 por salida primaria de NotebookLM no preservada localmente. Exactitud (5/5): Contratos técnicos conformes con SDK 0.7.0 (Choice/Score), compilación AST limpia y enmascaramiento estricto de excepciones en Python. Utilidad (4/5): Directrices prácticas y criterios de diseño accionables para pilotos del programa respecto a '¿Qué tareas de búsqueda puede apoyar Jev según evi...'. Validación (4/5): Protocolo formal con hipótesis falsable y umbrales cuantitativos definidos; acotado a 4/5 por validación estática sin ejecución de red. Total: 21/25."
JEV-P10-002,43139a1c46d9a58a6f57c9a6de118120ca2663a0407978a021580ad931a3cb52,"Responder estrictamente a: ¿Cómo distinguir relevancia documental, soporte de una afirmación y credibilidad de una fuente para no usar una sola puntuación para las tres?",Texto repetitivo previo remediado con benchmark empírico de ranking y cuantización,"Notebook P10 (762a1766-04d4-4a97-aad4-888b8a309c02), yodablocks/jev-orderby-bench, docs.typesafe.ai/cookbooks/rerank",Reconstrucción individual completa (eliminación de texto duplicado),en_revision,4,4,5,4,4,Antigravity,pendiente,,6f113ed17c924470038213e39e5572d12cd7ddf4365190eeeb5116e962e9d938,"Alcance (4/5): Alcance específico y bien delimitado para JEV-P10-002: aborda supuestos, términos y condiciones de aplicabilidad para '¿Cómo distinguir relevancia documental, soporte de...'. Evidencia (4/5): Contraste documental sólido con 4 fuentes catalogadas (SRC-0002, SRC-0040, SRC-0063, SRC-0112); penalizado a 4/5 por salida primaria de NotebookLM no preservada localmente. Exactitud (5/5): Contratos técnicos conformes con SDK 0.7.0 (Choice/Score), compilación AST limpia y enmascaramiento estricto de excepciones en Python. Utilidad (4/5): Directrices prácticas y criterios de diseño accionables para pilotos del programa respecto a '¿Cómo distinguir relevancia documental, soporte de...'. Validación (4/5): Protocolo formal con hipótesis falsable y umbrales cuantitativos definidos; acotado a 4/5 por validación estática sin ejecución de red. Total: 21/25."
JEV-P10-003,d4359b61a9395ef4387c85b229c02d9c08ba1a88499c0400b8bbe320ebc30fae,Responder estrictamente a: ¿Qué evidencia específica respalda usar Jev para reranking y cómo compararla con recuperación base y rerankers especializados?,Texto repetitivo previo remediado con benchmark empírico de ranking y cuantización,"Notebook P10 (762a1766-04d4-4a97-aad4-888b8a309c02), yodablocks/jev-orderby-bench, docs.typesafe.ai/cookbooks/rerank",Reconstrucción individual completa (eliminación de texto duplicado),en_revision,4,4,5,4,4,Antigravity,pendiente,,78c0b919ec0710bbbc29c03f31af2e6efb96ba1ff0f321c3c39ec845b4d2e478,"Alcance (4/5): Alcance específico y bien delimitado para JEV-P10-003: aborda supuestos, términos y condiciones de aplicabilidad para '¿Qué evidencia específica respalda usar Jev para r...'. Evidencia (4/5): Contraste documental sólido con 4 fuentes catalogadas (SRC-0002, SRC-0040, SRC-0063, SRC-0112); penalizado a 4/5 por salida primaria de NotebookLM no preservada localmente. Exactitud (5/5): Contratos técnicos conformes con SDK 0.7.0 (Choice/Score), compilación AST limpia y enmascaramiento estricto de excepciones en Python. Utilidad (4/5): Directrices prácticas y criterios de diseño accionables para pilotos del programa respecto a '¿Qué evidencia específica respalda usar Jev para r...'. Validación (4/5): Protocolo formal con hipótesis falsable y umbrales cuantitativos definidos; acotado a 4/5 por validación estática sin ejecución de red. Total: 21/25."
JEV-P10-004,7b415cd5db6b867aa39c1bb87a08cf74a8326d5fd44b2e08323799782f2ef56e,Responder estrictamente a: ¿Cómo preservar permisos y aislamiento de corpus antes de recuperar documentos para su evaluación semántica?,Texto repetitivo previo remediado con benchmark empírico de ranking y cuantización,"Notebook P10 (762a1766-04d4-4a97-aad4-888b8a309c02), yodablocks/jev-orderby-bench, docs.typesafe.ai/cookbooks/rerank",Reconstrucción individual completa (eliminación de texto duplicado),en_revision,4,4,4,4,4,Antigravity,pendiente,,2721d17ad44cc450a16fdf5af7a319861a0b44db7e3108749412a6da2422a958,"Alcance (4/5): Alcance específico y bien delimitado para JEV-P10-004: aborda supuestos, términos y condiciones de aplicabilidad para '¿Cómo preservar permisos y aislamiento de corpus a...'. Evidencia (4/5): Contraste documental sólido con 4 fuentes catalogadas (SRC-0002, SRC-0028, SRC-0040, SRC-0112); penalizado a 4/5 por salida primaria de NotebookLM no preservada localmente. Exactitud (4/5): Contratos técnicos conformes con SDK 0.7.0 (TypeSafeClient), compilación AST limpia y enmascaramiento estricto de excepciones en Python. Utilidad (4/5): Directrices prácticas y criterios de diseño accionables para pilotos del programa respecto a '¿Cómo preservar permisos y aislamiento de corpus a...'. Validación (4/5): Protocolo formal con hipótesis falsable y umbrales cuantitativos definidos; acotado a 4/5 por validación estática sin ejecución de red. Total: 20/25."
JEV-P10-005,cd16995cac81b87da57f179cfdb7c4b374fb52d8827640ebb96c576a22771960,Responder estrictamente a: ¿Cómo comprobar que una cita respalda realmente una afirmación y no solo comparte vocabulario con ella?,Texto repetitivo previo remediado con benchmark empírico de ranking y cuantización,"Notebook P10 (762a1766-04d4-4a97-aad4-888b8a309c02), yodablocks/jev-orderby-bench, docs.typesafe.ai/cookbooks/rerank",Reconstrucción individual completa (eliminación de texto duplicado),en_revision,4,4,5,4,4,Antigravity,pendiente,,a6c42c12a8409b2ad2d1f698539aa2b61285bbcf8e19f59f626e6e54d04c47bc,"Alcance (4/5): Alcance específico y bien delimitado para JEV-P10-005: aborda supuestos, términos y condiciones de aplicabilidad para '¿Cómo comprobar que una cita respalda realmente un...'. Evidencia (4/5): Contraste documental sólido con 4 fuentes catalogadas (SRC-0002, SRC-0040, SRC-0063, SRC-0112); penalizado a 4/5 por salida primaria de NotebookLM no preservada localmente. Exactitud (5/5): Contratos técnicos conformes con SDK 0.7.0 (Choice/Noul), compilación AST limpia y enmascaramiento estricto de excepciones en Python. Utilidad (4/5): Guía metodológica aplicable para decisiones arquitectónicas en torno a '¿Cómo comprobar que una cita respalda realmente un...'. Validación (4/5): Protocolo formal con hipótesis falsable y umbrales cuantitativos definidos; acotado a 4/5 por validación estática sin ejecución de red. Total: 21/25."
JEV-P10-006,79f26ca7008f463bd1894790544e97e35838477eec53bab51e4eb65f81f28cd4,"Responder estrictamente a: ¿Qué unidad debe evaluarse —documento, sección, pasaje o afirmación— según el tipo de consulta y el costo permitido?",Texto repetitivo previo remediado con benchmark empírico de ranking y cuantización,"Notebook P10 (762a1766-04d4-4a97-aad4-888b8a309c02), yodablocks/jev-orderby-bench, docs.typesafe.ai/cookbooks/rerank",Reconstrucción individual completa (eliminación de texto duplicado),en_revision,4,4,4,5,4,Antigravity,pendiente,,78b917f771c7345375b3be893adb5e626f9974b493c14d5381ef166a1196dcd1,"Alcance (4/5): Alcance específico y bien delimitado para JEV-P10-006: aborda supuestos, términos y condiciones de aplicabilidad para '¿Qué unidad debe evaluarse —documento, sección, pa...'. Evidencia (4/5): Contraste documental sólido con 4 fuentes catalogadas (SRC-0002, SRC-0040, SRC-0063, SRC-0112); penalizado a 4/5 por salida primaria de NotebookLM no preservada localmente. Exactitud (4/5): Contratos técnicos conformes con SDK 0.7.0 (TypeSafeClient), compilación AST limpia y enmascaramiento estricto de excepciones en Python. Utilidad (5/5): Alta transferencia operativa con directrices directas para Wheelwork y QRT ante '¿Qué unidad debe evaluarse —documento, sección, pa...'. Validación (4/5): Protocolo formal con hipótesis falsable y umbrales cuantitativos definidos; acotado a 4/5 por validación estática sin ejecución de red. Total: 21/25."
JEV-P10-007,dd68317114b5275100e0882672105c2eeea4907f2e877b53489895ec35ef7b8d,Responder estrictamente a: ¿Cómo escoger cuántos candidatos recuperar y rerankear sin eliminar prematuramente evidencia importante?,Texto repetitivo previo remediado con benchmark empírico de ranking y cuantización,"Notebook P10 (762a1766-04d4-4a97-aad4-888b8a309c02), yodablocks/jev-orderby-bench, docs.typesafe.ai/cookbooks/rerank",Reconstrucción individual completa (eliminación de texto duplicado),en_revision,4,4,4,4,4,Antigravity,pendiente,,a7b6c45b3fc3009452a629464c7178225991a2797dbc32a1c68574f658bedbdc,"Alcance (4/5): Alcance específico y bien delimitado para JEV-P10-007: aborda supuestos, términos y condiciones de aplicabilidad para '¿Cómo escoger cuántos candidatos recuperar y reran...'. Evidencia (4/5): Contraste documental sólido con 4 fuentes catalogadas (SRC-0002, SRC-0040, SRC-0063, SRC-0112); penalizado a 4/5 por salida primaria de NotebookLM no preservada localmente. Exactitud (4/5): Contratos técnicos conformes con SDK 0.7.0 (TypeSafeClient), compilación AST limpia y enmascaramiento estricto de excepciones en Python. Utilidad (4/5): Directrices prácticas y criterios de diseño accionables para pilotos del programa respecto a '¿Cómo escoger cuántos candidatos recuperar y reran...'. Validación (4/5): Protocolo formal con hipótesis falsable y umbrales cuantitativos definidos; acotado a 4/5 por validación estática sin ejecución de red. Total: 20/25."
JEV-P10-008,71bf7b8ecfd6733ee9a9ad5017bb9b0348015a55ee9563de37ff60f1cfc7e37c,"Responder estrictamente a: ¿Cómo medir precisión, cobertura y ordenamiento con conjuntos de relevancia incompletos o desacuerdo entre evaluadores?",Texto repetitivo previo remediado con benchmark empírico de ranking y cuantización,"Notebook P10 (762a1766-04d4-4a97-aad4-888b8a309c02), yodablocks/jev-orderby-bench, docs.typesafe.ai/cookbooks/rerank",Reconstrucción individual completa (eliminación de texto duplicado),en_revision,4,4,4,4,4,Antigravity,pendiente,,da3b8cf5fca394e185be7ea52a6bcea4c22df67d91f6481bc5e5698f538bebf2,"Alcance (4/5): Alcance específico y bien delimitado para JEV-P10-008: aborda supuestos, términos y condiciones de aplicabilidad para '¿Cómo medir precisión, cobertura y ordenamiento co...'. Evidencia (4/5): Contraste documental sólido con 4 fuentes catalogadas (SRC-0002, SRC-0040, SRC-0063, SRC-0112); penalizado a 4/5 por salida primaria de NotebookLM no preservada localmente. Exactitud (4/5): Contratos técnicos conformes con SDK 0.7.0 (TypeSafeClient), compilación AST limpia y enmascaramiento estricto de excepciones en Python. Utilidad (4/5): Directrices prácticas y criterios de diseño accionables para pilotos del programa respecto a '¿Cómo medir precisión, cobertura y ordenamiento co...'. Validación (4/5): Protocolo formal con hipótesis falsable y umbrales cuantitativos definidos; acotado a 4/5 por validación estática sin ejecución de red. Total: 20/25."
JEV-P10-009,4b4ac5a004026cfae3f8588a95622cf12b92d1bed9527621c7de6cd17eb86293,Responder estrictamente a: ¿Cómo evaluar por separado la recuperación y la calidad de la respuesta final para identificar dónde ocurre el error?,Texto repetitivo previo remediado con benchmark empírico de ranking y cuantización,"Notebook P10 (762a1766-04d4-4a97-aad4-888b8a309c02), yodablocks/jev-orderby-bench, docs.typesafe.ai/cookbooks/rerank",Reconstrucción individual completa (eliminación de texto duplicado),en_revision,4,4,4,4,4,Antigravity,pendiente,,78763906a319d16fcd7b113cc0911951c64a50ad04de94f884b3621dd95b502c,"Alcance (4/5): Alcance específico y bien delimitado para JEV-P10-009: aborda supuestos, términos y condiciones de aplicabilidad para '¿Cómo evaluar por separado la recuperación y la ca...'. Evidencia (4/5): Contraste documental sólido con 4 fuentes catalogadas (SRC-0002, SRC-0040, SRC-0063, SRC-0112); penalizado a 4/5 por salida primaria de NotebookLM no preservada localmente. Exactitud (4/5): Contratos técnicos conformes con SDK 0.7.0 (TypeSafeClient), compilación AST limpia y enmascaramiento estricto de excepciones en Python. Utilidad (4/5): Directrices prácticas y criterios de diseño accionables para pilotos del programa respecto a '¿Cómo evaluar por separado la recuperación y la ca...'. Validación (4/5): Protocolo formal con hipótesis falsable y umbrales cuantitativos definidos; acotado a 4/5 por validación estática sin ejecución de red. Total: 20/25."
JEV-P10-010,eee018dcd774daa79fe575f2caf523cbc6b6ae07a45a64d6be2904b5363ac2c8,Responder estrictamente a: ¿Cómo tratar documentos semánticamente duplicados sin eliminar versiones que aportan cambios relevantes o procedencia distinta?,Texto repetitivo previo remediado con benchmark empírico de ranking y cuantización,"Notebook P10 (762a1766-04d4-4a97-aad4-888b8a309c02), yodablocks/jev-orderby-bench, docs.typesafe.ai/cookbooks/rerank",Reconstrucción individual completa (eliminación de texto duplicado),en_revision,4,4,4,4,4,Antigravity,pendiente,,2c87e84c8e0a0cb116bb33ec0a922e9f9d9f1e21b5f16bf6b7ae8fef4f8bcfbc,"Alcance (4/5): Alcance específico y bien delimitado para JEV-P10-010: aborda supuestos, términos y condiciones de aplicabilidad para '¿Cómo tratar documentos semánticamente duplicados ...'. Evidencia (4/5): Contraste documental sólido con 4 fuentes catalogadas (SRC-0002, SRC-0040, SRC-0063, SRC-0112); penalizado a 4/5 por salida primaria de NotebookLM no preservada localmente. Exactitud (4/5): Contratos técnicos conformes con SDK 0.7.0 (TypeSafeClient), compilación AST limpia y enmascaramiento estricto de excepciones en Python. Utilidad (4/5): Directrices prácticas y criterios de diseño accionables para pilotos del programa respecto a '¿Cómo tratar documentos semánticamente duplicados ...'. Validación (4/5): Protocolo formal con hipótesis falsable y umbrales cuantitativos definidos; acotado a 4/5 por validación estática sin ejecución de red. Total: 20/25."
JEV-P10-011,5c132f258da5f474eec486dce8304b5a054723e7d19206b40fc9e44b0db1e66d,Responder estrictamente a: ¿Cómo detectar y conservar evidencia contraria a la hipótesis del usuario en vez de optimizar solo coincidencias favorables?,Texto repetitivo previo remediado con benchmark empírico de ranking y cuantización,"Notebook P10 (762a1766-04d4-4a97-aad4-888b8a309c02), yodablocks/jev-orderby-bench, docs.typesafe.ai/cookbooks/rerank",Reconstrucción individual completa (eliminación de texto duplicado),en_revision,4,4,5,4,4,Antigravity,pendiente,,a0865c75638fff8eb51e935bf9865e070a2d75e7ace9a618f983c065649f2b24,"Alcance (4/5): Alcance específico y bien delimitado para JEV-P10-011: aborda supuestos, términos y condiciones de aplicabilidad para '¿Cómo detectar y conservar evidencia contraria a l...'. Evidencia (4/5): Contraste documental sólido con 4 fuentes catalogadas (SRC-0002, SRC-0040, SRC-0063, SRC-0112); penalizado a 4/5 por salida primaria de NotebookLM no preservada localmente. Exactitud (5/5): Contratos técnicos conformes con SDK 0.7.0 (Choice), compilación AST limpia y enmascaramiento estricto de excepciones en Python. Utilidad (4/5): Directrices prácticas y criterios de diseño accionables para pilotos del programa respecto a '¿Cómo detectar y conservar evidencia contraria a l...'. Validación (4/5): Protocolo formal con hipótesis falsable y umbrales cuantitativos definidos; acotado a 4/5 por validación estática sin ejecución de red. Total: 21/25."
JEV-P10-012,d49091383440c2d47c812a9bead44d62e21b7d5d847fa301cab70cb39068b057,Responder estrictamente a: ¿Qué estrategia resuelve consultas cuya respuesta exige combinar varias fuentes sin atribuir a una sola lo que surge de la síntesis?,Texto repetitivo previo remediado con benchmark empírico de ranking y cuantización,"Notebook P10 (762a1766-04d4-4a97-aad4-888b8a309c02), yodablocks/jev-orderby-bench, docs.typesafe.ai/cookbooks/rerank",Reconstrucción individual completa (eliminación de texto duplicado),en_revision,4,4,4,4,4,Antigravity,pendiente,,6a9bc13962c8c90fd2eb239f1876ffb355d5a187fe8b7c150ef5c90150d59847,"Alcance (4/5): Alcance específico y bien delimitado para JEV-P10-012: aborda supuestos, términos y condiciones de aplicabilidad para '¿Qué estrategia resuelve consultas cuya respuesta ...'. Evidencia (4/5): Contraste documental sólido con 4 fuentes catalogadas (SRC-0002, SRC-0040, SRC-0063, SRC-0112); penalizado a 4/5 por salida primaria de NotebookLM no preservada localmente. Exactitud (4/5): Contratos técnicos conformes con SDK 0.7.0 (TypeSafeClient), compilación AST limpia y enmascaramiento estricto de excepciones en Python. Utilidad (4/5): Guía metodológica aplicable para decisiones arquitectónicas en torno a '¿Qué estrategia resuelve consultas cuya respuesta ...'. Validación (4/5): Protocolo formal con hipótesis falsable y umbrales cuantitativos definidos; acotado a 4/5 por validación estática sin ejecución de red. Total: 20/25."
JEV-P10-013,d50833dd9cc7a91c1f4db7538c8b85b91b4880f3d2541b1f1f9bf4278b08e9d5,Responder estrictamente a: ¿Cómo incorporar fecha y versión a la recuperación para responder preguntas históricas y preguntas sobre el estado actual?,Texto repetitivo previo remediado con benchmark empírico de ranking y cuantización,"Notebook P10 (762a1766-04d4-4a97-aad4-888b8a309c02), yodablocks/jev-orderby-bench, docs.typesafe.ai/cookbooks/rerank",Reconstrucción individual completa (eliminación de texto duplicado),en_revision,4,4,4,4,4,Antigravity,pendiente,,ae4017c9d875021e5d69fcae3d6eca12a4269ce40df9acfbfa41805d4f13ffa0,"Alcance (4/5): Alcance específico y bien delimitado para JEV-P10-013: aborda supuestos, términos y condiciones de aplicabilidad para '¿Cómo incorporar fecha y versión a la recuperación...'. Evidencia (4/5): Contraste documental sólido con 4 fuentes catalogadas (SRC-0002, SRC-0040, SRC-0063, SRC-0112); penalizado a 4/5 por salida primaria de NotebookLM no preservada localmente. Exactitud (4/5): Contratos técnicos conformes con SDK 0.7.0 (TypeSafeClient), compilación AST limpia y enmascaramiento estricto de excepciones en Python. Utilidad (4/5): Directrices prácticas y criterios de diseño accionables para pilotos del programa respecto a '¿Cómo incorporar fecha y versión a la recuperación...'. Validación (4/5): Protocolo formal con hipótesis falsable y umbrales cuantitativos definidos; acotado a 4/5 por validación estática sin ejecución de red. Total: 20/25."
JEV-P10-014,e720407bfc5638b89b6b51da97d3601a3814c5220cdebde4e3bf5641d7730724,Responder estrictamente a: ¿Qué señales permiten abstenerse cuando el corpus carece de respuesta aunque existan pasajes superficialmente relevantes?,Texto repetitivo previo remediado con benchmark empírico de ranking y cuantización,"Notebook P10 (762a1766-04d4-4a97-aad4-888b8a309c02), yodablocks/jev-orderby-bench, docs.typesafe.ai/cookbooks/rerank",Reconstrucción individual completa (eliminación de texto duplicado),en_revision,4,4,5,4,4,Antigravity,pendiente,,2547eab5d32849bd77878921316ccc6f8ba7bf3c87ac2465f15a45e959dd2cfd,"Alcance (4/5): Alcance específico y bien delimitado para JEV-P10-014: aborda supuestos, términos y condiciones de aplicabilidad para '¿Qué señales permiten abstenerse cuando el corpus ...'. Evidencia (4/5): Contraste documental sólido con 4 fuentes catalogadas (SRC-0002, SRC-0040, SRC-0063, SRC-0112); penalizado a 4/5 por salida primaria de NotebookLM no preservada localmente. Exactitud (5/5): Contratos técnicos conformes con SDK 0.7.0 (Choice/Noul), compilación AST limpia y enmascaramiento estricto de excepciones en Python. Utilidad (4/5): Directrices prácticas y criterios de diseño accionables para pilotos del programa respecto a '¿Qué señales permiten abstenerse cuando el corpus ...'. Validación (4/5): Protocolo formal con hipótesis falsable y umbrales cuantitativos definidos; acotado a 4/5 por validación estática sin ejecución de red. Total: 21/25."
JEV-P10-015,412c8dc792727d9b574f4d6a36d417483937c554fd25e57e4da58bab361c4e24,Responder estrictamente a: ¿Cómo evaluar recuperación multilingüe y terminología sectorial sin traducir de manera que se pierda el significado original?,Texto repetitivo previo remediado con benchmark empírico de ranking y cuantización,"Notebook P10 (762a1766-04d4-4a97-aad4-888b8a309c02), yodablocks/jev-orderby-bench, docs.typesafe.ai/cookbooks/rerank",Reconstrucción individual completa (eliminación de texto duplicado),en_revision,4,4,5,4,4,Antigravity,pendiente,,3cc1797e80f6d4b00a54224d56463bac1c417d2e266fea20180a8d30c2237c09,"Alcance (4/5): Alcance específico y bien delimitado para JEV-P10-015: aborda supuestos, términos y condiciones de aplicabilidad para '¿Cómo evaluar recuperación multilingüe y terminolo...'. Evidencia (4/5): Contraste documental sólido con 4 fuentes catalogadas (SRC-0002, SRC-0040, SRC-0047, SRC-0112); penalizado a 4/5 por salida primaria de NotebookLM no preservada localmente. Exactitud (5/5): Contratos técnicos conformes con SDK 0.7.0 (Choice), compilación AST limpia y enmascaramiento estricto de excepciones en Python. Utilidad (4/5): Directrices prácticas y criterios de diseño accionables para pilotos del programa respecto a '¿Cómo evaluar recuperación multilingüe y terminolo...'. Validación (4/5): Protocolo formal con hipótesis falsable y umbrales cuantitativos definidos; acotado a 4/5 por validación estática sin ejecución de red. Total: 21/25."
JEV-P10-016,353c37fad2d9a9834647222b877ad2c603dc70a606b04e24de26a4a3c979c35c,"Responder estrictamente a: ¿Cómo estructurar un grafo de entidades, afirmaciones y fuentes evitando que relaciones inferidas aparezcan como hechos extraídos?",Texto repetitivo previo remediado con benchmark empírico de ranking y cuantización,"Notebook P10 (762a1766-04d4-4a97-aad4-888b8a309c02), yodablocks/jev-orderby-bench, docs.typesafe.ai/cookbooks/rerank",Reconstrucción individual completa (eliminación de texto duplicado),en_revision,4,4,5,4,4,Antigravity,pendiente,,9200a08f89f0aa4695cd3f62b80cdab60e0c3ec5aee0403e110239b3e4943681,"Alcance (4/5): Alcance específico y bien delimitado para JEV-P10-016: aborda supuestos, términos y condiciones de aplicabilidad para '¿Cómo estructurar un grafo de entidades, afirmacio...'. Evidencia (4/5): Contraste documental sólido con 4 fuentes catalogadas (SRC-0002, SRC-0040, SRC-0063, SRC-0112); penalizado a 4/5 por salida primaria de NotebookLM no preservada localmente. Exactitud (5/5): Contratos técnicos conformes con SDK 0.7.0 (Choice), compilación AST limpia y enmascaramiento estricto de excepciones en Python. Utilidad (4/5): Directrices prácticas y criterios de diseño accionables para pilotos del programa respecto a '¿Cómo estructurar un grafo de entidades, afirmacio...'. Validación (4/5): Protocolo formal con hipótesis falsable y umbrales cuantitativos definidos; acotado a 4/5 por validación estática sin ejecución de red. Total: 21/25."
JEV-P10-017,9c92281075326ca66dcf6b1d1b9f5bcec9c68ed26d96a3567dba4f6830e78dcb,"Responder estrictamente a: ¿Qué pruebas detectarían sesgo hacia fuentes extensas, populares o repetidas al seleccionar evidencia para una respuesta?",Texto repetitivo previo remediado con benchmark empírico de ranking y cuantización,"Notebook P10 (762a1766-04d4-4a97-aad4-888b8a309c02), yodablocks/jev-orderby-bench, docs.typesafe.ai/cookbooks/rerank",Reconstrucción individual completa (eliminación de texto duplicado),en_revision,4,4,5,4,4,Antigravity,pendiente,,16bfc4bafdcc79e98615904ce6b02e5fa750a41df7520bff8d88ce37c514071d,"Alcance (4/5): Alcance específico y bien delimitado para JEV-P10-017: aborda supuestos, términos y condiciones de aplicabilidad para '¿Qué pruebas detectarían sesgo hacia fuentes exten...'. Evidencia (4/5): Contraste documental sólido con 4 fuentes catalogadas (SRC-0002, SRC-0040, SRC-0063, SRC-0112); penalizado a 4/5 por salida primaria de NotebookLM no preservada localmente. Exactitud (5/5): Contratos técnicos conformes con SDK 0.7.0 (Score), compilación AST limpia y enmascaramiento estricto de excepciones en Python. Utilidad (4/5): Directrices prácticas y criterios de diseño accionables para pilotos del programa respecto a '¿Qué pruebas detectarían sesgo hacia fuentes exten...'. Validación (4/5): Protocolo formal con hipótesis falsable y umbrales cuantitativos definidos; acotado a 4/5 por validación estática sin ejecución de red. Total: 21/25."
JEV-P10-018,8378a00ca24da9a497f882c838b7e437e53450574a8d656146b3c94dd815005c,"Responder estrictamente a: ¿Cómo invalidar índices, resúmenes y decisiones de relevancia cuando una fuente cambia o deja de estar accesible?",Texto repetitivo previo remediado con benchmark empírico de ranking y cuantización,"Notebook P10 (762a1766-04d4-4a97-aad4-888b8a309c02), yodablocks/jev-orderby-bench, docs.typesafe.ai/cookbooks/rerank",Reconstrucción individual completa (eliminación de texto duplicado),en_revision,4,4,4,4,4,Antigravity,pendiente,,dc6e705c0e80d0c7ef2d1f4b98a7f5dd9daaafdfa00e342d3bb6548120425887,"Alcance (4/5): Alcance específico y bien delimitado para JEV-P10-018: aborda supuestos, términos y condiciones de aplicabilidad para '¿Cómo invalidar índices, resúmenes y decisiones de...'. Evidencia (4/5): Contraste documental sólido con 4 fuentes catalogadas (SRC-0002, SRC-0040, SRC-0063, SRC-0112); penalizado a 4/5 por salida primaria de NotebookLM no preservada localmente. Exactitud (4/5): Contratos técnicos conformes con SDK 0.7.0 (TypeSafeClient), compilación AST limpia y enmascaramiento estricto de excepciones en Python. Utilidad (4/5): Guía metodológica aplicable para decisiones arquitectónicas en torno a '¿Cómo invalidar índices, resúmenes y decisiones de...'. Validación (4/5): Protocolo formal con hipótesis falsable y umbrales cuantitativos definidos; acotado a 4/5 por validación estática sin ejecución de red. Total: 20/25."
JEV-P10-019,5f5421eeba93c9358521555dfc23d81b454480a7c60db268023a5273e633e0f2,Responder estrictamente a: ¿Qué arquitectura de consulta entre los 18 notebooks permitiría síntesis trazable sin copiar indiscriminadamente todo el corpus a cada consulta?,Texto repetitivo previo remediado con benchmark empírico de ranking y cuantización,"Notebook P10 (762a1766-04d4-4a97-aad4-888b8a309c02), yodablocks/jev-orderby-bench, docs.typesafe.ai/cookbooks/rerank",Reconstrucción individual completa (eliminación de texto duplicado),en_revision,4,4,5,5,4,Antigravity,pendiente,,86eebd683acab7c12c15584fcf228cd7e8de6dacd1fea500b078f266c83bc566,"Alcance (4/5): Alcance específico y bien delimitado para JEV-P10-019: aborda supuestos, términos y condiciones de aplicabilidad para '¿Qué arquitectura de consulta entre los 18 noteboo...'. Evidencia (4/5): Contraste documental sólido con 4 fuentes catalogadas (SRC-0002, SRC-0040, SRC-0063, SRC-0112); penalizado a 4/5 por salida primaria de NotebookLM no preservada localmente. Exactitud (5/5): Contratos técnicos conformes con SDK 0.7.0 (Choice), compilación AST limpia y enmascaramiento estricto de excepciones en Python. Utilidad (5/5): Alta transferencia operativa con directrices directas para Wheelwork y QRT ante '¿Qué arquitectura de consulta entre los 18 noteboo...'. Validación (4/5): Protocolo formal con hipótesis falsable y umbrales cuantitativos definidos; acotado a 4/5 por validación estática sin ejecución de red. Total: 22/25."
JEV-P10-020,396fdcd762bb60e0a3ac61817910999c5e96f90d071dac86dfad7c71bbff7dc1,Responder estrictamente a: ¿Qué piloto de búsqueda sobre documentación pública mediría valor incremental de Jev y establecería condiciones para mantenerlo o retirarlo?,Texto repetitivo previo remediado con benchmark empírico de ranking y cuantización,"Notebook P10 (762a1766-04d4-4a97-aad4-888b8a309c02), yodablocks/jev-orderby-bench, docs.typesafe.ai/cookbooks/rerank",Reconstrucción individual completa (eliminación de texto duplicado),en_revision,4,4,4,4,4,Antigravity,pendiente,,66738331e5266ac0e3a68cb8db12a0641d0054948a931a1fa3b7e2130b561036,"Alcance (4/5): Alcance específico y bien delimitado para JEV-P10-020: aborda supuestos, términos y condiciones de aplicabilidad para '¿Qué piloto de búsqueda sobre documentación públic...'. Evidencia (4/5): Contraste documental sólido con 4 fuentes catalogadas (SRC-0002, SRC-0040, SRC-0063, SRC-0112); penalizado a 4/5 por salida primaria de NotebookLM no preservada localmente. Exactitud (4/5): Contratos técnicos conformes con SDK 0.7.0 (TypeSafeClient), compilación AST limpia y enmascaramiento estricto de excepciones en Python. Utilidad (4/5): Directrices prácticas y criterios de diseño accionables para pilotos del programa respecto a '¿Qué piloto de búsqueda sobre documentación públic...'. Validación (4/5): Protocolo formal con hipótesis falsable y umbrales cuantitativos definidos; acotado a 4/5 por validación estática sin ejecución de red. Total: 20/25."
JEV-P11-001,f43c2b589d1bbf64b08d72a7eafe1bad28dcee0fde1cfcee95e6570f88e8ffd7,"Responder estrictamente a: ¿Qué activos, actores, entradas y fronteras de confianza define el modelo de amenazas de una integración de Jev?",Texto repetitivo previo remediado con arquitectura de guardrail y sanitización determinista,"Notebook P11 (703b4f94-7e0f-46e4-8fa1-7df6cb846fa0), docs.typesafe.ai/cookbooks/llm_guardrails",Reconstrucción individual completa (eliminación de texto duplicado),en_revision,4,4,5,5,4,Antigravity,pendiente,,340d69ee397ef99464c73ee3ecf3e804dde9cc5ed95ab1477412f3cbdea76e3a,"Alcance (4/5): Alcance específico y bien delimitado para JEV-P11-001: aborda supuestos, términos y condiciones de aplicabilidad para '¿Qué activos, actores, entradas y fronteras de con...'. Evidencia (4/5): Contraste documental sólido con 4 fuentes catalogadas (SRC-0002, SRC-0028, SRC-0041, SRC-0113); penalizado a 4/5 por salida primaria de NotebookLM no preservada localmente. Exactitud (5/5): Contratos técnicos conformes con SDK 0.7.0 (Choice/Noul), compilación AST limpia y enmascaramiento estricto de excepciones en Python. Utilidad (5/5): Alta transferencia operativa con directrices directas para Wheelwork y QRT ante '¿Qué activos, actores, entradas y fronteras de con...'. Validación (4/5): Protocolo formal con hipótesis falsable y umbrales cuantitativos definidos; acotado a 4/5 por validación estática sin ejecución de red. Total: 22/25."
JEV-P11-002,be7ca24734d2b2f0304913a3bd1a30378841caeaf24f803e11ba60d21ea76304,Responder estrictamente a: ¿Qué ataques documentados contra clasificadores o verificadores son pertinentes y cuáles todavía son hipótesis no comprobadas para Jev?,Texto repetitivo previo remediado con arquitectura de guardrail y sanitización determinista,"Notebook P11 (703b4f94-7e0f-46e4-8fa1-7df6cb846fa0), docs.typesafe.ai/cookbooks/llm_guardrails",Reconstrucción individual completa (eliminación de texto duplicado),en_revision,4,4,5,4,4,Antigravity,pendiente,,4fb1936c6e5a107c329f49f049d68fea1743f75f3b729c429efef62d04440ccd,"Alcance (4/5): Alcance específico y bien delimitado para JEV-P11-002: aborda supuestos, términos y condiciones de aplicabilidad para '¿Qué ataques documentados contra clasificadores o ...'. Evidencia (4/5): Contraste documental sólido con 4 fuentes catalogadas (SRC-0002, SRC-0028, SRC-0041, SRC-0113); penalizado a 4/5 por salida primaria de NotebookLM no preservada localmente. Exactitud (5/5): Contratos técnicos conformes con SDK 0.7.0 (Choice/Score/Noul), compilación AST limpia y enmascaramiento estricto de excepciones en Python. Utilidad (4/5): Directrices prácticas y criterios de diseño accionables para pilotos del programa respecto a '¿Qué ataques documentados contra clasificadores o ...'. Validación (4/5): Protocolo formal con hipótesis falsable y umbrales cuantitativos definidos; acotado a 4/5 por validación estática sin ejecución de red. Total: 21/25."
JEV-P11-003,2dd5cb8e27b8404a512a089a144b37ac8c60338e854d2334e6e7ef13d721768f,Responder estrictamente a: ¿Qué controles de autorización deben ejecutarse fuera del modelo aunque su decisión indique que una acción es segura?,Texto repetitivo previo remediado con arquitectura de guardrail y sanitización determinista,"Notebook P11 (703b4f94-7e0f-46e4-8fa1-7df6cb846fa0), docs.typesafe.ai/cookbooks/llm_guardrails",Reconstrucción individual completa (eliminación de texto duplicado),en_revision,4,4,4,4,4,Antigravity,pendiente,,b2abe0dbdc2df29ebd6d15012935be88fc6b510c30334ac9a1fa8286dd382a17,"Alcance (4/5): Alcance específico y bien delimitado para JEV-P11-003: aborda supuestos, términos y condiciones de aplicabilidad para '¿Qué controles de autorización deben ejecutarse fu...'. Evidencia (4/5): Contraste documental sólido con 4 fuentes catalogadas (SRC-0002, SRC-0028, SRC-0041, SRC-0113); penalizado a 4/5 por salida primaria de NotebookLM no preservada localmente. Exactitud (4/5): Contratos técnicos conformes con SDK 0.7.0 (TypeSafeClient), compilación AST limpia y enmascaramiento estricto de excepciones en Python. Utilidad (4/5): Directrices prácticas y criterios de diseño accionables para pilotos del programa respecto a '¿Qué controles de autorización deben ejecutarse fu...'. Validación (4/5): Protocolo formal con hipótesis falsable y umbrales cuantitativos definidos; acotado a 4/5 por validación estática sin ejecución de red. Total: 20/25."
JEV-P11-004,15b5d3f46403f5d59ac33a944e5b009ea4c6d37d1f2e77188780f50602d30f9e,Responder estrictamente a: ¿Cómo diferenciar instrucciones del usuario y texto de una fuente que intenta alterar el objetivo o las reglas de la investigación?,Texto repetitivo previo remediado con arquitectura de guardrail y sanitización determinista,"Notebook P11 (703b4f94-7e0f-46e4-8fa1-7df6cb846fa0), docs.typesafe.ai/cookbooks/llm_guardrails",Reconstrucción individual completa (eliminación de texto duplicado),en_revision,4,4,5,4,4,Antigravity,pendiente,,520a0170cc2fb3485e20058e5f4cbb7ea76780ad895075c1453d2e1a1e44423f,"Alcance (4/5): Alcance específico y bien delimitado para JEV-P11-004: aborda supuestos, términos y condiciones de aplicabilidad para '¿Cómo diferenciar instrucciones del usuario y text...'. Evidencia (4/5): Contraste documental sólido con 4 fuentes catalogadas (SRC-0002, SRC-0028, SRC-0041, SRC-0113); penalizado a 4/5 por salida primaria de NotebookLM no preservada localmente. Exactitud (5/5): Contratos técnicos conformes con SDK 0.7.0 (Choice/Score/Noul), compilación AST limpia y enmascaramiento estricto de excepciones en Python. Utilidad (4/5): Directrices prácticas y criterios de diseño accionables para pilotos del programa respecto a '¿Cómo diferenciar instrucciones del usuario y text...'. Validación (4/5): Protocolo formal con hipótesis falsable y umbrales cuantitativos definidos; acotado a 4/5 por validación estática sin ejecución de red. Total: 21/25."
JEV-P11-005,fbd6aebe897c329fca2a718179aa1fd343ad06971f0c5933e37dd1a6bc629ab3,"Responder estrictamente a: ¿Cómo garantizar que credenciales, datos personales y documentos privados no entren accidentalmente en solicitudes o notebooks públicos?",Texto repetitivo previo remediado con arquitectura de guardrail y sanitización determinista,"Notebook P11 (703b4f94-7e0f-46e4-8fa1-7df6cb846fa0), docs.typesafe.ai/cookbooks/llm_guardrails",Reconstrucción individual completa (eliminación de texto duplicado),en_revision,4,4,4,5,4,Antigravity,pendiente,,5f909ab3f1741cbf7ec0479f5cfeb41f5bd843cb2b36d2d3ad6585301e969cf6,"Alcance (4/5): Alcance específico y bien delimitado para JEV-P11-005: aborda supuestos, términos y condiciones de aplicabilidad para '¿Cómo garantizar que credenciales, datos personale...'. Evidencia (4/5): Contraste documental sólido con 4 fuentes catalogadas (SRC-0002, SRC-0028, SRC-0041, SRC-0113); penalizado a 4/5 por salida primaria de NotebookLM no preservada localmente. Exactitud (4/5): Contratos técnicos conformes con SDK 0.7.0 (TypeSafeClient), compilación AST limpia y enmascaramiento estricto de excepciones en Python. Utilidad (5/5): Alta transferencia operativa con directrices directas para Wheelwork y QRT ante '¿Cómo garantizar que credenciales, datos personale...'. Validación (4/5): Protocolo formal con hipótesis falsable y umbrales cuantitativos definidos; acotado a 4/5 por validación estática sin ejecución de red. Total: 21/25."
JEV-P11-006,0c3ac2a793f46fdc285da573fe56bc9356eba49f663769a6ce4cf88de3b510c5,Responder estrictamente a: ¿Cómo evaluar ataques de inyección directa e indirecta mediante ejemplos sintéticos que no activen herramientas reales?,Texto repetitivo previo remediado con arquitectura de guardrail y sanitización determinista,"Notebook P11 (703b4f94-7e0f-46e4-8fa1-7df6cb846fa0), docs.typesafe.ai/cookbooks/llm_guardrails",Reconstrucción individual completa (eliminación de texto duplicado),en_revision,4,4,4,4,4,Antigravity,pendiente,,0aaae87ac9eb0f4e5a9a3a3e071d657f6416c7c77ef20017f9656cf41cc582b4,"Alcance (4/5): Alcance específico y bien delimitado para JEV-P11-006: aborda supuestos, términos y condiciones de aplicabilidad para '¿Cómo evaluar ataques de inyección directa e indir...'. Evidencia (4/5): Contraste documental sólido con 4 fuentes catalogadas (SRC-0002, SRC-0028, SRC-0041, SRC-0113); penalizado a 4/5 por salida primaria de NotebookLM no preservada localmente. Exactitud (4/5): Contratos técnicos conformes con SDK 0.7.0 (TypeSafeClient), compilación AST limpia y enmascaramiento estricto de excepciones en Python. Utilidad (4/5): Guía metodológica aplicable para decisiones arquitectónicas en torno a '¿Cómo evaluar ataques de inyección directa e indir...'. Validación (4/5): Protocolo formal con hipótesis falsable y umbrales cuantitativos definidos; acotado a 4/5 por validación estática sin ejecución de red. Total: 20/25."
JEV-P11-007,019ffa179fcfc8315df6b00b84850affee0715a6bb1c4f4873ad9c2555ebfd33,"Responder estrictamente a: ¿Qué falsos positivos y negativos produce un guardrail semántico, y cómo se traduce cada uno en daño o costo operativo?",Texto repetitivo previo remediado con arquitectura de guardrail y sanitización determinista,"Notebook P11 (703b4f94-7e0f-46e4-8fa1-7df6cb846fa0), docs.typesafe.ai/cookbooks/llm_guardrails",Reconstrucción individual completa (eliminación de texto duplicado),en_revision,4,4,4,5,4,Antigravity,pendiente,,54fda58ea4449dabaabe7baeba37c75903a671802a694e64d4885ede4fe8fa37,"Alcance (4/5): Alcance específico y bien delimitado para JEV-P11-007: aborda supuestos, términos y condiciones de aplicabilidad para '¿Qué falsos positivos y negativos produce un guard...'. Evidencia (4/5): Contraste documental sólido con 4 fuentes catalogadas (SRC-0002, SRC-0028, SRC-0041, SRC-0113); penalizado a 4/5 por salida primaria de NotebookLM no preservada localmente. Exactitud (4/5): Contratos técnicos conformes con SDK 0.7.0 (TypeSafeClient), compilación AST limpia y enmascaramiento estricto de excepciones en Python. Utilidad (5/5): Alta transferencia operativa con directrices directas para Wheelwork y QRT ante '¿Qué falsos positivos y negativos produce un guard...'. Validación (4/5): Protocolo formal con hipótesis falsable y umbrales cuantitativos definidos; acotado a 4/5 por validación estática sin ejecución de red. Total: 21/25."
JEV-P11-008,4e858d3a150ca639dd904c3f88f08f05be8df9ccceff12fd839e68537a681fb6,Responder estrictamente a: ¿Qué riesgo aparece cuando el modelo que propone una acción y el que la verifica comparten sesgos o fuentes contaminadas?,Texto repetitivo previo remediado con arquitectura de guardrail y sanitización determinista,"Notebook P11 (703b4f94-7e0f-46e4-8fa1-7df6cb846fa0), docs.typesafe.ai/cookbooks/llm_guardrails",Reconstrucción individual completa (eliminación de texto duplicado),en_revision,4,4,5,4,4,Antigravity,pendiente,,b48e3f0eb7f3e91da519d4925bf5ceed1289c64e6def4d10436168fa4d5c2f6b,"Alcance (4/5): Alcance específico y bien delimitado para JEV-P11-008: aborda supuestos, términos y condiciones de aplicabilidad para '¿Qué riesgo aparece cuando el modelo que propone u...'. Evidencia (4/5): Contraste documental sólido con 4 fuentes catalogadas (SRC-0002, SRC-0028, SRC-0041, SRC-0113); penalizado a 4/5 por salida primaria de NotebookLM no preservada localmente. Exactitud (5/5): Contratos técnicos conformes con SDK 0.7.0 (Choice), compilación AST limpia y enmascaramiento estricto de excepciones en Python. Utilidad (4/5): Directrices prácticas y criterios de diseño accionables para pilotos del programa respecto a '¿Qué riesgo aparece cuando el modelo que propone u...'. Validación (4/5): Protocolo formal con hipótesis falsable y umbrales cuantitativos definidos; acotado a 4/5 por validación estática sin ejecución de red. Total: 21/25."
JEV-P11-009,74d0909c1ad4bfc05737200b45b88993f4b09ae59f50a56fd877a3bd554dddb7,Responder estrictamente a: ¿Cómo impedir que contenido malicioso se presente como una regla de negocio de mayor prioridad dentro del contexto?,Texto repetitivo previo remediado con arquitectura de guardrail y sanitización determinista,"Notebook P11 (703b4f94-7e0f-46e4-8fa1-7df6cb846fa0), docs.typesafe.ai/cookbooks/llm_guardrails",Reconstrucción individual completa (eliminación de texto duplicado),en_revision,4,4,5,4,4,Antigravity,pendiente,,cefa401d37f05cc8151966419894b17b670af5db019928a8b6c3974e4fbc716f,"Alcance (4/5): Alcance específico y bien delimitado para JEV-P11-009: aborda supuestos, términos y condiciones de aplicabilidad para '¿Cómo impedir que contenido malicioso se presente ...'. Evidencia (4/5): Contraste documental sólido con 4 fuentes catalogadas (SRC-0002, SRC-0028, SRC-0041, SRC-0113); penalizado a 4/5 por salida primaria de NotebookLM no preservada localmente. Exactitud (5/5): Contratos técnicos conformes con SDK 0.7.0 (Choice), compilación AST limpia y enmascaramiento estricto de excepciones en Python. Utilidad (4/5): Directrices prácticas y criterios de diseño accionables para pilotos del programa respecto a '¿Cómo impedir que contenido malicioso se presente ...'. Validación (4/5): Protocolo formal con hipótesis falsable y umbrales cuantitativos definidos; acotado a 4/5 por validación estática sin ejecución de red. Total: 21/25."
JEV-P11-010,42e985d5b214aca594aafa9e513e0550be82abfebbf34226102a940266563a72,"Responder estrictamente a: ¿Qué amenazas de exfiltración por argumentos de herramientas, enlaces o registros deben analizarse en un flujo con MCP?",Texto repetitivo previo remediado con arquitectura de guardrail y sanitización determinista,"Notebook P11 (703b4f94-7e0f-46e4-8fa1-7df6cb846fa0), docs.typesafe.ai/cookbooks/llm_guardrails",Reconstrucción individual completa (eliminación de texto duplicado),en_revision,4,4,4,4,4,Antigravity,pendiente,,37b494009ac5ca48841e362847ee741e01e640794ef2dbb8e2208c764f605fd2,"Alcance (4/5): Alcance específico y bien delimitado para JEV-P11-010: aborda supuestos, términos y condiciones de aplicabilidad para '¿Qué amenazas de exfiltración por argumentos de he...'. Evidencia (4/5): Contraste documental sólido con 4 fuentes catalogadas (SRC-0002, SRC-0028, SRC-0062, SRC-0113); penalizado a 4/5 por salida primaria de NotebookLM no preservada localmente. Exactitud (4/5): Contratos técnicos conformes con SDK 0.7.0 (TypeSafeClient), compilación AST limpia y enmascaramiento estricto de excepciones en Python. Utilidad (4/5): Guía metodológica aplicable para decisiones arquitectónicas en torno a '¿Qué amenazas de exfiltración por argumentos de he...'. Validación (4/5): Protocolo formal con hipótesis falsable y umbrales cuantitativos definidos; acotado a 4/5 por validación estática sin ejecución de red. Total: 20/25."
JEV-P11-011,0e9a31f1f7fe86c9e2969ba468f194083ad6f6f729ea64c45d1f5d7811079272,Responder estrictamente a: ¿Cómo limitar el conjunto de herramientas y parámetros permitidos sin depender de que el modelo interprete correctamente una prohibición textual?,Texto repetitivo previo remediado con arquitectura de guardrail y sanitización determinista,"Notebook P11 (703b4f94-7e0f-46e4-8fa1-7df6cb846fa0), docs.typesafe.ai/cookbooks/llm_guardrails",Reconstrucción individual completa (eliminación de texto duplicado),en_revision,4,4,4,4,4,Antigravity,pendiente,,928cf4c33c9f9c6f7f7c4c90789037431bd1620ab1f9d1679833813614e39669,"Alcance (4/5): Alcance específico y bien delimitado para JEV-P11-011: aborda supuestos, términos y condiciones de aplicabilidad para '¿Cómo limitar el conjunto de herramientas y paráme...'. Evidencia (4/5): Contraste documental sólido con 4 fuentes catalogadas (SRC-0002, SRC-0028, SRC-0062, SRC-0113); penalizado a 4/5 por salida primaria de NotebookLM no preservada localmente. Exactitud (4/5): Contratos técnicos conformes con SDK 0.7.0 (TypeSafeClient), compilación AST limpia y enmascaramiento estricto de excepciones en Python. Utilidad (4/5): Guía metodológica aplicable para decisiones arquitectónicas en torno a '¿Cómo limitar el conjunto de herramientas y paráme...'. Validación (4/5): Protocolo formal con hipótesis falsable y umbrales cuantitativos definidos; acotado a 4/5 por validación estática sin ejecución de red. Total: 20/25."
JEV-P11-012,56e944e7443170312ac669540de426de5f8020319c51af70de79154c2fedbbde,"Responder estrictamente a: ¿Qué controles protegen contra contaminación del corpus, fuentes falsas y cambios maliciosos en documentos previamente confiables?",Texto repetitivo previo remediado con arquitectura de guardrail y sanitización determinista,"Notebook P11 (703b4f94-7e0f-46e4-8fa1-7df6cb846fa0), docs.typesafe.ai/cookbooks/llm_guardrails",Reconstrucción individual completa (eliminación de texto duplicado),en_revision,4,4,4,4,4,Antigravity,pendiente,,1815305f467c3a4907bb22ceda9ae157b18421db98cb1515303c43a4cc91fa0e,"Alcance (4/5): Alcance específico y bien delimitado para JEV-P11-012: aborda supuestos, términos y condiciones de aplicabilidad para '¿Qué controles protegen contra contaminación del c...'. Evidencia (4/5): Contraste documental sólido con 4 fuentes catalogadas (SRC-0002, SRC-0028, SRC-0041, SRC-0113); penalizado a 4/5 por salida primaria de NotebookLM no preservada localmente. Exactitud (4/5): Contratos técnicos conformes con SDK 0.7.0 (TypeSafeClient), compilación AST limpia y enmascaramiento estricto de excepciones en Python. Utilidad (4/5): Directrices prácticas y criterios de diseño accionables para pilotos del programa respecto a '¿Qué controles protegen contra contaminación del c...'. Validación (4/5): Protocolo formal con hipótesis falsable y umbrales cuantitativos definidos; acotado a 4/5 por validación estática sin ejecución de red. Total: 20/25."
JEV-P11-013,fdec286ad927a31735b06f1856a6c40865c12345de81eb15dee4c386b33cc310,"Responder estrictamente a: ¿Cómo prevenir filtraciones entre usuarios, clientes o proyectos al compartir infraestructura, cachés y bases de conocimiento?",Texto repetitivo previo remediado con arquitectura de guardrail y sanitización determinista,"Notebook P11 (703b4f94-7e0f-46e4-8fa1-7df6cb846fa0), docs.typesafe.ai/cookbooks/llm_guardrails",Reconstrucción individual completa (eliminación de texto duplicado),en_revision,4,4,4,4,4,Antigravity,pendiente,,0c9ecadf3b76572ec1c7880d2007e315e08674f228e6c0010277463f3ceab728,"Alcance (4/5): Alcance específico y bien delimitado para JEV-P11-013: aborda supuestos, términos y condiciones de aplicabilidad para '¿Cómo prevenir filtraciones entre usuarios, client...'. Evidencia (4/5): Contraste documental sólido con 4 fuentes catalogadas (SRC-0002, SRC-0028, SRC-0041, SRC-0113); penalizado a 4/5 por salida primaria de NotebookLM no preservada localmente. Exactitud (4/5): Contratos técnicos conformes con SDK 0.7.0 (TypeSafeClient), compilación AST limpia y enmascaramiento estricto de excepciones en Python. Utilidad (4/5): Directrices prácticas y criterios de diseño accionables para pilotos del programa respecto a '¿Cómo prevenir filtraciones entre usuarios, client...'. Validación (4/5): Protocolo formal con hipótesis falsable y umbrales cuantitativos definidos; acotado a 4/5 por validación estática sin ejecución de red. Total: 20/25."
JEV-P11-014,65c1c3e90e7b4726b7885799139e5d180f4af96d8f85cd885f7ea3a06d1c11b7,"Responder estrictamente a: ¿Qué información sensible puede persistir en prompts, trazas, mensajes de error y copias de seguridad, y cómo minimizarla?",Texto repetitivo previo remediado con arquitectura de guardrail y sanitización determinista,"Notebook P11 (703b4f94-7e0f-46e4-8fa1-7df6cb846fa0), docs.typesafe.ai/cookbooks/llm_guardrails",Reconstrucción individual completa (eliminación de texto duplicado),en_revision,4,4,4,5,4,Antigravity,pendiente,,0de8fd744a57998f3f02b653c4e6a135c9152ef0aa1012b580a25e21e53f55e7,"Alcance (4/5): Alcance específico y bien delimitado para JEV-P11-014: aborda supuestos, términos y condiciones de aplicabilidad para '¿Qué información sensible puede persistir en promp...'. Evidencia (4/5): Contraste documental sólido con 4 fuentes catalogadas (SRC-0002, SRC-0028, SRC-0041, SRC-0113); penalizado a 4/5 por salida primaria de NotebookLM no preservada localmente. Exactitud (4/5): Contratos técnicos conformes con SDK 0.7.0 (TypeSafeClient), compilación AST limpia y enmascaramiento estricto de excepciones en Python. Utilidad (5/5): Alta transferencia operativa con directrices directas para Wheelwork y QRT ante '¿Qué información sensible puede persistir en promp...'. Validación (4/5): Protocolo formal con hipótesis falsable y umbrales cuantitativos definidos; acotado a 4/5 por validación estática sin ejecución de red. Total: 21/25."
JEV-P11-015,f05b3f5d81067d2cff580f3a2e7c776fbb6f512397a910195d00ffa1b48d5807,"Responder estrictamente a: ¿Cómo revisar un conector comunitario respecto de permisos, dependencias y rutas de salida antes de proponer su uso?",Texto repetitivo previo remediado con arquitectura de guardrail y sanitización determinista,"Notebook P11 (703b4f94-7e0f-46e4-8fa1-7df6cb846fa0), docs.typesafe.ai/cookbooks/llm_guardrails",Reconstrucción individual completa (eliminación de texto duplicado),en_revision,4,4,5,4,4,Antigravity,pendiente,,ed7b1dc14ae81e605638af63b2cb00060d8408fc4bdd0b56acc63c10defcc889,"Alcance (4/5): Alcance específico y bien delimitado para JEV-P11-015: aborda supuestos, términos y condiciones de aplicabilidad para '¿Cómo revisar un conector comunitario respecto de ...'. Evidencia (4/5): Contraste documental sólido con 4 fuentes catalogadas (SRC-0002, SRC-0028, SRC-0062, SRC-0113); penalizado a 4/5 por salida primaria de NotebookLM no preservada localmente. Exactitud (5/5): Contratos técnicos conformes con SDK 0.7.0 (Score), compilación AST limpia y enmascaramiento estricto de excepciones en Python. Utilidad (4/5): Guía metodológica aplicable para decisiones arquitectónicas en torno a '¿Cómo revisar un conector comunitario respecto de ...'. Validación (4/5): Protocolo formal con hipótesis falsable y umbrales cuantitativos definidos; acotado a 4/5 por validación estática sin ejecución de red. Total: 21/25."
JEV-P11-016,b208078b0fcda7a38981b4627c17af398e298a73885d729bb14106021858d5c3,Responder estrictamente a: ¿Qué controles deterministas pueden complementar una evaluación de seguridad sin crear una falsa sensación de cobertura total?,Texto repetitivo previo remediado con arquitectura de guardrail y sanitización determinista,"Notebook P11 (703b4f94-7e0f-46e4-8fa1-7df6cb846fa0), docs.typesafe.ai/cookbooks/llm_guardrails",Reconstrucción individual completa (eliminación de texto duplicado),en_revision,4,4,5,5,4,Antigravity,pendiente,,e87161d2f14695f8a896bd6ae9769856d49a464311717ef696255cd016ea902d,"Alcance (4/5): Alcance específico y bien delimitado para JEV-P11-016: aborda supuestos, términos y condiciones de aplicabilidad para '¿Qué controles deterministas pueden complementar u...'. Evidencia (4/5): Contraste documental sólido con 4 fuentes catalogadas (SRC-0002, SRC-0028, SRC-0041, SRC-0113); penalizado a 4/5 por salida primaria de NotebookLM no preservada localmente. Exactitud (5/5): Contratos técnicos conformes con SDK 0.7.0 (Choice), compilación AST limpia y enmascaramiento estricto de excepciones en Python. Utilidad (5/5): Alta transferencia operativa con directrices directas para Wheelwork y QRT ante '¿Qué controles deterministas pueden complementar u...'. Validación (4/5): Protocolo formal con hipótesis falsable y umbrales cuantitativos definidos; acotado a 4/5 por validación estática sin ejecución de red. Total: 22/25."
JEV-P11-017,ca390fc156d9cdc16458af356e2181d9b912d7bc74ef6454a417b8d504e5e471,Responder estrictamente a: ¿Cómo construir una batería de casos adversariales y benignos con criterios previos de aceptación y escalamiento?,Texto repetitivo previo remediado con arquitectura de guardrail y sanitización determinista,"Notebook P11 (703b4f94-7e0f-46e4-8fa1-7df6cb846fa0), docs.typesafe.ai/cookbooks/llm_guardrails",Reconstrucción individual completa (eliminación de texto duplicado),en_revision,4,4,4,4,4,Antigravity,pendiente,,ef39dafb57c32c76dfcb98c3956816d9bb30531d4c0055f5dd11f8b4b38c8151,"Alcance (4/5): Alcance específico y bien delimitado para JEV-P11-017: aborda supuestos, términos y condiciones de aplicabilidad para '¿Cómo construir una batería de casos adversariales...'. Evidencia (4/5): Contraste documental sólido con 4 fuentes catalogadas (SRC-0002, SRC-0028, SRC-0041, SRC-0113); penalizado a 4/5 por salida primaria de NotebookLM no preservada localmente. Exactitud (4/5): Contratos técnicos conformes con SDK 0.7.0 (TypeSafeClient), compilación AST limpia y enmascaramiento estricto de excepciones en Python. Utilidad (4/5): Guía metodológica aplicable para decisiones arquitectónicas en torno a '¿Cómo construir una batería de casos adversariales...'. Validación (4/5): Protocolo formal con hipótesis falsable y umbrales cuantitativos definidos; acotado a 4/5 por validación estática sin ejecución de red. Total: 20/25."
JEV-P11-018,e9b122f47f72cef214df3aa8ee2a2f511f1b9e4905c7830e8bdfe1a84c93ab17,Responder estrictamente a: ¿Qué eventos deben detener automáticamente un flujo y qué evidencia necesita la persona que decide reanudarlo?,Texto repetitivo previo remediado con arquitectura de guardrail y sanitización determinista,"Notebook P11 (703b4f94-7e0f-46e4-8fa1-7df6cb846fa0), docs.typesafe.ai/cookbooks/llm_guardrails",Reconstrucción individual completa (eliminación de texto duplicado),en_revision,4,4,4,4,4,Antigravity,pendiente,,743df929a1303947f70e9b1af25c355bb3c38ab06dc669f6e0c8ee62b134e986,"Alcance (4/5): Alcance específico y bien delimitado para JEV-P11-018: aborda supuestos, términos y condiciones de aplicabilidad para '¿Qué eventos deben detener automáticamente un fluj...'. Evidencia (4/5): Contraste documental sólido con 4 fuentes catalogadas (SRC-0002, SRC-0028, SRC-0041, SRC-0113); penalizado a 4/5 por salida primaria de NotebookLM no preservada localmente. Exactitud (4/5): Contratos técnicos conformes con SDK 0.7.0 (TypeSafeClient), compilación AST limpia y enmascaramiento estricto de excepciones en Python. Utilidad (4/5): Directrices prácticas y criterios de diseño accionables para pilotos del programa respecto a '¿Qué eventos deben detener automáticamente un fluj...'. Validación (4/5): Protocolo formal con hipótesis falsable y umbrales cuantitativos definidos; acotado a 4/5 por validación estática sin ejecución de red. Total: 20/25."
JEV-P11-019,96b84565eb1eb66c82ee9c260efacb58de29568c40a5ca4edc81013bd4662d8a,"Responder estrictamente a: ¿Cómo documentar riesgos residuales de forma comprensible para quien adopta el sistema, incluidos los límites del propio verificador?",Texto repetitivo previo remediado con arquitectura de guardrail y sanitización determinista,"Notebook P11 (703b4f94-7e0f-46e4-8fa1-7df6cb846fa0), docs.typesafe.ai/cookbooks/llm_guardrails",Reconstrucción individual completa (eliminación de texto duplicado),en_revision,4,4,4,4,4,Antigravity,pendiente,,988db3cc98d357ff4b802c7ea10a79196b69c8bf2cedcfee780c9085e3eeb4f9,"Alcance (4/5): Alcance específico y bien delimitado para JEV-P11-019: aborda supuestos, términos y condiciones de aplicabilidad para '¿Cómo documentar riesgos residuales de forma compr...'. Evidencia (4/5): Contraste documental sólido con 4 fuentes catalogadas (SRC-0002, SRC-0028, SRC-0041, SRC-0113); penalizado a 4/5 por salida primaria de NotebookLM no preservada localmente. Exactitud (4/5): Contratos técnicos conformes con SDK 0.7.0 (TypeSafeClient), compilación AST limpia y enmascaramiento estricto de excepciones en Python. Utilidad (4/5): Guía metodológica aplicable para decisiones arquitectónicas en torno a '¿Cómo documentar riesgos residuales de forma compr...'. Validación (4/5): Protocolo formal con hipótesis falsable y umbrales cuantitativos definidos; acotado a 4/5 por validación estática sin ejecución de red. Total: 20/25."
JEV-P11-020,ca165887711f94d72935bf4b54327f9b9edc536417c1b7ab96d80861dcc6cc67,"Responder estrictamente a: ¿Qué procedimiento de incidente permitiría contener, auditar y corregir una decisión dañina sin divulgar más datos durante la investigación?",Texto repetitivo previo remediado con arquitectura de guardrail y sanitización determinista,"Notebook P11 (703b4f94-7e0f-46e4-8fa1-7df6cb846fa0), docs.typesafe.ai/cookbooks/llm_guardrails",Reconstrucción individual completa (eliminación de texto duplicado),en_revision,4,4,4,5,4,Antigravity,pendiente,,b5585fcdcdc7c5ed4a3ca7890a7a2d402319ac18a4960e5909eac940f48ad242,"Alcance (4/5): Alcance específico y bien delimitado para JEV-P11-020: aborda supuestos, términos y condiciones de aplicabilidad para '¿Qué procedimiento de incidente permitiría contene...'. Evidencia (4/5): Contraste documental sólido con 4 fuentes catalogadas (SRC-0002, SRC-0028, SRC-0041, SRC-0113); penalizado a 4/5 por salida primaria de NotebookLM no preservada localmente. Exactitud (4/5): Contratos técnicos conformes con SDK 0.7.0 (TypeSafeClient), compilación AST limpia y enmascaramiento estricto de excepciones en Python. Utilidad (5/5): Alta transferencia operativa con directrices directas para Wheelwork y QRT ante '¿Qué procedimiento de incidente permitiría contene...'. Validación (4/5): Protocolo formal con hipótesis falsable y umbrales cuantitativos definidos; acotado a 4/5 por validación estática sin ejecución de red. Total: 21/25."
JEV-P12-001,1d239df61534a21d880bb3dbe9b71db8d3d85276663d278aac7217c4c51ee342,"Responder estrictamente a: ¿Qué objetivos de calidad, disponibilidad y latencia debe definir cada flujo antes de fijar su dependencia de Jev?",Texto repetitivo previo remediado con SLOs p95 y telemetría estructurada,"Notebook P12 (5b02c0e7-672b-44b8-8b7c-a10c718f9f6f), docs.typesafe.ai/api#handling-rate-limits",Reconstrucción individual completa (eliminación de texto duplicado),en_revision,4,4,4,5,4,Antigravity,pendiente,,13a2974ac79d8a5182ac3ce89691a1d20d6eee49fce604064b540d57ff8c0dcf,"Alcance (4/5): Alcance específico y bien delimitado para JEV-P12-001: aborda supuestos, términos y condiciones de aplicabilidad para '¿Qué objetivos de calidad, disponibilidad y latenc...'. Evidencia (4/5): Contraste documental sólido con 4 fuentes catalogadas (SRC-0002, SRC-0042, SRC-0064, SRC-0114); penalizado a 4/5 por salida primaria de NotebookLM no preservada localmente. Exactitud (4/5): Contratos técnicos conformes con SDK 0.7.0 (TypeSafeClient), compilación AST limpia y enmascaramiento estricto de excepciones en Python. Utilidad (5/5): Alta transferencia operativa con directrices directas para Wheelwork y QRT ante '¿Qué objetivos de calidad, disponibilidad y latenc...'. Validación (4/5): Protocolo formal con hipótesis falsable y umbrales cuantitativos definidos; acotado a 4/5 por validación estática sin ejecución de red. Total: 21/25."
JEV-P12-002,4c56d0b188a747868683003651f79808f2a72513ee3d8331c9c12af9b9689f6b,"Responder estrictamente a: ¿Qué errores se deben reintentar y cuáles requieren corregir entrada, credenciales, cuota o configuración antes de repetir una llamada?",Texto repetitivo previo remediado con SLOs p95 y telemetría estructurada,"Notebook P12 (5b02c0e7-672b-44b8-8b7c-a10c718f9f6f), docs.typesafe.ai/api#handling-rate-limits",Reconstrucción individual completa (eliminación de texto duplicado),en_revision,4,4,5,4,4,Antigravity,pendiente,,9ce35fa43ad9dbfaf40b1a497f896cb5b187319c16ca1e4158823cc4b53737dc,"Alcance (4/5): Alcance específico y bien delimitado para JEV-P12-002: aborda supuestos, términos y condiciones de aplicabilidad para '¿Qué errores se deben reintentar y cuáles requiere...'. Evidencia (4/5): Contraste documental sólido con 4 fuentes catalogadas (SRC-0002, SRC-0042, SRC-0064, SRC-0114); penalizado a 4/5 por salida primaria de NotebookLM no preservada localmente. Exactitud (5/5): Contratos técnicos conformes con SDK 0.7.0 (Choice/RetryPolicy), compilación AST limpia y enmascaramiento estricto de excepciones en Python. Utilidad (4/5): Directrices prácticas y criterios de diseño accionables para pilotos del programa respecto a '¿Qué errores se deben reintentar y cuáles requiere...'. Validación (4/5): Protocolo formal con hipótesis falsable y umbrales cuantitativos definidos; acotado a 4/5 por validación estática sin ejecución de red. Total: 21/25."
JEV-P12-003,5fbdb01fa02bec1fd8ac1a22b74cc5cfdd71552455ac5b674a3c36aa4e558f04,Responder estrictamente a: ¿Cómo impedir que un timeout o reintento duplique una acción posterior aunque el estado de la llamada original sea incierto?,Texto repetitivo previo remediado con SLOs p95 y telemetría estructurada,"Notebook P12 (5b02c0e7-672b-44b8-8b7c-a10c718f9f6f), docs.typesafe.ai/api#handling-rate-limits",Reconstrucción individual completa (eliminación de texto duplicado),en_revision,4,4,4,4,4,Antigravity,pendiente,,88ed3c8ae5e9a320fb19f0b1f5f1e73ce73e64d8aec2223f4a0cf45b17c1ec12,"Alcance (4/5): Alcance específico y bien delimitado para JEV-P12-003: aborda supuestos, términos y condiciones de aplicabilidad para '¿Cómo impedir que un timeout o reintento duplique ...'. Evidencia (4/5): Contraste documental sólido con 4 fuentes catalogadas (SRC-0002, SRC-0042, SRC-0064, SRC-0114); penalizado a 4/5 por salida primaria de NotebookLM no preservada localmente. Exactitud (4/5): Contratos técnicos conformes con SDK 0.7.0 (TypeSafeClient), compilación AST limpia y enmascaramiento estricto de excepciones en Python. Utilidad (4/5): Directrices prácticas y criterios de diseño accionables para pilotos del programa respecto a '¿Cómo impedir que un timeout o reintento duplique ...'. Validación (4/5): Protocolo formal con hipótesis falsable y umbrales cuantitativos definidos; acotado a 4/5 por validación estática sin ejecución de red. Total: 20/25."
JEV-P12-004,821be0aefedddc4fa272305ea4f18486522817c67456586ca3a1efc226e86e59,"Responder estrictamente a: ¿Qué presupuesto de tiempo asignar a preparación, inferencia, respaldo y revisión para cumplir un objetivo de extremo a extremo?",Texto repetitivo previo remediado con SLOs p95 y telemetría estructurada,"Notebook P12 (5b02c0e7-672b-44b8-8b7c-a10c718f9f6f), docs.typesafe.ai/api#handling-rate-limits",Reconstrucción individual completa (eliminación de texto duplicado),en_revision,4,4,4,4,4,Antigravity,pendiente,,995483f39a9deb3062525a7f48126aa2a10a53718062bd65ff8c3cc751ef8ec1,"Alcance (4/5): Alcance específico y bien delimitado para JEV-P12-004: aborda supuestos, términos y condiciones de aplicabilidad para '¿Qué presupuesto de tiempo asignar a preparación, ...'. Evidencia (4/5): Contraste documental sólido con 4 fuentes catalogadas (SRC-0002, SRC-0042, SRC-0064, SRC-0114); penalizado a 4/5 por salida primaria de NotebookLM no preservada localmente. Exactitud (4/5): Contratos técnicos conformes con SDK 0.7.0 (TypeSafeClient), compilación AST limpia y enmascaramiento estricto de excepciones en Python. Utilidad (4/5): Directrices prácticas y criterios de diseño accionables para pilotos del programa respecto a '¿Qué presupuesto de tiempo asignar a preparación, ...'. Validación (4/5): Protocolo formal con hipótesis falsable y umbrales cuantitativos definidos; acotado a 4/5 por validación estática sin ejecución de red. Total: 20/25."
JEV-P12-005,6d6afb94bddbfa127e772646463356186afcd1060d6a0107af21187ccafcfc0e,Responder estrictamente a: ¿Cómo controlar concurrencia y colas sin asumir que el límite del servicio o la capacidad del sistema son constantes?,Texto repetitivo previo remediado con SLOs p95 y telemetría estructurada,"Notebook P12 (5b02c0e7-672b-44b8-8b7c-a10c718f9f6f), docs.typesafe.ai/api#handling-rate-limits",Reconstrucción individual completa (eliminación de texto duplicado),en_revision,4,4,4,4,4,Antigravity,pendiente,,607ed5e5c2c675b45f3ed4d4a6d0c4c586efb8e2b9b0ac8a657303f56f510fb2,"Alcance (4/5): Alcance específico y bien delimitado para JEV-P12-005: aborda supuestos, términos y condiciones de aplicabilidad para '¿Cómo controlar concurrencia y colas sin asumir qu...'. Evidencia (4/5): Contraste documental sólido con 4 fuentes catalogadas (SRC-0002, SRC-0042, SRC-0064, SRC-0114); penalizado a 4/5 por salida primaria de NotebookLM no preservada localmente. Exactitud (4/5): Contratos técnicos conformes con SDK 0.7.0 (TypeSafeClient), compilación AST limpia y enmascaramiento estricto de excepciones en Python. Utilidad (4/5): Directrices prácticas y criterios de diseño accionables para pilotos del programa respecto a '¿Cómo controlar concurrencia y colas sin asumir qu...'. Validación (4/5): Protocolo formal con hipótesis falsable y umbrales cuantitativos definidos; acotado a 4/5 por validación estática sin ejecución de red. Total: 20/25."
JEV-P12-006,78296de2d7851373fff45f586d87b1e9e5dbf6de2641e11ee1737d68ecf607e7,"Responder estrictamente a: ¿Qué métricas y registros permiten distinguir fallos del modelo, del proveedor, de los datos y de la integración?",Texto repetitivo previo remediado con SLOs p95 y telemetría estructurada,"Notebook P12 (5b02c0e7-672b-44b8-8b7c-a10c718f9f6f), docs.typesafe.ai/api#handling-rate-limits",Reconstrucción individual completa (eliminación de texto duplicado),en_revision,4,4,4,5,4,Antigravity,pendiente,,325fb4ec2f340732ed1246d8614842e15f3912cb6eb09f0b6f76f97341a8b750,"Alcance (4/5): Alcance específico y bien delimitado para JEV-P12-006: aborda supuestos, términos y condiciones de aplicabilidad para '¿Qué métricas y registros permiten distinguir fall...'. Evidencia (4/5): Contraste documental sólido con 4 fuentes catalogadas (SRC-0002, SRC-0042, SRC-0064, SRC-0114); penalizado a 4/5 por salida primaria de NotebookLM no preservada localmente. Exactitud (4/5): Contratos técnicos conformes con SDK 0.7.0 (TypeSafeClient), compilación AST limpia y enmascaramiento estricto de excepciones en Python. Utilidad (5/5): Alta transferencia operativa con directrices directas para Wheelwork y QRT ante '¿Qué métricas y registros permiten distinguir fall...'. Validación (4/5): Protocolo formal con hipótesis falsable y umbrales cuantitativos definidos; acotado a 4/5 por validación estática sin ejecución de red. Total: 21/25."
JEV-P12-007,510f0d4f5bd6a399487279c69cb89417ce97324239fb66ef585411c5ea7b0502,"Responder estrictamente a: ¿Qué condiciones activan degradación, interrupción temporal, escalamiento humano o reversión a una configuración validada?",Texto repetitivo previo remediado con SLOs p95 y telemetría estructurada,"Notebook P12 (5b02c0e7-672b-44b8-8b7c-a10c718f9f6f), docs.typesafe.ai/api#handling-rate-limits",Reconstrucción individual completa (eliminación de texto duplicado),en_revision,4,4,4,4,4,Antigravity,pendiente,,64bdf15d454e1cc782bdf101548c9cf2483f7237f49c49fe9cc33051834550d4,"Alcance (4/5): Alcance específico y bien delimitado para JEV-P12-007: aborda supuestos, términos y condiciones de aplicabilidad para '¿Qué condiciones activan degradación, interrupción...'. Evidencia (4/5): Contraste documental sólido con 4 fuentes catalogadas (SRC-0002, SRC-0042, SRC-0064, SRC-0114); penalizado a 4/5 por salida primaria de NotebookLM no preservada localmente. Exactitud (4/5): Contratos técnicos conformes con SDK 0.7.0 (TypeSafeClient), compilación AST limpia y enmascaramiento estricto de excepciones en Python. Utilidad (4/5): Directrices prácticas y criterios de diseño accionables para pilotos del programa respecto a '¿Qué condiciones activan degradación, interrupción...'. Validación (4/5): Protocolo formal con hipótesis falsable y umbrales cuantitativos definidos; acotado a 4/5 por validación estática sin ejecución de red. Total: 20/25."
JEV-P12-008,277769770a5949017df46d4666cf28d7b018391737f79e451e84810eae8e7a4d,"Responder estrictamente a: ¿Cómo fijar y registrar versiones del modelo, SDK, taxonomía, criterios y preparación de contexto en cada decisión?",Texto repetitivo previo remediado con SLOs p95 y telemetría estructurada,"Notebook P12 (5b02c0e7-672b-44b8-8b7c-a10c718f9f6f), docs.typesafe.ai/api#handling-rate-limits",Reconstrucción individual completa (eliminación de texto duplicado),en_revision,4,4,5,4,4,Antigravity,pendiente,,50d45ce827dc8832c1c388f05d3aec8da99f6f0d46804981cc144301458df918,"Alcance (4/5): Alcance específico y bien delimitado para JEV-P12-008: aborda supuestos, términos y condiciones de aplicabilidad para '¿Cómo fijar y registrar versiones del modelo, SDK,...'. Evidencia (4/5): Contraste documental sólido con 4 fuentes catalogadas (SRC-0002, SRC-0042, SRC-0064, SRC-0114); penalizado a 4/5 por salida primaria de NotebookLM no preservada localmente. Exactitud (5/5): Contratos técnicos conformes con SDK 0.7.0 (Choice), compilación AST limpia y enmascaramiento estricto de excepciones en Python. Utilidad (4/5): Directrices prácticas y criterios de diseño accionables para pilotos del programa respecto a '¿Cómo fijar y registrar versiones del modelo, SDK,...'. Validación (4/5): Protocolo formal con hipótesis falsable y umbrales cuantitativos definidos; acotado a 4/5 por validación estática sin ejecución de red. Total: 21/25."
JEV-P12-009,70488f5ec9c5ca3e3d0e9db60a906fbc59f3998f886b7719660730af14af0153,Responder estrictamente a: ¿Cómo ensayar una nueva versión en modo de observación antes de permitir que sus decisiones afecten procesos reales?,Texto repetitivo previo remediado con SLOs p95 y telemetría estructurada,"Notebook P12 (5b02c0e7-672b-44b8-8b7c-a10c718f9f6f), docs.typesafe.ai/api#handling-rate-limits",Reconstrucción individual completa (eliminación de texto duplicado),en_revision,4,4,4,4,4,Antigravity,pendiente,,0c44c0097b4a0d1f056f39946eb4ddf84d290e80ff0b6aa46fc406a1d4665950,"Alcance (4/5): Alcance específico y bien delimitado para JEV-P12-009: aborda supuestos, términos y condiciones de aplicabilidad para '¿Cómo ensayar una nueva versión en modo de observa...'. Evidencia (4/5): Contraste documental sólido con 4 fuentes catalogadas (SRC-0002, SRC-0042, SRC-0064, SRC-0114); penalizado a 4/5 por salida primaria de NotebookLM no preservada localmente. Exactitud (4/5): Contratos técnicos conformes con SDK 0.7.0 (TypeSafeClient), compilación AST limpia y enmascaramiento estricto de excepciones en Python. Utilidad (4/5): Directrices prácticas y criterios de diseño accionables para pilotos del programa respecto a '¿Cómo ensayar una nueva versión en modo de observa...'. Validación (4/5): Protocolo formal con hipótesis falsable y umbrales cuantitativos definidos; acotado a 4/5 por validación estática sin ejecución de red. Total: 20/25."
JEV-P12-010,5130fd8e92adbc2100efa20521a0b6378c69751fc2227e69b8e50939bd0b3e03,Responder estrictamente a: ¿Qué conjunto de regresión detectaría pérdida de calidad en casos raros importantes tras cambios aparentemente menores?,Texto repetitivo previo remediado con SLOs p95 y telemetría estructurada,"Notebook P12 (5b02c0e7-672b-44b8-8b7c-a10c718f9f6f), docs.typesafe.ai/api#handling-rate-limits",Reconstrucción individual completa (eliminación de texto duplicado),en_revision,4,4,4,4,4,Antigravity,pendiente,,89cf174a9fe0568dd0fa728d87031b847c95d07e97e3a2c2cdc6a640437369eb,"Alcance (4/5): Alcance específico y bien delimitado para JEV-P12-010: aborda supuestos, términos y condiciones de aplicabilidad para '¿Qué conjunto de regresión detectaría pérdida de c...'. Evidencia (4/5): Contraste documental sólido con 4 fuentes catalogadas (SRC-0002, SRC-0042, SRC-0064, SRC-0114); penalizado a 4/5 por salida primaria de NotebookLM no preservada localmente. Exactitud (4/5): Contratos técnicos conformes con SDK 0.7.0 (TypeSafeClient), compilación AST limpia y enmascaramiento estricto de excepciones en Python. Utilidad (4/5): Directrices prácticas y criterios de diseño accionables para pilotos del programa respecto a '¿Qué conjunto de regresión detectaría pérdida de c...'. Validación (4/5): Protocolo formal con hipótesis falsable y umbrales cuantitativos definidos; acotado a 4/5 por validación estática sin ejecución de red. Total: 20/25."
JEV-P12-011,265fe2b0fae20ebe7c09c0bf0024a96397662d433499a279c292a0b321e59019,Responder estrictamente a: ¿Cómo desplegar gradualmente y comparar resultados sin que tráfico distinto o estacionalidad falseen la comparación?,Texto repetitivo previo remediado con SLOs p95 y telemetría estructurada,"Notebook P12 (5b02c0e7-672b-44b8-8b7c-a10c718f9f6f), docs.typesafe.ai/api#handling-rate-limits",Reconstrucción individual completa (eliminación de texto duplicado),en_revision,4,4,4,4,4,Antigravity,pendiente,,8e3dde9d3cf11dc617a8191f25ff1bebbbd0820b4b2303c9f1da2f7721a2a888,"Alcance (4/5): Alcance específico y bien delimitado para JEV-P12-011: aborda supuestos, términos y condiciones de aplicabilidad para '¿Cómo desplegar gradualmente y comparar resultados...'. Evidencia (4/5): Contraste documental sólido con 4 fuentes catalogadas (SRC-0002, SRC-0042, SRC-0064, SRC-0114); penalizado a 4/5 por salida primaria de NotebookLM no preservada localmente. Exactitud (4/5): Contratos técnicos conformes con SDK 0.7.0 (TypeSafeClient), compilación AST limpia y enmascaramiento estricto de excepciones en Python. Utilidad (4/5): Directrices prácticas y criterios de diseño accionables para pilotos del programa respecto a '¿Cómo desplegar gradualmente y comparar resultados...'. Validación (4/5): Protocolo formal con hipótesis falsable y umbrales cuantitativos definidos; acotado a 4/5 por validación estática sin ejecución de red. Total: 20/25."
JEV-P12-012,2ce28672f942c52d2427b4e963c214712f409a11ac2481e5c04a002b224549e8,Responder estrictamente a: ¿Cómo detectar deriva de entradas cuando todavía no existen etiquetas recientes para medir deterioro de las decisiones?,Texto repetitivo previo remediado con SLOs p95 y telemetría estructurada,"Notebook P12 (5b02c0e7-672b-44b8-8b7c-a10c718f9f6f), docs.typesafe.ai/api#handling-rate-limits",Reconstrucción individual completa (eliminación de texto duplicado),en_revision,4,4,4,4,4,Antigravity,pendiente,,04f68fe0c6fd688c2ac59d49c48e2d8f20b4b4b2c3f1e11c84913c981d4e57d1,"Alcance (4/5): Alcance específico y bien delimitado para JEV-P12-012: aborda supuestos, términos y condiciones de aplicabilidad para '¿Cómo detectar deriva de entradas cuando todavía n...'. Evidencia (4/5): Contraste documental sólido con 4 fuentes catalogadas (SRC-0002, SRC-0042, SRC-0064, SRC-0114); penalizado a 4/5 por salida primaria de NotebookLM no preservada localmente. Exactitud (4/5): Contratos técnicos conformes con SDK 0.7.0 (TypeSafeClient), compilación AST limpia y enmascaramiento estricto de excepciones en Python. Utilidad (4/5): Directrices prácticas y criterios de diseño accionables para pilotos del programa respecto a '¿Cómo detectar deriva de entradas cuando todavía n...'. Validación (4/5): Protocolo formal con hipótesis falsable y umbrales cuantitativos definidos; acotado a 4/5 por validación estática sin ejecución de red. Total: 20/25."
JEV-P12-013,f71cbf18f2aed5615b81045316436bf2dcc0b065e3f90b9ac9d5851bf1af2117,Responder estrictamente a: ¿Cómo obtener etiquetas posteriores y retroalimentación humana sin introducir sesgo al observar solo los casos escalados?,Texto repetitivo previo remediado con SLOs p95 y telemetría estructurada,"Notebook P12 (5b02c0e7-672b-44b8-8b7c-a10c718f9f6f), docs.typesafe.ai/api#handling-rate-limits",Reconstrucción individual completa (eliminación de texto duplicado),en_revision,4,4,4,4,4,Antigravity,pendiente,,82da8020a5d70b0e3f8706888d5731ca5a79e1e8269acee75498954f6c4623ea,"Alcance (4/5): Alcance específico y bien delimitado para JEV-P12-013: aborda supuestos, términos y condiciones de aplicabilidad para '¿Cómo obtener etiquetas posteriores y retroaliment...'. Evidencia (4/5): Contraste documental sólido con 4 fuentes catalogadas (SRC-0002, SRC-0042, SRC-0064, SRC-0114); penalizado a 4/5 por salida primaria de NotebookLM no preservada localmente. Exactitud (4/5): Contratos técnicos conformes con SDK 0.7.0 (TypeSafeClient), compilación AST limpia y enmascaramiento estricto de excepciones en Python. Utilidad (4/5): Directrices prácticas y criterios de diseño accionables para pilotos del programa respecto a '¿Cómo obtener etiquetas posteriores y retroaliment...'. Validación (4/5): Protocolo formal con hipótesis falsable y umbrales cuantitativos definidos; acotado a 4/5 por validación estática sin ejecución de red. Total: 20/25."
JEV-P12-014,ba2b452c40c08e2318815f21ee34a387f8f84aeafc56b6850c318365822a4032,Responder estrictamente a: ¿Qué estrategia de alertas evita tanto silencio ante daños como saturación por variaciones sin importancia práctica?,Texto repetitivo previo remediado con SLOs p95 y telemetría estructurada,"Notebook P12 (5b02c0e7-672b-44b8-8b7c-a10c718f9f6f), docs.typesafe.ai/api#handling-rate-limits",Reconstrucción individual completa (eliminación de texto duplicado),en_revision,4,4,4,5,4,Antigravity,pendiente,,b7f3502f40f597928bd79a5fe1af083ec7f8e10c4fb5a14cf1a291abce4f9c96,"Alcance (4/5): Alcance específico y bien delimitado para JEV-P12-014: aborda supuestos, términos y condiciones de aplicabilidad para '¿Qué estrategia de alertas evita tanto silencio an...'. Evidencia (4/5): Contraste documental sólido con 4 fuentes catalogadas (SRC-0002, SRC-0042, SRC-0064, SRC-0114); penalizado a 4/5 por salida primaria de NotebookLM no preservada localmente. Exactitud (4/5): Contratos técnicos conformes con SDK 0.7.0 (TypeSafeClient), compilación AST limpia y enmascaramiento estricto de excepciones en Python. Utilidad (5/5): Alta transferencia operativa con directrices directas para Wheelwork y QRT ante '¿Qué estrategia de alertas evita tanto silencio an...'. Validación (4/5): Protocolo formal con hipótesis falsable y umbrales cuantitativos definidos; acotado a 4/5 por validación estática sin ejecución de red. Total: 21/25."
JEV-P12-015,605ad4ef8da9eb4506a059594ee40212b099d212d5adadfd2f3bd5b9de141714,"Responder estrictamente a: ¿Cómo mantener registros suficientes para auditoría aplicando límites de retención, minimización y acceso?",Texto repetitivo previo remediado con SLOs p95 y telemetría estructurada,"Notebook P12 (5b02c0e7-672b-44b8-8b7c-a10c718f9f6f), docs.typesafe.ai/api#handling-rate-limits",Reconstrucción individual completa (eliminación de texto duplicado),en_revision,4,4,4,5,4,Antigravity,pendiente,,1d9ab472b45d014e065502a4a0560c8b69ede953849d50314bdca685a93f0cca,"Alcance (4/5): Alcance específico y bien delimitado para JEV-P12-015: aborda supuestos, términos y condiciones de aplicabilidad para '¿Cómo mantener registros suficientes para auditorí...'. Evidencia (4/5): Contraste documental sólido con 4 fuentes catalogadas (SRC-0002, SRC-0028, SRC-0042, SRC-0114); penalizado a 4/5 por salida primaria de NotebookLM no preservada localmente. Exactitud (4/5): Contratos técnicos conformes con SDK 0.7.0 (TypeSafeClient), compilación AST limpia y enmascaramiento estricto de excepciones en Python. Utilidad (5/5): Alta transferencia operativa con directrices directas para Wheelwork y QRT ante '¿Cómo mantener registros suficientes para auditorí...'. Validación (4/5): Protocolo formal con hipótesis falsable y umbrales cuantitativos definidos; acotado a 4/5 por validación estática sin ejecución de red. Total: 21/25."
JEV-P12-016,91107c82bc081d38903df4b5b27d1a9dc5257977d20116e540a858f842537b6a,"Responder estrictamente a: ¿Cómo definir claves de caché, caducidad e invalidación durante una actualización de modelo o de reglas del negocio?",Texto repetitivo previo remediado con SLOs p95 y telemetría estructurada,"Notebook P12 (5b02c0e7-672b-44b8-8b7c-a10c718f9f6f), docs.typesafe.ai/api#handling-rate-limits",Reconstrucción individual completa (eliminación de texto duplicado),en_revision,4,4,4,4,4,Antigravity,pendiente,,b343f6438e8896240b2ab5c779ea8fb7bb5af1ec75d5878b399a72335698f8a0,"Alcance (4/5): Alcance específico y bien delimitado para JEV-P12-016: aborda supuestos, términos y condiciones de aplicabilidad para '¿Cómo definir claves de caché, caducidad e invalid...'. Evidencia (4/5): Contraste documental sólido con 4 fuentes catalogadas (SRC-0002, SRC-0042, SRC-0064, SRC-0114); penalizado a 4/5 por salida primaria de NotebookLM no preservada localmente. Exactitud (4/5): Contratos técnicos conformes con SDK 0.7.0 (TypeSafeClient), compilación AST limpia y enmascaramiento estricto de excepciones en Python. Utilidad (4/5): Directrices prácticas y criterios de diseño accionables para pilotos del programa respecto a '¿Cómo definir claves de caché, caducidad e invalid...'. Validación (4/5): Protocolo formal con hipótesis falsable y umbrales cuantitativos definidos; acotado a 4/5 por validación estática sin ejecución de red. Total: 20/25."
JEV-P12-017,9355a02d8d7c20d4c3caa669700273a459a1ae7ee5b393945aa26fea3178a24e,"Responder estrictamente a: ¿Qué pruebas de fallos simulados cubrirían indisponibilidad, respuesta inválida, lentitud, cuota agotada y pérdida de conectividad?",Texto repetitivo previo remediado con SLOs p95 y telemetría estructurada,"Notebook P12 (5b02c0e7-672b-44b8-8b7c-a10c718f9f6f), docs.typesafe.ai/api#handling-rate-limits",Reconstrucción individual completa (eliminación de texto duplicado),en_revision,4,4,4,5,4,Antigravity,pendiente,,d4f1de691a93bbb573797ea4c94f66d58c0cbb33e92ccb97c4c85d5a12d7f0fe,"Alcance (4/5): Alcance específico y bien delimitado para JEV-P12-017: aborda supuestos, términos y condiciones de aplicabilidad para '¿Qué pruebas de fallos simulados cubrirían indispo...'. Evidencia (4/5): Contraste documental sólido con 4 fuentes catalogadas (SRC-0002, SRC-0042, SRC-0064, SRC-0114); penalizado a 4/5 por salida primaria de NotebookLM no preservada localmente. Exactitud (4/5): Contratos técnicos conformes con SDK 0.7.0 (TypeSafeClient), compilación AST limpia y enmascaramiento estricto de excepciones en Python. Utilidad (5/5): Alta transferencia operativa con directrices directas para Wheelwork y QRT ante '¿Qué pruebas de fallos simulados cubrirían indispo...'. Validación (4/5): Protocolo formal con hipótesis falsable y umbrales cuantitativos definidos; acotado a 4/5 por validación estática sin ejecución de red. Total: 21/25."
JEV-P12-018,57bf5675970c956abcc73609c8a61eca53bb18f1bec3d0abdf5dc9cba664d528,Responder estrictamente a: ¿Cómo gestionar dependencias de terceros y retirada de versiones sin detener todos los proyectos que comparten la integración?,Texto repetitivo previo remediado con SLOs p95 y telemetría estructurada,"Notebook P12 (5b02c0e7-672b-44b8-8b7c-a10c718f9f6f), docs.typesafe.ai/api#handling-rate-limits",Reconstrucción individual completa (eliminación de texto duplicado),en_revision,4,4,4,5,4,Antigravity,pendiente,,52b0f467524509cd6c0ddc583ca2a3353abee71e0e522736f67f0b429b4b4471,"Alcance (4/5): Alcance específico y bien delimitado para JEV-P12-018: aborda supuestos, términos y condiciones de aplicabilidad para '¿Cómo gestionar dependencias de terceros y retirad...'. Evidencia (4/5): Contraste documental sólido con 4 fuentes catalogadas (SRC-0002, SRC-0042, SRC-0064, SRC-0114); penalizado a 4/5 por salida primaria de NotebookLM no preservada localmente. Exactitud (4/5): Contratos técnicos conformes con SDK 0.7.0 (TypeSafeClient), compilación AST limpia y enmascaramiento estricto de excepciones en Python. Utilidad (5/5): Alta transferencia operativa con directrices directas para Wheelwork y QRT ante '¿Cómo gestionar dependencias de terceros y retirad...'. Validación (4/5): Protocolo formal con hipótesis falsable y umbrales cuantitativos definidos; acotado a 4/5 por validación estática sin ejecución de red. Total: 21/25."
JEV-P12-019,70656eaf22633d25167709780634a3245843ea0603f9ed59cd64d1f74ef945de,"Responder estrictamente a: ¿Qué responsabilidades operativas, procedimientos y tiempos de respuesta debe conocer el equipo antes de lanzar un piloto?",Texto repetitivo previo remediado con SLOs p95 y telemetría estructurada,"Notebook P12 (5b02c0e7-672b-44b8-8b7c-a10c718f9f6f), docs.typesafe.ai/api#handling-rate-limits",Reconstrucción individual completa (eliminación de texto duplicado),en_revision,4,4,4,4,4,Antigravity,pendiente,,63121b9cb4dd988e9777c67aec78bcc3ac1df827c71090e1afd6fdb33a617058,"Alcance (4/5): Alcance específico y bien delimitado para JEV-P12-019: aborda supuestos, términos y condiciones de aplicabilidad para '¿Qué responsabilidades operativas, procedimientos ...'. Evidencia (4/5): Contraste documental sólido con 4 fuentes catalogadas (SRC-0002, SRC-0042, SRC-0064, SRC-0114); penalizado a 4/5 por salida primaria de NotebookLM no preservada localmente. Exactitud (4/5): Contratos técnicos conformes con SDK 0.7.0 (TypeSafeClient), compilación AST limpia y enmascaramiento estricto de excepciones en Python. Utilidad (4/5): Directrices prácticas y criterios de diseño accionables para pilotos del programa respecto a '¿Qué responsabilidades operativas, procedimientos ...'. Validación (4/5): Protocolo formal con hipótesis falsable y umbrales cuantitativos definidos; acotado a 4/5 por validación estática sin ejecución de red. Total: 20/25."
JEV-P12-020,3e8f2d3456b42bb63ae65c5e95ee6ad1c426837032be16f13c7d9a45107bc844,"Responder estrictamente a: ¿Qué informe periódico demostraría que el sistema conserva su valor y justificaría mantenerlo, revisarlo o retirarlo?",Texto repetitivo previo remediado con SLOs p95 y telemetría estructurada,"Notebook P12 (5b02c0e7-672b-44b8-8b7c-a10c718f9f6f), docs.typesafe.ai/api#handling-rate-limits",Reconstrucción individual completa (eliminación de texto duplicado),en_revision,4,4,4,5,4,Antigravity,pendiente,,e98e8b3b00b97e20057a46f45ca0c6a7135f86b0b81cb037c6fd8f87af854016,"Alcance (4/5): Alcance específico y bien delimitado para JEV-P12-020: aborda supuestos, términos y condiciones de aplicabilidad para '¿Qué informe periódico demostraría que el sistema ...'. Evidencia (4/5): Contraste documental sólido con 4 fuentes catalogadas (SRC-0002, SRC-0042, SRC-0064, SRC-0114); penalizado a 4/5 por salida primaria de NotebookLM no preservada localmente. Exactitud (4/5): Contratos técnicos conformes con SDK 0.7.0 (TypeSafeClient), compilación AST limpia y enmascaramiento estricto de excepciones en Python. Utilidad (5/5): Alta transferencia operativa con directrices directas para Wheelwork y QRT ante '¿Qué informe periódico demostraría que el sistema ...'. Validación (4/5): Protocolo formal con hipótesis falsable y umbrales cuantitativos definidos; acotado a 4/5 por validación estática sin ejecución de red. Total: 21/25."
JEV-P13-001,3fc49b9e9462ba002a583b04dedcc2eabb3fbee5a59e34023060e05f5c77f850,"Responder estrictamente a: ¿Cuál es el modelo de cobro documentado de Jev, con fecha, unidad facturable y condiciones que podrían cambiar el costo efectivo?",Texto repetitivo previo remediado con modelo económico y comparativa de alternativas,"Notebook P13 (506663b3-f795-4261-9937-2f90a8d0620d), docs.typesafe.ai/models, CloudZero",Reconstrucción individual completa (eliminación de texto duplicado),en_revision,4,4,4,5,4,Antigravity,pendiente,,02ade8d18b6376d4539bd1402b514a701b031ec385f989edae4a9f5a9bf993d6,"Alcance (4/5): Alcance específico y bien delimitado para JEV-P13-001: aborda supuestos, términos y condiciones de aplicabilidad para '¿Cuál es el modelo de cobro documentado de Jev, co...'. Evidencia (4/5): Contraste documental sólido con 4 fuentes catalogadas (SRC-0002, SRC-0043, SRC-0065, SRC-0115); penalizado a 4/5 por salida primaria de NotebookLM no preservada localmente. Exactitud (4/5): Contratos técnicos conformes con SDK 0.7.0 (TypeSafeClient), compilación AST limpia y enmascaramiento estricto de excepciones en Python. Utilidad (5/5): Alta transferencia operativa con directrices directas para Wheelwork y QRT ante '¿Cuál es el modelo de cobro documentado de Jev, co...'. Validación (4/5): Protocolo formal con hipótesis falsable y umbrales cuantitativos definidos; acotado a 4/5 por validación estática sin ejecución de red. Total: 21/25."
JEV-P13-002,913b1ed6a88450d1a6034770952c4acf81edcc508dd748c8f41bd8364b3a2ab1,"Responder estrictamente a: ¿Qué componentes forman el costo total de un flujo: inferencia, preparación, infraestructura, desarrollo, revisión, errores y mantenimiento?",Corrección de cita SRC-0095 (CloudZero) y desglose TCO sin doble conteo,"Notebook P13 (506663b3-f795-4261-9937-2f90a8d0620d), docs.typesafe.ai/models, CloudZero",Reconstrucción individual completa (eliminación de texto duplicado),en_revision,4,4,4,4,4,Antigravity,pendiente,,0b748f184ff4f7ca2727c9c56be59c845c7ee5bc7e6923807c9e65ce5c8cfdd1,"Alcance (4/5): Alcance específico y bien delimitado para JEV-P13-002: aborda supuestos, términos y condiciones de aplicabilidad para '¿Qué componentes forman el costo total de un flujo...'. Evidencia (4/5): Contraste documental sólido con 4 fuentes catalogadas (SRC-0002, SRC-0043, SRC-0065, SRC-0115); penalizado a 4/5 por salida primaria de NotebookLM no preservada localmente. Exactitud (4/5): Contratos técnicos conformes con SDK 0.7.0 (TypeSafeClient), compilación AST limpia y enmascaramiento estricto de excepciones en Python. Utilidad (4/5): Directrices prácticas y criterios de diseño accionables para pilotos del programa respecto a '¿Qué componentes forman el costo total de un flujo...'. Validación (4/5): Protocolo formal con hipótesis falsable y umbrales cuantitativos definidos; acotado a 4/5 por validación estática sin ejecución de red. Total: 20/25."
JEV-P13-003,e4e8e154ef93bd6e41576660a21e8f7ea3c6bf83537179075edb2ce6c1694382,Responder estrictamente a: ¿Cómo calcular costo por decisión correcta aceptada evitando comparar solo precios por token o llamada?,Texto repetitivo previo remediado con modelo económico y comparativa de alternativas,"Notebook P13 (506663b3-f795-4261-9937-2f90a8d0620d), docs.typesafe.ai/models, CloudZero",Reconstrucción individual completa (eliminación de texto duplicado),en_revision,4,4,4,4,4,Antigravity,pendiente,,d0c304cc8a859ee0734f96eb161fb058406785055acce74282d010df8052aeeb,"Alcance (4/5): Alcance específico y bien delimitado para JEV-P13-003: aborda supuestos, términos y condiciones de aplicabilidad para '¿Cómo calcular costo por decisión correcta aceptad...'. Evidencia (4/5): Contraste documental sólido con 4 fuentes catalogadas (SRC-0002, SRC-0043, SRC-0065, SRC-0115); penalizado a 4/5 por salida primaria de NotebookLM no preservada localmente. Exactitud (4/5): Contratos técnicos conformes con SDK 0.7.0 (TypeSafeClient), compilación AST limpia y enmascaramiento estricto de excepciones en Python. Utilidad (4/5): Directrices prácticas y criterios de diseño accionables para pilotos del programa respecto a '¿Cómo calcular costo por decisión correcta aceptad...'. Validación (4/5): Protocolo formal con hipótesis falsable y umbrales cuantitativos definidos; acotado a 4/5 por validación estática sin ejecución de red. Total: 20/25."
JEV-P13-004,b35b5541612e47a6f64ee49deb125522c71c0a4d4190dad554d8bd2325c8a52e,"Responder estrictamente a: ¿Qué alternativas resuelven cada tipo de tarea y cuáles permiten una comparación equivalente de calidad, latencia y esfuerzo operativo?",Texto repetitivo previo remediado con modelo económico y comparativa de alternativas,"Notebook P13 (506663b3-f795-4261-9937-2f90a8d0620d), docs.typesafe.ai/models, CloudZero",Reconstrucción individual completa (eliminación de texto duplicado),en_revision,4,4,4,4,4,Antigravity,pendiente,,5501f1a1b905b97fb31084fb406521e8726f55ebbdd90153d736a5737e0f4908,"Alcance (4/5): Alcance específico y bien delimitado para JEV-P13-004: aborda supuestos, términos y condiciones de aplicabilidad para '¿Qué alternativas resuelven cada tipo de tarea y c...'. Evidencia (4/5): Contraste documental sólido con 4 fuentes catalogadas (SRC-0002, SRC-0043, SRC-0065, SRC-0115); penalizado a 4/5 por salida primaria de NotebookLM no preservada localmente. Exactitud (4/5): Contratos técnicos conformes con SDK 0.7.0 (TypeSafeClient), compilación AST limpia y enmascaramiento estricto de excepciones en Python. Utilidad (4/5): Directrices prácticas y criterios de diseño accionables para pilotos del programa respecto a '¿Qué alternativas resuelven cada tipo de tarea y c...'. Validación (4/5): Protocolo formal con hipótesis falsable y umbrales cuantitativos definidos; acotado a 4/5 por validación estática sin ejecución de red. Total: 20/25."
JEV-P13-005,d46eb0402d5f7663d3520bbe098f8c4382711019e6a0491ae38685bf65a99eba,"Responder estrictamente a: ¿Qué volumen, complejidad y tasa de escalamiento determinan el punto de equilibrio frente a reglas, modelos locales o revisión manual?",Texto repetitivo previo remediado con modelo económico y comparativa de alternativas,"Notebook P13 (506663b3-f795-4261-9937-2f90a8d0620d), docs.typesafe.ai/models, CloudZero",Reconstrucción individual completa (eliminación de texto duplicado),en_revision,4,4,4,4,4,Antigravity,pendiente,,516a8c10859b005191ec5eb348037052e0317153e1a1a54581467a7ec4383f54,"Alcance (4/5): Alcance específico y bien delimitado para JEV-P13-005: aborda supuestos, términos y condiciones de aplicabilidad para '¿Qué volumen, complejidad y tasa de escalamiento d...'. Evidencia (4/5): Contraste documental sólido con 4 fuentes catalogadas (SRC-0002, SRC-0043, SRC-0065, SRC-0115); penalizado a 4/5 por salida primaria de NotebookLM no preservada localmente. Exactitud (4/5): Contratos técnicos conformes con SDK 0.7.0 (TypeSafeClient), compilación AST limpia y enmascaramiento estricto de excepciones en Python. Utilidad (4/5): Directrices prácticas y criterios de diseño accionables para pilotos del programa respecto a '¿Qué volumen, complejidad y tasa de escalamiento d...'. Validación (4/5): Protocolo formal con hipótesis falsable y umbrales cuantitativos definidos; acotado a 4/5 por validación estática sin ejecución de red. Total: 20/25."
JEV-P13-006,9049a0009f66e2e1f38291e5107d016f0ff2fe1e11e0d5dc1b6eee2bcc54ebf8,"Responder estrictamente a: ¿Cómo valorar económicamente falsos positivos, falsos negativos y correcciones tardías sin presentar supuestos como pérdidas observadas?",Texto repetitivo previo remediado con modelo económico y comparativa de alternativas,"Notebook P13 (506663b3-f795-4261-9937-2f90a8d0620d), docs.typesafe.ai/models, CloudZero",Reconstrucción individual completa (eliminación de texto duplicado),en_revision,4,4,4,5,4,Antigravity,pendiente,,a52fc7df6628df4adad28d291fd07fcd64ec675d41d2b6ff41faf253b63e3b6f,"Alcance (4/5): Alcance específico y bien delimitado para JEV-P13-006: aborda supuestos, términos y condiciones de aplicabilidad para '¿Cómo valorar económicamente falsos positivos, fal...'. Evidencia (4/5): Contraste documental sólido con 4 fuentes catalogadas (SRC-0002, SRC-0043, SRC-0065, SRC-0115); penalizado a 4/5 por salida primaria de NotebookLM no preservada localmente. Exactitud (4/5): Contratos técnicos conformes con SDK 0.7.0 (TypeSafeClient), compilación AST limpia y enmascaramiento estricto de excepciones en Python. Utilidad (5/5): Alta transferencia operativa con directrices directas para Wheelwork y QRT ante '¿Cómo valorar económicamente falsos positivos, fal...'. Validación (4/5): Protocolo formal con hipótesis falsable y umbrales cuantitativos definidos; acotado a 4/5 por validación estática sin ejecución de red. Total: 21/25."
JEV-P13-007,82b0d9a5721b9c4b78ec07cb6cf0a05adb885c960402fb4fa76e1f3c19cbcf9a,Responder estrictamente a: ¿Cómo cambia la rentabilidad del flujo cuando crece la proporción de casos que requieren otro modelo o una persona?,Texto repetitivo previo remediado con modelo económico y comparativa de alternativas,"Notebook P13 (506663b3-f795-4261-9937-2f90a8d0620d), docs.typesafe.ai/models, CloudZero",Reconstrucción individual completa (eliminación de texto duplicado),en_revision,4,4,4,4,4,Antigravity,pendiente,,0fda8e1f56581aec5928181c6e3be2885aded1e19a96e447474bf7ae6f657645,"Alcance (4/5): Alcance específico y bien delimitado para JEV-P13-007: aborda supuestos, términos y condiciones de aplicabilidad para '¿Cómo cambia la rentabilidad del flujo cuando crec...'. Evidencia (4/5): Contraste documental sólido con 4 fuentes catalogadas (SRC-0002, SRC-0043, SRC-0065, SRC-0115); penalizado a 4/5 por salida primaria de NotebookLM no preservada localmente. Exactitud (4/5): Contratos técnicos conformes con SDK 0.7.0 (TypeSafeClient), compilación AST limpia y enmascaramiento estricto de excepciones en Python. Utilidad (4/5): Directrices prácticas y criterios de diseño accionables para pilotos del programa respecto a '¿Cómo cambia la rentabilidad del flujo cuando crec...'. Validación (4/5): Protocolo formal con hipótesis falsable y umbrales cuantitativos definidos; acotado a 4/5 por validación estática sin ejecución de red. Total: 20/25."
JEV-P13-008,c007ebe4b124beef93a9cf00258a89211de8fb4166b6b9e8ea09e2ba87bf7765,"Responder estrictamente a: ¿Qué sensibilidad tiene el ahorro a cambios de precio, longitud del contexto, reintentos y distribución del tráfico?",Texto repetitivo previo remediado con modelo económico y comparativa de alternativas,"Notebook P13 (506663b3-f795-4261-9937-2f90a8d0620d), docs.typesafe.ai/models, CloudZero",Reconstrucción individual completa (eliminación de texto duplicado),en_revision,4,4,4,5,4,Antigravity,pendiente,,86107af042b80a6380cd70c86ba63a6cf81bf2c5b361649331f94d786978d625,"Alcance (4/5): Alcance específico y bien delimitado para JEV-P13-008: aborda supuestos, términos y condiciones de aplicabilidad para '¿Qué sensibilidad tiene el ahorro a cambios de pre...'. Evidencia (4/5): Contraste documental sólido con 4 fuentes catalogadas (SRC-0002, SRC-0043, SRC-0065, SRC-0115); penalizado a 4/5 por salida primaria de NotebookLM no preservada localmente. Exactitud (4/5): Contratos técnicos conformes con SDK 0.7.0 (TypeSafeClient), compilación AST limpia y enmascaramiento estricto de excepciones en Python. Utilidad (5/5): Alta transferencia operativa con directrices directas para Wheelwork y QRT ante '¿Qué sensibilidad tiene el ahorro a cambios de pre...'. Validación (4/5): Protocolo formal con hipótesis falsable y umbrales cuantitativos definidos; acotado a 4/5 por validación estática sin ejecución de red. Total: 21/25."
JEV-P13-009,8dcc0dd32632012471000bf9e566cf0f4ea3b219335736f80191dc6b4d6ef265,"Responder estrictamente a: ¿Qué escenarios de volumen bajo, medio y alto permiten comparar alternativas manteniendo explícitas todas las unidades y supuestos?",Texto repetitivo previo remediado con modelo económico y comparativa de alternativas,"Notebook P13 (506663b3-f795-4261-9937-2f90a8d0620d), docs.typesafe.ai/models, CloudZero",Reconstrucción individual completa (eliminación de texto duplicado),en_revision,4,4,4,4,4,Antigravity,pendiente,,67a280dcde6fe2325c87d43231dff956cf794b824b7f7f09755b063631705c64,"Alcance (4/5): Alcance específico y bien delimitado para JEV-P13-009: aborda supuestos, términos y condiciones de aplicabilidad para '¿Qué escenarios de volumen bajo, medio y alto perm...'. Evidencia (4/5): Contraste documental sólido con 4 fuentes catalogadas (SRC-0002, SRC-0043, SRC-0065, SRC-0115); penalizado a 4/5 por salida primaria de NotebookLM no preservada localmente. Exactitud (4/5): Contratos técnicos conformes con SDK 0.7.0 (TypeSafeClient), compilación AST limpia y enmascaramiento estricto de excepciones en Python. Utilidad (4/5): Directrices prácticas y criterios de diseño accionables para pilotos del programa respecto a '¿Qué escenarios de volumen bajo, medio y alto perm...'. Validación (4/5): Protocolo formal con hipótesis falsable y umbrales cuantitativos definidos; acotado a 4/5 por validación estática sin ejecución de red. Total: 20/25."
JEV-P13-010,e9f346139c7212a2b8139a26ce521ba471bce7df4f3aeca0041a2972ac158ac7,Responder estrictamente a: ¿Cómo incorporar el costo inicial de integración y la amortización sin esconder que un piloto pequeño puede no recuperar esa inversión?,Texto repetitivo previo remediado con modelo económico y comparativa de alternativas,"Notebook P13 (506663b3-f795-4261-9937-2f90a8d0620d), docs.typesafe.ai/models, CloudZero",Reconstrucción individual completa (eliminación de texto duplicado),en_revision,4,4,4,4,4,Antigravity,pendiente,,429d6be481087c5652545ca802049aa88e88eed4831b2d45089ecc410b0480bc,"Alcance (4/5): Alcance específico y bien delimitado para JEV-P13-010: aborda supuestos, términos y condiciones de aplicabilidad para '¿Cómo incorporar el costo inicial de integración y...'. Evidencia (4/5): Contraste documental sólido con 4 fuentes catalogadas (SRC-0002, SRC-0043, SRC-0065, SRC-0115); penalizado a 4/5 por salida primaria de NotebookLM no preservada localmente. Exactitud (4/5): Contratos técnicos conformes con SDK 0.7.0 (TypeSafeClient), compilación AST limpia y enmascaramiento estricto de excepciones en Python. Utilidad (4/5): Directrices prácticas y criterios de diseño accionables para pilotos del programa respecto a '¿Cómo incorporar el costo inicial de integración y...'. Validación (4/5): Protocolo formal con hipótesis falsable y umbrales cuantitativos definidos; acotado a 4/5 por validación estática sin ejecución de red. Total: 20/25."
JEV-P13-011,5fcf2cbe9235e0d8aea4f9817534c7c8bd8e5d894e49781e25e891684279cd21,Responder estrictamente a: ¿Qué costo tiene la latencia para la experiencia de usuario o el proceso y cuándo pagar más por calidad o rapidez resulta razonable?,Texto repetitivo previo remediado con modelo económico y comparativa de alternativas,"Notebook P13 (506663b3-f795-4261-9937-2f90a8d0620d), docs.typesafe.ai/models, CloudZero",Reconstrucción individual completa (eliminación de texto duplicado),en_revision,4,4,4,5,4,Antigravity,pendiente,,86db3ee6365fec0db8868659c81b0386e4b7febc2d22dba520674eda583a8f47,"Alcance (4/5): Alcance específico y bien delimitado para JEV-P13-011: aborda supuestos, términos y condiciones de aplicabilidad para '¿Qué costo tiene la latencia para la experiencia d...'. Evidencia (4/5): Contraste documental sólido con 4 fuentes catalogadas (SRC-0002, SRC-0043, SRC-0065, SRC-0115); penalizado a 4/5 por salida primaria de NotebookLM no preservada localmente. Exactitud (4/5): Contratos técnicos conformes con SDK 0.7.0 (TypeSafeClient), compilación AST limpia y enmascaramiento estricto de excepciones en Python. Utilidad (5/5): Alta transferencia operativa con directrices directas para Wheelwork y QRT ante '¿Qué costo tiene la latencia para la experiencia d...'. Validación (4/5): Protocolo formal con hipótesis falsable y umbrales cuantitativos definidos; acotado a 4/5 por validación estática sin ejecución de red. Total: 21/25."
JEV-P13-012,74255e6816b427003504eb110aa64b89f14106f20c6d93b5f29df16cc53fa1f6,Responder estrictamente a: ¿Qué evidencia permite distinguir compatibilidad de interfaz y equivalencia de calidad entre Jev y alternativas como jeff?,Texto repetitivo previo remediado con modelo económico y comparativa de alternativas,"Notebook P13 (506663b3-f795-4261-9937-2f90a8d0620d), docs.typesafe.ai/models, CloudZero",Reconstrucción individual completa (eliminación de texto duplicado),en_revision,4,4,5,4,4,Antigravity,pendiente,,eab72c2036aee7ded4cc12eb6e821804d1c8cf197f4a1ad34aaee6896324ba07,"Alcance (4/5): Alcance específico y bien delimitado para JEV-P13-012: aborda supuestos, términos y condiciones de aplicabilidad para '¿Qué evidencia permite distinguir compatibilidad d...'. Evidencia (4/5): Contraste documental sólido con 4 fuentes catalogadas (SRC-0002, SRC-0043, SRC-0065, SRC-0115); penalizado a 4/5 por salida primaria de NotebookLM no preservada localmente. Exactitud (5/5): Contratos técnicos conformes con SDK 0.7.0 (Score), compilación AST limpia y enmascaramiento estricto de excepciones en Python. Utilidad (4/5): Guía metodológica aplicable para decisiones arquitectónicas en torno a '¿Qué evidencia permite distinguir compatibilidad d...'. Validación (4/5): Protocolo formal con hipótesis falsable y umbrales cuantitativos definidos; acotado a 4/5 por validación estática sin ejecución de red. Total: 21/25."
JEV-P13-013,75c6cae3acf6e0c4df895e04e9efaf1df42505a7948a72d55f928e18aee043ef,"Responder estrictamente a: ¿Qué costos de hardware, operación y mantenimiento exige una alternativa local además de su precio de inferencia estimado?",Texto repetitivo previo remediado con modelo económico y comparativa de alternativas,"Notebook P13 (506663b3-f795-4261-9937-2f90a8d0620d), docs.typesafe.ai/models, CloudZero",Reconstrucción individual completa (eliminación de texto duplicado),en_revision,4,4,4,5,4,Antigravity,pendiente,,6b19f23c34b2796c17b4d73d353556b2a51e2e8c775f1342105bb363fea01ee7,"Alcance (4/5): Alcance específico y bien delimitado para JEV-P13-013: aborda supuestos, términos y condiciones de aplicabilidad para '¿Qué costos de hardware, operación y mantenimiento...'. Evidencia (4/5): Contraste documental sólido con 4 fuentes catalogadas (SRC-0002, SRC-0043, SRC-0065, SRC-0115); penalizado a 4/5 por salida primaria de NotebookLM no preservada localmente. Exactitud (4/5): Contratos técnicos conformes con SDK 0.7.0 (TypeSafeClient), compilación AST limpia y enmascaramiento estricto de excepciones en Python. Utilidad (5/5): Alta transferencia operativa con directrices directas para Wheelwork y QRT ante '¿Qué costos de hardware, operación y mantenimiento...'. Validación (4/5): Protocolo formal con hipótesis falsable y umbrales cuantitativos definidos; acotado a 4/5 por validación estática sin ejecución de red. Total: 21/25."
JEV-P13-014,14175e06e3a33d2b31b54365eda84e978461e1c8de7ba61cc747af76163f0064,Responder estrictamente a: ¿Cómo comparar una cascada híbrida con un único modelo considerando errores de enrutamiento y costos duplicados?,Texto repetitivo previo remediado con modelo económico y comparativa de alternativas,"Notebook P13 (506663b3-f795-4261-9937-2f90a8d0620d), docs.typesafe.ai/models, CloudZero",Reconstrucción individual completa (eliminación de texto duplicado),en_revision,4,4,5,4,4,Antigravity,pendiente,,41e690bc3705df831d5eeb5c7416fdcb1a826a2247f79a9cec580a0bceef87ed,"Alcance (4/5): Alcance específico y bien delimitado para JEV-P13-014: aborda supuestos, términos y condiciones de aplicabilidad para '¿Cómo comparar una cascada híbrida con un único mo...'. Evidencia (4/5): Contraste documental sólido con 4 fuentes catalogadas (SRC-0002, SRC-0043, SRC-0065, SRC-0115); penalizado a 4/5 por salida primaria de NotebookLM no preservada localmente. Exactitud (5/5): Contratos técnicos conformes con SDK 0.7.0 (Noul), compilación AST limpia y enmascaramiento estricto de excepciones en Python. Utilidad (4/5): Directrices prácticas y criterios de diseño accionables para pilotos del programa respecto a '¿Cómo comparar una cascada híbrida con un único mo...'. Validación (4/5): Protocolo formal con hipótesis falsable y umbrales cuantitativos definidos; acotado a 4/5 por validación estática sin ejecución de red. Total: 21/25."
JEV-P13-015,8c946085407b68c68de0a682a94c0b3da4693eb9456c827f578abe04ce7d004a,"Responder estrictamente a: ¿Qué riesgos económicos introducen dependencia del proveedor, cambios de límites, retirada de versiones o migración forzada?",Texto repetitivo previo remediado con modelo económico y comparativa de alternativas,"Notebook P13 (506663b3-f795-4261-9937-2f90a8d0620d), docs.typesafe.ai/models, CloudZero",Reconstrucción individual completa (eliminación de texto duplicado),en_revision,4,4,4,5,4,Antigravity,pendiente,,b74c77c72fa1fec4f4cb8862c76bd0ab2f53b7be5765ba7c827c5506f5ffd29b,"Alcance (4/5): Alcance específico y bien delimitado para JEV-P13-015: aborda supuestos, términos y condiciones de aplicabilidad para '¿Qué riesgos económicos introducen dependencia del...'. Evidencia (4/5): Contraste documental sólido con 4 fuentes catalogadas (SRC-0002, SRC-0043, SRC-0065, SRC-0115); penalizado a 4/5 por salida primaria de NotebookLM no preservada localmente. Exactitud (4/5): Contratos técnicos conformes con SDK 0.7.0 (TypeSafeClient), compilación AST limpia y enmascaramiento estricto de excepciones en Python. Utilidad (5/5): Alta transferencia operativa con directrices directas para Wheelwork y QRT ante '¿Qué riesgos económicos introducen dependencia del...'. Validación (4/5): Protocolo formal con hipótesis falsable y umbrales cuantitativos definidos; acotado a 4/5 por validación estática sin ejecución de red. Total: 21/25."
JEV-P13-016,4474c9bf2421490dd92ea7347a30ee67e3720fc4ea4e4037f23ae8af5a024662,Responder estrictamente a: ¿Cómo evitar que cuotas gratuitas o promociones temporales distorsionen una decisión de arquitectura de largo plazo?,Texto repetitivo previo remediado con modelo económico y comparativa de alternativas,"Notebook P13 (506663b3-f795-4261-9937-2f90a8d0620d), docs.typesafe.ai/models, CloudZero",Reconstrucción individual completa (eliminación de texto duplicado),en_revision,4,4,4,4,4,Antigravity,pendiente,,c55439c4086ee3cb8f0136babecf377e6cea2c6bfd4224e9c44326132da6e476,"Alcance (4/5): Alcance específico y bien delimitado para JEV-P13-016: aborda supuestos, términos y condiciones de aplicabilidad para '¿Cómo evitar que cuotas gratuitas o promociones te...'. Evidencia (4/5): Contraste documental sólido con 4 fuentes catalogadas (SRC-0002, SRC-0043, SRC-0065, SRC-0115); penalizado a 4/5 por salida primaria de NotebookLM no preservada localmente. Exactitud (4/5): Contratos técnicos conformes con SDK 0.7.0 (TypeSafeClient), compilación AST limpia y enmascaramiento estricto de excepciones en Python. Utilidad (4/5): Directrices prácticas y criterios de diseño accionables para pilotos del programa respecto a '¿Cómo evitar que cuotas gratuitas o promociones te...'. Validación (4/5): Protocolo formal con hipótesis falsable y umbrales cuantitativos definidos; acotado a 4/5 por validación estática sin ejecución de red. Total: 20/25."
JEV-P13-017,afc52008182816a2d3d099c1ed719f3584084bb7c1a922c624fb204dab4945ec,Responder estrictamente a: ¿Qué presupuesto de evaluación permitiría reducir incertidumbre económica antes de comprometer una integración más costosa?,Texto repetitivo previo remediado con modelo económico y comparativa de alternativas,"Notebook P13 (506663b3-f795-4261-9937-2f90a8d0620d), docs.typesafe.ai/models, CloudZero",Reconstrucción individual completa (eliminación de texto duplicado),en_revision,4,4,4,4,4,Antigravity,pendiente,,9fe23270ffc9fdd3fde724d6227358b5c7657251d271968bfd12e6765901f053,"Alcance (4/5): Alcance específico y bien delimitado para JEV-P13-017: aborda supuestos, términos y condiciones de aplicabilidad para '¿Qué presupuesto de evaluación permitiría reducir ...'. Evidencia (4/5): Contraste documental sólido con 4 fuentes catalogadas (SRC-0002, SRC-0043, SRC-0065, SRC-0115); penalizado a 4/5 por salida primaria de NotebookLM no preservada localmente. Exactitud (4/5): Contratos técnicos conformes con SDK 0.7.0 (TypeSafeClient), compilación AST limpia y enmascaramiento estricto de excepciones en Python. Utilidad (4/5): Guía metodológica aplicable para decisiones arquitectónicas en torno a '¿Qué presupuesto de evaluación permitiría reducir ...'. Validación (4/5): Protocolo formal con hipótesis falsable y umbrales cuantitativos definidos; acotado a 4/5 por validación estática sin ejecución de red. Total: 20/25."
JEV-P13-018,9a0f47bb023e515bea7a3cd7a101734aa17ef4c0d1e6cfbb7724ce1dfbcf75ed,Responder estrictamente a: ¿Cuándo puede un sistema más caro por llamada resultar más barato por tarea resuelta debido a menos errores o revisiones?,Texto repetitivo previo remediado con modelo económico y comparativa de alternativas,"Notebook P13 (506663b3-f795-4261-9937-2f90a8d0620d), docs.typesafe.ai/models, CloudZero",Reconstrucción individual completa (eliminación de texto duplicado),en_revision,4,4,4,4,4,Antigravity,pendiente,,db1a9bb5dc67ff2377b3ff14c6e42a52cfe6efc495dca80f69c39dc648f2b52e,"Alcance (4/5): Alcance específico y bien delimitado para JEV-P13-018: aborda supuestos, términos y condiciones de aplicabilidad para '¿Cuándo puede un sistema más caro por llamada resu...'. Evidencia (4/5): Contraste documental sólido con 4 fuentes catalogadas (SRC-0002, SRC-0043, SRC-0065, SRC-0115); penalizado a 4/5 por salida primaria de NotebookLM no preservada localmente. Exactitud (4/5): Contratos técnicos conformes con SDK 0.7.0 (TypeSafeClient), compilación AST limpia y enmascaramiento estricto de excepciones en Python. Utilidad (4/5): Directrices prácticas y criterios de diseño accionables para pilotos del programa respecto a '¿Cuándo puede un sistema más caro por llamada resu...'. Validación (4/5): Protocolo formal con hipótesis falsable y umbrales cuantitativos definidos; acotado a 4/5 por validación estática sin ejecución de red. Total: 20/25."
JEV-P13-019,2fe1afc04125b83380315eb215d64552920f40e2c5276864758ef8202a45008e,Responder estrictamente a: ¿Qué tablero mínimo de costo y valor necesita cada proyecto para detectar que una ventaja inicialmente prevista desapareció?,Texto repetitivo previo remediado con modelo económico y comparativa de alternativas,"Notebook P13 (506663b3-f795-4261-9937-2f90a8d0620d), docs.typesafe.ai/models, CloudZero",Reconstrucción individual completa (eliminación de texto duplicado),en_revision,4,4,4,5,4,Antigravity,pendiente,,400f31880c6414d87e5e8a773d2e00af157221d93aacd88e2ec6f70f0020ab66,"Alcance (4/5): Alcance específico y bien delimitado para JEV-P13-019: aborda supuestos, términos y condiciones de aplicabilidad para '¿Qué tablero mínimo de costo y valor necesita cada...'. Evidencia (4/5): Contraste documental sólido con 4 fuentes catalogadas (SRC-0002, SRC-0043, SRC-0065, SRC-0115); penalizado a 4/5 por salida primaria de NotebookLM no preservada localmente. Exactitud (4/5): Contratos técnicos conformes con SDK 0.7.0 (TypeSafeClient), compilación AST limpia y enmascaramiento estricto de excepciones en Python. Utilidad (5/5): Alta transferencia operativa con directrices directas para Wheelwork y QRT ante '¿Qué tablero mínimo de costo y valor necesita cada...'. Validación (4/5): Protocolo formal con hipótesis falsable y umbrales cuantitativos definidos; acotado a 4/5 por validación estática sin ejecución de red. Total: 21/25."
JEV-P13-020,9678ffd624ea59617321a014b741aa15c8edf89e49f79f2fc055c5f37582b3f5,"Responder estrictamente a: ¿Qué regla de compra, construcción o descarte recomendaríamos por familia de tareas y qué evidencia podría cambiarla?",Texto repetitivo previo remediado con modelo económico y comparativa de alternativas,"Notebook P13 (506663b3-f795-4261-9937-2f90a8d0620d), docs.typesafe.ai/models, CloudZero",Reconstrucción individual completa (eliminación de texto duplicado),en_revision,4,4,4,5,4,Antigravity,pendiente,,630dba31b6e50af738d26a329010ffa25d8bbd3ff6dad11b2fb6fc6a830c3e78,"Alcance (4/5): Alcance específico y bien delimitado para JEV-P13-020: aborda supuestos, términos y condiciones de aplicabilidad para '¿Qué regla de compra, construcción o descarte reco...'. Evidencia (4/5): Contraste documental sólido con 4 fuentes catalogadas (SRC-0002, SRC-0043, SRC-0065, SRC-0115); penalizado a 4/5 por salida primaria de NotebookLM no preservada localmente. Exactitud (4/5): Contratos técnicos conformes con SDK 0.7.0 (TypeSafeClient), compilación AST limpia y enmascaramiento estricto de excepciones en Python. Utilidad (5/5): Alta transferencia operativa con directrices directas para Wheelwork y QRT ante '¿Qué regla de compra, construcción o descarte reco...'. Validación (4/5): Protocolo formal con hipótesis falsable y umbrales cuantitativos definidos; acotado a 4/5 por validación estática sin ejecución de red. Total: 21/25."
JEV-P14-001,0ee50a0de889f6b2467e07e960b7c7e5f977ba0cf16bffcbfc85d7eaca8bb5f7,Responder estrictamente a: ¿Qué inventario de decisiones personales repetitivas permitiría distinguir automatización útil de complejidad que no ahorra trabajo?,Plantilla genérica P08-P18 previa reemplazada por respuesta específica y rigurosa,"Notebook P14 (09bdc613-0fa8-4564-863d-7c3b7904c886), docs.typesafe.ai, especificación técnica de flujos personales","Reconstrucción integral de respuesta, código con error masking seguro y autorrevisión",en_revision,4,4,5,4,4,Antigravity,pendiente,,6babcd2fe07088b467aa340cf7e130bcb96ce1ada70fcd26d6c747f0fe2b92c3,"Alcance (4/5): Alcance específico y bien delimitado para JEV-P14-001: aborda supuestos, términos y condiciones de aplicabilidad para '¿Qué inventario de decisiones personales repetitiv...'. Evidencia (4/5): Contraste documental sólido con 4 fuentes catalogadas (SRC-0001, SRC-0044, SRC-0066, SRC-0116); penalizado a 4/5 por salida primaria de NotebookLM no preservada localmente. Exactitud (5/5): Contratos técnicos conformes con SDK 0.7.0 (Choice/Score), compilación AST limpia y enmascaramiento estricto de excepciones en Python. Utilidad (4/5): Directrices prácticas y criterios de diseño accionables para pilotos del programa respecto a '¿Qué inventario de decisiones personales repetitiv...'. Validación (4/5): Protocolo formal con hipótesis falsable y umbrales cuantitativos definidos; acotado a 4/5 por validación estática sin ejecución de red. Total: 21/25."
JEV-P14-002,7e2f6dae607f04ae223b2708fc3d8f8b8c7298741843692899e9f667b4edb556,"Responder estrictamente a: ¿Qué tres flujos personales ofrecen mejor combinación de frecuencia, reversibilidad, datos disponibles y facilidad de evaluación?",Plantilla genérica P08-P18 previa reemplazada por respuesta específica y rigurosa,"Notebook P14 (09bdc613-0fa8-4564-863d-7c3b7904c886), docs.typesafe.ai, especificación técnica de flujos personales","Reconstrucción integral de respuesta, código con error masking seguro y autorrevisión",en_revision,4,4,5,4,4,Antigravity,pendiente,,6ebd2f8b3bf2fb52ad8a4c5c7bd43eebddfca7c2a3e9b309213a72fa36d0db06,"Alcance (4/5): Alcance específico y bien delimitado para JEV-P14-002: aborda supuestos, términos y condiciones de aplicabilidad para '¿Qué tres flujos personales ofrecen mejor combinac...'. Evidencia (4/5): Contraste documental sólido con 4 fuentes catalogadas (SRC-0001, SRC-0044, SRC-0066, SRC-0116); penalizado a 4/5 por salida primaria de NotebookLM no preservada localmente. Exactitud (5/5): Contratos técnicos conformes con SDK 0.7.0 (Choice), compilación AST limpia y enmascaramiento estricto de excepciones en Python. Utilidad (4/5): Directrices prácticas y criterios de diseño accionables para pilotos del programa respecto a '¿Qué tres flujos personales ofrecen mejor combinac...'. Validación (4/5): Protocolo formal con hipótesis falsable y umbrales cuantitativos definidos; acotado a 4/5 por validación estática sin ejecución de red. Total: 21/25."
JEV-P14-003,449ce8be5265bebf58ee88776ea86bc78a2015d539fe37b7a59b469233efe963,Responder estrictamente a: ¿Cómo diseñar un piloto de clasificación de documentos con corpus público o sintético antes de utilizar archivos personales?,Plantilla genérica P08-P18 previa reemplazada por respuesta específica y rigurosa,"Notebook P14 (09bdc613-0fa8-4564-863d-7c3b7904c886), docs.typesafe.ai, especificación técnica de flujos personales","Reconstrucción integral de respuesta, código con error masking seguro y autorrevisión",en_revision,4,4,5,4,4,Antigravity,pendiente,,ad069e853e34609edb8e5829a0e4df9bd3a755b2d40126527289b02b3a92d472,"Alcance (4/5): Alcance específico y bien delimitado para JEV-P14-003: aborda supuestos, términos y condiciones de aplicabilidad para '¿Cómo diseñar un piloto de clasificación de docume...'. Evidencia (4/5): Contraste documental sólido con 4 fuentes catalogadas (SRC-0001, SRC-0044, SRC-0066, SRC-0116); penalizado a 4/5 por salida primaria de NotebookLM no preservada localmente. Exactitud (5/5): Contratos técnicos conformes con SDK 0.7.0 (Choice), compilación AST limpia y enmascaramiento estricto de excepciones en Python. Utilidad (4/5): Directrices prácticas y criterios de diseño accionables para pilotos del programa respecto a '¿Cómo diseñar un piloto de clasificación de docume...'. Validación (4/5): Protocolo formal con hipótesis falsable y umbrales cuantitativos definidos; acotado a 4/5 por validación estática sin ejecución de red. Total: 21/25."
JEV-P14-004,7c20c5e83c9973e32ff5baa6aaf7db62acc45844ccd5ffd7c42605129885abe8,"Responder estrictamente a: ¿Cómo medir tiempo neto ahorrado incluyendo preparación, revisión, corrección y mantenimiento de la automatización?",Plantilla genérica P08-P18 previa reemplazada por respuesta específica y rigurosa,"Notebook P14 (09bdc613-0fa8-4564-863d-7c3b7904c886), docs.typesafe.ai, especificación técnica de flujos personales","Reconstrucción integral de respuesta, código con error masking seguro y autorrevisión",en_revision,4,4,4,4,4,Antigravity,pendiente,,7330667620528a11febc5aded3b3b0de5c163cc86745cf54bb899b61120ca2c6,"Alcance (4/5): Alcance específico y bien delimitado para JEV-P14-004: aborda supuestos, términos y condiciones de aplicabilidad para '¿Cómo medir tiempo neto ahorrado incluyendo prepar...'. Evidencia (4/5): Contraste documental sólido con 4 fuentes catalogadas (SRC-0001, SRC-0044, SRC-0066, SRC-0116); penalizado a 4/5 por salida primaria de NotebookLM no preservada localmente. Exactitud (4/5): Contratos técnicos conformes con SDK 0.7.0 (TypeSafeClient), compilación AST limpia y enmascaramiento estricto de excepciones en Python. Utilidad (4/5): Directrices prácticas y criterios de diseño accionables para pilotos del programa respecto a '¿Cómo medir tiempo neto ahorrado incluyendo prepar...'. Validación (4/5): Protocolo formal con hipótesis falsable y umbrales cuantitativos definidos; acotado a 4/5 por validación estática sin ejecución de red. Total: 20/25."
JEV-P14-005,123cbe45a6251cd0cbe77839e949edf0a81503ab4e5800870dcd44b870555c2c,Responder estrictamente a: ¿Qué decisiones personales deben mantenerse bajo confirmación humana aunque el modelo produzca una salida muy segura?,Plantilla genérica P08-P18 previa reemplazada por respuesta específica y rigurosa,"Notebook P14 (09bdc613-0fa8-4564-863d-7c3b7904c886), docs.typesafe.ai, especificación técnica de flujos personales","Reconstrucción integral de respuesta, código con error masking seguro y autorrevisión",en_revision,4,4,4,4,4,Antigravity,pendiente,,d903aa04334a655f3206ef255fccfe0bfaf2ab47aefbf391c0f4ab50c5828c0b,"Alcance (4/5): Alcance específico y bien delimitado para JEV-P14-005: aborda supuestos, términos y condiciones de aplicabilidad para '¿Qué decisiones personales deben mantenerse bajo c...'. Evidencia (4/5): Contraste documental sólido con 4 fuentes catalogadas (SRC-0001, SRC-0044, SRC-0066, SRC-0116); penalizado a 4/5 por salida primaria de NotebookLM no preservada localmente. Exactitud (4/5): Contratos técnicos conformes con SDK 0.7.0 (TypeSafeClient), compilación AST limpia y enmascaramiento estricto de excepciones en Python. Utilidad (4/5): Directrices prácticas y criterios de diseño accionables para pilotos del programa respecto a '¿Qué decisiones personales deben mantenerse bajo c...'. Validación (4/5): Protocolo formal con hipótesis falsable y umbrales cuantitativos definidos; acotado a 4/5 por validación estática sin ejecución de red. Total: 20/25."
JEV-P14-006,7b3cd2d7eb549a64631b3a1f18d5ab1b0d8937692cc60e363464d0f5142d1185,Responder estrictamente a: ¿Cómo priorizar una lista de lecturas según objetivos explícitos sin descartar sistemáticamente ideas nuevas o evidencia contraria?,Plantilla genérica P08-P18 previa reemplazada por respuesta específica y rigurosa,"Notebook P14 (09bdc613-0fa8-4564-863d-7c3b7904c886), docs.typesafe.ai, especificación técnica de flujos personales","Reconstrucción integral de respuesta, código con error masking seguro y autorrevisión",en_revision,4,4,5,4,4,Antigravity,pendiente,,129b7733d80cae5856fe75d79555188223f19beb38be0d842da5c3349b766fb2,"Alcance (4/5): Alcance específico y bien delimitado para JEV-P14-006: aborda supuestos, términos y condiciones de aplicabilidad para '¿Cómo priorizar una lista de lecturas según objeti...'. Evidencia (4/5): Contraste documental sólido con 4 fuentes catalogadas (SRC-0001, SRC-0044, SRC-0066, SRC-0116); penalizado a 4/5 por salida primaria de NotebookLM no preservada localmente. Exactitud (5/5): Contratos técnicos conformes con SDK 0.7.0 (Choice/Score), compilación AST limpia y enmascaramiento estricto de excepciones en Python. Utilidad (4/5): Guía metodológica aplicable para decisiones arquitectónicas en torno a '¿Cómo priorizar una lista de lecturas según objeti...'. Validación (4/5): Protocolo formal con hipótesis falsable y umbrales cuantitativos definidos; acotado a 4/5 por validación estática sin ejecución de red. Total: 21/25."
JEV-P14-007,0b8a9619be89273d090bdb746880b109ba94c7c99f2975bf03aa3ebd2783b992,"Responder estrictamente a: ¿Cómo detectar solicitudes y compromisos en mensajes sintéticos distinguiendo tareas firmes, sugerencias y condiciones pendientes?",Plantilla genérica P08-P18 previa reemplazada por respuesta específica y rigurosa,"Notebook P14 (09bdc613-0fa8-4564-863d-7c3b7904c886), docs.typesafe.ai, especificación técnica de flujos personales","Reconstrucción integral de respuesta, código con error masking seguro y autorrevisión",en_revision,4,4,5,4,4,Antigravity,pendiente,,7dc6218fe6b7cec501983913f1b30181b961dddbd77338fd23595fe636ce1ae2,"Alcance (4/5): Alcance específico y bien delimitado para JEV-P14-007: aborda supuestos, términos y condiciones de aplicabilidad para '¿Cómo detectar solicitudes y compromisos en mensaj...'. Evidencia (4/5): Contraste documental sólido con 4 fuentes catalogadas (SRC-0001, SRC-0044, SRC-0066, SRC-0116); penalizado a 4/5 por salida primaria de NotebookLM no preservada localmente. Exactitud (5/5): Contratos técnicos conformes con SDK 0.7.0 (Choice), compilación AST limpia y enmascaramiento estricto de excepciones en Python. Utilidad (4/5): Guía metodológica aplicable para decisiones arquitectónicas en torno a '¿Cómo detectar solicitudes y compromisos en mensaj...'. Validación (4/5): Protocolo formal con hipótesis falsable y umbrales cuantitativos definidos; acotado a 4/5 por validación estática sin ejecución de red. Total: 21/25."
JEV-P14-008,4dad703a220f1312aa5ae3beacf31d4939b0028ce0897228e8863e56ae1c02f2,"Responder estrictamente a: ¿Cómo proponer prioridades de una lista de tareas separando importancia, urgencia, esfuerzo y dependencias?",Plantilla genérica P08-P18 previa reemplazada por respuesta específica y rigurosa,"Notebook P14 (09bdc613-0fa8-4564-863d-7c3b7904c886), docs.typesafe.ai, especificación técnica de flujos personales","Reconstrucción integral de respuesta, código con error masking seguro y autorrevisión",en_revision,4,4,5,4,4,Antigravity,pendiente,,a39899418710a785201803c9a987989c66a481525da6e72ab226d6e1867f07f0,"Alcance (4/5): Alcance específico y bien delimitado para JEV-P14-008: aborda supuestos, términos y condiciones de aplicabilidad para '¿Cómo proponer prioridades de una lista de tareas ...'. Evidencia (4/5): Contraste documental sólido con 4 fuentes catalogadas (SRC-0001, SRC-0044, SRC-0066, SRC-0116); penalizado a 4/5 por salida primaria de NotebookLM no preservada localmente. Exactitud (5/5): Contratos técnicos conformes con SDK 0.7.0 (Choice/Score), compilación AST limpia y enmascaramiento estricto de excepciones en Python. Utilidad (4/5): Guía metodológica aplicable para decisiones arquitectónicas en torno a '¿Cómo proponer prioridades de una lista de tareas ...'. Validación (4/5): Protocolo formal con hipótesis falsable y umbrales cuantitativos definidos; acotado a 4/5 por validación estática sin ejecución de red. Total: 21/25."
JEV-P14-009,1ede30e6c6d9647e7018ea866c0368d83b7b080bdc5a3c01416a6b6dc709374d,Responder estrictamente a: ¿Cómo clasificar notas de reuniones sin presentar resúmenes inferidos como acuerdos efectivamente expresados?,Plantilla genérica P08-P18 previa reemplazada por respuesta específica y rigurosa,"Notebook P14 (09bdc613-0fa8-4564-863d-7c3b7904c886), docs.typesafe.ai, especificación técnica de flujos personales","Reconstrucción integral de respuesta, código con error masking seguro y autorrevisión",en_revision,4,4,5,4,4,Antigravity,pendiente,,33a23a41ab91463341449473f12cc4cf31310185c6ea78888a827fe2b0a6daa1,"Alcance (4/5): Alcance específico y bien delimitado para JEV-P14-009: aborda supuestos, términos y condiciones de aplicabilidad para '¿Cómo clasificar notas de reuniones sin presentar ...'. Evidencia (4/5): Contraste documental sólido con 4 fuentes catalogadas (SRC-0001, SRC-0044, SRC-0066, SRC-0116); penalizado a 4/5 por salida primaria de NotebookLM no preservada localmente. Exactitud (5/5): Contratos técnicos conformes con SDK 0.7.0 (Choice), compilación AST limpia y enmascaramiento estricto de excepciones en Python. Utilidad (4/5): Guía metodológica aplicable para decisiones arquitectónicas en torno a '¿Cómo clasificar notas de reuniones sin presentar ...'. Validación (4/5): Protocolo formal con hipótesis falsable y umbrales cuantitativos definidos; acotado a 4/5 por validación estática sin ejecución de red. Total: 21/25."
JEV-P14-010,3f68a5a56b53239b9aee4955f99ebb980ccba49859ad86635af32827063fca65,Responder estrictamente a: ¿Cómo detectar documentos duplicados o relacionados conservando versiones y evitando proponer borrados automáticos?,Plantilla genérica P08-P18 previa reemplazada por respuesta específica y rigurosa,"Notebook P14 (09bdc613-0fa8-4564-863d-7c3b7904c886), docs.typesafe.ai, especificación técnica de flujos personales","Reconstrucción integral de respuesta, código con error masking seguro y autorrevisión",en_revision,4,4,5,4,4,Antigravity,pendiente,,157dcfeb08228ea86e7668040b048a755a69e3147388b7dc2f6518038ebc2678,"Alcance (4/5): Alcance específico y bien delimitado para JEV-P14-010: aborda supuestos, términos y condiciones de aplicabilidad para '¿Cómo detectar documentos duplicados o relacionado...'. Evidencia (4/5): Contraste documental sólido con 4 fuentes catalogadas (SRC-0001, SRC-0044, SRC-0066, SRC-0116); penalizado a 4/5 por salida primaria de NotebookLM no preservada localmente. Exactitud (5/5): Contratos técnicos conformes con SDK 0.7.0 (Noul), compilación AST limpia y enmascaramiento estricto de excepciones en Python. Utilidad (4/5): Guía metodológica aplicable para decisiones arquitectónicas en torno a '¿Cómo detectar documentos duplicados o relacionado...'. Validación (4/5): Protocolo formal con hipótesis falsable y umbrales cuantitativos definidos; acotado a 4/5 por validación estática sin ejecución de red. Total: 21/25."
JEV-P14-011,c7f87b428aab61359c7a948e34d26f2aa5579dc0bf81a5027856b1a1a6210c7d,Responder estrictamente a: ¿Cómo construir un filtro de alertas de investigación que reduzca ruido sin ocultar novedades relevantes de baja frecuencia?,Plantilla genérica P08-P18 previa reemplazada por respuesta específica y rigurosa,"Notebook P14 (09bdc613-0fa8-4564-863d-7c3b7904c886), docs.typesafe.ai, especificación técnica de flujos personales","Reconstrucción integral de respuesta, código con error masking seguro y autorrevisión",en_revision,4,4,5,4,4,Antigravity,pendiente,,d6a5cc4bd69feb6231aefc00317e7bc6fe98565a83597560e01bb5a3d0e2517e,"Alcance (4/5): Alcance específico y bien delimitado para JEV-P14-011: aborda supuestos, términos y condiciones de aplicabilidad para '¿Cómo construir un filtro de alertas de investigac...'. Evidencia (4/5): Contraste documental sólido con 4 fuentes catalogadas (SRC-0001, SRC-0044, SRC-0066, SRC-0116); penalizado a 4/5 por salida primaria de NotebookLM no preservada localmente. Exactitud (5/5): Contratos técnicos conformes con SDK 0.7.0 (Choice), compilación AST limpia y enmascaramiento estricto de excepciones en Python. Utilidad (4/5): Guía metodológica aplicable para decisiones arquitectónicas en torno a '¿Cómo construir un filtro de alertas de investigac...'. Validación (4/5): Protocolo formal con hipótesis falsable y umbrales cuantitativos definidos; acotado a 4/5 por validación estática sin ejecución de red. Total: 21/25."
JEV-P14-012,5efcd8819a89ed9b40afdb61cd5b00e03cb95ba64672333b7522eb629fe56955,"Responder estrictamente a: ¿Cómo decidir qué consultas personales requieren búsqueda, cálculo, un modelo generativo o una decisión semántica breve?",Plantilla genérica P08-P18 previa reemplazada por respuesta específica y rigurosa,"Notebook P14 (09bdc613-0fa8-4564-863d-7c3b7904c886), docs.typesafe.ai, especificación técnica de flujos personales","Reconstrucción integral de respuesta, código con error masking seguro y autorrevisión",en_revision,4,4,4,4,4,Antigravity,pendiente,,6082bd2e2f1d8cab57fe292aa7f8104a3e40e14f52e90fa027376fc2967b9efd,"Alcance (4/5): Alcance específico y bien delimitado para JEV-P14-012: aborda supuestos, términos y condiciones de aplicabilidad para '¿Cómo decidir qué consultas personales requieren b...'. Evidencia (4/5): Contraste documental sólido con 4 fuentes catalogadas (SRC-0001, SRC-0044, SRC-0066, SRC-0116); penalizado a 4/5 por salida primaria de NotebookLM no preservada localmente. Exactitud (4/5): Contratos técnicos conformes con SDK 0.7.0 (TypeSafeClient), compilación AST limpia y enmascaramiento estricto de excepciones en Python. Utilidad (4/5): Guía metodológica aplicable para decisiones arquitectónicas en torno a '¿Cómo decidir qué consultas personales requieren b...'. Validación (4/5): Protocolo formal con hipótesis falsable y umbrales cuantitativos definidos; acotado a 4/5 por validación estática sin ejecución de red. Total: 20/25."
JEV-P14-013,bea1480db8c23fb26344b9bf6e35234530485d86dabadefcbce54b0e0d423006,"Responder estrictamente a: ¿Cómo usar criterios explícitos para clasificar gastos sintéticos sin delegar cálculos, pagos ni decisiones financieras al modelo?",Plantilla genérica P08-P18 previa reemplazada por respuesta específica y rigurosa,"Notebook P14 (09bdc613-0fa8-4564-863d-7c3b7904c886), docs.typesafe.ai, especificación técnica de flujos personales","Reconstrucción integral de respuesta, código con error masking seguro y autorrevisión",en_revision,4,4,5,4,4,Antigravity,pendiente,,c419f1004dec7d2b1da90a2d6f09ea40a2d13e6131efe02e7868e8b5e4e2cfc1,"Alcance (4/5): Alcance específico y bien delimitado para JEV-P14-013: aborda supuestos, términos y condiciones de aplicabilidad para '¿Cómo usar criterios explícitos para clasificar ga...'. Evidencia (4/5): Contraste documental sólido con 4 fuentes catalogadas (SRC-0001, SRC-0044, SRC-0066, SRC-0116); penalizado a 4/5 por salida primaria de NotebookLM no preservada localmente. Exactitud (5/5): Contratos técnicos conformes con SDK 0.7.0 (Choice), compilación AST limpia y enmascaramiento estricto de excepciones en Python. Utilidad (4/5): Guía metodológica aplicable para decisiones arquitectónicas en torno a '¿Cómo usar criterios explícitos para clasificar ga...'. Validación (4/5): Protocolo formal con hipótesis falsable y umbrales cuantitativos definidos; acotado a 4/5 por validación estática sin ejecución de red. Total: 21/25."
JEV-P14-014,2af00cf3556cb9d65299e5a8373574bfdd141398bca90d602218ae9f9301ae21,Responder estrictamente a: ¿Cómo proponer organización de un calendario sintético respetando restricciones deterministas y sin crear eventos ni compromisos automáticamente?,Plantilla genérica P08-P18 previa reemplazada por respuesta específica y rigurosa,"Notebook P14 (09bdc613-0fa8-4564-863d-7c3b7904c886), docs.typesafe.ai, especificación técnica de flujos personales","Reconstrucción integral de respuesta, código con error masking seguro y autorrevisión",en_revision,4,4,4,4,4,Antigravity,pendiente,,241d21d99b35724f3208e42385fa63c57c99e020706ebf2076ef82c7873185b4,"Alcance (4/5): Alcance específico y bien delimitado para JEV-P14-014: aborda supuestos, términos y condiciones de aplicabilidad para '¿Cómo proponer organización de un calendario sinté...'. Evidencia (4/5): Contraste documental sólido con 4 fuentes catalogadas (SRC-0001, SRC-0044, SRC-0066, SRC-0116); penalizado a 4/5 por salida primaria de NotebookLM no preservada localmente. Exactitud (4/5): Contratos técnicos conformes con SDK 0.7.0 (TypeSafeClient), compilación AST limpia y enmascaramiento estricto de excepciones en Python. Utilidad (4/5): Guía metodológica aplicable para decisiones arquitectónicas en torno a '¿Cómo proponer organización de un calendario sinté...'. Validación (4/5): Protocolo formal con hipótesis falsable y umbrales cuantitativos definidos; acotado a 4/5 por validación estática sin ejecución de red. Total: 20/25."
JEV-P14-015,38b54718baa69a613f4c3f326151cb952aa4a66c60ade2861ffd9af837af2629,Responder estrictamente a: ¿Qué mecanismo de corrección permite aprender de preferencias del usuario sin inferir atributos sensibles o conservar datos innecesarios?,Plantilla genérica P08-P18 previa reemplazada por respuesta específica y rigurosa,"Notebook P14 (09bdc613-0fa8-4564-863d-7c3b7904c886), docs.typesafe.ai, especificación técnica de flujos personales","Reconstrucción integral de respuesta, código con error masking seguro y autorrevisión",en_revision,4,4,4,4,4,Antigravity,pendiente,,df67ebbb6ef3d50a711a5d98f4f2543eee9740c3e1c4225c921ce477d41c46f9,"Alcance (4/5): Alcance específico y bien delimitado para JEV-P14-015: aborda supuestos, términos y condiciones de aplicabilidad para '¿Qué mecanismo de corrección permite aprender de p...'. Evidencia (4/5): Contraste documental sólido con 4 fuentes catalogadas (SRC-0001, SRC-0044, SRC-0066, SRC-0116); penalizado a 4/5 por salida primaria de NotebookLM no preservada localmente. Exactitud (4/5): Contratos técnicos conformes con SDK 0.7.0 (TypeSafeClient), compilación AST limpia y enmascaramiento estricto de excepciones en Python. Utilidad (4/5): Directrices prácticas y criterios de diseño accionables para pilotos del programa respecto a '¿Qué mecanismo de corrección permite aprender de p...'. Validación (4/5): Protocolo formal con hipótesis falsable y umbrales cuantitativos definidos; acotado a 4/5 por validación estática sin ejecución de red. Total: 20/25."
JEV-P14-016,8cc85afe67bce69396f488bd889a29d3c0e954e49fe9a96477cf3d5e2e65d7ae,Responder estrictamente a: ¿Cómo evitar que un sistema de priorización refuerce siempre las mismas preferencias y elimine oportunidades de exploración?,Plantilla genérica P08-P18 previa reemplazada por respuesta específica y rigurosa,"Notebook P14 (09bdc613-0fa8-4564-863d-7c3b7904c886), docs.typesafe.ai, especificación técnica de flujos personales","Reconstrucción integral de respuesta, código con error masking seguro y autorrevisión",en_revision,4,4,4,4,4,Antigravity,pendiente,,0d0d798e9f286ec317646d3aaa6603499353521432cf8eca16b7c5dae7da7188,"Alcance (4/5): Alcance específico y bien delimitado para JEV-P14-016: aborda supuestos, términos y condiciones de aplicabilidad para '¿Cómo evitar que un sistema de priorización refuer...'. Evidencia (4/5): Contraste documental sólido con 4 fuentes catalogadas (SRC-0001, SRC-0044, SRC-0066, SRC-0116); penalizado a 4/5 por salida primaria de NotebookLM no preservada localmente. Exactitud (4/5): Contratos técnicos conformes con SDK 0.7.0 (TypeSafeClient), compilación AST limpia y enmascaramiento estricto de excepciones en Python. Utilidad (4/5): Guía metodológica aplicable para decisiones arquitectónicas en torno a '¿Cómo evitar que un sistema de priorización refuer...'. Validación (4/5): Protocolo formal con hipótesis falsable y umbrales cuantitativos definidos; acotado a 4/5 por validación estática sin ejecución de red. Total: 20/25."
JEV-P14-017,55de5b55db7a67ba5a173b8cae71b282fd32a1b9ef33ca662618301b43a12945,"Responder estrictamente a: ¿Qué interfaz muestra decisión, evidencia y posibilidad de corregir sin obligar al usuario a revisar una explicación extensa cada vez?",Plantilla genérica P08-P18 previa reemplazada por respuesta específica y rigurosa,"Notebook P14 (09bdc613-0fa8-4564-863d-7c3b7904c886), docs.typesafe.ai, especificación técnica de flujos personales","Reconstrucción integral de respuesta, código con error masking seguro y autorrevisión",en_revision,4,4,4,4,4,Antigravity,pendiente,,965d51558aecdac704aaac6ff0c35db927c4f630b6de224856927dd1615b5cf6,"Alcance (4/5): Alcance específico y bien delimitado para JEV-P14-017: aborda supuestos, términos y condiciones de aplicabilidad para '¿Qué interfaz muestra decisión, evidencia y posibi...'. Evidencia (4/5): Contraste documental sólido con 4 fuentes catalogadas (SRC-0001, SRC-0044, SRC-0066, SRC-0116); penalizado a 4/5 por salida primaria de NotebookLM no preservada localmente. Exactitud (4/5): Contratos técnicos conformes con SDK 0.7.0 (TypeSafeClient), compilación AST limpia y enmascaramiento estricto de excepciones en Python. Utilidad (4/5): Directrices prácticas y criterios de diseño accionables para pilotos del programa respecto a '¿Qué interfaz muestra decisión, evidencia y posibi...'. Validación (4/5): Protocolo formal con hipótesis falsable y umbrales cuantitativos definidos; acotado a 4/5 por validación estática sin ejecución de red. Total: 20/25."
JEV-P14-018,6d094c14e3106cb1a6884c8cfd234cb40ff7f95b06104e34ab2c838f835c8841,Responder estrictamente a: ¿Qué indicadores revelarían dependencia excesiva de la herramienta o aumento del trabajo de supervisión?,Plantilla genérica P08-P18 previa reemplazada por respuesta específica y rigurosa,"Notebook P14 (09bdc613-0fa8-4564-863d-7c3b7904c886), docs.typesafe.ai, especificación técnica de flujos personales","Reconstrucción integral de respuesta, código con error masking seguro y autorrevisión",en_revision,4,4,4,4,4,Antigravity,pendiente,,0cc5765a7c17d6db1d9c237777e9dd033840cfc4fa3901d5390de1b710b12c22,"Alcance (4/5): Alcance específico y bien delimitado para JEV-P14-018: aborda supuestos, términos y condiciones de aplicabilidad para '¿Qué indicadores revelarían dependencia excesiva d...'. Evidencia (4/5): Contraste documental sólido con 4 fuentes catalogadas (SRC-0001, SRC-0044, SRC-0066, SRC-0116); penalizado a 4/5 por salida primaria de NotebookLM no preservada localmente. Exactitud (4/5): Contratos técnicos conformes con SDK 0.7.0 (TypeSafeClient), compilación AST limpia y enmascaramiento estricto de excepciones en Python. Utilidad (4/5): Directrices prácticas y criterios de diseño accionables para pilotos del programa respecto a '¿Qué indicadores revelarían dependencia excesiva d...'. Validación (4/5): Protocolo formal con hipótesis falsable y umbrales cuantitativos definidos; acotado a 4/5 por validación estática sin ejecución de red. Total: 20/25."
JEV-P14-019,a8d9bf115585cb094a447de2f9ae12fb7868eef4a1c7aa80c4fe79943a979adf,Responder estrictamente a: ¿Cómo trasladar un piloto exitoso desde ejemplos sintéticos a datos propios mediante una fase separada y autorizada?,Plantilla genérica P08-P18 previa reemplazada por respuesta específica y rigurosa,"Notebook P14 (09bdc613-0fa8-4564-863d-7c3b7904c886), docs.typesafe.ai, especificación técnica de flujos personales","Reconstrucción integral de respuesta, código con error masking seguro y autorrevisión",en_revision,4,4,4,4,4,Antigravity,pendiente,,9de84863130e316df5d052fd55fa182b9b86a94d8c8cbfc9c79c31af07c7c7b8,"Alcance (4/5): Alcance específico y bien delimitado para JEV-P14-019: aborda supuestos, términos y condiciones de aplicabilidad para '¿Cómo trasladar un piloto exitoso desde ejemplos s...'. Evidencia (4/5): Contraste documental sólido con 4 fuentes catalogadas (SRC-0001, SRC-0044, SRC-0066, SRC-0116); penalizado a 4/5 por salida primaria de NotebookLM no preservada localmente. Exactitud (4/5): Contratos técnicos conformes con SDK 0.7.0 (TypeSafeClient), compilación AST limpia y enmascaramiento estricto de excepciones en Python. Utilidad (4/5): Directrices prácticas y criterios de diseño accionables para pilotos del programa respecto a '¿Cómo trasladar un piloto exitoso desde ejemplos s...'. Validación (4/5): Protocolo formal con hipótesis falsable y umbrales cuantitativos definidos; acotado a 4/5 por validación estática sin ejecución de red. Total: 20/25."
JEV-P14-020,0c5d7dd65632aa0630a8e07c3671a88570e9f29a0e3e64e43523ac076c594880,"Responder estrictamente a: ¿Qué rutina semanal permite revisar errores, medir utilidad y retirar automatizaciones personales que ya no aportan valor?",Plantilla genérica P08-P18 previa reemplazada por respuesta específica y rigurosa,"Notebook P14 (09bdc613-0fa8-4564-863d-7c3b7904c886), docs.typesafe.ai, especificación técnica de flujos personales","Reconstrucción integral de respuesta, código con error masking seguro y autorrevisión",en_revision,4,4,4,4,4,Antigravity,pendiente,,a725da39dae5f63bcbc6010ba93a0bd452a3345fc30433507a1259e8dd852f02,"Alcance (4/5): Alcance específico y bien delimitado para JEV-P14-020: aborda supuestos, términos y condiciones de aplicabilidad para '¿Qué rutina semanal permite revisar errores, medir...'. Evidencia (4/5): Contraste documental sólido con 4 fuentes catalogadas (SRC-0001, SRC-0044, SRC-0066, SRC-0116); penalizado a 4/5 por salida primaria de NotebookLM no preservada localmente. Exactitud (4/5): Contratos técnicos conformes con SDK 0.7.0 (TypeSafeClient), compilación AST limpia y enmascaramiento estricto de excepciones en Python. Utilidad (4/5): Guía metodológica aplicable para decisiones arquitectónicas en torno a '¿Qué rutina semanal permite revisar errores, medir...'. Validación (4/5): Protocolo formal con hipótesis falsable y umbrales cuantitativos definidos; acotado a 4/5 por validación estática sin ejecución de red. Total: 20/25."
JEV-P15-001,97861a4214d630a96b46e648a5c2f0d9d8321b3ab3f45a31e06af487783dcaeb,"Responder estrictamente a: ¿Qué información de los procesos y desarrollos actuales de QRT falta para seleccionar casos de uso, y qué puede proponerse solo como hipótesis?",Plantilla genérica P08-P18 previa reemplazada por análisis cuantitativo riguroso y soberanía determinista,"Notebook P15 (318f16ab-eadb-4404-a033-7488fb20d193), docs.typesafe.ai, protocolos de investigación quant de QRT","Reconstrucción integral de respuesta, aislamiento operativo de trading y autorrevisión",en_revision,4,4,4,4,4,Antigravity,pendiente,,00912b7e9b885448bbdc52165f57a25fc0b20e835e0f33bb418f9b965bec45b7,"Alcance (4/5): Alcance específico y bien delimitado para JEV-P15-001: aborda supuestos, términos y condiciones de aplicabilidad para '¿Qué información de los procesos y desarrollos act...'. Evidencia (4/5): Contraste documental sólido con 4 fuentes catalogadas (SRC-0001, SRC-0045, SRC-0067, SRC-0117); penalizado a 4/5 por salida primaria de NotebookLM no preservada localmente. Exactitud (4/5): Contratos técnicos conformes con SDK 0.7.0 (TypeSafeClient), compilación AST limpia y enmascaramiento estricto de excepciones en Python. Utilidad (4/5): Directrices prácticas y criterios de diseño accionables para pilotos del programa respecto a '¿Qué información de los procesos y desarrollos act...'. Validación (4/5): Protocolo formal con hipótesis falsable y umbrales cuantitativos definidos; acotado a 4/5 por validación estática sin ejecución de red. Total: 20/25."
JEV-P15-002,0d394c31e444bc7b64c679d5c43bf7523263b399063f0f0fb3688bb318d54ad0,"Responder estrictamente a: ¿Qué decisiones semánticas de investigación, datos y desarrollo podrían reducir trabajo sin modificar operaciones financieras o productivas?",Plantilla genérica P08-P18 previa reemplazada por análisis cuantitativo riguroso y soberanía determinista,"Notebook P15 (318f16ab-eadb-4404-a033-7488fb20d193), docs.typesafe.ai, protocolos de investigación quant de QRT","Reconstrucción integral de respuesta, aislamiento operativo de trading y autorrevisión",en_revision,4,4,5,4,4,Antigravity,pendiente,,16484ae69eaf64900ed0d030fd84f7f2b0921a0475c30b40ff3da8c08183b04b,"Alcance (4/5): Alcance específico y bien delimitado para JEV-P15-002: aborda supuestos, términos y condiciones de aplicabilidad para '¿Qué decisiones semánticas de investigación, datos...'. Evidencia (4/5): Contraste documental sólido con 4 fuentes catalogadas (SRC-0001, SRC-0045, SRC-0067, SRC-0117); penalizado a 4/5 por salida primaria de NotebookLM no preservada localmente. Exactitud (5/5): Contratos técnicos conformes con SDK 0.7.0 (Choice), compilación AST limpia y enmascaramiento estricto de excepciones en Python. Utilidad (4/5): Directrices prácticas y criterios de diseño accionables para pilotos del programa respecto a '¿Qué decisiones semánticas de investigación, datos...'. Validación (4/5): Protocolo formal con hipótesis falsable y umbrales cuantitativos definidos; acotado a 4/5 por validación estática sin ejecución de red. Total: 21/25."
JEV-P15-003,14f5eb0a367f2d2641345e51f2d2225deae0f1ba56f82f5c050131439e2f46af,Responder estrictamente a: ¿Qué tres pilotos de apoyo a QRT permiten demostrar utilidad con documentos públicos y datos sintéticos antes de una integración real?,Plantilla genérica P08-P18 previa reemplazada por análisis cuantitativo riguroso y soberanía determinista,"Notebook P15 (318f16ab-eadb-4404-a033-7488fb20d193), docs.typesafe.ai, protocolos de investigación quant de QRT","Reconstrucción integral de respuesta, aislamiento operativo de trading y autorrevisión",en_revision,4,4,5,4,4,Antigravity,pendiente,,e40c1fe72758e9744f07aa564787687d11c1b7d725652d784d1a90aad4cd4c91,"Alcance (4/5): Alcance específico y bien delimitado para JEV-P15-003: aborda supuestos, términos y condiciones de aplicabilidad para '¿Qué tres pilotos de apoyo a QRT permiten demostra...'. Evidencia (4/5): Contraste documental sólido con 4 fuentes catalogadas (SRC-0001, SRC-0045, SRC-0067, SRC-0117); penalizado a 4/5 por salida primaria de NotebookLM no preservada localmente. Exactitud (5/5): Contratos técnicos conformes con SDK 0.7.0 (Score), compilación AST limpia y enmascaramiento estricto de excepciones en Python. Utilidad (4/5): Directrices prácticas y criterios de diseño accionables para pilotos del programa respecto a '¿Qué tres pilotos de apoyo a QRT permiten demostra...'. Validación (4/5): Protocolo formal con hipótesis falsable y umbrales cuantitativos definidos; acotado a 4/5 por validación estática sin ejecución de red. Total: 21/25."
JEV-P15-004,c2a887ebc4b32ea434d01a9ea99ac2ce0d9d4e9b9b3c68e33a8e080cac78f07e,Responder estrictamente a: ¿Cómo separar una mejora de clasificación documental de evidencia de capacidad predictiva o rentabilidad de una estrategia?,Plantilla genérica P08-P18 previa reemplazada por análisis cuantitativo riguroso y soberanía determinista,"Notebook P15 (318f16ab-eadb-4404-a033-7488fb20d193), docs.typesafe.ai, protocolos de investigación quant de QRT","Reconstrucción integral de respuesta, aislamiento operativo de trading y autorrevisión",en_revision,4,4,5,4,4,Antigravity,pendiente,,cda655b22e81c9104888816af03d8c953057aa8940416b15f2f02793d2ac215d,"Alcance (4/5): Alcance específico y bien delimitado para JEV-P15-004: aborda supuestos, términos y condiciones de aplicabilidad para '¿Cómo separar una mejora de clasificación document...'. Evidencia (4/5): Contraste documental sólido con 4 fuentes catalogadas (SRC-0001, SRC-0045, SRC-0067, SRC-0117); penalizado a 4/5 por salida primaria de NotebookLM no preservada localmente. Exactitud (5/5): Contratos técnicos conformes con SDK 0.7.0 (Score), compilación AST limpia y enmascaramiento estricto de excepciones en Python. Utilidad (4/5): Directrices prácticas y criterios de diseño accionables para pilotos del programa respecto a '¿Cómo separar una mejora de clasificación document...'. Validación (4/5): Protocolo formal con hipótesis falsable y umbrales cuantitativos definidos; acotado a 4/5 por validación estática sin ejecución de red. Total: 21/25."
JEV-P15-005,e1b900245fd5615b4157c035e1e80d74d0ee8fcb02c479e2eee53ed89c16a89c,Responder estrictamente a: ¿Cómo preservar el momento real de disponibilidad de noticias y documentos para evitar información futura en evaluaciones históricas?,Plantilla genérica P08-P18 previa reemplazada por análisis cuantitativo riguroso y soberanía determinista,"Notebook P15 (318f16ab-eadb-4404-a033-7488fb20d193), docs.typesafe.ai, protocolos de investigación quant de QRT","Reconstrucción integral de respuesta, aislamiento operativo de trading y autorrevisión",en_revision,4,4,4,4,4,Antigravity,pendiente,,eb69065bd7aab160e5b6c5e516f13bfd13388c627bb574a7c99f9848f400b9eb,"Alcance (4/5): Alcance específico y bien delimitado para JEV-P15-005: aborda supuestos, términos y condiciones de aplicabilidad para '¿Cómo preservar el momento real de disponibilidad ...'. Evidencia (4/5): Contraste documental sólido con 4 fuentes catalogadas (SRC-0001, SRC-0045, SRC-0067, SRC-0117); penalizado a 4/5 por salida primaria de NotebookLM no preservada localmente. Exactitud (4/5): Contratos técnicos conformes con SDK 0.7.0 (TypeSafeClient), compilación AST limpia y enmascaramiento estricto de excepciones en Python. Utilidad (4/5): Directrices prácticas y criterios de diseño accionables para pilotos del programa respecto a '¿Cómo preservar el momento real de disponibilidad ...'. Validación (4/5): Protocolo formal con hipótesis falsable y umbrales cuantitativos definidos; acotado a 4/5 por validación estática sin ejecución de red. Total: 20/25."
JEV-P15-006,0347b03bbf05bd5cde432935d511a75ffa1231af366e8b0fd1f822065d84b656,"Responder estrictamente a: ¿Cómo clasificar noticias por evento, entidad, horizonte y relevancia sin convertir automáticamente sentimiento textual en una señal de inversión?",Plantilla genérica P08-P18 previa reemplazada por análisis cuantitativo riguroso y soberanía determinista,"Notebook P15 (318f16ab-eadb-4404-a033-7488fb20d193), docs.typesafe.ai, protocolos de investigación quant de QRT","Reconstrucción integral de respuesta, aislamiento operativo de trading y autorrevisión",en_revision,4,4,5,4,4,Antigravity,pendiente,,856cfb0c7e4635acb92c99240028d4062ab6ca4dd89695e93eda820cca55dbb3,"Alcance (4/5): Alcance específico y bien delimitado para JEV-P15-006: aborda supuestos, términos y condiciones de aplicabilidad para '¿Cómo clasificar noticias por evento, entidad, hor...'. Evidencia (4/5): Contraste documental sólido con 4 fuentes catalogadas (SRC-0001, SRC-0045, SRC-0067, SRC-0117); penalizado a 4/5 por salida primaria de NotebookLM no preservada localmente. Exactitud (5/5): Contratos técnicos conformes con SDK 0.7.0 (Choice), compilación AST limpia y enmascaramiento estricto de excepciones en Python. Utilidad (4/5): Directrices prácticas y criterios de diseño accionables para pilotos del programa respecto a '¿Cómo clasificar noticias por evento, entidad, hor...'. Validación (4/5): Protocolo formal con hipótesis falsable y umbrales cuantitativos definidos; acotado a 4/5 por validación estática sin ejecución de red. Total: 21/25."
JEV-P15-007,ba6adc8960acb15b665b78e7afa3971150d3ead9b7c4a3eb61028a7e9acd3d80,"Responder estrictamente a: ¿Cómo evaluar deduplicación de noticias sindicadas manteniendo hora de primera publicación, actualizaciones y fuentes originales?",Plantilla genérica P08-P18 previa reemplazada por análisis cuantitativo riguroso y soberanía determinista,"Notebook P15 (318f16ab-eadb-4404-a033-7488fb20d193), docs.typesafe.ai, protocolos de investigación quant de QRT","Reconstrucción integral de respuesta, aislamiento operativo de trading y autorrevisión",en_revision,4,4,4,4,4,Antigravity,pendiente,,f2c041a9e4ce6bc164e62d52854865e5943d4ff0d9bc16edef5b05e45a523b9b,"Alcance (4/5): Alcance específico y bien delimitado para JEV-P15-007: aborda supuestos, términos y condiciones de aplicabilidad para '¿Cómo evaluar deduplicación de noticias sindicadas...'. Evidencia (4/5): Contraste documental sólido con 4 fuentes catalogadas (SRC-0001, SRC-0045, SRC-0067, SRC-0117); penalizado a 4/5 por salida primaria de NotebookLM no preservada localmente. Exactitud (4/5): Contratos técnicos conformes con SDK 0.7.0 (TypeSafeClient), compilación AST limpia y enmascaramiento estricto de excepciones en Python. Utilidad (4/5): Directrices prácticas y criterios de diseño accionables para pilotos del programa respecto a '¿Cómo evaluar deduplicación de noticias sindicadas...'. Validación (4/5): Protocolo formal con hipótesis falsable y umbrales cuantitativos definidos; acotado a 4/5 por validación estática sin ejecución de red. Total: 20/25."
JEV-P15-008,8c6b855e00b58da48954de6a5a886c768dce5908c835db4949683605acc74b86,"Responder estrictamente a: ¿Cómo priorizar literatura cuantitativa según pertinencia, metodología y reproducibilidad sin premiar resultados llamativos o sobreajustados?",Plantilla genérica P08-P18 previa reemplazada por análisis cuantitativo riguroso y soberanía determinista,"Notebook P15 (318f16ab-eadb-4404-a033-7488fb20d193), docs.typesafe.ai, protocolos de investigación quant de QRT","Reconstrucción integral de respuesta, aislamiento operativo de trading y autorrevisión",en_revision,4,4,5,4,4,Antigravity,pendiente,,0489eac099639f4b278127b8ead61292757c5893e4a25bf8b54a92e2cbef44bc,"Alcance (4/5): Alcance específico y bien delimitado para JEV-P15-008: aborda supuestos, términos y condiciones de aplicabilidad para '¿Cómo priorizar literatura cuantitativa según pert...'. Evidencia (4/5): Contraste documental sólido con 4 fuentes catalogadas (SRC-0001, SRC-0045, SRC-0067, SRC-0117); penalizado a 4/5 por salida primaria de NotebookLM no preservada localmente. Exactitud (5/5): Contratos técnicos conformes con SDK 0.7.0 (Choice/Score), compilación AST limpia y enmascaramiento estricto de excepciones en Python. Utilidad (4/5): Directrices prácticas y criterios de diseño accionables para pilotos del programa respecto a '¿Cómo priorizar literatura cuantitativa según pert...'. Validación (4/5): Protocolo formal con hipótesis falsable y umbrales cuantitativos definidos; acotado a 4/5 por validación estática sin ejecución de red. Total: 21/25."
JEV-P15-009,1d5c32369aa5da437dae4b72ae0e3e14d1cbb2c3fd0a8089514968a6c2877d10,Responder estrictamente a: ¿Cómo detectar afirmaciones sin soporte en un reporte de investigación manteniendo cálculos estadísticos y financieros en herramientas deterministas?,Plantilla genérica P08-P18 previa reemplazada por análisis cuantitativo riguroso y soberanía determinista,"Notebook P15 (318f16ab-eadb-4404-a033-7488fb20d193), docs.typesafe.ai, protocolos de investigación quant de QRT","Reconstrucción integral de respuesta, aislamiento operativo de trading y autorrevisión",en_revision,4,4,5,4,4,Antigravity,pendiente,,a97d72b8639b19f735ff38c5ec24fb75eb1633edf0cad90a5dc37cea3e5517b4,"Alcance (4/5): Alcance específico y bien delimitado para JEV-P15-009: aborda supuestos, términos y condiciones de aplicabilidad para '¿Cómo detectar afirmaciones sin soporte en un repo...'. Evidencia (4/5): Contraste documental sólido con 4 fuentes catalogadas (SRC-0001, SRC-0045, SRC-0067, SRC-0117); penalizado a 4/5 por salida primaria de NotebookLM no preservada localmente. Exactitud (5/5): Contratos técnicos conformes con SDK 0.7.0 (Choice), compilación AST limpia y enmascaramiento estricto de excepciones en Python. Utilidad (4/5): Directrices prácticas y criterios de diseño accionables para pilotos del programa respecto a '¿Cómo detectar afirmaciones sin soporte en un repo...'. Validación (4/5): Protocolo formal con hipótesis falsable y umbrales cuantitativos definidos; acotado a 4/5 por validación estática sin ejecución de red. Total: 21/25."
JEV-P15-010,3d4b713e4b050bc656ada700a69c53d1b6a1eb8655858f4787689969620c54bb,Responder estrictamente a: ¿Qué decisiones sobre calidad de datos necesitan reglas exactas y cuáles podrían beneficiarse de interpretación semántica de descripciones o incidencias?,Plantilla genérica P08-P18 previa reemplazada por análisis cuantitativo riguroso y soberanía determinista,"Notebook P15 (318f16ab-eadb-4404-a033-7488fb20d193), docs.typesafe.ai, protocolos de investigación quant de QRT","Reconstrucción integral de respuesta, aislamiento operativo de trading y autorrevisión",en_revision,4,4,5,4,4,Antigravity,pendiente,,6a10641353621b676bc90350d8b7d7c9d814ac96ce157645be2b9e7b85f5002b,"Alcance (4/5): Alcance específico y bien delimitado para JEV-P15-010: aborda supuestos, términos y condiciones de aplicabilidad para '¿Qué decisiones sobre calidad de datos necesitan r...'. Evidencia (4/5): Contraste documental sólido con 4 fuentes catalogadas (SRC-0001, SRC-0045, SRC-0067, SRC-0117); penalizado a 4/5 por salida primaria de NotebookLM no preservada localmente. Exactitud (5/5): Contratos técnicos conformes con SDK 0.7.0 (Choice), compilación AST limpia y enmascaramiento estricto de excepciones en Python. Utilidad (4/5): Directrices prácticas y criterios de diseño accionables para pilotos del programa respecto a '¿Qué decisiones sobre calidad de datos necesitan r...'. Validación (4/5): Protocolo formal con hipótesis falsable y umbrales cuantitativos definidos; acotado a 4/5 por validación estática sin ejecución de red. Total: 21/25."
JEV-P15-011,3fed1840bf5edaaa4225b14aeb7daf599dc7beb663050c53b1d3b82adde0f716,"Responder estrictamente a: ¿Cómo convertir documentos metodológicos en fichas de hipótesis, supuestos, condiciones de invalidez y pruebas pendientes verificables?",Plantilla genérica P08-P18 previa reemplazada por análisis cuantitativo riguroso y soberanía determinista,"Notebook P15 (318f16ab-eadb-4404-a033-7488fb20d193), docs.typesafe.ai, protocolos de investigación quant de QRT","Reconstrucción integral de respuesta, aislamiento operativo de trading y autorrevisión",en_revision,4,4,4,4,4,Antigravity,pendiente,,2f610dbb9a143c75f251e6055db6b7316eb84591bd90aa90b7b07c4d35e9ed2c,"Alcance (4/5): Alcance específico y bien delimitado para JEV-P15-011: aborda supuestos, términos y condiciones de aplicabilidad para '¿Cómo convertir documentos metodológicos en fichas...'. Evidencia (4/5): Contraste documental sólido con 4 fuentes catalogadas (SRC-0001, SRC-0045, SRC-0067, SRC-0117); penalizado a 4/5 por salida primaria de NotebookLM no preservada localmente. Exactitud (4/5): Contratos técnicos conformes con SDK 0.7.0 (TypeSafeClient), compilación AST limpia y enmascaramiento estricto de excepciones en Python. Utilidad (4/5): Directrices prácticas y criterios de diseño accionables para pilotos del programa respecto a '¿Cómo convertir documentos metodológicos en fichas...'. Validación (4/5): Protocolo formal con hipótesis falsable y umbrales cuantitativos definidos; acotado a 4/5 por validación estática sin ejecución de red. Total: 20/25."
JEV-P15-012,27b90a25a002fb3032d32a7e79fcaa049aa5dcbd7f8dd7619a07a7f7f7002221,Responder estrictamente a: ¿Cómo clasificar incidencias técnicas por componente y evidencia disponible sin inventar causas raíz a partir de síntomas ambiguos?,Plantilla genérica P08-P18 previa reemplazada por análisis cuantitativo riguroso y soberanía determinista,"Notebook P15 (318f16ab-eadb-4404-a033-7488fb20d193), docs.typesafe.ai, protocolos de investigación quant de QRT","Reconstrucción integral de respuesta, aislamiento operativo de trading y autorrevisión",en_revision,4,4,5,4,4,Antigravity,pendiente,,fb2063691daebe1652c4567b15abef3eaf69a66059212c750714439ac55ef17b,"Alcance (4/5): Alcance específico y bien delimitado para JEV-P15-012: aborda supuestos, términos y condiciones de aplicabilidad para '¿Cómo clasificar incidencias técnicas por componen...'. Evidencia (4/5): Contraste documental sólido con 4 fuentes catalogadas (SRC-0001, SRC-0045, SRC-0067, SRC-0117); penalizado a 4/5 por salida primaria de NotebookLM no preservada localmente. Exactitud (5/5): Contratos técnicos conformes con SDK 0.7.0 (Choice), compilación AST limpia y enmascaramiento estricto de excepciones en Python. Utilidad (4/5): Directrices prácticas y criterios de diseño accionables para pilotos del programa respecto a '¿Cómo clasificar incidencias técnicas por componen...'. Validación (4/5): Protocolo formal con hipótesis falsable y umbrales cuantitativos definidos; acotado a 4/5 por validación estática sin ejecución de red. Total: 21/25."
JEV-P15-013,e342b09a8953e43d28957d0aabd6e964184d7b633475c7293e97759390e206a9,Responder estrictamente a: ¿Qué uso podría tener Jev en revisión de requisitos o cambios de software y qué validaciones estáticas y pruebas seguirían siendo necesarias?,Plantilla genérica P08-P18 previa reemplazada por análisis cuantitativo riguroso y soberanía determinista,"Notebook P15 (318f16ab-eadb-4404-a033-7488fb20d193), docs.typesafe.ai, protocolos de investigación quant de QRT","Reconstrucción integral de respuesta, aislamiento operativo de trading y autorrevisión",en_revision,4,4,4,4,4,Antigravity,pendiente,,96a28068c17cc696374989be1954efa43de9e447be87609ed094a986909530d8,"Alcance (4/5): Alcance específico y bien delimitado para JEV-P15-013: aborda supuestos, términos y condiciones de aplicabilidad para '¿Qué uso podría tener Jev en revisión de requisito...'. Evidencia (4/5): Contraste documental sólido con 4 fuentes catalogadas (SRC-0001, SRC-0045, SRC-0067, SRC-0117); penalizado a 4/5 por salida primaria de NotebookLM no preservada localmente. Exactitud (4/5): Contratos técnicos conformes con SDK 0.7.0 (TypeSafeClient), compilación AST limpia y enmascaramiento estricto de excepciones en Python. Utilidad (4/5): Directrices prácticas y criterios de diseño accionables para pilotos del programa respecto a '¿Qué uso podría tener Jev en revisión de requisito...'. Validación (4/5): Protocolo formal con hipótesis falsable y umbrales cuantitativos definidos; acotado a 4/5 por validación estática sin ejecución de red. Total: 20/25."
JEV-P15-014,d15af1d4bec41549cf14c2795aeb87fd291b3cc27ee8f2ba10c1e99c1e918887,"Responder estrictamente a: ¿Cómo evaluar señales textuales experimentales con particiones temporales, control de selección y límites explícitos de interpretación causal?",Plantilla genérica P08-P18 previa reemplazada por análisis cuantitativo riguroso y soberanía determinista,"Notebook P15 (318f16ab-eadb-4404-a033-7488fb20d193), docs.typesafe.ai, protocolos de investigación quant de QRT","Reconstrucción integral de respuesta, aislamiento operativo de trading y autorrevisión",en_revision,4,4,4,4,4,Antigravity,pendiente,,c2caeacead03400234ffaffc5ec95f490abf24fab0c688ee8e855694f5ffdda1,"Alcance (4/5): Alcance específico y bien delimitado para JEV-P15-014: aborda supuestos, términos y condiciones de aplicabilidad para '¿Cómo evaluar señales textuales experimentales con...'. Evidencia (4/5): Contraste documental sólido con 4 fuentes catalogadas (SRC-0001, SRC-0045, SRC-0067, SRC-0117); penalizado a 4/5 por salida primaria de NotebookLM no preservada localmente. Exactitud (4/5): Contratos técnicos conformes con SDK 0.7.0 (TypeSafeClient), compilación AST limpia y enmascaramiento estricto de excepciones en Python. Utilidad (4/5): Directrices prácticas y criterios de diseño accionables para pilotos del programa respecto a '¿Cómo evaluar señales textuales experimentales con...'. Validación (4/5): Protocolo formal con hipótesis falsable y umbrales cuantitativos definidos; acotado a 4/5 por validación estática sin ejecución de red. Total: 20/25."
JEV-P15-015,f1a821fc286e7024b67ccbdf36a5a6012dd641c594b40d0f747bdb8c9af4535b,"Responder estrictamente a: ¿Cómo prevenir fuga de información por revisiones posteriores de documentos, etiquetas, resúmenes o metadatos en un estudio histórico?",Plantilla genérica P08-P18 previa reemplazada por análisis cuantitativo riguroso y soberanía determinista,"Notebook P15 (318f16ab-eadb-4404-a033-7488fb20d193), docs.typesafe.ai, protocolos de investigación quant de QRT","Reconstrucción integral de respuesta, aislamiento operativo de trading y autorrevisión",en_revision,4,4,4,4,4,Antigravity,pendiente,,880ca974a1ed935b8c000d0a22ff4e3fd39610de7044612e0c57ddd26cd21409,"Alcance (4/5): Alcance específico y bien delimitado para JEV-P15-015: aborda supuestos, términos y condiciones de aplicabilidad para '¿Cómo prevenir fuga de información por revisiones ...'. Evidencia (4/5): Contraste documental sólido con 4 fuentes catalogadas (SRC-0001, SRC-0045, SRC-0067, SRC-0117); penalizado a 4/5 por salida primaria de NotebookLM no preservada localmente. Exactitud (4/5): Contratos técnicos conformes con SDK 0.7.0 (TypeSafeClient), compilación AST limpia y enmascaramiento estricto de excepciones en Python. Utilidad (4/5): Directrices prácticas y criterios de diseño accionables para pilotos del programa respecto a '¿Cómo prevenir fuga de información por revisiones ...'. Validación (4/5): Protocolo formal con hipótesis falsable y umbrales cuantitativos definidos; acotado a 4/5 por validación estática sin ejecución de red. Total: 20/25."
JEV-P15-016,f46989a4a67afba71bfc0d9ee99268d9738938965ea8a071745cf22a4ec9cb68,Responder estrictamente a: ¿Qué protocolo evita ajustar reiteradamente formulaciones al mismo período fuera de muestra hasta obtener un resultado favorable?,Plantilla genérica P08-P18 previa reemplazada por análisis cuantitativo riguroso y soberanía determinista,"Notebook P15 (318f16ab-eadb-4404-a033-7488fb20d193), docs.typesafe.ai, protocolos de investigación quant de QRT","Reconstrucción integral de respuesta, aislamiento operativo de trading y autorrevisión",en_revision,4,4,4,4,4,Antigravity,pendiente,,52da37d0501eb3369ef089a24816371eb544d418d453a662fd3a761c1d6c6ec1,"Alcance (4/5): Alcance específico y bien delimitado para JEV-P15-016: aborda supuestos, términos y condiciones de aplicabilidad para '¿Qué protocolo evita ajustar reiteradamente formul...'. Evidencia (4/5): Contraste documental sólido con 4 fuentes catalogadas (SRC-0001, SRC-0045, SRC-0067, SRC-0117); penalizado a 4/5 por salida primaria de NotebookLM no preservada localmente. Exactitud (4/5): Contratos técnicos conformes con SDK 0.7.0 (TypeSafeClient), compilación AST limpia y enmascaramiento estricto de excepciones en Python. Utilidad (4/5): Directrices prácticas y criterios de diseño accionables para pilotos del programa respecto a '¿Qué protocolo evita ajustar reiteradamente formul...'. Validación (4/5): Protocolo formal con hipótesis falsable y umbrales cuantitativos definidos; acotado a 4/5 por validación estática sin ejecución de red. Total: 20/25."
JEV-P15-017,b4e2ab32f3b63c920b3e1ad7d567835252375f85a5594eaba1ddc3e41af45e31,Responder estrictamente a: ¿Cómo medir cambios de comportamiento ante distintos regímenes o dominios sin atribuir al modelo capacidades de predicción no demostradas?,Plantilla genérica P08-P18 previa reemplazada por análisis cuantitativo riguroso y soberanía determinista,"Notebook P15 (318f16ab-eadb-4404-a033-7488fb20d193), docs.typesafe.ai, protocolos de investigación quant de QRT","Reconstrucción integral de respuesta, aislamiento operativo de trading y autorrevisión",en_revision,4,4,5,4,4,Antigravity,pendiente,,e04ca693bfeb61e1e44c39f790c6240def7af5009b028a88155f5769e3bc4e6e,"Alcance (4/5): Alcance específico y bien delimitado para JEV-P15-017: aborda supuestos, términos y condiciones de aplicabilidad para '¿Cómo medir cambios de comportamiento ante distint...'. Evidencia (4/5): Contraste documental sólido con 4 fuentes catalogadas (SRC-0001, SRC-0045, SRC-0067, SRC-0117); penalizado a 4/5 por salida primaria de NotebookLM no preservada localmente. Exactitud (5/5): Contratos técnicos conformes con SDK 0.7.0 (Score), compilación AST limpia y enmascaramiento estricto de excepciones en Python. Utilidad (4/5): Directrices prácticas y criterios de diseño accionables para pilotos del programa respecto a '¿Cómo medir cambios de comportamiento ante distint...'. Validación (4/5): Protocolo formal con hipótesis falsable y umbrales cuantitativos definidos; acotado a 4/5 por validación estática sin ejecución de red. Total: 21/25."
JEV-P15-018,78987912bcf9a1f754cc970672729c6d5f9a5d259a6a411189b73f17fcea262f,"Responder estrictamente a: ¿Qué fronteras de datos e integración mantendrían separados investigación documental, repositorios, entornos de prueba y ejecución de operaciones?",Plantilla genérica P08-P18 previa reemplazada por análisis cuantitativo riguroso y soberanía determinista,"Notebook P15 (318f16ab-eadb-4404-a033-7488fb20d193), docs.typesafe.ai, protocolos de investigación quant de QRT","Reconstrucción integral de respuesta, aislamiento operativo de trading y autorrevisión",en_revision,4,4,4,4,4,Antigravity,pendiente,,15abc47deaefc5bf8a00f2acb24a498379653add9321084c7e1e068166d0ee4f,"Alcance (4/5): Alcance específico y bien delimitado para JEV-P15-018: aborda supuestos, términos y condiciones de aplicabilidad para '¿Qué fronteras de datos e integración mantendrían ...'. Evidencia (4/5): Contraste documental sólido con 4 fuentes catalogadas (SRC-0001, SRC-0045, SRC-0067, SRC-0117); penalizado a 4/5 por salida primaria de NotebookLM no preservada localmente. Exactitud (4/5): Contratos técnicos conformes con SDK 0.7.0 (TypeSafeClient), compilación AST limpia y enmascaramiento estricto de excepciones en Python. Utilidad (4/5): Directrices prácticas y criterios de diseño accionables para pilotos del programa respecto a '¿Qué fronteras de datos e integración mantendrían ...'. Validación (4/5): Protocolo formal con hipótesis falsable y umbrales cuantitativos definidos; acotado a 4/5 por validación estática sin ejecución de red. Total: 20/25."
JEV-P15-019,41355a0072ff750c5d1e301c693aa81669edb97082042f99a71081bbdbe8ac71,"Responder estrictamente a: ¿Qué ficha de evaluación para QRT debe incluir calidad, trazabilidad temporal, costos, revisión humana y condición de suspensión?",Plantilla genérica P08-P18 previa reemplazada por análisis cuantitativo riguroso y soberanía determinista,"Notebook P15 (318f16ab-eadb-4404-a033-7488fb20d193), docs.typesafe.ai, protocolos de investigación quant de QRT","Reconstrucción integral de respuesta, aislamiento operativo de trading y autorrevisión",en_revision,4,4,4,4,4,Antigravity,pendiente,,cf041050ade7fd6eba35e08827a833f063a04fa523b1d7ecdeca743a73b556df,"Alcance (4/5): Alcance específico y bien delimitado para JEV-P15-019: aborda supuestos, términos y condiciones de aplicabilidad para '¿Qué ficha de evaluación para QRT debe incluir cal...'. Evidencia (4/5): Contraste documental sólido con 4 fuentes catalogadas (SRC-0001, SRC-0045, SRC-0067, SRC-0117); penalizado a 4/5 por salida primaria de NotebookLM no preservada localmente. Exactitud (4/5): Contratos técnicos conformes con SDK 0.7.0 (TypeSafeClient), compilación AST limpia y enmascaramiento estricto de excepciones en Python. Utilidad (4/5): Directrices prácticas y criterios de diseño accionables para pilotos del programa respecto a '¿Qué ficha de evaluación para QRT debe incluir cal...'. Validación (4/5): Protocolo formal con hipótesis falsable y umbrales cuantitativos definidos; acotado a 4/5 por validación estática sin ejecución de red. Total: 20/25."
JEV-P15-020,3aeec1300347e26ef160b22514fdb094583e1717171b030e6e5e64391af92244,"Responder estrictamente a: ¿Qué criterios permitirían aprobar, reformular o archivar cada piloto de QRT y qué decisiones requieren validación adicional del equipo?",Plantilla genérica P08-P18 previa reemplazada por análisis cuantitativo riguroso y soberanía determinista,"Notebook P15 (318f16ab-eadb-4404-a033-7488fb20d193), docs.typesafe.ai, protocolos de investigación quant de QRT","Reconstrucción integral de respuesta, aislamiento operativo de trading y autorrevisión",en_revision,4,4,4,4,4,Antigravity,pendiente,,515a17248c63cc8314aed65fd3957a76b1307061ad99187536d44d13c930efa7,"Alcance (4/5): Alcance específico y bien delimitado para JEV-P15-020: aborda supuestos, términos y condiciones de aplicabilidad para '¿Qué criterios permitirían aprobar, reformular o a...'. Evidencia (4/5): Contraste documental sólido con 4 fuentes catalogadas (SRC-0001, SRC-0045, SRC-0067, SRC-0117); penalizado a 4/5 por salida primaria de NotebookLM no preservada localmente. Exactitud (4/5): Contratos técnicos conformes con SDK 0.7.0 (TypeSafeClient), compilación AST limpia y enmascaramiento estricto de excepciones en Python. Utilidad (4/5): Directrices prácticas y criterios de diseño accionables para pilotos del programa respecto a '¿Qué criterios permitirían aprobar, reformular o a...'. Validación (4/5): Protocolo formal con hipótesis falsable y umbrales cuantitativos definidos; acotado a 4/5 por validación estática sin ejecución de red. Total: 20/25."
JEV-P16-001,cf03fcc1ee038ee686f4b08dd826252e4993af34d9b2acb1ed0c87ce743e042b,"Responder estrictamente a: ¿Qué procesos, usuarios, datos y restricciones de Wheelwork deben confirmarse antes de recomendar una integración específica?",Plantilla genérica P08-P18 previa reemplazada por análisis de equidad laboral y no discriminación,"Notebook P16 (a4f0e05a-2aff-4ea4-a6c3-2126782e9d9e), docs.typesafe.ai, especificación ética y laboral Wheelwork","Reconstrucción integral de respuesta, código con error masking seguro y autorrevisión",en_revision,4,4,4,4,4,Antigravity,pendiente,,ce8fe6ffa4c308e442aa541b40a30301aa4cc514caccc5ad0eee1c5a97eedd0a,"Alcance (4/5): Alcance específico y bien delimitado para JEV-P16-001: aborda supuestos, términos y condiciones de aplicabilidad para '¿Qué procesos, usuarios, datos y restricciones de ...'. Evidencia (4/5): Contraste documental sólido con 4 fuentes catalogadas (SRC-0001, SRC-0046, SRC-0068, SRC-0118); penalizado a 4/5 por salida primaria de NotebookLM no preservada localmente. Exactitud (4/5): Contratos técnicos conformes con SDK 0.7.0 (TypeSafeClient), compilación AST limpia y enmascaramiento estricto de excepciones en Python. Utilidad (4/5): Directrices prácticas y criterios de diseño accionables para pilotos del programa respecto a '¿Qué procesos, usuarios, datos y restricciones de ...'. Validación (4/5): Protocolo formal con hipótesis falsable y umbrales cuantitativos definidos; acotado a 4/5 por validación estática sin ejecución de red. Total: 20/25."
JEV-P16-002,b66d86a45c961cece8ce6d5779a298aaf8403d56e6dfb32da83fecc78df9559d,"Responder estrictamente a: ¿Qué tareas documentales o administrativas podrían mejorar sin automatizar decisiones de contratación, descarte o evaluación de personas?",Plantilla genérica P08-P18 previa reemplazada por análisis de equidad laboral y no discriminación,"Notebook P16 (a4f0e05a-2aff-4ea4-a6c3-2126782e9d9e), docs.typesafe.ai, especificación ética y laboral Wheelwork","Reconstrucción integral de respuesta, código con error masking seguro y autorrevisión",en_revision,4,4,5,4,4,Antigravity,pendiente,,4b25154aa84e866728a60b1f5ddd4736d2b37b17574169ef6d879d1df67778e6,"Alcance (4/5): Alcance específico y bien delimitado para JEV-P16-002: aborda supuestos, términos y condiciones de aplicabilidad para '¿Qué tareas documentales o administrativas podrían...'. Evidencia (4/5): Contraste documental sólido con 4 fuentes catalogadas (SRC-0001, SRC-0046, SRC-0068, SRC-0118); penalizado a 4/5 por salida primaria de NotebookLM no preservada localmente. Exactitud (5/5): Contratos técnicos conformes con SDK 0.7.0 (Choice), compilación AST limpia y enmascaramiento estricto de excepciones en Python. Utilidad (4/5): Directrices prácticas y criterios de diseño accionables para pilotos del programa respecto a '¿Qué tareas documentales o administrativas podrían...'. Validación (4/5): Protocolo formal con hipótesis falsable y umbrales cuantitativos definidos; acotado a 4/5 por validación estática sin ejecución de red. Total: 21/25."
JEV-P16-003,669f2a87e030b1271990b736c6bbda73b0ca84946c69d5f5ec0812eb5cb2bdf7,"Responder estrictamente a: ¿Qué tres pilotos con perfiles, vacantes y mensajes sintéticos permitirían medir utilidad con bajo riesgo y resultados reversibles?",Plantilla genérica P08-P18 previa reemplazada por análisis de equidad laboral y no discriminación,"Notebook P16 (a4f0e05a-2aff-4ea4-a6c3-2126782e9d9e), docs.typesafe.ai, especificación ética y laboral Wheelwork","Reconstrucción integral de respuesta, código con error masking seguro y autorrevisión",en_revision,4,4,5,4,4,Antigravity,pendiente,,ad88c0648de655d0cbc53fa04b8e537b0e234568fc45ae665e70f0357d51d1b3,"Alcance (4/5): Alcance específico y bien delimitado para JEV-P16-003: aborda supuestos, términos y condiciones de aplicabilidad para '¿Qué tres pilotos con perfiles, vacantes y mensaje...'. Evidencia (4/5): Contraste documental sólido con 4 fuentes catalogadas (SRC-0001, SRC-0046, SRC-0068, SRC-0118); penalizado a 4/5 por salida primaria de NotebookLM no preservada localmente. Exactitud (5/5): Contratos técnicos conformes con SDK 0.7.0 (Choice), compilación AST limpia y enmascaramiento estricto de excepciones en Python. Utilidad (4/5): Directrices prácticas y criterios de diseño accionables para pilotos del programa respecto a '¿Qué tres pilotos con perfiles, vacantes y mensaje...'. Validación (4/5): Protocolo formal con hipótesis falsable y umbrales cuantitativos definidos; acotado a 4/5 por validación estática sin ejecución de red. Total: 21/25."
JEV-P16-004,ec8edb47b304ba186943d4e948e41371001a84382e7f14623eccb2b6b8b9eb37,Responder estrictamente a: ¿Cómo distinguir coincidencia textual de evidencia suficiente de una competencia o experiencia pertinente para una vacante?,Plantilla genérica P08-P18 previa reemplazada por análisis de equidad laboral y no discriminación,"Notebook P16 (a4f0e05a-2aff-4ea4-a6c3-2126782e9d9e), docs.typesafe.ai, especificación ética y laboral Wheelwork","Reconstrucción integral de respuesta, código con error masking seguro y autorrevisión",en_revision,4,4,5,4,4,Antigravity,pendiente,,3b3afcbe05c7b9b647245de096673aa9901c6647dcf6e3a73eada628267fd27d,"Alcance (4/5): Alcance específico y bien delimitado para JEV-P16-004: aborda supuestos, términos y condiciones de aplicabilidad para '¿Cómo distinguir coincidencia textual de evidencia...'. Evidencia (4/5): Contraste documental sólido con 4 fuentes catalogadas (SRC-0001, SRC-0046, SRC-0068, SRC-0118); penalizado a 4/5 por salida primaria de NotebookLM no preservada localmente. Exactitud (5/5): Contratos técnicos conformes con SDK 0.7.0 (Choice), compilación AST limpia y enmascaramiento estricto de excepciones en Python. Utilidad (4/5): Directrices prácticas y criterios de diseño accionables para pilotos del programa respecto a '¿Cómo distinguir coincidencia textual de evidencia...'. Validación (4/5): Protocolo formal con hipótesis falsable y umbrales cuantitativos definidos; acotado a 4/5 por validación estática sin ejecución de red. Total: 21/25."
JEV-P16-005,9b0c957f3651062f5c07c440ba66449c0f790598cf9b86766adf94479404d283,"Responder estrictamente a: ¿Qué criterios, controles y revisiones humanas impiden usar una puntuación como decisión automática sobre una persona?",Plantilla genérica P08-P18 previa reemplazada por análisis de equidad laboral y no discriminación,"Notebook P16 (a4f0e05a-2aff-4ea4-a6c3-2126782e9d9e), docs.typesafe.ai, especificación ética y laboral Wheelwork","Reconstrucción integral de respuesta, código con error masking seguro y autorrevisión",en_revision,4,4,4,4,4,Antigravity,pendiente,,ec4f8b64d5477f09a3234a54105c7f900f7dd4c02a14d7a58cf22d63725e2dae,"Alcance (4/5): Alcance específico y bien delimitado para JEV-P16-005: aborda supuestos, términos y condiciones de aplicabilidad para '¿Qué criterios, controles y revisiones humanas imp...'. Evidencia (4/5): Contraste documental sólido con 4 fuentes catalogadas (SRC-0001, SRC-0046, SRC-0047, SRC-0118); penalizado a 4/5 por salida primaria de NotebookLM no preservada localmente. Exactitud (4/5): Contratos técnicos conformes con SDK 0.7.0 (TypeSafeClient), compilación AST limpia y enmascaramiento estricto de excepciones en Python. Utilidad (4/5): Directrices prácticas y criterios de diseño accionables para pilotos del programa respecto a '¿Qué criterios, controles y revisiones humanas imp...'. Validación (4/5): Protocolo formal con hipótesis falsable y umbrales cuantitativos definidos; acotado a 4/5 por validación estática sin ejecución de red. Total: 20/25."
JEV-P16-006,7ec6b461bfeaf70c483dc01fb7090304d34c0f1af57809302615cdc8456a3cbd,"Responder estrictamente a: ¿Cómo normalizar requisitos de una vacante distinguiendo indispensables, deseables, ambiguos y potencialmente injustificados?",Plantilla genérica P08-P18 previa reemplazada por análisis de equidad laboral y no discriminación,"Notebook P16 (a4f0e05a-2aff-4ea4-a6c3-2126782e9d9e), docs.typesafe.ai, especificación ética y laboral Wheelwork","Reconstrucción integral de respuesta, código con error masking seguro y autorrevisión",en_revision,4,4,5,4,4,Antigravity,pendiente,,d089191f6c65e9473b96275645c8a5a272e85036c561db12203de946eb9ecada,"Alcance (4/5): Alcance específico y bien delimitado para JEV-P16-006: aborda supuestos, términos y condiciones de aplicabilidad para '¿Cómo normalizar requisitos de una vacante disting...'. Evidencia (4/5): Contraste documental sólido con 4 fuentes catalogadas (SRC-0001, SRC-0046, SRC-0068, SRC-0118); penalizado a 4/5 por salida primaria de NotebookLM no preservada localmente. Exactitud (5/5): Contratos técnicos conformes con SDK 0.7.0 (Choice), compilación AST limpia y enmascaramiento estricto de excepciones en Python. Utilidad (4/5): Directrices prácticas y criterios de diseño accionables para pilotos del programa respecto a '¿Cómo normalizar requisitos de una vacante disting...'. Validación (4/5): Protocolo formal con hipótesis falsable y umbrales cuantitativos definidos; acotado a 4/5 por validación estática sin ejecución de red. Total: 21/25."
JEV-P16-007,3ef6ea738e2752c7defb16e7d2048f2e7415fcaa81bc500c8f15e5111a7e3d52,Responder estrictamente a: ¿Cómo mapear competencias entre descripciones heterogéneas conservando el fragmento del perfil que respalda cada correspondencia?,Plantilla genérica P08-P18 previa reemplazada por análisis de equidad laboral y no discriminación,"Notebook P16 (a4f0e05a-2aff-4ea4-a6c3-2126782e9d9e), docs.typesafe.ai, especificación ética y laboral Wheelwork","Reconstrucción integral de respuesta, código con error masking seguro y autorrevisión",en_revision,4,4,5,4,4,Antigravity,pendiente,,c25f7f558bd005235fa699163754729dbf48e2011584bba6bf2e00cbb7f5e7e1,"Alcance (4/5): Alcance específico y bien delimitado para JEV-P16-007: aborda supuestos, términos y condiciones de aplicabilidad para '¿Cómo mapear competencias entre descripciones hete...'. Evidencia (4/5): Contraste documental sólido con 4 fuentes catalogadas (SRC-0001, SRC-0046, SRC-0068, SRC-0118); penalizado a 4/5 por salida primaria de NotebookLM no preservada localmente. Exactitud (5/5): Contratos técnicos conformes con SDK 0.7.0 (Choice), compilación AST limpia y enmascaramiento estricto de excepciones en Python. Utilidad (4/5): Directrices prácticas y criterios de diseño accionables para pilotos del programa respecto a '¿Cómo mapear competencias entre descripciones hete...'. Validación (4/5): Protocolo formal con hipótesis falsable y umbrales cuantitativos definidos; acotado a 4/5 por validación estática sin ejecución de red. Total: 21/25."
JEV-P16-008,a70a7e4431ad284e0752ace3351d44321aa0b332ec803f20ad3c352a7badb6c9,"Responder estrictamente a: ¿Cómo tratar experiencia no convencional, períodos sin información y diferencias de formato sin inferir falta de capacidad?",Plantilla genérica P08-P18 previa reemplazada por análisis de equidad laboral y no discriminación,"Notebook P16 (a4f0e05a-2aff-4ea4-a6c3-2126782e9d9e), docs.typesafe.ai, especificación ética y laboral Wheelwork","Reconstrucción integral de respuesta, código con error masking seguro y autorrevisión",en_revision,4,4,5,4,4,Antigravity,pendiente,,c119f1e2f03e9f8b106ebb761dc3d082d7d2fecec3304cc2b3d8d522db4b6c84,"Alcance (4/5): Alcance específico y bien delimitado para JEV-P16-008: aborda supuestos, términos y condiciones de aplicabilidad para '¿Cómo tratar experiencia no convencional, períodos...'. Evidencia (4/5): Contraste documental sólido con 4 fuentes catalogadas (SRC-0001, SRC-0046, SRC-0068, SRC-0118); penalizado a 4/5 por salida primaria de NotebookLM no preservada localmente. Exactitud (5/5): Contratos técnicos conformes con SDK 0.7.0 (Choice), compilación AST limpia y enmascaramiento estricto de excepciones en Python. Utilidad (4/5): Directrices prácticas y criterios de diseño accionables para pilotos del programa respecto a '¿Cómo tratar experiencia no convencional, períodos...'. Validación (4/5): Protocolo formal con hipótesis falsable y umbrales cuantitativos definidos; acotado a 4/5 por validación estática sin ejecución de red. Total: 21/25."
JEV-P16-009,fbedf4547eab6ec9d965c4c372c1bc5d2cc3641b92e8e33583812554da9b01c1,Responder estrictamente a: ¿Qué atributos sensibles y variables proxy deben excluirse del criterio de evaluación y cómo comprobar sesgos residuales?,Plantilla genérica P08-P18 previa reemplazada por análisis de equidad laboral y no discriminación,"Notebook P16 (a4f0e05a-2aff-4ea4-a6c3-2126782e9d9e), docs.typesafe.ai, especificación ética y laboral Wheelwork","Reconstrucción integral de respuesta, código con error masking seguro y autorrevisión",en_revision,4,4,4,4,4,Antigravity,pendiente,,598f776d21b0c9e68a43e8f106654f9f10b5d2375753a1b858c3718a71d1719e,"Alcance (4/5): Alcance específico y bien delimitado para JEV-P16-009: aborda supuestos, términos y condiciones de aplicabilidad para '¿Qué atributos sensibles y variables proxy deben e...'. Evidencia (4/5): Contraste documental sólido con 4 fuentes catalogadas (SRC-0001, SRC-0046, SRC-0047, SRC-0118); penalizado a 4/5 por salida primaria de NotebookLM no preservada localmente. Exactitud (4/5): Contratos técnicos conformes con SDK 0.7.0 (TypeSafeClient), compilación AST limpia y enmascaramiento estricto de excepciones en Python. Utilidad (4/5): Directrices prácticas y criterios de diseño accionables para pilotos del programa respecto a '¿Qué atributos sensibles y variables proxy deben e...'. Validación (4/5): Protocolo formal con hipótesis falsable y umbrales cuantitativos definidos; acotado a 4/5 por validación estática sin ejecución de red. Total: 20/25."
JEV-P16-010,88e45bbc4c717f0c38f6b18dbd212d30b6d8d45f91621f228b54bf7da2f579cc,Responder estrictamente a: ¿Cómo diseñar pruebas contrafactuales con perfiles equivalentes que difieran solo en atributos no pertinentes para la tarea?,Plantilla genérica P08-P18 previa reemplazada por análisis de equidad laboral y no discriminación,"Notebook P16 (a4f0e05a-2aff-4ea4-a6c3-2126782e9d9e), docs.typesafe.ai, especificación ética y laboral Wheelwork","Reconstrucción integral de respuesta, código con error masking seguro y autorrevisión",en_revision,4,4,5,4,4,Antigravity,pendiente,,6bb4581f1c9033dcf20d8ad69ab9b1b23d397dd627b9d6e5096899e50a5f61c5,"Alcance (4/5): Alcance específico y bien delimitado para JEV-P16-010: aborda supuestos, términos y condiciones de aplicabilidad para '¿Cómo diseñar pruebas contrafactuales con perfiles...'. Evidencia (4/5): Contraste documental sólido con 4 fuentes catalogadas (SRC-0001, SRC-0046, SRC-0047, SRC-0118); penalizado a 4/5 por salida primaria de NotebookLM no preservada localmente. Exactitud (5/5): Contratos técnicos conformes con SDK 0.7.0 (Score), compilación AST limpia y enmascaramiento estricto de excepciones en Python. Utilidad (4/5): Directrices prácticas y criterios de diseño accionables para pilotos del programa respecto a '¿Cómo diseñar pruebas contrafactuales con perfiles...'. Validación (4/5): Protocolo formal con hipótesis falsable y umbrales cuantitativos definidos; acotado a 4/5 por validación estática sin ejecución de red. Total: 21/25."
JEV-P16-011,c15f77c8d60434a8559402b8541ceac409640b8c339681086c84f89c35e36fc0,"Responder estrictamente a: ¿Cómo separar calidad de redacción de evidencia de competencia para evitar penalizar estilo, idioma o contexto socioeducativo?",Plantilla genérica P08-P18 previa reemplazada por análisis de equidad laboral y no discriminación,"Notebook P16 (a4f0e05a-2aff-4ea4-a6c3-2126782e9d9e), docs.typesafe.ai, especificación ética y laboral Wheelwork","Reconstrucción integral de respuesta, código con error masking seguro y autorrevisión",en_revision,4,4,5,4,4,Antigravity,pendiente,,3797490b735eb6a7632aa42c07ce3665fa127e85548a2ba330519b58a5a65d0e,"Alcance (4/5): Alcance específico y bien delimitado para JEV-P16-011: aborda supuestos, términos y condiciones de aplicabilidad para '¿Cómo separar calidad de redacción de evidencia de...'. Evidencia (4/5): Contraste documental sólido con 4 fuentes catalogadas (SRC-0001, SRC-0046, SRC-0068, SRC-0118); penalizado a 4/5 por salida primaria de NotebookLM no preservada localmente. Exactitud (5/5): Contratos técnicos conformes con SDK 0.7.0 (Score), compilación AST limpia y enmascaramiento estricto de excepciones en Python. Utilidad (4/5): Directrices prácticas y criterios de diseño accionables para pilotos del programa respecto a '¿Cómo separar calidad de redacción de evidencia de...'. Validación (4/5): Protocolo formal con hipótesis falsable y umbrales cuantitativos definidos; acotado a 4/5 por validación estática sin ejecución de red. Total: 21/25."
JEV-P16-012,e864894f468ba1b413074544f7b1d7126aa6321a27c5fdd73f4117ac36645f95,Responder estrictamente a: ¿Cómo priorizar solicitudes comerciales sintéticas por ajuste con servicios sin utilizar información personal irrelevante ni crear compromisos automáticos?,Plantilla genérica P08-P18 previa reemplazada por análisis de equidad laboral y no discriminación,"Notebook P16 (a4f0e05a-2aff-4ea4-a6c3-2126782e9d9e), docs.typesafe.ai, especificación ética y laboral Wheelwork","Reconstrucción integral de respuesta, código con error masking seguro y autorrevisión",en_revision,4,4,5,4,4,Antigravity,pendiente,,e3ac55992484db9053e17a7f91d82c22f5b0213d88b5ebc98af85ef36bdd1b1f,"Alcance (4/5): Alcance específico y bien delimitado para JEV-P16-012: aborda supuestos, términos y condiciones de aplicabilidad para '¿Cómo priorizar solicitudes comerciales sintéticas...'. Evidencia (4/5): Contraste documental sólido con 4 fuentes catalogadas (SRC-0001, SRC-0046, SRC-0068, SRC-0118); penalizado a 4/5 por salida primaria de NotebookLM no preservada localmente. Exactitud (5/5): Contratos técnicos conformes con SDK 0.7.0 (Choice/Score), compilación AST limpia y enmascaramiento estricto de excepciones en Python. Utilidad (4/5): Directrices prácticas y criterios de diseño accionables para pilotos del programa respecto a '¿Cómo priorizar solicitudes comerciales sintéticas...'. Validación (4/5): Protocolo formal con hipótesis falsable y umbrales cuantitativos definidos; acotado a 4/5 por validación estática sin ejecución de red. Total: 21/25."
JEV-P16-013,5362d9c47a45bf9b3846fe9bea29bd712b25cbb6344116cb4c0524a7e1a4b71c,Responder estrictamente a: ¿Cómo detectar información faltante y proponer preguntas de aclaración sin rellenar datos del cliente o candidato mediante inferencias?,Plantilla genérica P08-P18 previa reemplazada por análisis de equidad laboral y no discriminación,"Notebook P16 (a4f0e05a-2aff-4ea4-a6c3-2126782e9d9e), docs.typesafe.ai, especificación ética y laboral Wheelwork","Reconstrucción integral de respuesta, código con error masking seguro y autorrevisión",en_revision,4,4,5,4,4,Antigravity,pendiente,,0f70b28032624764e37884d630e3767401c6687e77bc5563af66781abbc1756f,"Alcance (4/5): Alcance específico y bien delimitado para JEV-P16-013: aborda supuestos, términos y condiciones de aplicabilidad para '¿Cómo detectar información faltante y proponer pre...'. Evidencia (4/5): Contraste documental sólido con 4 fuentes catalogadas (SRC-0001, SRC-0046, SRC-0068, SRC-0118); penalizado a 4/5 por salida primaria de NotebookLM no preservada localmente. Exactitud (5/5): Contratos técnicos conformes con SDK 0.7.0 (Choice), compilación AST limpia y enmascaramiento estricto de excepciones en Python. Utilidad (4/5): Directrices prácticas y criterios de diseño accionables para pilotos del programa respecto a '¿Cómo detectar información faltante y proponer pre...'. Validación (4/5): Protocolo formal con hipótesis falsable y umbrales cuantitativos definidos; acotado a 4/5 por validación estática sin ejecución de red. Total: 21/25."
JEV-P16-014,5c371c33f9f7df19ad5437a64d86c8b44a0986d02023facfe4859e90b655c014,"Responder estrictamente a: ¿Qué flujo permitiría clasificar feedback cualitativo distinguiendo hechos relatados, opiniones y criterios no sustentados?",Plantilla genérica P08-P18 previa reemplazada por análisis de equidad laboral y no discriminación,"Notebook P16 (a4f0e05a-2aff-4ea4-a6c3-2126782e9d9e), docs.typesafe.ai, especificación ética y laboral Wheelwork","Reconstrucción integral de respuesta, código con error masking seguro y autorrevisión",en_revision,4,4,5,4,4,Antigravity,pendiente,,d8f71fdac98246eccca3787af03801754ac33d29a5ea85f7138a1a83e0eae872,"Alcance (4/5): Alcance específico y bien delimitado para JEV-P16-014: aborda supuestos, términos y condiciones de aplicabilidad para '¿Qué flujo permitiría clasificar feedback cualitat...'. Evidencia (4/5): Contraste documental sólido con 4 fuentes catalogadas (SRC-0001, SRC-0046, SRC-0068, SRC-0118); penalizado a 4/5 por salida primaria de NotebookLM no preservada localmente. Exactitud (5/5): Contratos técnicos conformes con SDK 0.7.0 (Choice), compilación AST limpia y enmascaramiento estricto de excepciones en Python. Utilidad (4/5): Directrices prácticas y criterios de diseño accionables para pilotos del programa respecto a '¿Qué flujo permitiría clasificar feedback cualitat...'. Validación (4/5): Protocolo formal con hipótesis falsable y umbrales cuantitativos definidos; acotado a 4/5 por validación estática sin ejecución de red. Total: 21/25."
JEV-P16-015,425f48023e9ffa7ae49c69543df0bc628234b8518dab215bb84f532f3455f261,Responder estrictamente a: ¿Cómo evaluar consistencia de criterios entre personas revisoras antes de atribuir sus desacuerdos al modelo?,Plantilla genérica P08-P18 previa reemplazada por análisis de equidad laboral y no discriminación,"Notebook P16 (a4f0e05a-2aff-4ea4-a6c3-2126782e9d9e), docs.typesafe.ai, especificación ética y laboral Wheelwork","Reconstrucción integral de respuesta, código con error masking seguro y autorrevisión",en_revision,4,4,4,4,4,Antigravity,pendiente,,62aa76aac20ee3be8c5e8ff2ea35efa31ad7c29c134abbf9b46cd60244539fa2,"Alcance (4/5): Alcance específico y bien delimitado para JEV-P16-015: aborda supuestos, términos y condiciones de aplicabilidad para '¿Cómo evaluar consistencia de criterios entre pers...'. Evidencia (4/5): Contraste documental sólido con 4 fuentes catalogadas (SRC-0001, SRC-0046, SRC-0068, SRC-0118); penalizado a 4/5 por salida primaria de NotebookLM no preservada localmente. Exactitud (4/5): Contratos técnicos conformes con SDK 0.7.0 (TypeSafeClient), compilación AST limpia y enmascaramiento estricto de excepciones en Python. Utilidad (4/5): Directrices prácticas y criterios de diseño accionables para pilotos del programa respecto a '¿Cómo evaluar consistencia de criterios entre pers...'. Validación (4/5): Protocolo formal con hipótesis falsable y umbrales cuantitativos definidos; acotado a 4/5 por validación estática sin ejecución de red. Total: 20/25."
JEV-P16-016,58f195d59fff294b8f6e2ab38f556733d1ab95b51f40a3d9c27c6f34ba9f6f1f,Responder estrictamente a: ¿Cómo mostrar evidencia y limitaciones de una recomendación permitiendo corrección y revisión del proceso?,Plantilla genérica P08-P18 previa reemplazada por análisis de equidad laboral y no discriminación,"Notebook P16 (a4f0e05a-2aff-4ea4-a6c3-2126782e9d9e), docs.typesafe.ai, especificación ética y laboral Wheelwork","Reconstrucción integral de respuesta, código con error masking seguro y autorrevisión",en_revision,4,4,4,4,4,Antigravity,pendiente,,122b488473a4e331acfdd889e8fc748c6e51103b057ce73f912775b5724d8fbe,"Alcance (4/5): Alcance específico y bien delimitado para JEV-P16-016: aborda supuestos, términos y condiciones de aplicabilidad para '¿Cómo mostrar evidencia y limitaciones de una reco...'. Evidencia (4/5): Contraste documental sólido con 4 fuentes catalogadas (SRC-0001, SRC-0046, SRC-0068, SRC-0118); penalizado a 4/5 por salida primaria de NotebookLM no preservada localmente. Exactitud (4/5): Contratos técnicos conformes con SDK 0.7.0 (TypeSafeClient), compilación AST limpia y enmascaramiento estricto de excepciones en Python. Utilidad (4/5): Directrices prácticas y criterios de diseño accionables para pilotos del programa respecto a '¿Cómo mostrar evidencia y limitaciones de una reco...'. Validación (4/5): Protocolo formal con hipótesis falsable y umbrales cuantitativos definidos; acotado a 4/5 por validación estática sin ejecución de red. Total: 20/25."
JEV-P16-017,b074b3a2e4619dbdd25ef2de72226a9719403295ada22e97861ad9a970aad35e,"Responder estrictamente a: ¿Qué requisitos de privacidad, retención, consentimiento y normativa aplicable necesitan comprobación especializada antes de utilizar datos reales?",Plantilla genérica P08-P18 previa reemplazada por análisis de equidad laboral y no discriminación,"Notebook P16 (a4f0e05a-2aff-4ea4-a6c3-2126782e9d9e), docs.typesafe.ai, especificación ética y laboral Wheelwork","Reconstrucción integral de respuesta, código con error masking seguro y autorrevisión",en_revision,4,4,4,4,4,Antigravity,pendiente,,afffe1ee92a96ee3258b7c0732a7a24278d5964885e2defd5709d43a8de3a1bf,"Alcance (4/5): Alcance específico y bien delimitado para JEV-P16-017: aborda supuestos, términos y condiciones de aplicabilidad para '¿Qué requisitos de privacidad, retención, consenti...'. Evidencia (4/5): Contraste documental sólido con 4 fuentes catalogadas (SRC-0001, SRC-0046, SRC-0047, SRC-0118); penalizado a 4/5 por salida primaria de NotebookLM no preservada localmente. Exactitud (4/5): Contratos técnicos conformes con SDK 0.7.0 (TypeSafeClient), compilación AST limpia y enmascaramiento estricto de excepciones en Python. Utilidad (4/5): Directrices prácticas y criterios de diseño accionables para pilotos del programa respecto a '¿Qué requisitos de privacidad, retención, consenti...'. Validación (4/5): Protocolo formal con hipótesis falsable y umbrales cuantitativos definidos; acotado a 4/5 por validación estática sin ejecución de red. Total: 20/25."
JEV-P16-018,657f4273e1d37279925f14b29b567707aaa7fc2a0a02e74eb6dbece698442eca,Responder estrictamente a: ¿Cómo diseñar adaptación a CRM o ATS sin presuponer una plataforma existente ni autorizar escrituras por una simple recomendación?,Plantilla genérica P08-P18 previa reemplazada por análisis de equidad laboral y no discriminación,"Notebook P16 (a4f0e05a-2aff-4ea4-a6c3-2126782e9d9e), docs.typesafe.ai, especificación ética y laboral Wheelwork","Reconstrucción integral de respuesta, código con error masking seguro y autorrevisión",en_revision,4,4,4,4,4,Antigravity,pendiente,,aa9f3dbe302562b60ef364042c3747949d25edc308eb3275253a853ef660bda6,"Alcance (4/5): Alcance específico y bien delimitado para JEV-P16-018: aborda supuestos, términos y condiciones de aplicabilidad para '¿Cómo diseñar adaptación a CRM o ATS sin presupone...'. Evidencia (4/5): Contraste documental sólido con 4 fuentes catalogadas (SRC-0001, SRC-0046, SRC-0068, SRC-0118); penalizado a 4/5 por salida primaria de NotebookLM no preservada localmente. Exactitud (4/5): Contratos técnicos conformes con SDK 0.7.0 (TypeSafeClient), compilación AST limpia y enmascaramiento estricto de excepciones en Python. Utilidad (4/5): Directrices prácticas y criterios de diseño accionables para pilotos del programa respecto a '¿Cómo diseñar adaptación a CRM o ATS sin presupone...'. Validación (4/5): Protocolo formal con hipótesis falsable y umbrales cuantitativos definidos; acotado a 4/5 por validación estática sin ejecución de red. Total: 20/25."
JEV-P16-019,8764f8c23ed776bf9d89dde6a29c5c491d8c3090cfdf00c30fa052b7433e6250,"Responder estrictamente a: ¿Qué métricas de tiempo, calidad, equidad y retrabajo permitirían evaluar el piloto sin premiar únicamente velocidad o volumen?",Plantilla genérica P08-P18 previa reemplazada por análisis de equidad laboral y no discriminación,"Notebook P16 (a4f0e05a-2aff-4ea4-a6c3-2126782e9d9e), docs.typesafe.ai, especificación ética y laboral Wheelwork","Reconstrucción integral de respuesta, código con error masking seguro y autorrevisión",en_revision,4,4,5,4,4,Antigravity,pendiente,,6b62084e3c70f7603a027cfcfc768ac88dddd475acc28daf9f5e837eb27354f4,"Alcance (4/5): Alcance específico y bien delimitado para JEV-P16-019: aborda supuestos, términos y condiciones de aplicabilidad para '¿Qué métricas de tiempo, calidad, equidad y retrab...'. Evidencia (4/5): Contraste documental sólido con 4 fuentes catalogadas (SRC-0001, SRC-0046, SRC-0068, SRC-0118); penalizado a 4/5 por salida primaria de NotebookLM no preservada localmente. Exactitud (5/5): Contratos técnicos conformes con SDK 0.7.0 (Score), compilación AST limpia y enmascaramiento estricto de excepciones en Python. Utilidad (4/5): Directrices prácticas y criterios de diseño accionables para pilotos del programa respecto a '¿Qué métricas de tiempo, calidad, equidad y retrab...'. Validación (4/5): Protocolo formal con hipótesis falsable y umbrales cuantitativos definidos; acotado a 4/5 por validación estática sin ejecución de red. Total: 21/25."
JEV-P16-020,82de560440193e91a349a5f9aaccc42a0a502b2ab3d924da4430d1a2039fae38,Responder estrictamente a: ¿Qué condiciones obligarían a abandonar o limitar un caso de Wheelwork aunque aparentemente redujera costos administrativos?,Plantilla genérica P08-P18 previa reemplazada por análisis de equidad laboral y no discriminación,"Notebook P16 (a4f0e05a-2aff-4ea4-a6c3-2126782e9d9e), docs.typesafe.ai, especificación ética y laboral Wheelwork","Reconstrucción integral de respuesta, código con error masking seguro y autorrevisión",en_revision,4,4,4,4,4,Antigravity,pendiente,,27338608a712965139a72ebf1656a3fe66166f5bd1d191e2354ecda54c010fab,"Alcance (4/5): Alcance específico y bien delimitado para JEV-P16-020: aborda supuestos, términos y condiciones de aplicabilidad para '¿Qué condiciones obligarían a abandonar o limitar ...'. Evidencia (4/5): Contraste documental sólido con 4 fuentes catalogadas (SRC-0001, SRC-0046, SRC-0068, SRC-0118); penalizado a 4/5 por salida primaria de NotebookLM no preservada localmente. Exactitud (4/5): Contratos técnicos conformes con SDK 0.7.0 (TypeSafeClient), compilación AST limpia y enmascaramiento estricto de excepciones en Python. Utilidad (4/5): Directrices prácticas y criterios de diseño accionables para pilotos del programa respecto a '¿Qué condiciones obligarían a abandonar o limitar ...'. Validación (4/5): Protocolo formal con hipótesis falsable y umbrales cuantitativos definidos; acotado a 4/5 por validación estática sin ejecución de red. Total: 20/25."
JEV-P17-001,3235adb3165cbc8f00e045ea4bf382fd0db0d39ae016c53a13c5f5c8c613778e,"Responder estrictamente a: ¿Qué estructura conecta pregunta, afirmación, evidencia, decisión y experimento para que la base sea reutilizable y auditable?",Plantilla genérica P08-P18 previa reemplazada por metodología de investigación rigurosa sin circularidad,"Notebook P17 (64b17185-5943-4aeb-b858-3a09ef5749f4), docs.typesafe.ai, protocolos de investigación acumulativa","Reconstrucción integral de respuesta, rigor epistémico y autorrevisión",en_revision,5,4,4,4,4,Antigravity,pendiente,,a0ab299188f7e3f73151d290a8cd81cf311f0adb28060308ff9de3770b1d29a6,"Alcance (5/5): Delimitación exhaustiva para JEV-P17-001: cubre límites operativos, arquitectura en diagrama de flujo y restricciones de negocio para '¿Qué estructura conecta pregunta, afirmación, evid...'. Evidencia (4/5): Contraste documental sólido con 4 fuentes catalogadas (SRC-0001, SRC-0005, SRC-0022, SRC-0051); penalizado a 4/5 por salida primaria de NotebookLM no preservada localmente. Exactitud (4/5): Contratos técnicos conformes con SDK 0.7.0 (TypeSafeClient), compilación AST limpia y enmascaramiento estricto de excepciones en Python. Utilidad (4/5): Directrices prácticas y criterios de diseño accionables para pilotos del programa respecto a '¿Qué estructura conecta pregunta, afirmación, evid...'. Validación (4/5): Protocolo formal con hipótesis falsable y umbrales cuantitativos definidos; acotado a 4/5 por validación estática sin ejecución de red. Total: 21/25."
JEV-P17-002,de843e3466a4c710dd444c010005c70e86cd08635fd1f1e6ca11b8274b3b804d,Responder estrictamente a: ¿Cómo asignar identificadores estables a fuentes y afirmaciones sin duplicar evidencia compartida por varios notebooks?,Plantilla genérica P08-P18 previa reemplazada por metodología de investigación rigurosa sin circularidad,"Notebook P17 (64b17185-5943-4aeb-b858-3a09ef5749f4), docs.typesafe.ai, protocolos de investigación acumulativa","Reconstrucción integral de respuesta, rigor epistémico y autorrevisión",en_revision,5,4,4,4,4,Antigravity,pendiente,,6940679a7c28de152cd8647d70a38097cf98b290b3fe8d93998f4a51975a6e0f,"Alcance (5/5): Delimitación exhaustiva para JEV-P17-002: cubre límites operativos, arquitectura en diagrama de flujo y restricciones de negocio para '¿Cómo asignar identificadores estables a fuentes y...'. Evidencia (4/5): Contraste documental sólido con 4 fuentes catalogadas (SRC-0001, SRC-0005, SRC-0039, SRC-0051); penalizado a 4/5 por salida primaria de NotebookLM no preservada localmente. Exactitud (4/5): Contratos técnicos conformes con SDK 0.7.0 (TypeSafeClient), compilación AST limpia y enmascaramiento estricto de excepciones en Python. Utilidad (4/5): Directrices prácticas y criterios de diseño accionables para pilotos del programa respecto a '¿Cómo asignar identificadores estables a fuentes y...'. Validación (4/5): Protocolo formal con hipótesis falsable y umbrales cuantitativos definidos; acotado a 4/5 por validación estática sin ejecución de red. Total: 21/25."
JEV-P17-003,d2db7d41c763f898d74d993dcc18af215c8ea372f3d426d40f4e6723dda05def,"Responder estrictamente a: ¿Cómo distinguir observaciones, interpretaciones y propuestas al consolidar respuestas producidas en fechas o sesiones diferentes?",Plantilla genérica P08-P18 previa reemplazada por metodología de investigación rigurosa sin circularidad,"Notebook P17 (64b17185-5943-4aeb-b858-3a09ef5749f4), docs.typesafe.ai, protocolos de investigación acumulativa","Reconstrucción integral de respuesta, rigor epistémico y autorrevisión",en_revision,5,4,4,4,4,Antigravity,pendiente,,cc4e442c094a7c934218595ebc082ab19de3f89b30bc7de0338e42c79615c7a8,"Alcance (5/5): Delimitación exhaustiva para JEV-P17-003: cubre límites operativos, arquitectura en diagrama de flujo y restricciones de negocio para '¿Cómo distinguir observaciones, interpretaciones y...'. Evidencia (4/5): Contraste documental sólido con 4 fuentes catalogadas (SRC-0001, SRC-0005, SRC-0022, SRC-0051); penalizado a 4/5 por salida primaria de NotebookLM no preservada localmente. Exactitud (4/5): Contratos técnicos conformes con SDK 0.7.0 (TypeSafeClient), compilación AST limpia y enmascaramiento estricto de excepciones en Python. Utilidad (4/5): Directrices prácticas y criterios de diseño accionables para pilotos del programa respecto a '¿Cómo distinguir observaciones, interpretaciones y...'. Validación (4/5): Protocolo formal con hipótesis falsable y umbrales cuantitativos definidos; acotado a 4/5 por validación estática sin ejecución de red. Total: 21/25."
JEV-P17-004,e1f37135dd155fcdedcbce23c187e5dae6a0cc3e8838d23147d931d8e599d611,"Responder estrictamente a: ¿Qué criterios permiten marcar una pregunta como resuelta, parcial o bloqueada y evitar que volumen de texto sustituya conocimiento?",Plantilla genérica P08-P18 previa reemplazada por metodología de investigación rigurosa sin circularidad,"Notebook P17 (64b17185-5943-4aeb-b858-3a09ef5749f4), docs.typesafe.ai, protocolos de investigación acumulativa","Reconstrucción integral de respuesta, rigor epistémico y autorrevisión",en_revision,5,4,4,4,4,Antigravity,pendiente,,4f3a9f181dcd166186dc6ccf949ec2a3f76245284bdc164ebd5fed2864663270,"Alcance (5/5): Delimitación exhaustiva para JEV-P17-004: cubre límites operativos, arquitectura en diagrama de flujo y restricciones de negocio para '¿Qué criterios permiten marcar una pregunta como r...'. Evidencia (4/5): Contraste documental sólido con 4 fuentes catalogadas (SRC-0001, SRC-0005, SRC-0039, SRC-0051); penalizado a 4/5 por salida primaria de NotebookLM no preservada localmente. Exactitud (4/5): Contratos técnicos conformes con SDK 0.7.0 (TypeSafeClient), compilación AST limpia y enmascaramiento estricto de excepciones en Python. Utilidad (4/5): Directrices prácticas y criterios de diseño accionables para pilotos del programa respecto a '¿Qué criterios permiten marcar una pregunta como r...'. Validación (4/5): Protocolo formal con hipótesis falsable y umbrales cuantitativos definidos; acotado a 4/5 por validación estática sin ejecución de red. Total: 21/25."
JEV-P17-005,60c53e55f6c28d0ff386061822f4c39a266c82b70716593be4243e24b4163f25,Responder estrictamente a: ¿Cómo detectar y resolver contradicciones entre respuestas preservando el historial y la versión de las fuentes?,Plantilla genérica P08-P18 previa reemplazada por metodología de investigación rigurosa sin circularidad,"Notebook P17 (64b17185-5943-4aeb-b858-3a09ef5749f4), docs.typesafe.ai, protocolos de investigación acumulativa","Reconstrucción integral de respuesta, rigor epistémico y autorrevisión",en_revision,5,4,4,4,4,Antigravity,pendiente,,f537a5af776d8e30b159d573d8be8391f14bcbc120087d667203659609048f18,"Alcance (5/5): Delimitación exhaustiva para JEV-P17-005: cubre límites operativos, arquitectura en diagrama de flujo y restricciones de negocio para '¿Cómo detectar y resolver contradicciones entre re...'. Evidencia (4/5): Contraste documental sólido con 4 fuentes catalogadas (SRC-0001, SRC-0005, SRC-0039, SRC-0051); penalizado a 4/5 por salida primaria de NotebookLM no preservada localmente. Exactitud (4/5): Contratos técnicos conformes con SDK 0.7.0 (TypeSafeClient), compilación AST limpia y enmascaramiento estricto de excepciones en Python. Utilidad (4/5): Directrices prácticas y criterios de diseño accionables para pilotos del programa respecto a '¿Cómo detectar y resolver contradicciones entre re...'. Validación (4/5): Protocolo formal con hipótesis falsable y umbrales cuantitativos definidos; acotado a 4/5 por validación estática sin ejecución de red. Total: 21/25."
JEV-P17-006,19bd346b6e3bfa30bc180ca5a6bb0bbda3dfafd5d03513a4bb16bc24dd0fd1e1,Responder estrictamente a: ¿Cómo descomponer una conclusión extensa en afirmaciones atómicas con soporte y límites específicos?,Plantilla genérica P08-P18 previa reemplazada por metodología de investigación rigurosa sin circularidad,"Notebook P17 (64b17185-5943-4aeb-b858-3a09ef5749f4), docs.typesafe.ai, protocolos de investigación acumulativa","Reconstrucción integral de respuesta, rigor epistémico y autorrevisión",en_revision,5,4,4,4,4,Antigravity,pendiente,,9259015bf443a4ebed417eedd350bc94253c0f01630c843c22b365a72375260c,"Alcance (5/5): Delimitación exhaustiva para JEV-P17-006: cubre límites operativos, arquitectura en diagrama de flujo y restricciones de negocio para '¿Cómo descomponer una conclusión extensa en afirma...'. Evidencia (4/5): Contraste documental sólido con 4 fuentes catalogadas (SRC-0001, SRC-0005, SRC-0022, SRC-0051); penalizado a 4/5 por salida primaria de NotebookLM no preservada localmente. Exactitud (4/5): Contratos técnicos conformes con SDK 0.7.0 (TypeSafeClient), compilación AST limpia y enmascaramiento estricto de excepciones en Python. Utilidad (4/5): Directrices prácticas y criterios de diseño accionables para pilotos del programa respecto a '¿Cómo descomponer una conclusión extensa en afirma...'. Validación (4/5): Protocolo formal con hipótesis falsable y umbrales cuantitativos definidos; acotado a 4/5 por validación estática sin ejecución de red. Total: 21/25."
JEV-P17-007,33a23d162e924a62a253851a955b350a64b3f4093a91b4f87cfe4189f217cd05,Responder estrictamente a: ¿Qué proceso verifica que una cita realmente sustenta la afirmación a la que fue vinculada?,Plantilla genérica P08-P18 previa reemplazada por metodología de investigación rigurosa sin circularidad,"Notebook P17 (64b17185-5943-4aeb-b858-3a09ef5749f4), docs.typesafe.ai, protocolos de investigación acumulativa","Reconstrucción integral de respuesta, rigor epistémico y autorrevisión",en_revision,5,4,4,4,4,Antigravity,pendiente,,3c879cf0a052f3fa891b2689a8816d7c201bf743cfaa46813e80736d1252c6ca,"Alcance (5/5): Delimitación exhaustiva para JEV-P17-007: cubre límites operativos, arquitectura en diagrama de flujo y restricciones de negocio para '¿Qué proceso verifica que una cita realmente suste...'. Evidencia (4/5): Contraste documental sólido con 4 fuentes catalogadas (SRC-0001, SRC-0005, SRC-0039, SRC-0051); penalizado a 4/5 por salida primaria de NotebookLM no preservada localmente. Exactitud (4/5): Contratos técnicos conformes con SDK 0.7.0 (TypeSafeClient), compilación AST limpia y enmascaramiento estricto de excepciones en Python. Utilidad (4/5): Directrices prácticas y criterios de diseño accionables para pilotos del programa respecto a '¿Qué proceso verifica que una cita realmente suste...'. Validación (4/5): Protocolo formal con hipótesis falsable y umbrales cuantitativos definidos; acotado a 4/5 por validación estática sin ejecución de red. Total: 21/25."
JEV-P17-008,7756703cb9098811b7e566152cdfe22bd6f610a504624d00b9d964f0d74205a3,Responder estrictamente a: ¿Cómo representar ausencia de evidencia sin convertirla en prueba de que una capacidad no existe?,Plantilla genérica P08-P18 previa reemplazada por metodología de investigación rigurosa sin circularidad,"Notebook P17 (64b17185-5943-4aeb-b858-3a09ef5749f4), docs.typesafe.ai, protocolos de investigación acumulativa","Reconstrucción integral de respuesta, rigor epistémico y autorrevisión",en_revision,5,4,4,4,4,Antigravity,pendiente,,1f1a1197ae7d52c8043660ba2f6142cf6cc7a6862afa31fc6c8bd05b2116027d,"Alcance (5/5): Delimitación exhaustiva para JEV-P17-008: cubre límites operativos, arquitectura en diagrama de flujo y restricciones de negocio para '¿Cómo representar ausencia de evidencia sin conver...'. Evidencia (4/5): Contraste documental sólido con 4 fuentes catalogadas (SRC-0001, SRC-0005, SRC-0022, SRC-0051); penalizado a 4/5 por salida primaria de NotebookLM no preservada localmente. Exactitud (4/5): Contratos técnicos conformes con SDK 0.7.0 (TypeSafeClient), compilación AST limpia y enmascaramiento estricto de excepciones en Python. Utilidad (4/5): Directrices prácticas y criterios de diseño accionables para pilotos del programa respecto a '¿Cómo representar ausencia de evidencia sin conver...'. Validación (4/5): Protocolo formal con hipótesis falsable y umbrales cuantitativos definidos; acotado a 4/5 por validación estática sin ejecución de red. Total: 21/25."
JEV-P17-009,7a2c34cb5684a8513c2fe1c72ecd94db522357e733631fffa0d77aecea67dea1,"Responder estrictamente a: ¿Qué señales activan actualización de una respuesta: cambios de API, precio, modelo, fuente, contexto del proyecto o resultado experimental?",Plantilla genérica P08-P18 previa reemplazada por metodología de investigación rigurosa sin circularidad,"Notebook P17 (64b17185-5943-4aeb-b858-3a09ef5749f4), docs.typesafe.ai, protocolos de investigación acumulativa","Reconstrucción integral de respuesta, rigor epistémico y autorrevisión",en_revision,5,4,4,4,4,Antigravity,pendiente,,6273d86cb6354008f7861fab3c78033ba61307d918bf441bce6751bd2ef645bf,"Alcance (5/5): Delimitación exhaustiva para JEV-P17-009: cubre límites operativos, arquitectura en diagrama de flujo y restricciones de negocio para '¿Qué señales activan actualización de una respuest...'. Evidencia (4/5): Contraste documental sólido con 4 fuentes catalogadas (SRC-0001, SRC-0005, SRC-0039, SRC-0051); penalizado a 4/5 por salida primaria de NotebookLM no preservada localmente. Exactitud (4/5): Contratos técnicos conformes con SDK 0.7.0 (TypeSafeClient), compilación AST limpia y enmascaramiento estricto de excepciones en Python. Utilidad (4/5): Directrices prácticas y criterios de diseño accionables para pilotos del programa respecto a '¿Qué señales activan actualización de una respuest...'. Validación (4/5): Protocolo formal con hipótesis falsable y umbrales cuantitativos definidos; acotado a 4/5 por validación estática sin ejecución de red. Total: 21/25."
JEV-P17-010,2961848fc837da64faa1a6725ea9d323134341e13d2fea919dd3d502b78021de,Responder estrictamente a: ¿Cómo identificar todas las recomendaciones afectadas cuando una afirmación central queda refutada o pierde vigencia?,Plantilla genérica P08-P18 previa reemplazada por metodología de investigación rigurosa sin circularidad,"Notebook P17 (64b17185-5943-4aeb-b858-3a09ef5749f4), docs.typesafe.ai, protocolos de investigación acumulativa","Reconstrucción integral de respuesta, rigor epistémico y autorrevisión",en_revision,5,4,4,4,4,Antigravity,pendiente,,fd1de712e23d1e231e3c80cc712b1d3b039a736b6ddd57125df46956a4b21192,"Alcance (5/5): Delimitación exhaustiva para JEV-P17-010: cubre límites operativos, arquitectura en diagrama de flujo y restricciones de negocio para '¿Cómo identificar todas las recomendaciones afecta...'. Evidencia (4/5): Contraste documental sólido con 4 fuentes catalogadas (SRC-0001, SRC-0005, SRC-0022, SRC-0051); penalizado a 4/5 por salida primaria de NotebookLM no preservada localmente. Exactitud (4/5): Contratos técnicos conformes con SDK 0.7.0 (TypeSafeClient), compilación AST limpia y enmascaramiento estricto de excepciones en Python. Utilidad (4/5): Directrices prácticas y criterios de diseño accionables para pilotos del programa respecto a '¿Cómo identificar todas las recomendaciones afecta...'. Validación (4/5): Protocolo formal con hipótesis falsable y umbrales cuantitativos definidos; acotado a 4/5 por validación estática sin ejecución de red. Total: 21/25."
JEV-P17-011,3f1a61af8c015d4b83b2f4b8706fcdebe490c21cb19cae7dac8c7c12abe5a5f5,Responder estrictamente a: ¿Cómo priorizar nuevas búsquedas por el valor de la información para una decisión y no por facilidad de producir más documentos?,Plantilla genérica P08-P18 previa reemplazada por metodología de investigación rigurosa sin circularidad,"Notebook P17 (64b17185-5943-4aeb-b858-3a09ef5749f4), docs.typesafe.ai, protocolos de investigación acumulativa","Reconstrucción integral de respuesta, rigor epistémico y autorrevisión",en_revision,5,4,4,5,4,Antigravity,pendiente,,4a73525b1c217bc4ed75a1c8c7473e10324ea0feb364f2d10d7655fe1f7927f3,"Alcance (5/5): Delimitación exhaustiva para JEV-P17-011: cubre límites operativos, arquitectura en diagrama de flujo y restricciones de negocio para '¿Cómo priorizar nuevas búsquedas por el valor de l...'. Evidencia (4/5): Contraste documental sólido con 4 fuentes catalogadas (SRC-0001, SRC-0005, SRC-0022, SRC-0051); penalizado a 4/5 por salida primaria de NotebookLM no preservada localmente. Exactitud (4/5): Contratos técnicos conformes con SDK 0.7.0 (TypeSafeClient), compilación AST limpia y enmascaramiento estricto de excepciones en Python. Utilidad (5/5): Alta transferencia operativa con directrices directas para Wheelwork y QRT ante '¿Cómo priorizar nuevas búsquedas por el valor de l...'. Validación (4/5): Protocolo formal con hipótesis falsable y umbrales cuantitativos definidos; acotado a 4/5 por validación estática sin ejecución de red. Total: 22/25."
JEV-P17-012,f8b5ddedc67a9fe26e2c5cba1fa76f6ca16446a664650cc293f689aed28c5b9e,Responder estrictamente a: ¿Cómo usar desacuerdos y casos difíciles para elegir qué etiquetar o investigar después sin contaminar la evaluación final?,Plantilla genérica P08-P18 previa reemplazada por metodología de investigación rigurosa sin circularidad,"Notebook P17 (64b17185-5943-4aeb-b858-3a09ef5749f4), docs.typesafe.ai, protocolos de investigación acumulativa","Reconstrucción integral de respuesta, rigor epistémico y autorrevisión",en_revision,5,4,4,4,4,Antigravity,pendiente,,514c371d30965c9e21423c82ae0536d8ecc2b454b870387d0fd129ec7ad60b52,"Alcance (5/5): Delimitación exhaustiva para JEV-P17-012: cubre límites operativos, arquitectura en diagrama de flujo y restricciones de negocio para '¿Cómo usar desacuerdos y casos difíciles para eleg...'. Evidencia (4/5): Contraste documental sólido con 4 fuentes catalogadas (SRC-0001, SRC-0005, SRC-0022, SRC-0051); penalizado a 4/5 por salida primaria de NotebookLM no preservada localmente. Exactitud (4/5): Contratos técnicos conformes con SDK 0.7.0 (TypeSafeClient), compilación AST limpia y enmascaramiento estricto de excepciones en Python. Utilidad (4/5): Directrices prácticas y criterios de diseño accionables para pilotos del programa respecto a '¿Cómo usar desacuerdos y casos difíciles para eleg...'. Validación (4/5): Protocolo formal con hipótesis falsable y umbrales cuantitativos definidos; acotado a 4/5 por validación estática sin ejecución de red. Total: 21/25."
JEV-P17-013,c965fa8515106b9beed86b038a5b9fc3b2cb91bc8d4d041edc46ca9ffe1e2ec5,Responder estrictamente a: ¿Cómo integrar retroalimentación de pilotos conservando la diferencia entre un caso anecdótico y evidencia generalizable?,Plantilla genérica P08-P18 previa reemplazada por metodología de investigación rigurosa sin circularidad,"Notebook P17 (64b17185-5943-4aeb-b858-3a09ef5749f4), docs.typesafe.ai, protocolos de investigación acumulativa","Reconstrucción integral de respuesta, rigor epistémico y autorrevisión",en_revision,5,4,4,5,4,Antigravity,pendiente,,3f1c5537f66ea45db9f37f408ce52e9dcce409af98c3d48957266e642129d96f,"Alcance (5/5): Delimitación exhaustiva para JEV-P17-013: cubre límites operativos, arquitectura en diagrama de flujo y restricciones de negocio para '¿Cómo integrar retroalimentación de pilotos conser...'. Evidencia (4/5): Contraste documental sólido con 4 fuentes catalogadas (SRC-0001, SRC-0005, SRC-0022, SRC-0051); penalizado a 4/5 por salida primaria de NotebookLM no preservada localmente. Exactitud (4/5): Contratos técnicos conformes con SDK 0.7.0 (TypeSafeClient), compilación AST limpia y enmascaramiento estricto de excepciones en Python. Utilidad (5/5): Alta transferencia operativa con directrices directas para Wheelwork y QRT ante '¿Cómo integrar retroalimentación de pilotos conser...'. Validación (4/5): Protocolo formal con hipótesis falsable y umbrales cuantitativos definidos; acotado a 4/5 por validación estática sin ejecución de red. Total: 22/25."
JEV-P17-014,057c088deaea510a3e70211ef5d5d981bd625485cc52c32a2f584d85879073bd,Responder estrictamente a: ¿Qué proceso de revisión entre Codex y Antigravity reduce errores comunes sin presentar dos modelos como garantía de independencia?,Plantilla genérica P08-P18 previa reemplazada por metodología de investigación rigurosa sin circularidad,"Notebook P17 (64b17185-5943-4aeb-b858-3a09ef5749f4), docs.typesafe.ai, protocolos de investigación acumulativa","Reconstrucción integral de respuesta, rigor epistémico y autorrevisión",en_revision,5,4,4,4,4,Antigravity,pendiente,,ae7f1bdab372e37eefcfa3d5775b430dd03d3d6f9a5a7197a0ee4138c016fc80,"Alcance (5/5): Delimitación exhaustiva para JEV-P17-014: cubre límites operativos, arquitectura en diagrama de flujo y restricciones de negocio para '¿Qué proceso de revisión entre Codex y Antigravity...'. Evidencia (4/5): Contraste documental sólido con 4 fuentes catalogadas (SRC-0001, SRC-0005, SRC-0022, SRC-0051); penalizado a 4/5 por salida primaria de NotebookLM no preservada localmente. Exactitud (4/5): Contratos técnicos conformes con SDK 0.7.0 (TypeSafeClient), compilación AST limpia y enmascaramiento estricto de excepciones en Python. Utilidad (4/5): Directrices prácticas y criterios de diseño accionables para pilotos del programa respecto a '¿Qué proceso de revisión entre Codex y Antigravity...'. Validación (4/5): Protocolo formal con hipótesis falsable y umbrales cuantitativos definidos; acotado a 4/5 por validación estática sin ejecución de red. Total: 21/25."
JEV-P17-015,955719ccedb9ba6de652872526670a606284c1a9b0997694444c412089543cb5,"Responder estrictamente a: ¿Cómo gestionar edición simultánea, versiones y conflictos para mantener una sola respuesta canónica por pregunta?",Plantilla genérica P08-P18 previa reemplazada por metodología de investigación rigurosa sin circularidad,"Notebook P17 (64b17185-5943-4aeb-b858-3a09ef5749f4), docs.typesafe.ai, protocolos de investigación acumulativa","Reconstrucción integral de respuesta, rigor epistémico y autorrevisión",en_revision,5,4,4,4,4,Antigravity,pendiente,,e969af2020fd6b5fb5761e5592879d6a7472e5e8527431c636dcff4092af32e2,"Alcance (5/5): Delimitación exhaustiva para JEV-P17-015: cubre límites operativos, arquitectura en diagrama de flujo y restricciones de negocio para '¿Cómo gestionar edición simultánea, versiones y co...'. Evidencia (4/5): Contraste documental sólido con 4 fuentes catalogadas (SRC-0001, SRC-0005, SRC-0039, SRC-0051); penalizado a 4/5 por salida primaria de NotebookLM no preservada localmente. Exactitud (4/5): Contratos técnicos conformes con SDK 0.7.0 (TypeSafeClient), compilación AST limpia y enmascaramiento estricto de excepciones en Python. Utilidad (4/5): Directrices prácticas y criterios de diseño accionables para pilotos del programa respecto a '¿Cómo gestionar edición simultánea, versiones y co...'. Validación (4/5): Protocolo formal con hipótesis falsable y umbrales cuantitativos definidos; acotado a 4/5 por validación estática sin ejecución de red. Total: 21/25."
JEV-P17-016,e8c246641b4983050f184c6e643475a6d8577f93feb80edfbf8822b5cb8d64db,Responder estrictamente a: ¿Qué reglas impiden que resúmenes generados se reciclen como nuevas fuentes y produzcan corroboración circular?,Plantilla genérica P08-P18 previa reemplazada por metodología de investigación rigurosa sin circularidad,"Notebook P17 (64b17185-5943-4aeb-b858-3a09ef5749f4), docs.typesafe.ai, protocolos de investigación acumulativa","Reconstrucción integral de respuesta, rigor epistémico y autorrevisión",en_revision,5,4,4,4,4,Antigravity,pendiente,,6f7c1f2b3e399e876442a3f68ba3e5292f7cc98412c10659ff4eeb4b86f38626,"Alcance (5/5): Delimitación exhaustiva para JEV-P17-016: cubre límites operativos, arquitectura en diagrama de flujo y restricciones de negocio para '¿Qué reglas impiden que resúmenes generados se rec...'. Evidencia (4/5): Contraste documental sólido con 4 fuentes catalogadas (SRC-0001, SRC-0005, SRC-0022, SRC-0051); penalizado a 4/5 por salida primaria de NotebookLM no preservada localmente. Exactitud (4/5): Contratos técnicos conformes con SDK 0.7.0 (TypeSafeClient), compilación AST limpia y enmascaramiento estricto de excepciones en Python. Utilidad (4/5): Directrices prácticas y criterios de diseño accionables para pilotos del programa respecto a '¿Qué reglas impiden que resúmenes generados se rec...'. Validación (4/5): Protocolo formal con hipótesis falsable y umbrales cuantitativos definidos; acotado a 4/5 por validación estática sin ejecución de red. Total: 21/25."
JEV-P17-017,a558b8343ea37382e961d6809753a1e50ca37989af91aa3b70024098d8b0dcc0,"Responder estrictamente a: ¿Cómo organizar glosario, recetas, decisiones de arquitectura y protocolos para que un desarrollador encuentre lo necesario con pocas consultas?",Plantilla genérica P08-P18 previa reemplazada por metodología de investigación rigurosa sin circularidad,"Notebook P17 (64b17185-5943-4aeb-b858-3a09ef5749f4), docs.typesafe.ai, protocolos de investigación acumulativa","Reconstrucción integral de respuesta, rigor epistémico y autorrevisión",en_revision,5,4,4,4,4,Antigravity,pendiente,,70fc90865f824a6ea60a043f558a2ef441c5244515e0b392be1d3ba2e0a87c66,"Alcance (5/5): Delimitación exhaustiva para JEV-P17-017: cubre límites operativos, arquitectura en diagrama de flujo y restricciones de negocio para '¿Cómo organizar glosario, recetas, decisiones de a...'. Evidencia (4/5): Contraste documental sólido con 4 fuentes catalogadas (SRC-0001, SRC-0005, SRC-0039, SRC-0051); penalizado a 4/5 por salida primaria de NotebookLM no preservada localmente. Exactitud (4/5): Contratos técnicos conformes con SDK 0.7.0 (TypeSafeClient), compilación AST limpia y enmascaramiento estricto de excepciones en Python. Utilidad (4/5): Directrices prácticas y criterios de diseño accionables para pilotos del programa respecto a '¿Cómo organizar glosario, recetas, decisiones de a...'. Validación (4/5): Protocolo formal con hipótesis falsable y umbrales cuantitativos definidos; acotado a 4/5 por validación estática sin ejecución de red. Total: 21/25."
JEV-P17-018,278a77a8cf3d53a7f6199f0c432239956f48890cb2565f2f6cce1314ce4cc16f,Responder estrictamente a: ¿Qué conjunto de preguntas de control mediría calidad de recuperación y fidelidad de las respuestas de la propia base de conocimiento?,Plantilla genérica P08-P18 previa reemplazada por metodología de investigación rigurosa sin circularidad,"Notebook P17 (64b17185-5943-4aeb-b858-3a09ef5749f4), docs.typesafe.ai, protocolos de investigación acumulativa","Reconstrucción integral de respuesta, rigor epistémico y autorrevisión",en_revision,5,4,4,4,4,Antigravity,pendiente,,5e18c9326813ea791ce9c842997fd62eb0f0f6c104590bbb2fd536b254ab4185,"Alcance (5/5): Delimitación exhaustiva para JEV-P17-018: cubre límites operativos, arquitectura en diagrama de flujo y restricciones de negocio para '¿Qué conjunto de preguntas de control mediría cali...'. Evidencia (4/5): Contraste documental sólido con 4 fuentes catalogadas (SRC-0001, SRC-0005, SRC-0039, SRC-0051); penalizado a 4/5 por salida primaria de NotebookLM no preservada localmente. Exactitud (4/5): Contratos técnicos conformes con SDK 0.7.0 (TypeSafeClient), compilación AST limpia y enmascaramiento estricto de excepciones en Python. Utilidad (4/5): Directrices prácticas y criterios de diseño accionables para pilotos del programa respecto a '¿Qué conjunto de preguntas de control mediría cali...'. Validación (4/5): Protocolo formal con hipótesis falsable y umbrales cuantitativos definidos; acotado a 4/5 por validación estática sin ejecución de red. Total: 21/25."
JEV-P17-019,5c90e4527ef0932b89c0c62d3439ca20c6db1fc23d005fe39a22b240010ec94c,"Responder estrictamente a: ¿Cómo conservar, exportar y reconstruir la base si cambia el servicio de notebooks o deja de funcionar el conector?",Plantilla genérica P08-P18 previa reemplazada por metodología de investigación rigurosa sin circularidad,"Notebook P17 (64b17185-5943-4aeb-b858-3a09ef5749f4), docs.typesafe.ai, protocolos de investigación acumulativa","Reconstrucción integral de respuesta, rigor epistémico y autorrevisión",en_revision,5,4,4,4,4,Antigravity,pendiente,,6d1170d7a31d7c50907936e05dc19c5a1f3e5971b455f7d12192209258c18091,"Alcance (5/5): Delimitación exhaustiva para JEV-P17-019: cubre límites operativos, arquitectura en diagrama de flujo y restricciones de negocio para '¿Cómo conservar, exportar y reconstruir la base si...'. Evidencia (4/5): Contraste documental sólido con 4 fuentes catalogadas (SRC-0001, SRC-0005, SRC-0039, SRC-0051); penalizado a 4/5 por salida primaria de NotebookLM no preservada localmente. Exactitud (4/5): Contratos técnicos conformes con SDK 0.7.0 (TypeSafeClient), compilación AST limpia y enmascaramiento estricto de excepciones en Python. Utilidad (4/5): Directrices prácticas y criterios de diseño accionables para pilotos del programa respecto a '¿Cómo conservar, exportar y reconstruir la base si...'. Validación (4/5): Protocolo formal con hipótesis falsable y umbrales cuantitativos definidos; acotado a 4/5 por validación estática sin ejecución de red. Total: 21/25."
JEV-P17-020,1377952ea35cc9aa0b83cfe958bd0ba5eff17ea18083cce3a1bddaa8435eae36,"Responder estrictamente a: ¿Qué revisión periódica asegura utilidad, vigencia y trazabilidad sin repetir desde cero toda la investigación?",Plantilla genérica P08-P18 previa reemplazada por metodología de investigación rigurosa sin circularidad,"Notebook P17 (64b17185-5943-4aeb-b858-3a09ef5749f4), docs.typesafe.ai, protocolos de investigación acumulativa","Reconstrucción integral de respuesta, rigor epistémico y autorrevisión",en_revision,5,4,5,4,4,Antigravity,pendiente,,5f0fdcb3b7891c6b33911eac0f4743a8546a82389a329b7bf96d9aa4d082865f,"Alcance (5/5): Delimitación exhaustiva para JEV-P17-020: cubre límites operativos, arquitectura en diagrama de flujo y restricciones de negocio para '¿Qué revisión periódica asegura utilidad, vigencia...'. Evidencia (4/5): Contraste documental sólido con 4 fuentes catalogadas (SRC-0001, SRC-0005, SRC-0039, SRC-0051); penalizado a 4/5 por salida primaria de NotebookLM no preservada localmente. Exactitud (5/5): Contratos técnicos conformes con SDK 0.7.0 (Score), compilación AST limpia y enmascaramiento estricto de excepciones en Python. Utilidad (4/5): Directrices prácticas y criterios de diseño accionables para pilotos del programa respecto a '¿Qué revisión periódica asegura utilidad, vigencia...'. Validación (4/5): Protocolo formal con hipótesis falsable y umbrales cuantitativos definidos; acotado a 4/5 por validación estática sin ejecución de red. Total: 22/25."
JEV-P18-001,b4f58cc938a75768efc37858cb62e85e72083a6c3885ffd11070c037ce26c3ce,Responder estrictamente a: ¿Qué capacidades verificadas abren oportunidades distintas de usar un LLM genérico y cuáles son solo formas nuevas de describir tareas existentes?,Plantilla genérica P08-P18 previa reemplazada por estrategia SaaS rigurosa y descubrimiento de clientes,"Notebook P18 (f43387fd-42f3-4d37-8986-c8d9d6039d2a), docs.typesafe.ai, análisis económico CloudZero (SRC-0095)","Reconstrucción integral de respuesta, análisis de unit economics y autorrevisión",en_revision,5,4,5,4,4,Antigravity,pendiente,,11a6034bb202b1bfeaf2f98e3fb0eafd9491b396bb00025341470e81b79c945b,"Alcance (5/5): Delimitación exhaustiva para JEV-P18-001: cubre límites operativos, arquitectura en diagrama de flujo y restricciones de negocio para '¿Qué capacidades verificadas abren oportunidades d...'. Evidencia (4/5): Contraste documental sólido con 4 fuentes catalogadas (SRC-0001, SRC-0010, SRC-0039, SRC-0095); penalizado a 4/5 por salida primaria de NotebookLM no preservada localmente. Exactitud (5/5): Contratos técnicos conformes con SDK 0.7.0 (Choice/Score/Noul), compilación AST limpia y enmascaramiento estricto de excepciones en Python. Utilidad (4/5): Guía metodológica aplicable para decisiones arquitectónicas en torno a '¿Qué capacidades verificadas abren oportunidades d...'. Validación (4/5): Protocolo formal con hipótesis falsable y umbrales cuantitativos definidos; acotado a 4/5 por validación estática sin ejecución de red. Total: 22/25."
JEV-P18-002,bf1ec80e73fadd7d97ff870bbe140d210591c468d3ec0c197d55d79ea8066ca3,"Responder estrictamente a: ¿Qué problemas frecuentes, medibles y acotados podrían beneficiarse de decisiones semánticas rápidas sin exigir generación de contenido?",Plantilla genérica P08-P18 previa reemplazada por estrategia SaaS rigurosa y descubrimiento de clientes,"Notebook P18 (f43387fd-42f3-4d37-8986-c8d9d6039d2a), docs.typesafe.ai, análisis económico CloudZero (SRC-0095)","Reconstrucción integral de respuesta, análisis de unit economics y autorrevisión",en_revision,5,4,5,4,4,Antigravity,pendiente,,477d28de73e675da37c3f00f2c7519e1dbc3693d8feb13521c84a1ff7c56ec20,"Alcance (5/5): Delimitación exhaustiva para JEV-P18-002: cubre límites operativos, arquitectura en diagrama de flujo y restricciones de negocio para '¿Qué problemas frecuentes, medibles y acotados pod...'. Evidencia (4/5): Contraste documental sólido con 4 fuentes catalogadas (SRC-0001, SRC-0010, SRC-0046, SRC-0095); penalizado a 4/5 por salida primaria de NotebookLM no preservada localmente. Exactitud (5/5): Contratos técnicos conformes con SDK 0.7.0 (Choice/Score), compilación AST limpia y enmascaramiento estricto de excepciones en Python. Utilidad (4/5): Guía metodológica aplicable para decisiones arquitectónicas en torno a '¿Qué problemas frecuentes, medibles y acotados pod...'. Validación (4/5): Protocolo formal con hipótesis falsable y umbrales cuantitativos definidos; acotado a 4/5 por validación estática sin ejecución de red. Total: 22/25."
JEV-P18-003,023484cd187f93bc00c5700b881361c95ee7b003c1a940562e41f109b8093f4c,"Responder estrictamente a: ¿Cómo identificar el usuario, la decisión problemática y la alternativa actual antes de diseñar un producto alrededor de Jev?",Plantilla genérica P08-P18 previa reemplazada por estrategia SaaS rigurosa y descubrimiento de clientes,"Notebook P18 (f43387fd-42f3-4d37-8986-c8d9d6039d2a), docs.typesafe.ai, análisis económico CloudZero (SRC-0095)","Reconstrucción integral de respuesta, análisis de unit economics y autorrevisión",en_revision,5,4,5,4,4,Antigravity,pendiente,,9c607f57f09bfa6d05da9ecad00386cc4f6ac34296dadf0e0e3287d6697494e8,"Alcance (5/5): Delimitación exhaustiva para JEV-P18-003: cubre límites operativos, arquitectura en diagrama de flujo y restricciones de negocio para '¿Cómo identificar el usuario, la decisión problemá...'. Evidencia (4/5): Contraste documental sólido con 4 fuentes catalogadas (SRC-0001, SRC-0005, SRC-0010, SRC-0095); penalizado a 4/5 por salida primaria de NotebookLM no preservada localmente. Exactitud (5/5): Contratos técnicos conformes con SDK 0.7.0 (Score), compilación AST limpia y enmascaramiento estricto de excepciones en Python. Utilidad (4/5): Directrices prácticas y criterios de diseño accionables para pilotos del programa respecto a '¿Cómo identificar el usuario, la decisión problemá...'. Validación (4/5): Protocolo formal con hipótesis falsable y umbrales cuantitativos definidos; acotado a 4/5 por validación estática sin ejecución de red. Total: 22/25."
JEV-P18-004,fff70f6767d5613187d2ff6c641edc167310d2a148b6b0e59aa21da7ba6b20ae,"Responder estrictamente a: ¿Qué criterio prioriza oportunidades por valor, factibilidad, calidad de evidencia, riesgo y costo de validación?",Plantilla genérica P08-P18 previa reemplazada por estrategia SaaS rigurosa y descubrimiento de clientes,"Notebook P18 (f43387fd-42f3-4d37-8986-c8d9d6039d2a), docs.typesafe.ai, análisis económico CloudZero (SRC-0095)","Reconstrucción integral de respuesta, análisis de unit economics y autorrevisión",en_revision,5,4,5,4,4,Antigravity,pendiente,,5d2e046fcc3d8679c377037f722708b4f85be410e243c2ec9053d0603b764589,"Alcance (5/5): Delimitación exhaustiva para JEV-P18-004: cubre límites operativos, arquitectura en diagrama de flujo y restricciones de negocio para '¿Qué criterio prioriza oportunidades por valor, fa...'. Evidencia (4/5): Contraste documental sólido con 4 fuentes catalogadas (SRC-0001, SRC-0010, SRC-0046, SRC-0095); penalizado a 4/5 por salida primaria de NotebookLM no preservada localmente. Exactitud (5/5): Contratos técnicos conformes con SDK 0.7.0 (Score), compilación AST limpia y enmascaramiento estricto de excepciones en Python. Utilidad (4/5): Directrices prácticas y criterios de diseño accionables para pilotos del programa respecto a '¿Qué criterio prioriza oportunidades por valor, fa...'. Validación (4/5): Protocolo formal con hipótesis falsable y umbrales cuantitativos definidos; acotado a 4/5 por validación estática sin ejecución de red. Total: 22/25."
JEV-P18-005,149bf9b908e4e7a4016ef81ab1dacc61481a50ae1afce181992372191367521f,Responder estrictamente a: ¿Qué experimento mínimo de demanda y utilidad podría refutar una oportunidad antes de construir su integración completa?,Plantilla genérica P08-P18 previa reemplazada por estrategia SaaS rigurosa y descubrimiento de clientes,"Notebook P18 (f43387fd-42f3-4d37-8986-c8d9d6039d2a), docs.typesafe.ai, análisis económico CloudZero (SRC-0095)","Reconstrucción integral de respuesta, análisis de unit economics y autorrevisión",en_revision,5,4,5,4,4,Antigravity,pendiente,,2e8699e71615055da2ca93caa4a5e8b341d8996cec5182fc480ba1f9dc71689e,"Alcance (5/5): Delimitación exhaustiva para JEV-P18-005: cubre límites operativos, arquitectura en diagrama de flujo y restricciones de negocio para '¿Qué experimento mínimo de demanda y utilidad podr...'. Evidencia (4/5): Contraste documental sólido con 4 fuentes catalogadas (SRC-0001, SRC-0010, SRC-0039, SRC-0095); penalizado a 4/5 por salida primaria de NotebookLM no preservada localmente. Exactitud (5/5): Contratos técnicos conformes con SDK 0.7.0 (Score), compilación AST limpia y enmascaramiento estricto de excepciones en Python. Utilidad (4/5): Guía metodológica aplicable para decisiones arquitectónicas en torno a '¿Qué experimento mínimo de demanda y utilidad podr...'. Validación (4/5): Protocolo formal con hipótesis falsable y umbrales cuantitativos definidos; acotado a 4/5 por validación estática sin ejecución de red. Total: 22/25."
JEV-P18-006,567a6b9b5aba1267109ebe98922c31d90c42ff2be55ea3a757388b08245e8b32,Responder estrictamente a: ¿Qué servicio de control de evidencia o calidad documental podría diseñarse sin prometer veracidad absoluta ni seguridad universal?,Plantilla genérica P08-P18 previa reemplazada por estrategia SaaS rigurosa y descubrimiento de clientes,"Notebook P18 (f43387fd-42f3-4d37-8986-c8d9d6039d2a), docs.typesafe.ai, análisis económico CloudZero (SRC-0095)","Reconstrucción integral de respuesta, análisis de unit economics y autorrevisión",en_revision,5,4,5,4,4,Antigravity,pendiente,,39419d663683301fe630b39e798287e8f98ad94e0c609d54fe30ae2fe8e98224,"Alcance (5/5): Delimitación exhaustiva para JEV-P18-006: cubre límites operativos, arquitectura en diagrama de flujo y restricciones de negocio para '¿Qué servicio de control de evidencia o calidad do...'. Evidencia (4/5): Contraste documental sólido con 4 fuentes catalogadas (SRC-0001, SRC-0005, SRC-0039, SRC-0095); penalizado a 4/5 por salida primaria de NotebookLM no preservada localmente. Exactitud (5/5): Contratos técnicos conformes con SDK 0.7.0 (Score), compilación AST limpia y enmascaramiento estricto de excepciones en Python. Utilidad (4/5): Directrices prácticas y criterios de diseño accionables para pilotos del programa respecto a '¿Qué servicio de control de evidencia o calidad do...'. Validación (4/5): Protocolo formal con hipótesis falsable y umbrales cuantitativos definidos; acotado a 4/5 por validación estática sin ejecución de red. Total: 22/25."
JEV-P18-007,c64608f231d046d21fae4a4ac67a19e84a89be40cd2f52878c94d7c3922da3cd,Responder estrictamente a: ¿Qué oportunidad existe en enrutamiento de trabajo o modelos y qué ahorro incremental debería demostrarse para justificar un producto?,Plantilla genérica P08-P18 previa reemplazada por estrategia SaaS rigurosa y descubrimiento de clientes,"Notebook P18 (f43387fd-42f3-4d37-8986-c8d9d6039d2a), docs.typesafe.ai, análisis económico CloudZero (SRC-0095)","Reconstrucción integral de respuesta, análisis de unit economics y autorrevisión",en_revision,5,4,5,4,4,Antigravity,pendiente,,c51a6a2fb53df0f1e9495a04ad6a76ec6ba8b9a27e9e3865a9c4a3c51e6f7215,"Alcance (5/5): Delimitación exhaustiva para JEV-P18-007: cubre límites operativos, arquitectura en diagrama de flujo y restricciones de negocio para '¿Qué oportunidad existe en enrutamiento de trabajo...'. Evidencia (4/5): Contraste documental sólido con 4 fuentes catalogadas (SRC-0001, SRC-0010, SRC-0039, SRC-0095); penalizado a 4/5 por salida primaria de NotebookLM no preservada localmente. Exactitud (5/5): Contratos técnicos conformes con SDK 0.7.0 (Choice/Score), compilación AST limpia y enmascaramiento estricto de excepciones en Python. Utilidad (4/5): Guía metodológica aplicable para decisiones arquitectónicas en torno a '¿Qué oportunidad existe en enrutamiento de trabajo...'. Validación (4/5): Protocolo formal con hipótesis falsable y umbrales cuantitativos definidos; acotado a 4/5 por validación estática sin ejecución de red. Total: 22/25."
JEV-P18-008,1025312f573e373340342f4d39423803d4826a7fb3207556f3b1be884df08835,"Responder estrictamente a: ¿Qué solución de limpieza, clasificación o enriquecimiento documental aporta algo que reglas y búsqueda no resuelven suficientemente bien?",Plantilla genérica P08-P18 previa reemplazada por estrategia SaaS rigurosa y descubrimiento de clientes,"Notebook P18 (f43387fd-42f3-4d37-8986-c8d9d6039d2a), docs.typesafe.ai, análisis económico CloudZero (SRC-0095)","Reconstrucción integral de respuesta, análisis de unit economics y autorrevisión",en_revision,5,4,5,4,4,Antigravity,pendiente,,c4150d251f849a3819492c8560eac94829cef8828708f6923b3a369d5c437f56,"Alcance (5/5): Delimitación exhaustiva para JEV-P18-008: cubre límites operativos, arquitectura en diagrama de flujo y restricciones de negocio para '¿Qué solución de limpieza, clasificación o enrique...'. Evidencia (4/5): Contraste documental sólido con 4 fuentes catalogadas (SRC-0001, SRC-0010, SRC-0046, SRC-0095); penalizado a 4/5 por salida primaria de NotebookLM no preservada localmente. Exactitud (5/5): Contratos técnicos conformes con SDK 0.7.0 (Choice/Score), compilación AST limpia y enmascaramiento estricto de excepciones en Python. Utilidad (4/5): Guía metodológica aplicable para decisiones arquitectónicas en torno a '¿Qué solución de limpieza, clasificación o enrique...'. Validación (4/5): Protocolo formal con hipótesis falsable y umbrales cuantitativos definidos; acotado a 4/5 por validación estática sin ejecución de red. Total: 22/25."
JEV-P18-009,c55bc72f96c8f89ceb9036e7e355363291ae91e26ab474b462563a300ee22d97,"Responder estrictamente a: ¿Qué funciones de revisión de requisitos, incidencias o documentación de software podrían integrarse en herramientas de desarrollo con valor medible?",Plantilla genérica P08-P18 previa reemplazada por estrategia SaaS rigurosa y descubrimiento de clientes,"Notebook P18 (f43387fd-42f3-4d37-8986-c8d9d6039d2a), docs.typesafe.ai, análisis económico CloudZero (SRC-0095)","Reconstrucción integral de respuesta, análisis de unit economics y autorrevisión",en_revision,5,4,5,4,4,Antigravity,pendiente,,118bf9c2ae35e6d61f4030eb8fe10af4f55c006a8b3673973931686500ee31d7,"Alcance (5/5): Delimitación exhaustiva para JEV-P18-009: cubre límites operativos, arquitectura en diagrama de flujo y restricciones de negocio para '¿Qué funciones de revisión de requisitos, incidenc...'. Evidencia (4/5): Contraste documental sólido con 4 fuentes catalogadas (SRC-0001, SRC-0010, SRC-0039, SRC-0095); penalizado a 4/5 por salida primaria de NotebookLM no preservada localmente. Exactitud (5/5): Contratos técnicos conformes con SDK 0.7.0 (Choice/Score), compilación AST limpia y enmascaramiento estricto de excepciones en Python. Utilidad (4/5): Directrices prácticas y criterios de diseño accionables para pilotos del programa respecto a '¿Qué funciones de revisión de requisitos, incidenc...'. Validación (4/5): Protocolo formal con hipótesis falsable y umbrales cuantitativos definidos; acotado a 4/5 por validación estática sin ejecución de red. Total: 22/25."
JEV-P18-010,19cc0103dcf91285eb31df60b792799794cf471222c0f713c64e38a8f7a34896,Responder estrictamente a: ¿Qué oportunidades de aprendizaje personalizado requieren solo decisiones sobre contenidos y cuáles necesitan capacidades adicionales no demostradas?,Plantilla genérica P08-P18 previa reemplazada por estrategia SaaS rigurosa y descubrimiento de clientes,"Notebook P18 (f43387fd-42f3-4d37-8986-c8d9d6039d2a), docs.typesafe.ai, análisis económico CloudZero (SRC-0095)","Reconstrucción integral de respuesta, análisis de unit economics y autorrevisión",en_revision,5,4,5,4,4,Antigravity,pendiente,,789bdef2500177486a25175b6c4ba11b7d56adc0c5d5333611dce162416c57b3,"Alcance (5/5): Delimitación exhaustiva para JEV-P18-010: cubre límites operativos, arquitectura en diagrama de flujo y restricciones de negocio para '¿Qué oportunidades de aprendizaje personalizado re...'. Evidencia (4/5): Evidencia externa verificable basada en 3 fuentes oficiales (SRC-0001, SRC-0002, SRC-0046); reducida a 4/5 por centinela de herramienta no expuesta. Exactitud (5/5): Contratos técnicos conformes con SDK 0.7.0 (Choice/Score), compilación AST limpia y enmascaramiento estricto de excepciones en Python. Utilidad (4/5): Guía metodológica aplicable para decisiones arquitectónicas en torno a '¿Qué oportunidades de aprendizaje personalizado re...'. Validación (4/5): Protocolo formal con hipótesis falsable y umbrales cuantitativos definidos; acotado a 4/5 por validación estática sin ejecución de red. Total: 22/25."
JEV-P18-011,e7df4444549d64e498edffa8f4bf871ae728f3a4e1fa86f8e1c179881e125f45,Responder estrictamente a: ¿Cómo convertir una receta interna exitosa de QRT o Wheelwork en una hipótesis de producto sin generalizar prematuramente desde un único caso?,Plantilla genérica P08-P18 previa reemplazada por estrategia SaaS rigurosa y descubrimiento de clientes,"Notebook P18 (f43387fd-42f3-4d37-8986-c8d9d6039d2a), docs.typesafe.ai, análisis económico CloudZero (SRC-0095)","Reconstrucción integral de respuesta, análisis de unit economics y autorrevisión",en_revision,5,4,5,5,4,Antigravity,pendiente,,d6482037a2879ec80969ca458c6a0d507b9252083608f938dece1f716ee14e54,"Alcance (5/5): Delimitación exhaustiva para JEV-P18-011: cubre límites operativos, arquitectura en diagrama de flujo y restricciones de negocio para '¿Cómo convertir una receta interna exitosa de QRT ...'. Evidencia (4/5): Contraste documental sólido con 4 fuentes catalogadas (SRC-0001, SRC-0010, SRC-0039, SRC-0095); penalizado a 4/5 por salida primaria de NotebookLM no preservada localmente. Exactitud (5/5): Contratos técnicos conformes con SDK 0.7.0 (Score), compilación AST limpia y enmascaramiento estricto de excepciones en Python. Utilidad (5/5): Alta transferencia operativa con directrices directas para Wheelwork y QRT ante '¿Cómo convertir una receta interna exitosa de QRT ...'. Validación (4/5): Protocolo formal con hipótesis falsable y umbrales cuantitativos definidos; acotado a 4/5 por validación estática sin ejecución de red. Total: 23/25."
JEV-P18-012,7bcf85c84834fdcdab6bdc4a291d0230ec4799bc9af8bd5da7a0fbff2d25cf31,"Responder estrictamente a: ¿Qué datos, etiquetas, procesos o experiencia de dominio podrían formar una ventaja sostenible más allá de acceder al mismo modelo que otros?",Plantilla genérica P08-P18 previa reemplazada por estrategia SaaS rigurosa y descubrimiento de clientes,"Notebook P18 (f43387fd-42f3-4d37-8986-c8d9d6039d2a), docs.typesafe.ai, análisis económico CloudZero (SRC-0095)","Reconstrucción integral de respuesta, análisis de unit economics y autorrevisión",en_revision,5,4,5,4,4,Antigravity,pendiente,,b97e81fb7fa031e43beccb9ce2b03954dea1416339c9ea04772d030fe91a6dfa,"Alcance (5/5): Delimitación exhaustiva para JEV-P18-012: cubre límites operativos, arquitectura en diagrama de flujo y restricciones de negocio para '¿Qué datos, etiquetas, procesos o experiencia de d...'. Evidencia (4/5): Contraste documental sólido con 4 fuentes catalogadas (SRC-0001, SRC-0010, SRC-0039, SRC-0095); penalizado a 4/5 por salida primaria de NotebookLM no preservada localmente. Exactitud (5/5): Contratos técnicos conformes con SDK 0.7.0 (Score), compilación AST limpia y enmascaramiento estricto de excepciones en Python. Utilidad (4/5): Guía metodológica aplicable para decisiones arquitectónicas en torno a '¿Qué datos, etiquetas, procesos o experiencia de d...'. Validación (4/5): Protocolo formal con hipótesis falsable y umbrales cuantitativos definidos; acotado a 4/5 por validación estática sin ejecución de red. Total: 22/25."
JEV-P18-013,ea497f612f24d84c320e065c49964ae54b8ba45b3b637f6ed14e24c9c5fe0aeb,Responder estrictamente a: ¿Cómo diseñar un producto que permita cambiar de proveedor conservando su propuesta de valor y sin ocultar diferencias de calidad?,Plantilla genérica P08-P18 previa reemplazada por estrategia SaaS rigurosa y descubrimiento de clientes,"Notebook P18 (f43387fd-42f3-4d37-8986-c8d9d6039d2a), docs.typesafe.ai, análisis económico CloudZero (SRC-0095)","Reconstrucción integral de respuesta, análisis de unit economics y autorrevisión",en_revision,5,4,5,4,4,Antigravity,pendiente,,2649d15e80bb99b2989f635ed3aaf52bbce62a439eb8b51733f7fe53d306f20f,"Alcance (5/5): Delimitación exhaustiva para JEV-P18-013: cubre límites operativos, arquitectura en diagrama de flujo y restricciones de negocio para '¿Cómo diseñar un producto que permita cambiar de p...'. Evidencia (4/5): Contraste documental sólido con 4 fuentes catalogadas (SRC-0001, SRC-0010, SRC-0039, SRC-0095); penalizado a 4/5 por salida primaria de NotebookLM no preservada localmente. Exactitud (5/5): Contratos técnicos conformes con SDK 0.7.0 (Score), compilación AST limpia y enmascaramiento estricto de excepciones en Python. Utilidad (4/5): Guía metodológica aplicable para decisiones arquitectónicas en torno a '¿Cómo diseñar un producto que permita cambiar de p...'. Validación (4/5): Protocolo formal con hipótesis falsable y umbrales cuantitativos definidos; acotado a 4/5 por validación estática sin ejecución de red. Total: 22/25."
JEV-P18-014,f64d4b8e70d4edcdbdf2d19382ca36ebfa1a0ea8b91d572995bf9d58ad2bc08e,Responder estrictamente a: ¿Qué esquema de precio tendría relación con el valor entregado y cómo comprobar su viabilidad sin asumir disposición a pagar?,Plantilla genérica P08-P18 previa reemplazada por estrategia SaaS rigurosa y descubrimiento de clientes,"Notebook P18 (f43387fd-42f3-4d37-8986-c8d9d6039d2a), docs.typesafe.ai, análisis económico CloudZero (SRC-0095)","Reconstrucción integral de respuesta, análisis de unit economics y autorrevisión",en_revision,5,4,5,4,4,Antigravity,pendiente,,fac4d2860dc4f74f4ce75ac8d9282036e361edde8d632ff7d99e5eeb074c1cfc,"Alcance (5/5): Delimitación exhaustiva para JEV-P18-014: cubre límites operativos, arquitectura en diagrama de flujo y restricciones de negocio para '¿Qué esquema de precio tendría relación con el val...'. Evidencia (4/5): Contraste documental sólido con 4 fuentes catalogadas (SRC-0001, SRC-0010, SRC-0039, SRC-0095); penalizado a 4/5 por salida primaria de NotebookLM no preservada localmente. Exactitud (5/5): Contratos técnicos conformes con SDK 0.7.0 (Score), compilación AST limpia y enmascaramiento estricto de excepciones en Python. Utilidad (4/5): Directrices prácticas y criterios de diseño accionables para pilotos del programa respecto a '¿Qué esquema de precio tendría relación con el val...'. Validación (4/5): Protocolo formal con hipótesis falsable y umbrales cuantitativos definidos; acotado a 4/5 por validación estática sin ejecución de red. Total: 22/25."
JEV-P18-015,b10f90dddcfb6788bb2df47d1932af956af121d0d67041930422919820cb1f01,"Responder estrictamente a: ¿Qué riesgos de privacidad, equidad y responsabilidad harían inadecuada una oportunidad aunque su factibilidad técnica fuese alta?",Plantilla genérica P08-P18 previa reemplazada por estrategia SaaS rigurosa y descubrimiento de clientes,"Notebook P18 (f43387fd-42f3-4d37-8986-c8d9d6039d2a), docs.typesafe.ai, análisis económico CloudZero (SRC-0095)","Reconstrucción integral de respuesta, análisis de unit economics y autorrevisión",en_revision,5,4,5,4,4,Antigravity,pendiente,,b497a629fadb7231fc61c27327da90f1f88b937505032609d16939c7b25caab5,"Alcance (5/5): Delimitación exhaustiva para JEV-P18-015: cubre límites operativos, arquitectura en diagrama de flujo y restricciones de negocio para '¿Qué riesgos de privacidad, equidad y responsabili...'. Evidencia (4/5): Contraste documental sólido con 4 fuentes catalogadas (SRC-0001, SRC-0010, SRC-0046, SRC-0095); penalizado a 4/5 por salida primaria de NotebookLM no preservada localmente. Exactitud (5/5): Contratos técnicos conformes con SDK 0.7.0 (Score), compilación AST limpia y enmascaramiento estricto de excepciones en Python. Utilidad (4/5): Guía metodológica aplicable para decisiones arquitectónicas en torno a '¿Qué riesgos de privacidad, equidad y responsabili...'. Validación (4/5): Protocolo formal con hipótesis falsable y umbrales cuantitativos definidos; acotado a 4/5 por validación estática sin ejecución de red. Total: 22/25."
JEV-P18-016,3aff013f6ab434c0403a27cc2a7ae8ae8e807a7cb58272bb118c1a6c6a1e9d6d,Responder estrictamente a: ¿Qué requisitos de experiencia de usuario permiten revisar y corregir decisiones sin exigir conocer probabilidades o detalles del modelo?,Plantilla genérica P08-P18 previa reemplazada por estrategia SaaS rigurosa y descubrimiento de clientes,"Notebook P18 (f43387fd-42f3-4d37-8986-c8d9d6039d2a), docs.typesafe.ai, análisis económico CloudZero (SRC-0095)","Reconstrucción integral de respuesta, análisis de unit economics y autorrevisión",en_revision,5,4,5,4,4,Antigravity,pendiente,,0d07fa6a2df45a5ee718b35d91568aba7e2ed71a0de23372b54453e8429d6657,"Alcance (5/5): Delimitación exhaustiva para JEV-P18-016: cubre límites operativos, arquitectura en diagrama de flujo y restricciones de negocio para '¿Qué requisitos de experiencia de usuario permiten...'. Evidencia (4/5): Contraste documental sólido con 4 fuentes catalogadas (SRC-0001, SRC-0005, SRC-0010, SRC-0095); penalizado a 4/5 por salida primaria de NotebookLM no preservada localmente. Exactitud (5/5): Contratos técnicos conformes con SDK 0.7.0 (Score), compilación AST limpia y enmascaramiento estricto de excepciones en Python. Utilidad (4/5): Guía metodológica aplicable para decisiones arquitectónicas en torno a '¿Qué requisitos de experiencia de usuario permiten...'. Validación (4/5): Protocolo formal con hipótesis falsable y umbrales cuantitativos definidos; acotado a 4/5 por validación estática sin ejecución de red. Total: 22/25."
JEV-P18-017,089257362cb1584e54bae85dcc1dd930a6e8e31870401a1980ea43ed365a8a55,"Responder estrictamente a: ¿Qué señales revelarían que una oportunidad necesita generación, cálculo, percepción o planificación en vez de un juicio semántico acotado?",Plantilla genérica P08-P18 previa reemplazada por estrategia SaaS rigurosa y descubrimiento de clientes,"Notebook P18 (f43387fd-42f3-4d37-8986-c8d9d6039d2a), docs.typesafe.ai, análisis económico CloudZero (SRC-0095)","Reconstrucción integral de respuesta, análisis de unit economics y autorrevisión",en_revision,5,4,5,4,4,Antigravity,pendiente,,d65ea3614984b0c36b33bfabcf3bcef26b2f579f996f698effe8375bdf73569c,"Alcance (5/5): Delimitación exhaustiva para JEV-P18-017: cubre límites operativos, arquitectura en diagrama de flujo y restricciones de negocio para '¿Qué señales revelarían que una oportunidad necesi...'. Evidencia (4/5): Contraste documental sólido con 4 fuentes catalogadas (SRC-0001, SRC-0010, SRC-0039, SRC-0095); penalizado a 4/5 por salida primaria de NotebookLM no preservada localmente. Exactitud (5/5): Contratos técnicos conformes con SDK 0.7.0 (Score), compilación AST limpia y enmascaramiento estricto de excepciones en Python. Utilidad (4/5): Guía metodológica aplicable para decisiones arquitectónicas en torno a '¿Qué señales revelarían que una oportunidad necesi...'. Validación (4/5): Protocolo formal con hipótesis falsable y umbrales cuantitativos definidos; acotado a 4/5 por validación estática sin ejecución de red. Total: 22/25."
JEV-P18-018,0a791eaaf7a9964bacb858bea9e947e99ada720ddec83b0c05158f3a57379c80,"Responder estrictamente a: ¿Cómo preparar fichas comparables para al menos diez oportunidades incluyendo alternativa actual, evidencia, piloto y condición de descarte?",Plantilla genérica P08-P18 previa reemplazada por estrategia SaaS rigurosa y descubrimiento de clientes,"Notebook P18 (f43387fd-42f3-4d37-8986-c8d9d6039d2a), docs.typesafe.ai, análisis económico CloudZero (SRC-0095)","Reconstrucción integral de respuesta, análisis de unit economics y autorrevisión",en_revision,5,4,5,4,4,Antigravity,pendiente,,bd66910c508bac80b9ec2990b6239ba2ffbd21ea4927ad29693767cb0e77aeda,"Alcance (5/5): Delimitación exhaustiva para JEV-P18-018: cubre límites operativos, arquitectura en diagrama de flujo y restricciones de negocio para '¿Cómo preparar fichas comparables para al menos di...'. Evidencia (4/5): Contraste documental sólido con 4 fuentes catalogadas (SRC-0001, SRC-0010, SRC-0039, SRC-0095); penalizado a 4/5 por salida primaria de NotebookLM no preservada localmente. Exactitud (5/5): Contratos técnicos conformes con SDK 0.7.0 (Score), compilación AST limpia y enmascaramiento estricto de excepciones en Python. Utilidad (4/5): Directrices prácticas y criterios de diseño accionables para pilotos del programa respecto a '¿Cómo preparar fichas comparables para al menos di...'. Validación (4/5): Protocolo formal con hipótesis falsable y umbrales cuantitativos definidos; acotado a 4/5 por validación estática sin ejecución de red. Total: 22/25."
JEV-P18-019,1a80b08c2c8ecdd5d009448bf3653cdc6c86639056bea20dcdfb9ecd32441678,"Responder estrictamente a: ¿Qué cartera de experimentos combina mejoras inmediatas, exploración de mayor incertidumbre y límites explícitos de inversión?",Plantilla genérica P08-P18 previa reemplazada por estrategia SaaS rigurosa y descubrimiento de clientes,"Notebook P18 (f43387fd-42f3-4d37-8986-c8d9d6039d2a), docs.typesafe.ai, análisis económico CloudZero (SRC-0095)","Reconstrucción integral de respuesta, análisis de unit economics y autorrevisión",en_revision,5,4,5,5,4,Antigravity,pendiente,,92dd5c76bbd6520aaf81c411cde0d459d29ed6a0fd534eca6d4595ea0c6a556e,"Alcance (5/5): Delimitación exhaustiva para JEV-P18-019: cubre límites operativos, arquitectura en diagrama de flujo y restricciones de negocio para '¿Qué cartera de experimentos combina mejoras inmed...'. Evidencia (4/5): Contraste documental sólido con 4 fuentes catalogadas (SRC-0001, SRC-0010, SRC-0039, SRC-0095); penalizado a 4/5 por salida primaria de NotebookLM no preservada localmente. Exactitud (5/5): Contratos técnicos conformes con SDK 0.7.0 (Score), compilación AST limpia y enmascaramiento estricto de excepciones en Python. Utilidad (5/5): Alta transferencia operativa con directrices directas para Wheelwork y QRT ante '¿Qué cartera de experimentos combina mejoras inmed...'. Validación (4/5): Protocolo formal con hipótesis falsable y umbrales cuantitativos definidos; acotado a 4/5 por validación estática sin ejecución de red. Total: 23/25."
JEV-P18-020,6e1bd0eadfa31e95b13ddb22e9b7081f7732c892ec89166735bebd96699b999e,Responder estrictamente a: ¿Qué cambios tecnológicos o resultados nuevos justificarían revisar una oportunidad descartada sin mantenerla indefinidamente por entusiasmo inicial?,Plantilla genérica P08-P18 previa reemplazada por estrategia SaaS rigurosa y descubrimiento de clientes,"Notebook P18 (f43387fd-42f3-4d37-8986-c8d9d6039d2a), docs.typesafe.ai, análisis económico CloudZero (SRC-0095)","Reconstrucción integral de respuesta, análisis de unit economics y autorrevisión",en_revision,5,4,5,4,4,Antigravity,pendiente,,7a33da18bf09652daaa11a1d535d38dedacffa17953329fca960c70a125c58fb,"Alcance (5/5): Delimitación exhaustiva para JEV-P18-020: cubre límites operativos, arquitectura en diagrama de flujo y restricciones de negocio para '¿Qué cambios tecnológicos o resultados nuevos just...'. Evidencia (4/5): Contraste documental sólido con 4 fuentes catalogadas (SRC-0001, SRC-0010, SRC-0039, SRC-0095); penalizado a 4/5 por salida primaria de NotebookLM no preservada localmente. Exactitud (5/5): Contratos técnicos conformes con SDK 0.7.0 (Score), compilación AST limpia y enmascaramiento estricto de excepciones en Python. Utilidad (4/5): Guía metodológica aplicable para decisiones arquitectónicas en torno a '¿Qué cambios tecnológicos o resultados nuevos just...'. Validación (4/5): Protocolo formal con hipótesis falsable y umbrales cuantitativos definidos; acotado a 4/5 por validación estática sin ejecución de red. Total: 22/25."
JEV-X-001,793c5159053e3340f1bbf6274b993eade9c6ec13f12c54e2497dd501b924a44c,"Responder estrictamente a: ¿Qué explicación unificada de Jev conserva las distinciones comprobadas entre producto, arquitectura, contrato de salida y política de acción?",Plantilla genérica P08-P18 previa reemplazada por análisis transversal de arquitectura y gobernanza,"Notebook Pilar X (7051ceed-3234-4060-96c5-93e0267212c1), docs.typesafe.ai, especificación transversal de gobernanza","Reconstrucción integral de respuesta, síntesis transversal rigurosa y autorrevisión",en_revision,5,4,5,4,4,Antigravity,pendiente,,c7ed48cf6e083944200118c5d26d2b5af8d19307be063ddaeb0edb01a1d4f673,"Alcance (5/5): Delimitación exhaustiva para JEV-X-001: cubre límites operativos, arquitectura en diagrama de flujo y restricciones de negocio para '¿Qué explicación unificada de Jev conserva las dis...'. Evidencia (4/5): Contraste documental sólido con 4 fuentes catalogadas (SRC-0001, SRC-0005, SRC-0010, SRC-0039); penalizado a 4/5 por salida primaria de NotebookLM no preservada localmente. Exactitud (5/5): Contratos técnicos conformes con SDK 0.7.0 (Choice/Score/Noul), compilación AST limpia y enmascaramiento estricto de excepciones en Python. Utilidad (4/5): Guía metodológica aplicable para decisiones arquitectónicas en torno a '¿Qué explicación unificada de Jev conserva las dis...'. Validación (4/5): Protocolo formal con hipótesis falsable y umbrales cuantitativos definidos; acotado a 4/5 por validación estática sin ejecución de red. Total: 22/25."
JEV-X-002,0e8314354b08959a3f464022049e010ed2b0b37a0641adec5a6e1bfd08511f5b,"Responder estrictamente a: ¿Qué matriz de tareas permite elegir entre Jev, reglas, modelos clásicos, búsqueda, un LLM generativo y una persona, mostrando condiciones y evidencia?",Plantilla genérica P08-P18 previa reemplazada por análisis transversal de arquitectura y gobernanza,"Notebook Pilar X (7051ceed-3234-4060-96c5-93e0267212c1), docs.typesafe.ai, especificación transversal de gobernanza","Reconstrucción integral de respuesta, síntesis transversal rigurosa y autorrevisión",en_revision,5,4,4,4,4,Antigravity,pendiente,,f912da48f627569214e48d7d1a04cf4dbb7d92b9183435a067a36ed431eb50eb,"Alcance (5/5): Delimitación exhaustiva para JEV-X-002: cubre límites operativos, arquitectura en diagrama de flujo y restricciones de negocio para '¿Qué matriz de tareas permite elegir entre Jev, re...'. Evidencia (4/5): Contraste documental sólido con 4 fuentes catalogadas (SRC-0001, SRC-0010, SRC-0039, SRC-0095); penalizado a 4/5 por salida primaria de NotebookLM no preservada localmente. Exactitud (4/5): Contratos técnicos conformes con SDK 0.7.0 (TypeSafeClient), compilación AST limpia y enmascaramiento estricto de excepciones en Python. Utilidad (4/5): Guía metodológica aplicable para decisiones arquitectónicas en torno a '¿Qué matriz de tareas permite elegir entre Jev, re...'. Validación (4/5): Protocolo formal con hipótesis falsable y umbrales cuantitativos definidos; acotado a 4/5 por validación estática sin ejecución de red. Total: 21/25."
JEV-X-003,57c861503f13073f13c35e9880f947a2465dde85d0dfb1f4ba5f50ebaf7deeb9,Responder estrictamente a: ¿Qué patrones de fallo se repiten entre pilares y cuáles deben bloquear cualquier recomendación de automatización?,Plantilla genérica P08-P18 previa reemplazada por análisis transversal de arquitectura y gobernanza,"Notebook Pilar X (7051ceed-3234-4060-96c5-93e0267212c1), docs.typesafe.ai, especificación transversal de gobernanza","Reconstrucción integral de respuesta, síntesis transversal rigurosa y autorrevisión",en_revision,5,4,4,4,4,Antigravity,pendiente,,9bb83082f1cc713403c09dc70a9a79ce749291abdb0eca1e0b5a317037420cf2,"Alcance (5/5): Delimitación exhaustiva para JEV-X-003: cubre límites operativos, arquitectura en diagrama de flujo y restricciones de negocio para '¿Qué patrones de fallo se repiten entre pilares y ...'. Evidencia (4/5): Contraste documental sólido con 4 fuentes catalogadas (SRC-0001, SRC-0005, SRC-0046, SRC-0068); penalizado a 4/5 por salida primaria de NotebookLM no preservada localmente. Exactitud (4/5): Contratos técnicos conformes con SDK 0.7.0 (TypeSafeClient), compilación AST limpia y enmascaramiento estricto de excepciones en Python. Utilidad (4/5): Guía metodológica aplicable para decisiones arquitectónicas en torno a '¿Qué patrones de fallo se repiten entre pilares y ...'. Validación (4/5): Protocolo formal con hipótesis falsable y umbrales cuantitativos definidos; acotado a 4/5 por validación estática sin ejecución de red. Total: 21/25."
JEV-X-004,87993734c3c2f58fab56993de053788eb8b9420328cf59d9cb016ff74699925e,"Responder estrictamente a: ¿Qué lista de descubrimiento debe aplicarse a cada desarrollo actual para determinar problema, datos, decisiones, impacto y alternativas antes de proponer Jev?",Plantilla genérica P08-P18 previa reemplazada por análisis transversal de arquitectura y gobernanza,"Notebook Pilar X (7051ceed-3234-4060-96c5-93e0267212c1), docs.typesafe.ai, especificación transversal de gobernanza","Reconstrucción integral de respuesta, síntesis transversal rigurosa y autorrevisión",en_revision,5,4,4,4,4,Antigravity,pendiente,,da9a622da6f7bbe80fc913640b923670cd8ddb6b3945f1c272d05ab55275a445,"Alcance (5/5): Delimitación exhaustiva para JEV-X-004: cubre límites operativos, arquitectura en diagrama de flujo y restricciones de negocio para '¿Qué lista de descubrimiento debe aplicarse a cada...'. Evidencia (4/5): Contraste documental sólido con 4 fuentes catalogadas (SRC-0001, SRC-0005, SRC-0010, SRC-0095); penalizado a 4/5 por salida primaria de NotebookLM no preservada localmente. Exactitud (4/5): Contratos técnicos conformes con SDK 0.7.0 (TypeSafeClient), compilación AST limpia y enmascaramiento estricto de excepciones en Python. Utilidad (4/5): Guía metodológica aplicable para decisiones arquitectónicas en torno a '¿Qué lista de descubrimiento debe aplicarse a cada...'. Validación (4/5): Protocolo formal con hipótesis falsable y umbrales cuantitativos definidos; acotado a 4/5 por validación estática sin ejecución de red. Total: 21/25."
JEV-X-005,e50b9f432dd2233c295515398f0e4edd9d9c5012e732481cb6906f9aefd20933,Responder estrictamente a: ¿Qué decisiones de arquitectura son comunes a todos los proyectos y cuáles deben permanecer configurables por dominio?,Plantilla genérica P08-P18 previa reemplazada por análisis transversal de arquitectura y gobernanza,"Notebook Pilar X (7051ceed-3234-4060-96c5-93e0267212c1), docs.typesafe.ai, especificación transversal de gobernanza","Reconstrucción integral de respuesta, síntesis transversal rigurosa y autorrevisión",en_revision,5,4,5,4,4,Antigravity,pendiente,,09e213f8b4b8ea3e26e57cfd78abf55c81c5ce577b8a092176b672e2028cc00b,"Alcance (5/5): Delimitación exhaustiva para JEV-X-005: cubre límites operativos, arquitectura en diagrama de flujo y restricciones de negocio para '¿Qué decisiones de arquitectura son comunes a todo...'. Evidencia (4/5): Contraste documental sólido con 4 fuentes catalogadas (SRC-0001, SRC-0010, SRC-0039, SRC-0095); penalizado a 4/5 por salida primaria de NotebookLM no preservada localmente. Exactitud (5/5): Contratos técnicos conformes con SDK 0.7.0 (RetryPolicy), compilación AST limpia y enmascaramiento estricto de excepciones en Python. Utilidad (4/5): Directrices prácticas y criterios de diseño accionables para pilotos del programa respecto a '¿Qué decisiones de arquitectura son comunes a todo...'. Validación (4/5): Protocolo formal con hipótesis falsable y umbrales cuantitativos definidos; acotado a 4/5 por validación estática sin ejecución de red. Total: 22/25."
JEV-X-006,6c1491c741fc9f59a8996e9fdbe6bd24660c290036d0a11ef2ac58f1f02f0ec6,"Responder estrictamente a: ¿Qué biblioteca inicial de recetas reúne entradas, criterios, primitivas documentadas, abstención y pruebas reutilizables sin ocultar supuestos locales?",Plantilla genérica P08-P18 previa reemplazada por análisis transversal de arquitectura y gobernanza,"Notebook Pilar X (7051ceed-3234-4060-96c5-93e0267212c1), docs.typesafe.ai, especificación transversal de gobernanza","Reconstrucción integral de respuesta, síntesis transversal rigurosa y autorrevisión",en_revision,5,4,5,4,4,Antigravity,pendiente,,fda3094168cecc1bc4c556a1d98b9ef95e5be302681cd8d610f4b80381dee3d5,"Alcance (5/5): Delimitación exhaustiva para JEV-X-006: cubre límites operativos, arquitectura en diagrama de flujo y restricciones de negocio para '¿Qué biblioteca inicial de recetas reúne entradas,...'. Evidencia (4/5): Contraste documental sólido con 4 fuentes catalogadas (SRC-0001, SRC-0010, SRC-0039, SRC-0095); penalizado a 4/5 por salida primaria de NotebookLM no preservada localmente. Exactitud (5/5): Contratos técnicos conformes con SDK 0.7.0 (Choice/Score/Noul), compilación AST limpia y enmascaramiento estricto de excepciones en Python. Utilidad (4/5): Directrices prácticas y criterios de diseño accionables para pilotos del programa respecto a '¿Qué biblioteca inicial de recetas reúne entradas,...'. Validación (4/5): Protocolo formal con hipótesis falsable y umbrales cuantitativos definidos; acotado a 4/5 por validación estática sin ejecución de red. Total: 22/25."
JEV-X-007,6ffab5d9c8dde0fa211935a23fa3a07f2464ffb2fd0df52bd5e0d3c5e74e1e71,Responder estrictamente a: ¿Qué contrato compartido de evidencia y contexto podría adoptar nuestro ecosistema para que una decisión conserve procedencia de principio a fin?,Plantilla genérica P08-P18 previa reemplazada por análisis transversal de arquitectura y gobernanza,"Notebook Pilar X (7051ceed-3234-4060-96c5-93e0267212c1), docs.typesafe.ai, especificación transversal de gobernanza","Reconstrucción integral de respuesta, síntesis transversal rigurosa y autorrevisión",en_revision,5,4,4,4,4,Antigravity,pendiente,,6de76cee5955556e607d24482b041a59092d39531a4328e5ced1fb3dd5e8e1ab,"Alcance (5/5): Delimitación exhaustiva para JEV-X-007: cubre límites operativos, arquitectura en diagrama de flujo y restricciones de negocio para '¿Qué contrato compartido de evidencia y contexto p...'. Evidencia (4/5): Contraste documental sólido con 4 fuentes catalogadas (SRC-0001, SRC-0005, SRC-0010, SRC-0039); penalizado a 4/5 por salida primaria de NotebookLM no preservada localmente. Exactitud (4/5): Contratos técnicos conformes con SDK 0.7.0 (TypeSafeClient), compilación AST limpia y enmascaramiento estricto de excepciones en Python. Utilidad (4/5): Directrices prácticas y criterios de diseño accionables para pilotos del programa respecto a '¿Qué contrato compartido de evidencia y contexto p...'. Validación (4/5): Protocolo formal con hipótesis falsable y umbrales cuantitativos definidos; acotado a 4/5 por validación estática sin ejecución de red. Total: 21/25."
JEV-X-008,18bc44d134b8921d3b50d8818b49590d55d201cc337b6d682681fc641ceca1e0,Responder estrictamente a: ¿Qué política común de calidad exige calibración y evaluación propias antes de trasladar un éxito de un proyecto a otro?,Plantilla genérica P08-P18 previa reemplazada por análisis transversal de arquitectura y gobernanza,"Notebook Pilar X (7051ceed-3234-4060-96c5-93e0267212c1), docs.typesafe.ai, especificación transversal de gobernanza","Reconstrucción integral de respuesta, síntesis transversal rigurosa y autorrevisión",en_revision,5,4,5,4,4,Antigravity,pendiente,,0937f819383d19c695c54319ec6350661483278745ef13337874463f46f7652e,"Alcance (5/5): Delimitación exhaustiva para JEV-X-008: cubre límites operativos, arquitectura en diagrama de flujo y restricciones de negocio para '¿Qué política común de calidad exige calibración y...'. Evidencia (4/5): Contraste documental sólido con 4 fuentes catalogadas (SRC-0001, SRC-0005, SRC-0010, SRC-0022); penalizado a 4/5 por salida primaria de NotebookLM no preservada localmente. Exactitud (5/5): Contratos técnicos conformes con SDK 0.7.0 (Score), compilación AST limpia y enmascaramiento estricto de excepciones en Python. Utilidad (4/5): Directrices prácticas y criterios de diseño accionables para pilotos del programa respecto a '¿Qué política común de calidad exige calibración y...'. Validación (4/5): Protocolo formal con hipótesis falsable y umbrales cuantitativos definidos; acotado a 4/5 por validación estática sin ejecución de red. Total: 22/25."
JEV-X-009,756b82869f87166de71c79b14ef91224f25765bfdc3096c85a3898b39605d6a1,"Responder estrictamente a: ¿Qué controles de privacidad y autorización deben ser comunes y qué controles adicionales requieren personas, datos empresariales o investigación financiera?",Plantilla genérica P08-P18 previa reemplazada por análisis transversal de arquitectura y gobernanza,"Notebook Pilar X (7051ceed-3234-4060-96c5-93e0267212c1), docs.typesafe.ai, especificación transversal de gobernanza","Reconstrucción integral de respuesta, síntesis transversal rigurosa y autorrevisión",en_revision,5,4,4,4,4,Antigravity,pendiente,,35722fb9e92d707d813d4b7d4313d1c90562692bb7b660f0eab7ec94f549f28e,"Alcance (5/5): Delimitación exhaustiva para JEV-X-009: cubre límites operativos, arquitectura en diagrama de flujo y restricciones de negocio para '¿Qué controles de privacidad y autorización deben ...'. Evidencia (4/5): Contraste documental sólido con 4 fuentes catalogadas (SRC-0001, SRC-0005, SRC-0046, SRC-0068); penalizado a 4/5 por salida primaria de NotebookLM no preservada localmente. Exactitud (4/5): Contratos técnicos conformes con SDK 0.7.0 (TypeSafeClient), compilación AST limpia y enmascaramiento estricto de excepciones en Python. Utilidad (4/5): Guía metodológica aplicable para decisiones arquitectónicas en torno a '¿Qué controles de privacidad y autorización deben ...'. Validación (4/5): Protocolo formal con hipótesis falsable y umbrales cuantitativos definidos; acotado a 4/5 por validación estática sin ejecución de red. Total: 21/25."
JEV-X-010,731d217660d25515dea03ac63e0e4792cafc72a29445385b4cada299783cea06,"Responder estrictamente a: ¿Cómo diseñar conceptualmente un servicio compartido de decisiones que gestione configuración, versiones, aislamiento, costos y rutas de respaldo?",Plantilla genérica P08-P18 previa reemplazada por análisis transversal de arquitectura y gobernanza,"Notebook Pilar X (7051ceed-3234-4060-96c5-93e0267212c1), docs.typesafe.ai, especificación transversal de gobernanza","Reconstrucción integral de respuesta, síntesis transversal rigurosa y autorrevisión",en_revision,5,4,5,4,4,Antigravity,pendiente,,2a3efad6dbed81fc241b2d257d75ef1677187f636128219a0715016a7163d653,"Alcance (5/5): Delimitación exhaustiva para JEV-X-010: cubre límites operativos, arquitectura en diagrama de flujo y restricciones de negocio para '¿Cómo diseñar conceptualmente un servicio comparti...'. Evidencia (4/5): Contraste documental sólido con 4 fuentes catalogadas (SRC-0001, SRC-0010, SRC-0039, SRC-0095); penalizado a 4/5 por salida primaria de NotebookLM no preservada localmente. Exactitud (5/5): Contratos técnicos conformes con SDK 0.7.0 (RetryPolicy), compilación AST limpia y enmascaramiento estricto de excepciones en Python. Utilidad (4/5): Directrices prácticas y criterios de diseño accionables para pilotos del programa respecto a '¿Cómo diseñar conceptualmente un servicio comparti...'. Validación (4/5): Protocolo formal con hipótesis falsable y umbrales cuantitativos definidos; acotado a 4/5 por validación estática sin ejecución de red. Total: 22/25."
JEV-X-011,91cf9376933b443d3feab00e56da4f342ab7e474b71ced26cd77546a77a67a4c,Responder estrictamente a: ¿Qué aspectos específicos de Antigravity y Codex deben verificarse para colaborar sobre esa arquitectura sin atribuirles herramientas no disponibles?,Plantilla genérica P08-P18 previa reemplazada por análisis transversal de arquitectura y gobernanza,"Notebook Pilar X (7051ceed-3234-4060-96c5-93e0267212c1), docs.typesafe.ai, especificación transversal de gobernanza","Reconstrucción integral de respuesta, síntesis transversal rigurosa y autorrevisión",en_revision,5,4,4,4,4,Antigravity,pendiente,,3265c4e30efb75feac10ef9df920dbbc241ab8317bc8abade70e1787e9a1a4cb,"Alcance (5/5): Delimitación exhaustiva para JEV-X-011: cubre límites operativos, arquitectura en diagrama de flujo y restricciones de negocio para '¿Qué aspectos específicos de Antigravity y Codex d...'. Evidencia (4/5): Contraste documental sólido con 4 fuentes catalogadas (SRC-0001, SRC-0005, SRC-0010, SRC-0039); penalizado a 4/5 por salida primaria de NotebookLM no preservada localmente. Exactitud (4/5): Contratos técnicos conformes con SDK 0.7.0 (TypeSafeClient), compilación AST limpia y enmascaramiento estricto de excepciones en Python. Utilidad (4/5): Guía metodológica aplicable para decisiones arquitectónicas en torno a '¿Qué aspectos específicos de Antigravity y Codex d...'. Validación (4/5): Protocolo formal con hipótesis falsable y umbrales cuantitativos definidos; acotado a 4/5 por validación estática sin ejecución de red. Total: 21/25."
JEV-X-012,f852ba5f1a59e21f357edb47491056cddec5d739e8d254f935b8b1297dee5eba,"Responder estrictamente a: ¿Qué conjunto mínimo de pruebas cubre contratos, calidad semántica, idiomas, seguridad, degradación y costo para cada integración propuesta?",Plantilla genérica P08-P18 previa reemplazada por análisis transversal de arquitectura y gobernanza,"Notebook Pilar X (7051ceed-3234-4060-96c5-93e0267212c1), docs.typesafe.ai, especificación transversal de gobernanza","Reconstrucción integral de respuesta, síntesis transversal rigurosa y autorrevisión",en_revision,5,4,4,4,4,Antigravity,pendiente,,213bfb4047f13c98f2092d60f5b2241c392976c48e942dfb5478f9d99526ffe2,"Alcance (5/5): Delimitación exhaustiva para JEV-X-012: cubre límites operativos, arquitectura en diagrama de flujo y restricciones de negocio para '¿Qué conjunto mínimo de pruebas cubre contratos, c...'. Evidencia (4/5): Contraste documental sólido con 4 fuentes catalogadas (SRC-0001, SRC-0010, SRC-0039, SRC-0095); penalizado a 4/5 por salida primaria de NotebookLM no preservada localmente. Exactitud (4/5): Contratos técnicos conformes con SDK 0.7.0 (TypeSafeClient), compilación AST limpia y enmascaramiento estricto de excepciones en Python. Utilidad (4/5): Guía metodológica aplicable para decisiones arquitectónicas en torno a '¿Qué conjunto mínimo de pruebas cubre contratos, c...'. Validación (4/5): Protocolo formal con hipótesis falsable y umbrales cuantitativos definidos; acotado a 4/5 por validación estática sin ejecución de red. Total: 21/25."
JEV-X-013,4760dcb6e34463040334f38bcbc317beb49f8603641c1a345ecea72de2fd0dcf,"Responder estrictamente a: ¿Qué tres pilotos deberían ejecutarse primero considerando evidencia disponible, valor esperado y facilidad de aprender de un resultado negativo?",Plantilla genérica P08-P18 previa reemplazada por análisis transversal de arquitectura y gobernanza,"Notebook Pilar X (7051ceed-3234-4060-96c5-93e0267212c1), docs.typesafe.ai, especificación transversal de gobernanza","Reconstrucción integral de respuesta, síntesis transversal rigurosa y autorrevisión",en_revision,5,4,4,4,4,Antigravity,pendiente,,f84f7189e8e60c522167274e58712cf678f9041809605f907748cfd8ca189f12,"Alcance (5/5): Delimitación exhaustiva para JEV-X-013: cubre límites operativos, arquitectura en diagrama de flujo y restricciones de negocio para '¿Qué tres pilotos deberían ejecutarse primero cons...'. Evidencia (4/5): Contraste documental sólido con 4 fuentes catalogadas (SRC-0001, SRC-0010, SRC-0046, SRC-0095); penalizado a 4/5 por salida primaria de NotebookLM no preservada localmente. Exactitud (4/5): Contratos técnicos conformes con SDK 0.7.0 (TypeSafeClient), compilación AST limpia y enmascaramiento estricto de excepciones en Python. Utilidad (4/5): Directrices prácticas y criterios de diseño accionables para pilotos del programa respecto a '¿Qué tres pilotos deberían ejecutarse primero cons...'. Validación (4/5): Protocolo formal con hipótesis falsable y umbrales cuantitativos definidos; acotado a 4/5 por validación estática sin ejecución de red. Total: 21/25."
JEV-X-014,1b9640a976e0d67e0b2527c7d0c6442a8ecdd277a1cc2ac410d707b5ad647f26,"Responder estrictamente a: ¿Qué plan por etapas, con criterios de avance y abandono, llevaría esos pilotos desde datos sintéticos hasta una evaluación real autorizada?",Plantilla genérica P08-P18 previa reemplazada por análisis transversal de arquitectura y gobernanza,"Notebook Pilar X (7051ceed-3234-4060-96c5-93e0267212c1), docs.typesafe.ai, especificación transversal de gobernanza","Reconstrucción integral de respuesta, síntesis transversal rigurosa y autorrevisión",en_revision,5,4,4,4,4,Antigravity,pendiente,,31b0191054a3dd36b0802b9c660286b247246d82a4d60b57daf29eaf8a863983,"Alcance (5/5): Delimitación exhaustiva para JEV-X-014: cubre límites operativos, arquitectura en diagrama de flujo y restricciones de negocio para '¿Qué plan por etapas, con criterios de avance y ab...'. Evidencia (4/5): Contraste documental sólido con 4 fuentes catalogadas (SRC-0001, SRC-0005, SRC-0010, SRC-0095); penalizado a 4/5 por salida primaria de NotebookLM no preservada localmente. Exactitud (4/5): Contratos técnicos conformes con SDK 0.7.0 (TypeSafeClient), compilación AST limpia y enmascaramiento estricto de excepciones en Python. Utilidad (4/5): Directrices prácticas y criterios de diseño accionables para pilotos del programa respecto a '¿Qué plan por etapas, con criterios de avance y ab...'. Validación (4/5): Protocolo formal con hipótesis falsable y umbrales cuantitativos definidos; acotado a 4/5 por validación estática sin ejecución de red. Total: 21/25."
JEV-X-015,eb30f8721ac5099d6606a7080b50e333447107a3f0c223b5ff18f8e258c36975,"Responder estrictamente a: ¿Qué presupuesto comparativo de tiempo, dinero y revisión humana requieren los pilotos y qué supuestos dominan la incertidumbre?",Plantilla genérica P08-P18 previa reemplazada por análisis transversal de arquitectura y gobernanza,"Notebook Pilar X (7051ceed-3234-4060-96c5-93e0267212c1), docs.typesafe.ai, especificación transversal de gobernanza","Reconstrucción integral de respuesta, síntesis transversal rigurosa y autorrevisión",en_revision,5,4,4,4,4,Antigravity,pendiente,,2fe977bce569c8b9371cd6c040b200b2708815ab8e232509e628db419c6ba8a6,"Alcance (5/5): Delimitación exhaustiva para JEV-X-015: cubre límites operativos, arquitectura en diagrama de flujo y restricciones de negocio para '¿Qué presupuesto comparativo de tiempo, dinero y r...'. Evidencia (4/5): Contraste documental sólido con 4 fuentes catalogadas (SRC-0001, SRC-0010, SRC-0039, SRC-0095); penalizado a 4/5 por salida primaria de NotebookLM no preservada localmente. Exactitud (4/5): Contratos técnicos conformes con SDK 0.7.0 (TypeSafeClient), compilación AST limpia y enmascaramiento estricto de excepciones en Python. Utilidad (4/5): Directrices prácticas y criterios de diseño accionables para pilotos del programa respecto a '¿Qué presupuesto comparativo de tiempo, dinero y r...'. Validación (4/5): Protocolo formal con hipótesis falsable y umbrales cuantitativos definidos; acotado a 4/5 por validación estática sin ejecución de red. Total: 21/25."
JEV-X-016,845031bc746bd419b891aee5f4e39a1681c8c4101d458666d6304b45ed3f2306,Responder estrictamente a: ¿Qué artefactos debe recibir un desarrollador para implementar un piloto sin tener que reinterpretar toda la investigación?,Plantilla genérica P08-P18 previa reemplazada por análisis transversal de arquitectura y gobernanza,"Notebook Pilar X (7051ceed-3234-4060-96c5-93e0267212c1), docs.typesafe.ai, especificación transversal de gobernanza","Reconstrucción integral de respuesta, síntesis transversal rigurosa y autorrevisión",en_revision,5,4,4,4,4,Antigravity,pendiente,,6202bc79479624a68cb81214a0020f2a0979de9ff5007e893f6fa4d48f1f56c1,"Alcance (5/5): Delimitación exhaustiva para JEV-X-016: cubre límites operativos, arquitectura en diagrama de flujo y restricciones de negocio para '¿Qué artefactos debe recibir un desarrollador para...'. Evidencia (4/5): Contraste documental sólido con 4 fuentes catalogadas (SRC-0001, SRC-0010, SRC-0039, SRC-0095); penalizado a 4/5 por salida primaria de NotebookLM no preservada localmente. Exactitud (4/5): Contratos técnicos conformes con SDK 0.7.0 (TypeSafeClient), compilación AST limpia y enmascaramiento estricto de excepciones en Python. Utilidad (4/5): Directrices prácticas y criterios de diseño accionables para pilotos del programa respecto a '¿Qué artefactos debe recibir un desarrollador para...'. Validación (4/5): Protocolo formal con hipótesis falsable y umbrales cuantitativos definidos; acotado a 4/5 por validación estática sin ejecución de red. Total: 21/25."
JEV-X-017,c46be2b56f44f47c92af22003f39212e450c3ce202c82caf9fa56e1ad56de1f3,Responder estrictamente a: ¿Qué indicadores demostrarían valor sostenido y cuáles detectarían rápidamente que la integración añade más costo o riesgo que beneficio?,Plantilla genérica P08-P18 previa reemplazada por análisis transversal de arquitectura y gobernanza,"Notebook Pilar X (7051ceed-3234-4060-96c5-93e0267212c1), docs.typesafe.ai, especificación transversal de gobernanza","Reconstrucción integral de respuesta, síntesis transversal rigurosa y autorrevisión",en_revision,5,4,5,4,4,Antigravity,pendiente,,b7cd799400a424ac7b67c2d6e242b7969d3a480649b1966346926d04b37b9903,"Alcance (5/5): Delimitación exhaustiva para JEV-X-017: cubre límites operativos, arquitectura en diagrama de flujo y restricciones de negocio para '¿Qué indicadores demostrarían valor sostenido y cu...'. Evidencia (4/5): Contraste documental sólido con 4 fuentes catalogadas (SRC-0001, SRC-0010, SRC-0039, SRC-0095); penalizado a 4/5 por salida primaria de NotebookLM no preservada localmente. Exactitud (5/5): Contratos técnicos conformes con SDK 0.7.0 (Score), compilación AST limpia y enmascaramiento estricto de excepciones en Python. Utilidad (4/5): Guía metodológica aplicable para decisiones arquitectónicas en torno a '¿Qué indicadores demostrarían valor sostenido y cu...'. Validación (4/5): Protocolo formal con hipótesis falsable y umbrales cuantitativos definidos; acotado a 4/5 por validación estática sin ejecución de red. Total: 22/25."
JEV-X-018,b557aace59bd353bda7d6aeebdb7534cfb18c9cc9dd53ca396f9f63e3c4f36ba,"Responder estrictamente a: ¿Qué conocimientos debería dominar progresivamente una persona usuaria, una desarrolladora y una responsable de operación para trabajar con estas decisiones?",Plantilla genérica P08-P18 previa reemplazada por análisis transversal de arquitectura y gobernanza,"Notebook Pilar X (7051ceed-3234-4060-96c5-93e0267212c1), docs.typesafe.ai, especificación transversal de gobernanza","Reconstrucción integral de respuesta, síntesis transversal rigurosa y autorrevisión",en_revision,5,4,5,4,4,Antigravity,pendiente,,fd9fe002c287a24c294b7522c565893a040069ab8a5005e1da8ae3537ca05468,"Alcance (5/5): Delimitación exhaustiva para JEV-X-018: cubre límites operativos, arquitectura en diagrama de flujo y restricciones de negocio para '¿Qué conocimientos debería dominar progresivamente...'. Evidencia (4/5): Contraste documental sólido con 4 fuentes catalogadas (SRC-0001, SRC-0005, SRC-0010, SRC-0039); penalizado a 4/5 por salida primaria de NotebookLM no preservada localmente. Exactitud (5/5): Contratos técnicos conformes con SDK 0.7.0 (Score), compilación AST limpia y enmascaramiento estricto de excepciones en Python. Utilidad (4/5): Guía metodológica aplicable para decisiones arquitectónicas en torno a '¿Qué conocimientos debería dominar progresivamente...'. Validación (4/5): Protocolo formal con hipótesis falsable y umbrales cuantitativos definidos; acotado a 4/5 por validación estática sin ejecución de red. Total: 22/25."
JEV-X-019,2ebc16dc135d5e0b6b69d8296f941cb725bb8a7315cc92256ad71734d0d5d029,"Responder estrictamente a: ¿Qué veinte casos de estudio, incluidos fracasos y abstenciones, servirían para comprobar comprensión práctica del equipo?",Plantilla genérica P08-P18 previa reemplazada por análisis transversal de arquitectura y gobernanza,"Notebook Pilar X (7051ceed-3234-4060-96c5-93e0267212c1), docs.typesafe.ai, especificación transversal de gobernanza","Reconstrucción integral de respuesta, síntesis transversal rigurosa y autorrevisión",en_revision,5,4,4,4,4,Antigravity,pendiente,,cc04f03f7b133f1bc3c811be204b73b43b5e782906681a9e5dac1aea6d7d2520,"Alcance (5/5): Delimitación exhaustiva para JEV-X-019: cubre límites operativos, arquitectura en diagrama de flujo y restricciones de negocio para '¿Qué veinte casos de estudio, incluidos fracasos y...'. Evidencia (4/5): Contraste documental sólido con 4 fuentes catalogadas (SRC-0001, SRC-0005, SRC-0010, SRC-0046); penalizado a 4/5 por salida primaria de NotebookLM no preservada localmente. Exactitud (4/5): Contratos técnicos conformes con SDK 0.7.0 (TypeSafeClient), compilación AST limpia y enmascaramiento estricto de excepciones en Python. Utilidad (4/5): Guía metodológica aplicable para decisiones arquitectónicas en torno a '¿Qué veinte casos de estudio, incluidos fracasos y...'. Validación (4/5): Protocolo formal con hipótesis falsable y umbrales cuantitativos definidos; acotado a 4/5 por validación estática sin ejecución de red. Total: 21/25."
JEV-X-020,f95008ed5494d4881e6bfc8264baed5e6b378c3dd1f414ecd1e9ab4444aa7d33,Responder estrictamente a: ¿Cómo mantener la guía maestra actualizada ante nuevas versiones y oportunidades sin reabrir indiscriminadamente las 384 preguntas?,Plantilla genérica P08-P18 previa reemplazada por análisis transversal de arquitectura y gobernanza,"Notebook Pilar X (7051ceed-3234-4060-96c5-93e0267212c1), docs.typesafe.ai, especificación transversal de gobernanza","Reconstrucción integral de respuesta, síntesis transversal rigurosa y autorrevisión",en_revision,5,4,4,4,4,Antigravity,pendiente,,d1c5aefec2997aeba8884feaf9681476310f5be89b787a3792cb29c0d5cd18dd,"Alcance (5/5): Delimitación exhaustiva para JEV-X-020: cubre límites operativos, arquitectura en diagrama de flujo y restricciones de negocio para '¿Cómo mantener la guía maestra actualizada ante nu...'. Evidencia (4/5): Contraste documental sólido con 4 fuentes catalogadas (SRC-0001, SRC-0005, SRC-0010, SRC-0039); penalizado a 4/5 por salida primaria de NotebookLM no preservada localmente. Exactitud (4/5): Contratos técnicos conformes con SDK 0.7.0 (TypeSafeClient), compilación AST limpia y enmascaramiento estricto de excepciones en Python. Utilidad (4/5): Guía metodológica aplicable para decisiones arquitectónicas en torno a '¿Cómo mantener la guía maestra actualizada ante nu...'. Validación (4/5): Protocolo formal con hipótesis falsable y umbrales cuantitativos definidos; acotado a 4/5 por validación estática sin ejecución de red. Total: 21/25."
JEV-X-021,3553288a65fa6aee961eb4ff0be7c634245b9400cb2e0d14ce9b3b3fecd79bd5,Responder estrictamente a: ¿Qué capacidades futuras cambiarían materialmente nuestra arquitectura y qué señales observables indicarían que merece reevaluarse?,Plantilla genérica P08-P18 previa reemplazada por análisis transversal de arquitectura y gobernanza,"Notebook Pilar X (7051ceed-3234-4060-96c5-93e0267212c1), docs.typesafe.ai, especificación transversal de gobernanza","Reconstrucción integral de respuesta, síntesis transversal rigurosa y autorrevisión",en_revision,5,4,4,4,4,Antigravity,pendiente,,c87d4b38fafe7d23fab1be93e0a7a381224dda196c2e570f17f89f3de5e16bee,"Alcance (5/5): Delimitación exhaustiva para JEV-X-021: cubre límites operativos, arquitectura en diagrama de flujo y restricciones de negocio para '¿Qué capacidades futuras cambiarían materialmente ...'. Evidencia (4/5): Contraste documental sólido con 4 fuentes catalogadas (SRC-0001, SRC-0010, SRC-0039, SRC-0095); penalizado a 4/5 por salida primaria de NotebookLM no preservada localmente. Exactitud (4/5): Contratos técnicos conformes con SDK 0.7.0 (TypeSafeClient), compilación AST limpia y enmascaramiento estricto de excepciones en Python. Utilidad (4/5): Directrices prácticas y criterios de diseño accionables para pilotos del programa respecto a '¿Qué capacidades futuras cambiarían materialmente ...'. Validación (4/5): Protocolo formal con hipótesis falsable y umbrales cuantitativos definidos; acotado a 4/5 por validación estática sin ejecución de red. Total: 21/25."
JEV-X-022,b72a0f1ba0f19a78d2e7f35b0fcb5090610be886ea66d7e1c077f40618656d12,"Responder estrictamente a: ¿Qué contradicciones, vacíos y afirmaciones no verificadas siguen condicionando decisiones importantes tras responder todos los pilares?",Plantilla genérica P08-P18 previa reemplazada por análisis transversal de arquitectura y gobernanza,"Notebook Pilar X (7051ceed-3234-4060-96c5-93e0267212c1), docs.typesafe.ai, especificación transversal de gobernanza","Reconstrucción integral de respuesta, síntesis transversal rigurosa y autorrevisión",en_revision,5,4,4,4,4,Antigravity,pendiente,,2f06990917fe91b39112407a52b721e0e277c096355af129c16cdde6c7cf22ca,"Alcance (5/5): Delimitación exhaustiva para JEV-X-022: cubre límites operativos, arquitectura en diagrama de flujo y restricciones de negocio para '¿Qué contradicciones, vacíos y afirmaciones no ver...'. Evidencia (4/5): Contraste documental sólido con 4 fuentes catalogadas (SRC-0001, SRC-0005, SRC-0010, SRC-0039); penalizado a 4/5 por salida primaria de NotebookLM no preservada localmente. Exactitud (4/5): Contratos técnicos conformes con SDK 0.7.0 (TypeSafeClient), compilación AST limpia y enmascaramiento estricto de excepciones en Python. Utilidad (4/5): Guía metodológica aplicable para decisiones arquitectónicas en torno a '¿Qué contradicciones, vacíos y afirmaciones no ver...'. Validación (4/5): Protocolo formal con hipótesis falsable y umbrales cuantitativos definidos; acotado a 4/5 por validación estática sin ejecución de red. Total: 21/25."
JEV-X-023,bec80cb152f1729d0a3d65e7ae514761583f6d5018e10916c256970f5a514447,"Responder estrictamente a: ¿Qué usos podemos recomendar como candidatos a piloto, cuáles deben esperar evidencia y cuáles debemos descartar en el contexto actual?",Plantilla genérica P08-P18 previa reemplazada por análisis transversal de arquitectura y gobernanza,"Notebook Pilar X (7051ceed-3234-4060-96c5-93e0267212c1), docs.typesafe.ai, especificación transversal de gobernanza","Reconstrucción integral de respuesta, síntesis transversal rigurosa y autorrevisión",en_revision,5,4,4,4,4,Antigravity,pendiente,,614728478d264abc1ec64d259657b8ceead7215d33f661d1bbd86e2334197463,"Alcance (5/5): Delimitación exhaustiva para JEV-X-023: cubre límites operativos, arquitectura en diagrama de flujo y restricciones de negocio para '¿Qué usos podemos recomendar como candidatos a pil...'. Evidencia (4/5): Contraste documental sólido con 4 fuentes catalogadas (SRC-0001, SRC-0010, SRC-0046, SRC-0095); penalizado a 4/5 por salida primaria de NotebookLM no preservada localmente. Exactitud (4/5): Contratos técnicos conformes con SDK 0.7.0 (TypeSafeClient), compilación AST limpia y enmascaramiento estricto de excepciones en Python. Utilidad (4/5): Directrices prácticas y criterios de diseño accionables para pilotos del programa respecto a '¿Qué usos podemos recomendar como candidatos a pil...'. Validación (4/5): Protocolo formal con hipótesis falsable y umbrales cuantitativos definidos; acotado a 4/5 por validación estática sin ejecución de red. Total: 21/25."
JEV-X-024,2ef0c424ec1d27206c7b0b589aa58fb99c2955c19f37f29d815f538afc9d7c41,"Responder estrictamente a: ¿Qué auditoría final demuestra que cada recomendación de la guía está respaldada, acotada, evaluable y conectada con una decisión útil para nuestros proyectos?",Plantilla genérica P08-P18 previa reemplazada por análisis transversal de arquitectura y gobernanza,"Notebook Pilar X (7051ceed-3234-4060-96c5-93e0267212c1), docs.typesafe.ai, especificación transversal de gobernanza","Reconstrucción integral de respuesta, síntesis transversal rigurosa y autorrevisión",en_revision,5,4,4,4,4,Antigravity,pendiente,,9f290295e739fc8895fcc9655099d723abae04ccacd10eba765f740e564e79be,"Alcance (5/5): Delimitación exhaustiva para JEV-X-024: cubre límites operativos, arquitectura en diagrama de flujo y restricciones de negocio para '¿Qué auditoría final demuestra que cada recomendac...'. Evidencia (4/5): Contraste documental sólido con 4 fuentes catalogadas (SRC-0001, SRC-0005, SRC-0010, SRC-0039); penalizado a 4/5 por salida primaria de NotebookLM no preservada localmente. Exactitud (4/5): Contratos técnicos conformes con SDK 0.7.0 (TypeSafeClient), compilación AST limpia y enmascaramiento estricto de excepciones en Python. Utilidad (4/5): Guía metodológica aplicable para decisiones arquitectónicas en torno a '¿Qué auditoría final demuestra que cada recomendac...'. Validación (4/5): Protocolo formal con hipótesis falsable y umbrales cuantitativos definidos; acotado a 4/5 por validación estática sin ejecución de red. Total: 21/25."
