familia_o_par,archivo_1,archivo_2,pilar,similitud_jaccard,estado_umbral,observacion
Par intra-pilar P07: JEV-P07-004 vs JEV-P07-005,JEV-P07-004,JEV-P07-005,P07,0.1609,APROBADO (<0.50),Shingles compartidos: 532 de 3306 totales en ventana 5-gram.
Par intra-pilar P07: JEV-P07-004 vs JEV-P07-006,JEV-P07-004,JEV-P07-006,P07,0.1548,APROBADO (<0.50),Shingles compartidos: 530 de 3424 totales en ventana 5-gram.
Par intra-pilar P07: JEV-P07-004 vs JEV-P07-007,JEV-P07-004,JEV-P07-007,P07,0.1593,APROBADO (<0.50),Shingles compartidos: 533 de 3346 totales en ventana 5-gram.
Par intra-pilar P07: JEV-P07-004 vs JEV-P07-008,JEV-P07-004,JEV-P07-008,P07,0.1573,APROBADO (<0.50),Shingles compartidos: 536 de 3407 totales en ventana 5-gram.
Par intra-pilar P07: JEV-P07-004 vs JEV-P07-009,JEV-P07-004,JEV-P07-009,P07,0.1648,APROBADO (<0.50),Shingles compartidos: 540 de 3276 totales en ventana 5-gram.
Par intra-pilar P07: JEV-P07-004 vs JEV-P07-010,JEV-P07-004,JEV-P07-010,P07,0.1580,APROBADO (<0.50),Shingles compartidos: 532 de 3367 totales en ventana 5-gram.
Par intra-pilar P07: JEV-P07-004 vs JEV-P07-011,JEV-P07-004,JEV-P07-011,P07,0.1601,APROBADO (<0.50),Shingles compartidos: 534 de 3336 totales en ventana 5-gram.
Par intra-pilar P07: JEV-P07-004 vs JEV-P07-012,JEV-P07-004,JEV-P07-012,P07,0.1629,APROBADO (<0.50),Shingles compartidos: 539 de 3309 totales en ventana 5-gram.
Par intra-pilar P07: JEV-P07-004 vs JEV-P07-013,JEV-P07-004,JEV-P07-013,P07,0.1644,APROBADO (<0.50),Shingles compartidos: 529 de 3217 totales en ventana 5-gram.
Par intra-pilar P07: JEV-P07-004 vs JEV-P07-014,JEV-P07-004,JEV-P07-014,P07,0.1580,APROBADO (<0.50),Shingles compartidos: 531 de 3361 totales en ventana 5-gram.
Par intra-pilar P07: JEV-P07-004 vs JEV-P07-015,JEV-P07-004,JEV-P07-015,P07,0.1615,APROBADO (<0.50),Shingles compartidos: 539 de 3338 totales en ventana 5-gram.
Par intra-pilar P07: JEV-P07-004 vs JEV-P07-016,JEV-P07-004,JEV-P07-016,P07,0.1597,APROBADO (<0.50),Shingles compartidos: 531 de 3325 totales en ventana 5-gram.
Par intra-pilar P07: JEV-P07-004 vs JEV-P07-017,JEV-P07-004,JEV-P07-017,P07,0.1571,APROBADO (<0.50),Shingles compartidos: 533 de 3392 totales en ventana 5-gram.
Par intra-pilar P07: JEV-P07-004 vs JEV-P07-018,JEV-P07-004,JEV-P07-018,P07,0.1648,APROBADO (<0.50),Shingles compartidos: 531 de 3222 totales en ventana 5-gram.
Par intra-pilar P07: JEV-P07-004 vs JEV-P07-019,JEV-P07-004,JEV-P07-019,P07,0.1597,APROBADO (<0.50),Shingles compartidos: 536 de 3356 totales en ventana 5-gram.
Par intra-pilar P07: JEV-P07-004 vs JEV-P07-020,JEV-P07-004,JEV-P07-020,P07,0.1575,APROBADO (<0.50),Shingles compartidos: 530 de 3366 totales en ventana 5-gram.
Par intra-pilar P07: JEV-P07-005 vs JEV-P07-006,JEV-P07-005,JEV-P07-006,P07,0.1627,APROBADO (<0.50),Shingles compartidos: 543 de 3337 totales en ventana 5-gram.
Par intra-pilar P07: JEV-P07-005 vs JEV-P07-007,JEV-P07-005,JEV-P07-007,P07,0.1672,APROBADO (<0.50),Shingles compartidos: 545 de 3260 totales en ventana 5-gram.
Par intra-pilar P07: JEV-P07-005 vs JEV-P07-008,JEV-P07-005,JEV-P07-008,P07,0.1636,APROBADO (<0.50),Shingles compartidos: 544 de 3325 totales en ventana 5-gram.
Par intra-pilar P07: JEV-P07-005 vs JEV-P07-009,JEV-P07-005,JEV-P07-009,P07,0.1683,APROBADO (<0.50),Shingles compartidos: 539 de 3203 totales en ventana 5-gram.
Par intra-pilar P07: JEV-P07-005 vs JEV-P07-010,JEV-P07-005,JEV-P07-010,P07,0.1637,APROBADO (<0.50),Shingles compartidos: 538 de 3287 totales en ventana 5-gram.
Par intra-pilar P07: JEV-P07-005 vs JEV-P07-011,JEV-P07-005,JEV-P07-011,P07,0.1669,APROBADO (<0.50),Shingles compartidos: 543 de 3253 totales en ventana 5-gram.
Par intra-pilar P07: JEV-P07-005 vs JEV-P07-012,JEV-P07-005,JEV-P07-012,P07,0.1702,APROBADO (<0.50),Shingles compartidos: 549 de 3225 totales en ventana 5-gram.
Par intra-pilar P07: JEV-P07-005 vs JEV-P07-013,JEV-P07-005,JEV-P07-013,P07,0.1720,APROBADO (<0.50),Shingles compartidos: 539 de 3133 totales en ventana 5-gram.
Par intra-pilar P07: JEV-P07-005 vs JEV-P07-014,JEV-P07-005,JEV-P07-014,P07,0.1669,APROBADO (<0.50),Shingles compartidos: 546 de 3272 totales en ventana 5-gram.
Par intra-pilar P07: JEV-P07-005 vs JEV-P07-015,JEV-P07-005,JEV-P07-015,P07,0.1687,APROBADO (<0.50),Shingles compartidos: 549 de 3254 totales en ventana 5-gram.
Par intra-pilar P07: JEV-P07-005 vs JEV-P07-016,JEV-P07-005,JEV-P07-016,P07,0.1673,APROBADO (<0.50),Shingles compartidos: 542 de 3240 totales en ventana 5-gram.
Par intra-pilar P07: JEV-P07-005 vs JEV-P07-017,JEV-P07-005,JEV-P07-017,P07,0.1659,APROBADO (<0.50),Shingles compartidos: 548 de 3303 totales en ventana 5-gram.
Par intra-pilar P07: JEV-P07-005 vs JEV-P07-018,JEV-P07-005,JEV-P07-018,P07,0.1702,APROBADO (<0.50),Shingles compartidos: 535 de 3144 totales en ventana 5-gram.
Par intra-pilar P07: JEV-P07-005 vs JEV-P07-019,JEV-P07-005,JEV-P07-019,P07,0.1637,APROBADO (<0.50),Shingles compartidos: 537 de 3281 totales en ventana 5-gram.
Par intra-pilar P07: JEV-P07-005 vs JEV-P07-020,JEV-P07-005,JEV-P07-020,P07,0.1660,APROBADO (<0.50),Shingles compartidos: 544 de 3278 totales en ventana 5-gram.
Par intra-pilar P07: JEV-P07-006 vs JEV-P07-007,JEV-P07-006,JEV-P07-007,P07,0.1673,APROBADO (<0.50),Shingles compartidos: 562 de 3359 totales en ventana 5-gram.
Par intra-pilar P07: JEV-P07-006 vs JEV-P07-008,JEV-P07-006,JEV-P07-008,P07,0.1666,APROBADO (<0.50),Shingles compartidos: 569 de 3416 totales en ventana 5-gram.
Par intra-pilar P07: JEV-P07-006 vs JEV-P07-009,JEV-P07-006,JEV-P07-009,P07,0.1659,APROBADO (<0.50),Shingles compartidos: 549 de 3309 totales en ventana 5-gram.
Par intra-pilar P07: JEV-P07-006 vs JEV-P07-010,JEV-P07-006,JEV-P07-010,P07,0.1649,APROBADO (<0.50),Shingles compartidos: 558 de 3383 totales en ventana 5-gram.
Par intra-pilar P07: JEV-P07-006 vs JEV-P07-011,JEV-P07-006,JEV-P07-011,P07,0.1626,APROBADO (<0.50),Shingles compartidos: 547 de 3365 totales en ventana 5-gram.
Par intra-pilar P07: JEV-P07-006 vs JEV-P07-012,JEV-P07-006,JEV-P07-012,P07,0.1671,APROBADO (<0.50),Shingles compartidos: 557 de 3333 totales en ventana 5-gram.
Par intra-pilar P07: JEV-P07-006 vs JEV-P07-013,JEV-P07-006,JEV-P07-013,P07,0.1684,APROBADO (<0.50),Shingles compartidos: 546 de 3242 totales en ventana 5-gram.
Par intra-pilar P07: JEV-P07-006 vs JEV-P07-014,JEV-P07-006,JEV-P07-014,P07,0.1574,APROBADO (<0.50),Shingles compartidos: 535 de 3399 totales en ventana 5-gram.
Par intra-pilar P07: JEV-P07-006 vs JEV-P07-015,JEV-P07-006,JEV-P07-015,P07,0.1646,APROBADO (<0.50),Shingles compartidos: 554 de 3365 totales en ventana 5-gram.
Par intra-pilar P07: JEV-P07-006 vs JEV-P07-016,JEV-P07-006,JEV-P07-016,P07,0.1615,APROBADO (<0.50),Shingles compartidos: 542 de 3356 totales en ventana 5-gram.
Par intra-pilar P07: JEV-P07-006 vs JEV-P07-017,JEV-P07-006,JEV-P07-017,P07,0.1627,APROBADO (<0.50),Shingles compartidos: 555 de 3412 totales en ventana 5-gram.
Par intra-pilar P07: JEV-P07-006 vs JEV-P07-018,JEV-P07-006,JEV-P07-018,P07,0.1627,APROBADO (<0.50),Shingles compartidos: 531 de 3264 totales en ventana 5-gram.
Par intra-pilar P07: JEV-P07-006 vs JEV-P07-019,JEV-P07-006,JEV-P07-019,P07,0.1584,APROBADO (<0.50),Shingles compartidos: 538 de 3396 totales en ventana 5-gram.
Par intra-pilar P07: JEV-P07-006 vs JEV-P07-020,JEV-P07-006,JEV-P07-020,P07,0.1565,APROBADO (<0.50),Shingles compartidos: 533 de 3405 totales en ventana 5-gram.
Par intra-pilar P07: JEV-P07-007 vs JEV-P07-008,JEV-P07-007,JEV-P07-008,P07,0.1665,APROBADO (<0.50),Shingles compartidos: 558 de 3352 totales en ventana 5-gram.
Par intra-pilar P07: JEV-P07-007 vs JEV-P07-009,JEV-P07-007,JEV-P07-009,P07,0.1723,APROBADO (<0.50),Shingles compartidos: 556 de 3227 totales en ventana 5-gram.
Par intra-pilar P07: JEV-P07-007 vs JEV-P07-010,JEV-P07-007,JEV-P07-010,P07,0.1648,APROBADO (<0.50),Shingles compartidos: 547 de 3319 totales en ventana 5-gram.
Par intra-pilar P07: JEV-P07-007 vs JEV-P07-011,JEV-P07-007,JEV-P07-011,P07,0.1645,APROBADO (<0.50),Shingles compartidos: 542 de 3295 totales en ventana 5-gram.
Par intra-pilar P07: JEV-P07-007 vs JEV-P07-012,JEV-P07-007,JEV-P07-012,P07,0.1652,APROBADO (<0.50),Shingles compartidos: 541 de 3274 totales en ventana 5-gram.
Par intra-pilar P07: JEV-P07-007 vs JEV-P07-013,JEV-P07-007,JEV-P07-013,P07,0.1724,APROBADO (<0.50),Shingles compartidos: 546 de 3167 totales en ventana 5-gram.
Par intra-pilar P07: JEV-P07-007 vs JEV-P07-014,JEV-P07-007,JEV-P07-014,P07,0.1641,APROBADO (<0.50),Shingles compartidos: 544 de 3315 totales en ventana 5-gram.
Par intra-pilar P07: JEV-P07-007 vs JEV-P07-015,JEV-P07-007,JEV-P07-015,P07,0.1641,APROBADO (<0.50),Shingles compartidos: 542 de 3302 totales en ventana 5-gram.
Par intra-pilar P07: JEV-P07-007 vs JEV-P07-016,JEV-P07-007,JEV-P07-016,P07,0.1648,APROBADO (<0.50),Shingles compartidos: 541 de 3282 totales en ventana 5-gram.
Par intra-pilar P07: JEV-P07-007 vs JEV-P07-017,JEV-P07-007,JEV-P07-017,P07,0.1649,APROBADO (<0.50),Shingles compartidos: 551 de 3341 totales en ventana 5-gram.
Par intra-pilar P07: JEV-P07-007 vs JEV-P07-018,JEV-P07-007,JEV-P07-018,P07,0.1702,APROBADO (<0.50),Shingles compartidos: 541 de 3179 totales en ventana 5-gram.
Par intra-pilar P07: JEV-P07-007 vs JEV-P07-019,JEV-P07-007,JEV-P07-019,P07,0.1616,APROBADO (<0.50),Shingles compartidos: 537 de 3322 totales en ventana 5-gram.
Par intra-pilar P07: JEV-P07-007 vs JEV-P07-020,JEV-P07-007,JEV-P07-020,P07,0.1618,APROBADO (<0.50),Shingles compartidos: 538 de 3325 totales en ventana 5-gram.
Par intra-pilar P07: JEV-P07-008 vs JEV-P07-009,JEV-P07-008,JEV-P07-009,P07,0.1661,APROBADO (<0.50),Shingles compartidos: 548 de 3299 totales en ventana 5-gram.
Par intra-pilar P07: JEV-P07-008 vs JEV-P07-010,JEV-P07-008,JEV-P07-010,P07,0.1644,APROBADO (<0.50),Shingles compartidos: 555 de 3375 totales en ventana 5-gram.
Par intra-pilar P07: JEV-P07-008 vs JEV-P07-011,JEV-P07-008,JEV-P07-011,P07,0.1607,APROBADO (<0.50),Shingles compartidos: 540 de 3361 totales en ventana 5-gram.
Par intra-pilar P07: JEV-P07-008 vs JEV-P07-012,JEV-P07-008,JEV-P07-012,P07,0.1652,APROBADO (<0.50),Shingles compartidos: 550 de 3329 totales en ventana 5-gram.
Par intra-pilar P07: JEV-P07-008 vs JEV-P07-013,JEV-P07-008,JEV-P07-013,P07,0.1693,APROBADO (<0.50),Shingles compartidos: 547 de 3230 totales en ventana 5-gram.
Par intra-pilar P07: JEV-P07-008 vs JEV-P07-014,JEV-P07-008,JEV-P07-014,P07,0.1593,APROBADO (<0.50),Shingles compartidos: 539 de 3384 totales en ventana 5-gram.
Par intra-pilar P07: JEV-P07-008 vs JEV-P07-015,JEV-P07-008,JEV-P07-015,P07,0.1593,APROBADO (<0.50),Shingles compartidos: 537 de 3371 totales en ventana 5-gram.
Par intra-pilar P07: JEV-P07-008 vs JEV-P07-016,JEV-P07-008,JEV-P07-016,P07,0.1634,APROBADO (<0.50),Shingles compartidos: 546 de 3341 totales en ventana 5-gram.
Par intra-pilar P07: JEV-P07-008 vs JEV-P07-017,JEV-P07-008,JEV-P07-017,P07,0.1622,APROBADO (<0.50),Shingles compartidos: 552 de 3404 totales en ventana 5-gram.
Par intra-pilar P07: JEV-P07-008 vs JEV-P07-018,JEV-P07-008,JEV-P07-018,P07,0.1643,APROBADO (<0.50),Shingles compartidos: 534 de 3250 totales en ventana 5-gram.
Par intra-pilar P07: JEV-P07-008 vs JEV-P07-019,JEV-P07-008,JEV-P07-019,P07,0.1620,APROBADO (<0.50),Shingles compartidos: 547 de 3376 totales en ventana 5-gram.
Par intra-pilar P07: JEV-P07-008 vs JEV-P07-020,JEV-P07-008,JEV-P07-020,P07,0.1618,APROBADO (<0.50),Shingles compartidos: 547 de 3380 totales en ventana 5-gram.
Par intra-pilar P07: JEV-P07-009 vs JEV-P07-010,JEV-P07-009,JEV-P07-010,P07,0.1694,APROBADO (<0.50),Shingles compartidos: 551 de 3252 totales en ventana 5-gram.
Par intra-pilar P07: JEV-P07-009 vs JEV-P07-011,JEV-P07-009,JEV-P07-011,P07,0.1691,APROBADO (<0.50),Shingles compartidos: 546 de 3228 totales en ventana 5-gram.
Par intra-pilar P07: JEV-P07-009 vs JEV-P07-012,JEV-P07-009,JEV-P07-012,P07,0.1754,APROBADO (<0.50),Shingles compartidos: 560 de 3192 totales en ventana 5-gram.
Par intra-pilar P07: JEV-P07-009 vs JEV-P07-013,JEV-P07-009,JEV-P07-013,P07,0.1721,APROBADO (<0.50),Shingles compartidos: 536 de 3114 totales en ventana 5-gram.
Par intra-pilar P07: JEV-P07-009 vs JEV-P07-014,JEV-P07-009,JEV-P07-014,P07,0.1676,APROBADO (<0.50),Shingles compartidos: 545 de 3251 totales en ventana 5-gram.
Par intra-pilar P07: JEV-P07-009 vs JEV-P07-015,JEV-P07-009,JEV-P07-015,P07,0.1684,APROBADO (<0.50),Shingles compartidos: 545 de 3236 totales en ventana 5-gram.
Par intra-pilar P07: JEV-P07-009 vs JEV-P07-016,JEV-P07-009,JEV-P07-016,P07,0.1663,APROBADO (<0.50),Shingles compartidos: 536 de 3224 totales en ventana 5-gram.
Par intra-pilar P07: JEV-P07-009 vs JEV-P07-017,JEV-P07-009,JEV-P07-017,P07,0.1656,APROBADO (<0.50),Shingles compartidos: 544 de 3285 totales en ventana 5-gram.
Par intra-pilar P07: JEV-P07-009 vs JEV-P07-018,JEV-P07-009,JEV-P07-018,P07,0.1721,APROBADO (<0.50),Shingles compartidos: 537 de 3120 totales en ventana 5-gram.
Par intra-pilar P07: JEV-P07-009 vs JEV-P07-019,JEV-P07-009,JEV-P07-019,P07,0.1626,APROBADO (<0.50),Shingles compartidos: 531 de 3265 totales en ventana 5-gram.
Par intra-pilar P07: JEV-P07-009 vs JEV-P07-020,JEV-P07-009,JEV-P07-020,P07,0.1646,APROBADO (<0.50),Shingles compartidos: 537 de 3263 totales en ventana 5-gram.
Par intra-pilar P07: JEV-P07-010 vs JEV-P07-011,JEV-P07-010,JEV-P07-011,P07,0.1639,APROBADO (<0.50),Shingles compartidos: 543 de 3314 totales en ventana 5-gram.
Par intra-pilar P07: JEV-P07-010 vs JEV-P07-012,JEV-P07-010,JEV-P07-012,P07,0.1692,APROBADO (<0.50),Shingles compartidos: 555 de 3280 totales en ventana 5-gram.
Par intra-pilar P07: JEV-P07-010 vs JEV-P07-013,JEV-P07-010,JEV-P07-013,P07,0.1680,APROBADO (<0.50),Shingles compartidos: 537 de 3196 totales en ventana 5-gram.
Par intra-pilar P07: JEV-P07-010 vs JEV-P07-014,JEV-P07-010,JEV-P07-014,P07,0.1603,APROBADO (<0.50),Shingles compartidos: 536 de 3343 totales en ventana 5-gram.
Par intra-pilar P07: JEV-P07-010 vs JEV-P07-015,JEV-P07-010,JEV-P07-015,P07,0.1635,APROBADO (<0.50),Shingles compartidos: 543 de 3321 totales en ventana 5-gram.
Par intra-pilar P07: JEV-P07-010 vs JEV-P07-016,JEV-P07-010,JEV-P07-016,P07,0.1621,APROBADO (<0.50),Shingles compartidos: 536 de 3307 totales en ventana 5-gram.
Par intra-pilar P07: JEV-P07-010 vs JEV-P07-017,JEV-P07-010,JEV-P07-017,P07,0.1619,APROBADO (<0.50),Shingles compartidos: 545 de 3367 totales en ventana 5-gram.
Par intra-pilar P07: JEV-P07-010 vs JEV-P07-018,JEV-P07-010,JEV-P07-018,P07,0.1644,APROBADO (<0.50),Shingles compartidos: 528 de 3212 totales en ventana 5-gram.
Par intra-pilar P07: JEV-P07-010 vs JEV-P07-019,JEV-P07-010,JEV-P07-019,P07,0.1589,APROBADO (<0.50),Shingles compartidos: 532 de 3347 totales en ventana 5-gram.
Par intra-pilar P07: JEV-P07-010 vs JEV-P07-020,JEV-P07-010,JEV-P07-020,P07,0.1615,APROBADO (<0.50),Shingles compartidos: 540 de 3343 totales en ventana 5-gram.
Par intra-pilar P07: JEV-P07-011 vs JEV-P07-012,JEV-P07-011,JEV-P07-012,P07,0.1696,APROBADO (<0.50),Shingles compartidos: 552 de 3254 totales en ventana 5-gram.
Par intra-pilar P07: JEV-P07-011 vs JEV-P07-013,JEV-P07-011,JEV-P07-013,P07,0.1685,APROBADO (<0.50),Shingles compartidos: 534 de 3170 totales en ventana 5-gram.
Par intra-pilar P07: JEV-P07-011 vs JEV-P07-014,JEV-P07-011,JEV-P07-014,P07,0.1635,APROBADO (<0.50),Shingles compartidos: 541 de 3309 totales en ventana 5-gram.
Par intra-pilar P07: JEV-P07-011 vs JEV-P07-015,JEV-P07-011,JEV-P07-015,P07,0.1681,APROBADO (<0.50),Shingles compartidos: 552 de 3283 totales en ventana 5-gram.
Par intra-pilar P07: JEV-P07-011 vs JEV-P07-016,JEV-P07-011,JEV-P07-016,P07,0.1642,APROBADO (<0.50),Shingles compartidos: 538 de 3276 totales en ventana 5-gram.
Par intra-pilar P07: JEV-P07-011 vs JEV-P07-017,JEV-P07-011,JEV-P07-017,P07,0.1657,APROBADO (<0.50),Shingles compartidos: 552 de 3331 totales en ventana 5-gram.
Par intra-pilar P07: JEV-P07-011 vs JEV-P07-018,JEV-P07-011,JEV-P07-018,P07,0.1714,APROBADO (<0.50),Shingles compartidos: 543 de 3168 totales en ventana 5-gram.
Par intra-pilar P07: JEV-P07-011 vs JEV-P07-019,JEV-P07-011,JEV-P07-019,P07,0.1645,APROBADO (<0.50),Shingles compartidos: 544 de 3306 totales en ventana 5-gram.
Par intra-pilar P07: JEV-P07-011 vs JEV-P07-020,JEV-P07-011,JEV-P07-020,P07,0.1636,APROBADO (<0.50),Shingles compartidos: 542 de 3312 totales en ventana 5-gram.
Par intra-pilar P07: JEV-P07-012 vs JEV-P07-013,JEV-P07-012,JEV-P07-013,P07,0.1704,APROBADO (<0.50),Shingles compartidos: 536 de 3146 totales en ventana 5-gram.
Par intra-pilar P07: JEV-P07-012 vs JEV-P07-014,JEV-P07-012,JEV-P07-014,P07,0.1685,APROBADO (<0.50),Shingles compartidos: 552 de 3276 totales en ventana 5-gram.
Par intra-pilar P07: JEV-P07-012 vs JEV-P07-015,JEV-P07-012,JEV-P07-015,P07,0.1678,APROBADO (<0.50),Shingles compartidos: 548 de 3265 totales en ventana 5-gram.
Par intra-pilar P07: JEV-P07-012 vs JEV-P07-016,JEV-P07-012,JEV-P07-016,P07,0.1646,APROBADO (<0.50),Shingles compartidos: 536 de 3256 totales en ventana 5-gram.
Par intra-pilar P07: JEV-P07-012 vs JEV-P07-017,JEV-P07-012,JEV-P07-017,P07,0.1675,APROBADO (<0.50),Shingles compartidos: 554 de 3307 totales en ventana 5-gram.
Par intra-pilar P07: JEV-P07-012 vs JEV-P07-018,JEV-P07-012,JEV-P07-018,P07,0.1696,APROBADO (<0.50),Shingles compartidos: 535 de 3154 totales en ventana 5-gram.
Par intra-pilar P07: JEV-P07-012 vs JEV-P07-019,JEV-P07-012,JEV-P07-019,P07,0.1646,APROBADO (<0.50),Shingles compartidos: 541 de 3287 totales en ventana 5-gram.
Par intra-pilar P07: JEV-P07-012 vs JEV-P07-020,JEV-P07-012,JEV-P07-020,P07,0.1630,APROBADO (<0.50),Shingles compartidos: 537 de 3295 totales en ventana 5-gram.
Par intra-pilar P07: JEV-P07-013 vs JEV-P07-014,JEV-P07-013,JEV-P07-014,P07,0.1680,APROBADO (<0.50),Shingles compartidos: 536 de 3190 totales en ventana 5-gram.
Par intra-pilar P07: JEV-P07-013 vs JEV-P07-015,JEV-P07-013,JEV-P07-015,P07,0.1688,APROBADO (<0.50),Shingles compartidos: 536 de 3175 totales en ventana 5-gram.
Par intra-pilar P07: JEV-P07-013 vs JEV-P07-016,JEV-P07-013,JEV-P07-016,P07,0.1699,APROBADO (<0.50),Shingles compartidos: 536 de 3154 totales en ventana 5-gram.
Par intra-pilar P07: JEV-P07-013 vs JEV-P07-017,JEV-P07-013,JEV-P07-017,P07,0.1681,APROBADO (<0.50),Shingles compartidos: 541 de 3218 totales en ventana 5-gram.
Par intra-pilar P07: JEV-P07-013 vs JEV-P07-018,JEV-P07-013,JEV-P07-018,P07,0.1730,APROBADO (<0.50),Shingles compartidos: 529 de 3058 totales en ventana 5-gram.
Par intra-pilar P07: JEV-P07-013 vs JEV-P07-019,JEV-P07-013,JEV-P07-019,P07,0.1673,APROBADO (<0.50),Shingles compartidos: 534 de 3192 totales en ventana 5-gram.
Par intra-pilar P07: JEV-P07-013 vs JEV-P07-020,JEV-P07-013,JEV-P07-020,P07,0.1660,APROBADO (<0.50),Shingles compartidos: 531 de 3199 totales en ventana 5-gram.
Par intra-pilar P07: JEV-P07-014 vs JEV-P07-015,JEV-P07-014,JEV-P07-015,P07,0.1635,APROBADO (<0.50),Shingles compartidos: 542 de 3315 totales en ventana 5-gram.
Par intra-pilar P07: JEV-P07-014 vs JEV-P07-016,JEV-P07-014,JEV-P07-016,P07,0.1607,APROBADO (<0.50),Shingles compartidos: 531 de 3305 totales en ventana 5-gram.
Par intra-pilar P07: JEV-P07-014 vs JEV-P07-017,JEV-P07-014,JEV-P07-017,P07,0.1608,APROBADO (<0.50),Shingles compartidos: 541 de 3364 totales en ventana 5-gram.
Par intra-pilar P07: JEV-P07-014 vs JEV-P07-018,JEV-P07-014,JEV-P07-018,P07,0.1695,APROBADO (<0.50),Shingles compartidos: 541 de 3192 totales en ventana 5-gram.
Par intra-pilar P07: JEV-P07-014 vs JEV-P07-019,JEV-P07-014,JEV-P07-019,P07,0.1596,APROBADO (<0.50),Shingles compartidos: 533 de 3339 totales en ventana 5-gram.
Par intra-pilar P07: JEV-P07-014 vs JEV-P07-020,JEV-P07-014,JEV-P07-020,P07,0.1629,APROBADO (<0.50),Shingles compartidos: 543 de 3333 totales en ventana 5-gram.
Par intra-pilar P07: JEV-P07-015 vs JEV-P07-016,JEV-P07-015,JEV-P07-016,P07,0.1632,APROBADO (<0.50),Shingles compartidos: 536 de 3285 totales en ventana 5-gram.
Par intra-pilar P07: JEV-P07-015 vs JEV-P07-017,JEV-P07-015,JEV-P07-017,P07,0.1622,APROBADO (<0.50),Shingles compartidos: 543 de 3347 totales en ventana 5-gram.
Par intra-pilar P07: JEV-P07-015 vs JEV-P07-018,JEV-P07-015,JEV-P07-018,P07,0.1684,APROBADO (<0.50),Shingles compartidos: 536 de 3182 totales en ventana 5-gram.
Par intra-pilar P07: JEV-P07-015 vs JEV-P07-019,JEV-P07-015,JEV-P07-019,P07,0.1617,APROBADO (<0.50),Shingles compartidos: 537 de 3320 totales en ventana 5-gram.
Par intra-pilar P07: JEV-P07-015 vs JEV-P07-020,JEV-P07-015,JEV-P07-020,P07,0.1616,APROBADO (<0.50),Shingles compartidos: 537 de 3324 totales en ventana 5-gram.
Par intra-pilar P07: JEV-P07-016 vs JEV-P07-017,JEV-P07-016,JEV-P07-017,P07,0.1629,APROBADO (<0.50),Shingles compartidos: 542 de 3327 totales en ventana 5-gram.
Par intra-pilar P07: JEV-P07-016 vs JEV-P07-018,JEV-P07-016,JEV-P07-018,P07,0.1718,APROBADO (<0.50),Shingles compartidos: 542 de 3155 totales en ventana 5-gram.
Par intra-pilar P07: JEV-P07-016 vs JEV-P07-019,JEV-P07-016,JEV-P07-019,P07,0.1692,APROBADO (<0.50),Shingles compartidos: 555 de 3281 totales en ventana 5-gram.
Par intra-pilar P07: JEV-P07-016 vs JEV-P07-020,JEV-P07-016,JEV-P07-020,P07,0.1619,APROBADO (<0.50),Shingles compartidos: 535 de 3305 totales en ventana 5-gram.
Par intra-pilar P07: JEV-P07-017 vs JEV-P07-018,JEV-P07-017,JEV-P07-018,P07,0.1692,APROBADO (<0.50),Shingles compartidos: 545 de 3221 totales en ventana 5-gram.
Par intra-pilar P07: JEV-P07-017 vs JEV-P07-019,JEV-P07-017,JEV-P07-019,P07,0.1646,APROBADO (<0.50),Shingles compartidos: 552 de 3353 totales en ventana 5-gram.
Par intra-pilar P07: JEV-P07-017 vs JEV-P07-020,JEV-P07-017,JEV-P07-020,P07,0.1586,APROBADO (<0.50),Shingles compartidos: 535 de 3374 totales en ventana 5-gram.
Par intra-pilar P07: JEV-P07-018 vs JEV-P07-019,JEV-P07-018,JEV-P07-019,P07,0.1684,APROBADO (<0.50),Shingles compartidos: 538 de 3195 totales en ventana 5-gram.
Par intra-pilar P07: JEV-P07-018 vs JEV-P07-020,JEV-P07-018,JEV-P07-020,P07,0.1685,APROBADO (<0.50),Shingles compartidos: 539 de 3198 totales en ventana 5-gram.
Par intra-pilar P07: JEV-P07-019 vs JEV-P07-020,JEV-P07-019,JEV-P07-020,P07,0.1581,APROBADO (<0.50),Shingles compartidos: 529 de 3347 totales en ventana 5-gram.
Par intra-pilar P08: JEV-P08-001 vs JEV-P08-002,JEV-P08-001,JEV-P08-002,P08,0.4356,APROBADO (<0.50),Shingles compartidos: 301 de 691 totales en ventana 5-gram.
Par intra-pilar P08: JEV-P08-001 vs JEV-P08-003,JEV-P08-001,JEV-P08-003,P08,0.4317,APROBADO (<0.50),Shingles compartidos: 300 de 695 totales en ventana 5-gram.
Par intra-pilar P08: JEV-P08-001 vs JEV-P08-004,JEV-P08-001,JEV-P08-004,P08,0.4304,APROBADO (<0.50),Shingles compartidos: 300 de 697 totales en ventana 5-gram.
Par intra-pilar P08: JEV-P08-001 vs JEV-P08-005,JEV-P08-001,JEV-P08-005,P08,0.4402,APROBADO (<0.50),Shingles compartidos: 302 de 686 totales en ventana 5-gram.
Par intra-pilar P08: JEV-P08-001 vs JEV-P08-006,JEV-P08-001,JEV-P08-006,P08,0.4255,APROBADO (<0.50),Shingles compartidos: 297 de 698 totales en ventana 5-gram.
Par intra-pilar P08: JEV-P08-001 vs JEV-P08-007,JEV-P08-001,JEV-P08-007,P08,0.4329,APROBADO (<0.50),Shingles compartidos: 300 de 693 totales en ventana 5-gram.
Par intra-pilar P08: JEV-P08-001 vs JEV-P08-008,JEV-P08-001,JEV-P08-008,P08,0.4213,APROBADO (<0.50),Shingles compartidos: 300 de 712 totales en ventana 5-gram.
Par intra-pilar P08: JEV-P08-001 vs JEV-P08-009,JEV-P08-001,JEV-P08-009,P08,0.4425,APROBADO (<0.50),Shingles compartidos: 300 de 678 totales en ventana 5-gram.
Par intra-pilar P08: JEV-P08-001 vs JEV-P08-010,JEV-P08-001,JEV-P08-010,P08,0.4404,APROBADO (<0.50),Shingles compartidos: 299 de 679 totales en ventana 5-gram.
Par intra-pilar P08: JEV-P08-001 vs JEV-P08-011,JEV-P08-001,JEV-P08-011,P08,0.4255,APROBADO (<0.50),Shingles compartidos: 297 de 698 totales en ventana 5-gram.
Par intra-pilar P08: JEV-P08-001 vs JEV-P08-012,JEV-P08-001,JEV-P08-012,P08,0.4462,APROBADO (<0.50),Shingles compartidos: 303 de 679 totales en ventana 5-gram.
Par intra-pilar P08: JEV-P08-001 vs JEV-P08-013,JEV-P08-001,JEV-P08-013,P08,0.4308,APROBADO (<0.50),Shingles compartidos: 299 de 694 totales en ventana 5-gram.
Par intra-pilar P08: JEV-P08-001 vs JEV-P08-014,JEV-P08-001,JEV-P08-014,P08,0.4317,APROBADO (<0.50),Shingles compartidos: 297 de 688 totales en ventana 5-gram.
Par intra-pilar P08: JEV-P08-001 vs JEV-P08-015,JEV-P08-001,JEV-P08-015,P08,0.4340,APROBADO (<0.50),Shingles compartidos: 299 de 689 totales en ventana 5-gram.
Par intra-pilar P08: JEV-P08-001 vs JEV-P08-016,JEV-P08-001,JEV-P08-016,P08,0.4362,APROBADO (<0.50),Shingles compartidos: 301 de 690 totales en ventana 5-gram.
Par intra-pilar P08: JEV-P08-001 vs JEV-P08-017,JEV-P08-001,JEV-P08-017,P08,0.4225,APROBADO (<0.50),Shingles compartidos: 297 de 703 totales en ventana 5-gram.
Par intra-pilar P08: JEV-P08-001 vs JEV-P08-018,JEV-P08-001,JEV-P08-018,P08,0.4306,APROBADO (<0.50),Shingles compartidos: 301 de 699 totales en ventana 5-gram.
Par intra-pilar P08: JEV-P08-001 vs JEV-P08-019,JEV-P08-001,JEV-P08-019,P08,0.4438,APROBADO (<0.50),Shingles compartidos: 300 de 676 totales en ventana 5-gram.
Par intra-pilar P08: JEV-P08-001 vs JEV-P08-020,JEV-P08-001,JEV-P08-020,P08,0.4360,APROBADO (<0.50),Shingles compartidos: 300 de 688 totales en ventana 5-gram.
Par intra-pilar P08: JEV-P08-002 vs JEV-P08-003,JEV-P08-002,JEV-P08-003,P08,0.4363,APROBADO (<0.50),Shingles compartidos: 298 de 683 totales en ventana 5-gram.
Par intra-pilar P08: JEV-P08-002 vs JEV-P08-004,JEV-P08-002,JEV-P08-004,P08,0.4329,APROBADO (<0.50),Shingles compartidos: 297 de 686 totales en ventana 5-gram.
Par intra-pilar P08: JEV-P08-002 vs JEV-P08-005,JEV-P08-002,JEV-P08-005,P08,0.4494,APROBADO (<0.50),Shingles compartidos: 302 de 672 totales en ventana 5-gram.
Par intra-pilar P08: JEV-P08-002 vs JEV-P08-006,JEV-P08-002,JEV-P08-006,P08,0.4384,APROBADO (<0.50),Shingles compartidos: 299 de 682 totales en ventana 5-gram.
Par intra-pilar P08: JEV-P08-002 vs JEV-P08-007,JEV-P08-002,JEV-P08-007,P08,0.4355,APROBADO (<0.50),Shingles compartidos: 297 de 682 totales en ventana 5-gram.
Par intra-pilar P08: JEV-P08-002 vs JEV-P08-008,JEV-P08-002,JEV-P08-008,P08,0.4257,APROBADO (<0.50),Shingles compartidos: 298 de 700 totales en ventana 5-gram.
Par intra-pilar P08: JEV-P08-002 vs JEV-P08-009,JEV-P08-002,JEV-P08-009,P08,0.4562,APROBADO (<0.50),Shingles compartidos: 302 de 662 totales en ventana 5-gram.
Par intra-pilar P08: JEV-P08-002 vs JEV-P08-010,JEV-P08-002,JEV-P08-010,P08,0.4474,APROBADO (<0.50),Shingles compartidos: 298 de 666 totales en ventana 5-gram.
Par intra-pilar P08: JEV-P08-002 vs JEV-P08-011,JEV-P08-002,JEV-P08-011,P08,0.4363,APROBADO (<0.50),Shingles compartidos: 298 de 683 totales en ventana 5-gram.
Par intra-pilar P08: JEV-P08-002 vs JEV-P08-012,JEV-P08-002,JEV-P08-012,P08,0.4556,APROBADO (<0.50),Shingles compartidos: 303 de 665 totales en ventana 5-gram.
Par intra-pilar P08: JEV-P08-002 vs JEV-P08-013,JEV-P08-002,JEV-P08-013,P08,0.4355,APROBADO (<0.50),Shingles compartidos: 297 de 682 totales en ventana 5-gram.
Par intra-pilar P08: JEV-P08-002 vs JEV-P08-014,JEV-P08-002,JEV-P08-014,P08,0.4449,APROBADO (<0.50),Shingles compartidos: 299 de 672 totales en ventana 5-gram.
Par intra-pilar P08: JEV-P08-002 vs JEV-P08-015,JEV-P08-002,JEV-P08-015,P08,0.4387,APROBADO (<0.50),Shingles compartidos: 297 de 677 totales en ventana 5-gram.
Par intra-pilar P08: JEV-P08-002 vs JEV-P08-016,JEV-P08-002,JEV-P08-016,P08,0.4496,APROBADO (<0.50),Shingles compartidos: 303 de 674 totales en ventana 5-gram.
Par intra-pilar P08: JEV-P08-002 vs JEV-P08-017,JEV-P08-002,JEV-P08-017,P08,0.4311,APROBADO (<0.50),Shingles compartidos: 297 de 689 totales en ventana 5-gram.
Par intra-pilar P08: JEV-P08-002 vs JEV-P08-018,JEV-P08-002,JEV-P08-018,P08,0.4394,APROBADO (<0.50),Shingles compartidos: 301 de 685 totales en ventana 5-gram.
Par intra-pilar P08: JEV-P08-002 vs JEV-P08-019,JEV-P08-002,JEV-P08-019,P08,0.4620,APROBADO (<0.50),Shingles compartidos: 304 de 658 totales en ventana 5-gram.
Par intra-pilar P08: JEV-P08-002 vs JEV-P08-020,JEV-P08-002,JEV-P08-020,P08,0.4451,APROBADO (<0.50),Shingles compartidos: 300 de 674 totales en ventana 5-gram.
Par intra-pilar P08: JEV-P08-003 vs JEV-P08-004,JEV-P08-003,JEV-P08-004,P08,0.4415,APROBADO (<0.50),Shingles compartidos: 302 de 684 totales en ventana 5-gram.
Par intra-pilar P08: JEV-P08-003 vs JEV-P08-005,JEV-P08-003,JEV-P08-005,P08,0.4368,APROBADO (<0.50),Shingles compartidos: 297 de 680 totales en ventana 5-gram.
Par intra-pilar P08: JEV-P08-003 vs JEV-P08-006,JEV-P08-003,JEV-P08-006,P08,0.4323,APROBADO (<0.50),Shingles compartidos: 297 de 687 totales en ventana 5-gram.
Par intra-pilar P08: JEV-P08-003 vs JEV-P08-007,JEV-P08-003,JEV-P08-007,P08,0.4441,APROBADO (<0.50),Shingles compartidos: 302 de 680 totales en ventana 5-gram.
Par intra-pilar P08: JEV-P08-003 vs JEV-P08-008,JEV-P08-003,JEV-P08-008,P08,0.4341,APROBADO (<0.50),Shingles compartidos: 303 de 698 totales en ventana 5-gram.
Par intra-pilar P08: JEV-P08-003 vs JEV-P08-009,JEV-P08-003,JEV-P08-009,P08,0.4433,APROBADO (<0.50),Shingles compartidos: 297 de 670 totales en ventana 5-gram.
Par intra-pilar P08: JEV-P08-003 vs JEV-P08-010,JEV-P08-003,JEV-P08-010,P08,0.4541,APROBADO (<0.50),Shingles compartidos: 302 de 665 totales en ventana 5-gram.
Par intra-pilar P08: JEV-P08-003 vs JEV-P08-011,JEV-P08-003,JEV-P08-011,P08,0.4365,APROBADO (<0.50),Shingles compartidos: 299 de 685 totales en ventana 5-gram.
Par intra-pilar P08: JEV-P08-003 vs JEV-P08-012,JEV-P08-003,JEV-P08-012,P08,0.4428,APROBADO (<0.50),Shingles compartidos: 298 de 673 totales en ventana 5-gram.
Par intra-pilar P08: JEV-P08-003 vs JEV-P08-013,JEV-P08-003,JEV-P08-013,P08,0.4441,APROBADO (<0.50),Shingles compartidos: 302 de 680 totales en ventana 5-gram.
Par intra-pilar P08: JEV-P08-003 vs JEV-P08-014,JEV-P08-003,JEV-P08-014,P08,0.4581,APROBADO (<0.50),Shingles compartidos: 306 de 668 totales en ventana 5-gram.
Par intra-pilar P08: JEV-P08-003 vs JEV-P08-015,JEV-P08-003,JEV-P08-015,P08,0.4431,APROBADO (<0.50),Shingles compartidos: 300 de 677 totales en ventana 5-gram.
Par intra-pilar P08: JEV-P08-003 vs JEV-P08-016,JEV-P08-003,JEV-P08-016,P08,0.4391,APROBADO (<0.50),Shingles compartidos: 299 de 681 totales en ventana 5-gram.
Par intra-pilar P08: JEV-P08-003 vs JEV-P08-017,JEV-P08-003,JEV-P08-017,P08,0.4354,APROBADO (<0.50),Shingles compartidos: 300 de 689 totales en ventana 5-gram.
Par intra-pilar P08: JEV-P08-003 vs JEV-P08-018,JEV-P08-003,JEV-P08-018,P08,0.4333,APROBADO (<0.50),Shingles compartidos: 299 de 690 totales en ventana 5-gram.
Par intra-pilar P08: JEV-P08-003 vs JEV-P08-019,JEV-P08-003,JEV-P08-019,P08,0.4446,APROBADO (<0.50),Shingles compartidos: 297 de 668 totales en ventana 5-gram.
Par intra-pilar P08: JEV-P08-003 vs JEV-P08-020,JEV-P08-003,JEV-P08-020,P08,0.4368,APROBADO (<0.50),Shingles compartidos: 297 de 680 totales en ventana 5-gram.
Par intra-pilar P08: JEV-P08-004 vs JEV-P08-005,JEV-P08-004,JEV-P08-005,P08,0.4376,APROBADO (<0.50),Shingles compartidos: 298 de 681 totales en ventana 5-gram.
Par intra-pilar P08: JEV-P08-004 vs JEV-P08-006,JEV-P08-004,JEV-P08-006,P08,0.4311,APROBADO (<0.50),Shingles compartidos: 297 de 689 totales en ventana 5-gram.
Par intra-pilar P08: JEV-P08-004 vs JEV-P08-007,JEV-P08-004,JEV-P08-007,P08,0.4471,APROBADO (<0.50),Shingles compartidos: 304 de 680 totales en ventana 5-gram.
Par intra-pilar P08: JEV-P08-004 vs JEV-P08-008,JEV-P08-004,JEV-P08-008,P08,0.4308,APROBADO (<0.50),Shingles compartidos: 302 de 701 totales en ventana 5-gram.
Par intra-pilar P08: JEV-P08-004 vs JEV-P08-009,JEV-P08-004,JEV-P08-009,P08,0.4441,APROBADO (<0.50),Shingles compartidos: 298 de 671 totales en ventana 5-gram.
Par intra-pilar P08: JEV-P08-004 vs JEV-P08-010,JEV-P08-004,JEV-P08-010,P08,0.4550,APROBADO (<0.50),Shingles compartidos: 303 de 666 totales en ventana 5-gram.
Par intra-pilar P08: JEV-P08-004 vs JEV-P08-011,JEV-P08-004,JEV-P08-011,P08,0.4394,APROBADO (<0.50),Shingles compartidos: 301 de 685 totales en ventana 5-gram.
Par intra-pilar P08: JEV-P08-004 vs JEV-P08-012,JEV-P08-004,JEV-P08-012,P08,0.4415,APROBADO (<0.50),Shingles compartidos: 298 de 675 totales en ventana 5-gram.
Par intra-pilar P08: JEV-P08-004 vs JEV-P08-013,JEV-P08-004,JEV-P08-013,P08,0.4449,APROBADO (<0.50),Shingles compartidos: 303 de 681 totales en ventana 5-gram.
Par intra-pilar P08: JEV-P08-004 vs JEV-P08-014,JEV-P08-004,JEV-P08-014,P08,0.4438,APROBADO (<0.50),Shingles compartidos: 300 de 676 totales en ventana 5-gram.
Par intra-pilar P08: JEV-P08-004 vs JEV-P08-015,JEV-P08-004,JEV-P08-015,P08,0.4418,APROBADO (<0.50),Shingles compartidos: 300 de 679 totales en ventana 5-gram.
Par intra-pilar P08: JEV-P08-004 vs JEV-P08-016,JEV-P08-004,JEV-P08-016,P08,0.4336,APROBADO (<0.50),Shingles compartidos: 297 de 685 totales en ventana 5-gram.
Par intra-pilar P08: JEV-P08-004 vs JEV-P08-017,JEV-P08-004,JEV-P08-017,P08,0.4467,APROBADO (<0.50),Shingles compartidos: 306 de 685 totales en ventana 5-gram.
Par intra-pilar P08: JEV-P08-004 vs JEV-P08-018,JEV-P08-004,JEV-P08-018,P08,0.4321,APROBADO (<0.50),Shingles compartidos: 299 de 692 totales en ventana 5-gram.
Par intra-pilar P08: JEV-P08-004 vs JEV-P08-019,JEV-P08-004,JEV-P08-019,P08,0.4454,APROBADO (<0.50),Shingles compartidos: 298 de 669 totales en ventana 5-gram.
Par intra-pilar P08: JEV-P08-004 vs JEV-P08-020,JEV-P08-004,JEV-P08-020,P08,0.4376,APROBADO (<0.50),Shingles compartidos: 298 de 681 totales en ventana 5-gram.
Par intra-pilar P08: JEV-P08-005 vs JEV-P08-006,JEV-P08-005,JEV-P08-006,P08,0.4410,APROBADO (<0.50),Shingles compartidos: 299 de 678 totales en ventana 5-gram.
Par intra-pilar P08: JEV-P08-005 vs JEV-P08-007,JEV-P08-005,JEV-P08-007,P08,0.4402,APROBADO (<0.50),Shingles compartidos: 298 de 677 totales en ventana 5-gram.
Par intra-pilar P08: JEV-P08-005 vs JEV-P08-008,JEV-P08-005,JEV-P08-008,P08,0.4261,APROBADO (<0.50),Shingles compartidos: 297 de 697 totales en ventana 5-gram.
Par intra-pilar P08: JEV-P08-005 vs JEV-P08-009,JEV-P08-005,JEV-P08-009,P08,0.4590,APROBADO (<0.50),Shingles compartidos: 302 de 658 totales en ventana 5-gram.
Par intra-pilar P08: JEV-P08-005 vs JEV-P08-010,JEV-P08-005,JEV-P08-010,P08,0.4480,APROBADO (<0.50),Shingles compartidos: 297 de 663 totales en ventana 5-gram.
Par intra-pilar P08: JEV-P08-005 vs JEV-P08-011,JEV-P08-005,JEV-P08-011,P08,0.4410,APROBADO (<0.50),Shingles compartidos: 299 de 678 totales en ventana 5-gram.
Par intra-pilar P08: JEV-P08-005 vs JEV-P08-012,JEV-P08-005,JEV-P08-012,P08,0.4584,APROBADO (<0.50),Shingles compartidos: 303 de 661 totales en ventana 5-gram.
Par intra-pilar P08: JEV-P08-005 vs JEV-P08-013,JEV-P08-005,JEV-P08-013,P08,0.4381,APROBADO (<0.50),Shingles compartidos: 297 de 678 totales en ventana 5-gram.
Par intra-pilar P08: JEV-P08-005 vs JEV-P08-014,JEV-P08-005,JEV-P08-014,P08,0.4476,APROBADO (<0.50),Shingles compartidos: 299 de 668 totales en ventana 5-gram.
Par intra-pilar P08: JEV-P08-005 vs JEV-P08-015,JEV-P08-005,JEV-P08-015,P08,0.4413,APROBADO (<0.50),Shingles compartidos: 297 de 673 totales en ventana 5-gram.
Par intra-pilar P08: JEV-P08-005 vs JEV-P08-016,JEV-P08-005,JEV-P08-016,P08,0.4501,APROBADO (<0.50),Shingles compartidos: 302 de 671 totales en ventana 5-gram.
Par intra-pilar P08: JEV-P08-005 vs JEV-P08-017,JEV-P08-005,JEV-P08-017,P08,0.4336,APROBADO (<0.50),Shingles compartidos: 297 de 685 totales en ventana 5-gram.
Par intra-pilar P08: JEV-P08-005 vs JEV-P08-018,JEV-P08-005,JEV-P08-018,P08,0.4399,APROBADO (<0.50),Shingles compartidos: 300 de 682 totales en ventana 5-gram.
Par intra-pilar P08: JEV-P08-005 vs JEV-P08-019,JEV-P08-005,JEV-P08-019,P08,0.4604,APROBADO (<0.50),Shingles compartidos: 302 de 656 totales en ventana 5-gram.
Par intra-pilar P08: JEV-P08-005 vs JEV-P08-020,JEV-P08-005,JEV-P08-020,P08,0.4478,APROBADO (<0.50),Shingles compartidos: 300 de 670 totales en ventana 5-gram.
Par intra-pilar P08: JEV-P08-006 vs JEV-P08-007,JEV-P08-006,JEV-P08-007,P08,0.4336,APROBADO (<0.50),Shingles compartidos: 297 de 685 totales en ventana 5-gram.
Par intra-pilar P08: JEV-P08-006 vs JEV-P08-008,JEV-P08-006,JEV-P08-008,P08,0.4219,APROBADO (<0.50),Shingles compartidos: 297 de 704 totales en ventana 5-gram.
Par intra-pilar P08: JEV-P08-006 vs JEV-P08-009,JEV-P08-006,JEV-P08-009,P08,0.4476,APROBADO (<0.50),Shingles compartidos: 299 de 668 totales en ventana 5-gram.
Par intra-pilar P08: JEV-P08-006 vs JEV-P08-010,JEV-P08-006,JEV-P08-010,P08,0.4433,APROBADO (<0.50),Shingles compartidos: 297 de 670 totales en ventana 5-gram.
Par intra-pilar P08: JEV-P08-006 vs JEV-P08-011,JEV-P08-006,JEV-P08-011,P08,0.4344,APROBADO (<0.50),Shingles compartidos: 298 de 686 totales en ventana 5-gram.
Par intra-pilar P08: JEV-P08-006 vs JEV-P08-012,JEV-P08-006,JEV-P08-012,P08,0.4449,APROBADO (<0.50),Shingles compartidos: 299 de 672 totales en ventana 5-gram.
Par intra-pilar P08: JEV-P08-006 vs JEV-P08-013,JEV-P08-006,JEV-P08-013,P08,0.4336,APROBADO (<0.50),Shingles compartidos: 297 de 685 totales en ventana 5-gram.
Par intra-pilar P08: JEV-P08-006 vs JEV-P08-014,JEV-P08-006,JEV-P08-014,P08,0.4430,APROBADO (<0.50),Shingles compartidos: 299 de 675 totales en ventana 5-gram.
Par intra-pilar P08: JEV-P08-006 vs JEV-P08-015,JEV-P08-006,JEV-P08-015,P08,0.4431,APROBADO (<0.50),Shingles compartidos: 300 de 677 totales en ventana 5-gram.
Par intra-pilar P08: JEV-P08-006 vs JEV-P08-016,JEV-P08-006,JEV-P08-016,P08,0.4391,APROBADO (<0.50),Shingles compartidos: 299 de 681 totales en ventana 5-gram.
Par intra-pilar P08: JEV-P08-006 vs JEV-P08-017,JEV-P08-006,JEV-P08-017,P08,0.4292,APROBADO (<0.50),Shingles compartidos: 297 de 692 totales en ventana 5-gram.
Par intra-pilar P08: JEV-P08-006 vs JEV-P08-018,JEV-P08-006,JEV-P08-018,P08,0.4292,APROBADO (<0.50),Shingles compartidos: 297 de 692 totales en ventana 5-gram.
Par intra-pilar P08: JEV-P08-006 vs JEV-P08-019,JEV-P08-006,JEV-P08-019,P08,0.4489,APROBADO (<0.50),Shingles compartidos: 299 de 666 totales en ventana 5-gram.
Par intra-pilar P08: JEV-P08-006 vs JEV-P08-020,JEV-P08-006,JEV-P08-020,P08,0.4368,APROBADO (<0.50),Shingles compartidos: 297 de 680 totales en ventana 5-gram.
Par intra-pilar P08: JEV-P08-007 vs JEV-P08-008,JEV-P08-007,JEV-P08-008,P08,0.4333,APROBADO (<0.50),Shingles compartidos: 302 de 697 totales en ventana 5-gram.
Par intra-pilar P08: JEV-P08-007 vs JEV-P08-009,JEV-P08-007,JEV-P08-009,P08,0.4468,APROBADO (<0.50),Shingles compartidos: 298 de 667 totales en ventana 5-gram.
Par intra-pilar P08: JEV-P08-007 vs JEV-P08-010,JEV-P08-007,JEV-P08-010,P08,0.4577,APROBADO (<0.50),Shingles compartidos: 303 de 662 totales en ventana 5-gram.
Par intra-pilar P08: JEV-P08-007 vs JEV-P08-011,JEV-P08-007,JEV-P08-011,P08,0.4420,APROBADO (<0.50),Shingles compartidos: 301 de 681 totales en ventana 5-gram.
Par intra-pilar P08: JEV-P08-007 vs JEV-P08-012,JEV-P08-007,JEV-P08-012,P08,0.4463,APROBADO (<0.50),Shingles compartidos: 299 de 670 totales en ventana 5-gram.
Par intra-pilar P08: JEV-P08-007 vs JEV-P08-013,JEV-P08-007,JEV-P08-013,P08,0.4476,APROBADO (<0.50),Shingles compartidos: 303 de 677 totales en ventana 5-gram.
Par intra-pilar P08: JEV-P08-007 vs JEV-P08-014,JEV-P08-007,JEV-P08-014,P08,0.4464,APROBADO (<0.50),Shingles compartidos: 300 de 672 totales en ventana 5-gram.
Par intra-pilar P08: JEV-P08-007 vs JEV-P08-015,JEV-P08-007,JEV-P08-015,P08,0.4444,APROBADO (<0.50),Shingles compartidos: 300 de 675 totales en ventana 5-gram.
Par intra-pilar P08: JEV-P08-007 vs JEV-P08-016,JEV-P08-007,JEV-P08-016,P08,0.4361,APROBADO (<0.50),Shingles compartidos: 297 de 681 totales en ventana 5-gram.
Par intra-pilar P08: JEV-P08-007 vs JEV-P08-017,JEV-P08-007,JEV-P08-017,P08,0.4388,APROBADO (<0.50),Shingles compartidos: 301 de 686 totales en ventana 5-gram.
Par intra-pilar P08: JEV-P08-007 vs JEV-P08-018,JEV-P08-007,JEV-P08-018,P08,0.4304,APROBADO (<0.50),Shingles compartidos: 297 de 690 totales en ventana 5-gram.
Par intra-pilar P08: JEV-P08-007 vs JEV-P08-019,JEV-P08-007,JEV-P08-019,P08,0.4481,APROBADO (<0.50),Shingles compartidos: 298 de 665 totales en ventana 5-gram.
Par intra-pilar P08: JEV-P08-007 vs JEV-P08-020,JEV-P08-007,JEV-P08-020,P08,0.4402,APROBADO (<0.50),Shingles compartidos: 298 de 677 totales en ventana 5-gram.
Par intra-pilar P08: JEV-P08-008 vs JEV-P08-009,JEV-P08-008,JEV-P08-009,P08,0.4323,APROBADO (<0.50),Shingles compartidos: 297 de 687 totales en ventana 5-gram.
Par intra-pilar P08: JEV-P08-008 vs JEV-P08-010,JEV-P08-008,JEV-P08-010,P08,0.4471,APROBADO (<0.50),Shingles compartidos: 304 de 680 totales en ventana 5-gram.
Par intra-pilar P08: JEV-P08-008 vs JEV-P08-011,JEV-P08-008,JEV-P08-011,P08,0.4259,APROBADO (<0.50),Shingles compartidos: 299 de 702 totales en ventana 5-gram.
Par intra-pilar P08: JEV-P08-008 vs JEV-P08-012,JEV-P08-008,JEV-P08-012,P08,0.4319,APROBADO (<0.50),Shingles compartidos: 298 de 690 totales en ventana 5-gram.
Par intra-pilar P08: JEV-P08-008 vs JEV-P08-013,JEV-P08-008,JEV-P08-013,P08,0.4333,APROBADO (<0.50),Shingles compartidos: 302 de 697 totales en ventana 5-gram.
Par intra-pilar P08: JEV-P08-008 vs JEV-P08-014,JEV-P08-008,JEV-P08-014,P08,0.4342,APROBADO (<0.50),Shingles compartidos: 300 de 691 totales en ventana 5-gram.
Par intra-pilar P08: JEV-P08-008 vs JEV-P08-015,JEV-P08-008,JEV-P08-015,P08,0.4302,APROBADO (<0.50),Shingles compartidos: 299 de 695 totales en ventana 5-gram.
Par intra-pilar P08: JEV-P08-008 vs JEV-P08-016,JEV-P08-008,JEV-P08-016,P08,0.4304,APROBADO (<0.50),Shingles compartidos: 300 de 697 totales en ventana 5-gram.
Par intra-pilar P08: JEV-P08-008 vs JEV-P08-017,JEV-P08-008,JEV-P08-017,P08,0.4249,APROBADO (<0.50),Shingles compartidos: 300 de 706 totales en ventana 5-gram.
Par intra-pilar P08: JEV-P08-008 vs JEV-P08-018,JEV-P08-008,JEV-P08-018,P08,0.4209,APROBADO (<0.50),Shingles compartidos: 298 de 708 totales en ventana 5-gram.
Par intra-pilar P08: JEV-P08-008 vs JEV-P08-019,JEV-P08-008,JEV-P08-019,P08,0.4336,APROBADO (<0.50),Shingles compartidos: 297 de 685 totales en ventana 5-gram.
Par intra-pilar P08: JEV-P08-008 vs JEV-P08-020,JEV-P08-008,JEV-P08-020,P08,0.4302,APROBADO (<0.50),Shingles compartidos: 299 de 695 totales en ventana 5-gram.
Par intra-pilar P08: JEV-P08-009 vs JEV-P08-010,JEV-P08-009,JEV-P08-010,P08,0.4571,APROBADO (<0.50),Shingles compartidos: 298 de 652 totales en ventana 5-gram.
Par intra-pilar P08: JEV-P08-009 vs JEV-P08-011,JEV-P08-009,JEV-P08-011,P08,0.4476,APROBADO (<0.50),Shingles compartidos: 299 de 668 totales en ventana 5-gram.
Par intra-pilar P08: JEV-P08-009 vs JEV-P08-012,JEV-P08-009,JEV-P08-012,P08,0.4632,APROBADO (<0.50),Shingles compartidos: 302 de 652 totales en ventana 5-gram.
Par intra-pilar P08: JEV-P08-009 vs JEV-P08-013,JEV-P08-009,JEV-P08-013,P08,0.4468,APROBADO (<0.50),Shingles compartidos: 298 de 667 totales en ventana 5-gram.
Par intra-pilar P08: JEV-P08-009 vs JEV-P08-014,JEV-P08-009,JEV-P08-014,P08,0.4544,APROBADO (<0.50),Shingles compartidos: 299 de 658 totales en ventana 5-gram.
Par intra-pilar P08: JEV-P08-009 vs JEV-P08-015,JEV-P08-009,JEV-P08-015,P08,0.4502,APROBADO (<0.50),Shingles compartidos: 298 de 662 totales en ventana 5-gram.
Par intra-pilar P08: JEV-P08-009 vs JEV-P08-016,JEV-P08-009,JEV-P08-016,P08,0.4569,APROBADO (<0.50),Shingles compartidos: 302 de 661 totales en ventana 5-gram.
Par intra-pilar P08: JEV-P08-009 vs JEV-P08-017,JEV-P08-009,JEV-P08-017,P08,0.4421,APROBADO (<0.50),Shingles compartidos: 298 de 674 totales en ventana 5-gram.
Par intra-pilar P08: JEV-P08-009 vs JEV-P08-018,JEV-P08-009,JEV-P08-018,P08,0.4464,APROBADO (<0.50),Shingles compartidos: 300 de 672 totales en ventana 5-gram.
Par intra-pilar P08: JEV-P08-009 vs JEV-P08-019,JEV-P08-009,JEV-P08-019,P08,0.4698,APROBADO (<0.50),Shingles compartidos: 303 de 645 totales en ventana 5-gram.
Par intra-pilar P08: JEV-P08-009 vs JEV-P08-020,JEV-P08-009,JEV-P08-020,P08,0.4568,APROBADO (<0.50),Shingles compartidos: 301 de 659 totales en ventana 5-gram.
Par intra-pilar P08: JEV-P08-010 vs JEV-P08-011,JEV-P08-010,JEV-P08-011,P08,0.4498,APROBADO (<0.50),Shingles compartidos: 300 de 667 totales en ventana 5-gram.
Par intra-pilar P08: JEV-P08-010 vs JEV-P08-012,JEV-P08-010,JEV-P08-012,P08,0.4521,APROBADO (<0.50),Shingles compartidos: 297 de 657 totales en ventana 5-gram.
Par intra-pilar P08: JEV-P08-010 vs JEV-P08-013,JEV-P08-010,JEV-P08-013,P08,0.4577,APROBADO (<0.50),Shingles compartidos: 303 de 662 totales en ventana 5-gram.
Par intra-pilar P08: JEV-P08-010 vs JEV-P08-014,JEV-P08-010,JEV-P08-014,P08,0.4566,APROBADO (<0.50),Shingles compartidos: 300 de 657 totales en ventana 5-gram.
Par intra-pilar P08: JEV-P08-010 vs JEV-P08-015,JEV-P08-010,JEV-P08-015,P08,0.4545,APROBADO (<0.50),Shingles compartidos: 300 de 660 totales en ventana 5-gram.
Par intra-pilar P08: JEV-P08-010 vs JEV-P08-016,JEV-P08-010,JEV-P08-016,P08,0.4459,APROBADO (<0.50),Shingles compartidos: 297 de 666 totales en ventana 5-gram.
Par intra-pilar P08: JEV-P08-010 vs JEV-P08-017,JEV-P08-010,JEV-P08-017,P08,0.4529,APROBADO (<0.50),Shingles compartidos: 303 de 669 totales en ventana 5-gram.
Par intra-pilar P08: JEV-P08-010 vs JEV-P08-018,JEV-P08-010,JEV-P08-018,P08,0.4400,APROBADO (<0.50),Shingles compartidos: 297 de 675 totales en ventana 5-gram.
Par intra-pilar P08: JEV-P08-010 vs JEV-P08-019,JEV-P08-010,JEV-P08-019,P08,0.4585,APROBADO (<0.50),Shingles compartidos: 298 de 650 totales en ventana 5-gram.
Par intra-pilar P08: JEV-P08-010 vs JEV-P08-020,JEV-P08-010,JEV-P08-020,P08,0.4545,APROBADO (<0.50),Shingles compartidos: 300 de 660 totales en ventana 5-gram.
Par intra-pilar P08: JEV-P08-011 vs JEV-P08-012,JEV-P08-011,JEV-P08-012,P08,0.4449,APROBADO (<0.50),Shingles compartidos: 299 de 672 totales en ventana 5-gram.
Par intra-pilar P08: JEV-P08-011 vs JEV-P08-013,JEV-P08-011,JEV-P08-013,P08,0.4399,APROBADO (<0.50),Shingles compartidos: 300 de 682 totales en ventana 5-gram.
Par intra-pilar P08: JEV-P08-011 vs JEV-P08-014,JEV-P08-011,JEV-P08-014,P08,0.4473,APROBADO (<0.50),Shingles compartidos: 301 de 673 totales en ventana 5-gram.
Par intra-pilar P08: JEV-P08-011 vs JEV-P08-015,JEV-P08-011,JEV-P08-015,P08,0.4368,APROBADO (<0.50),Shingles compartidos: 297 de 680 totales en ventana 5-gram.
Par intra-pilar P08: JEV-P08-011 vs JEV-P08-016,JEV-P08-011,JEV-P08-016,P08,0.4370,APROBADO (<0.50),Shingles compartidos: 298 de 682 totales en ventana 5-gram.
Par intra-pilar P08: JEV-P08-011 vs JEV-P08-017,JEV-P08-011,JEV-P08-017,P08,0.4354,APROBADO (<0.50),Shingles compartidos: 300 de 689 totales en ventana 5-gram.
Par intra-pilar P08: JEV-P08-011 vs JEV-P08-018,JEV-P08-011,JEV-P08-018,P08,0.4271,APROBADO (<0.50),Shingles compartidos: 296 de 693 totales en ventana 5-gram.
Par intra-pilar P08: JEV-P08-011 vs JEV-P08-019,JEV-P08-011,JEV-P08-019,P08,0.4489,APROBADO (<0.50),Shingles compartidos: 299 de 666 totales en ventana 5-gram.
Par intra-pilar P08: JEV-P08-011 vs JEV-P08-020,JEV-P08-011,JEV-P08-020,P08,0.4368,APROBADO (<0.50),Shingles compartidos: 297 de 680 totales en ventana 5-gram.
Par intra-pilar P08: JEV-P08-012 vs JEV-P08-013,JEV-P08-012,JEV-P08-013,P08,0.4420,APROBADO (<0.50),Shingles compartidos: 297 de 672 totales en ventana 5-gram.
Par intra-pilar P08: JEV-P08-012 vs JEV-P08-014,JEV-P08-012,JEV-P08-014,P08,0.4517,APROBADO (<0.50),Shingles compartidos: 299 de 662 totales en ventana 5-gram.
Par intra-pilar P08: JEV-P08-012 vs JEV-P08-015,JEV-P08-012,JEV-P08-015,P08,0.4453,APROBADO (<0.50),Shingles compartidos: 297 de 667 totales en ventana 5-gram.
Par intra-pilar P08: JEV-P08-012 vs JEV-P08-016,JEV-P08-012,JEV-P08-016,P08,0.4563,APROBADO (<0.50),Shingles compartidos: 303 de 664 totales en ventana 5-gram.
Par intra-pilar P08: JEV-P08-012 vs JEV-P08-017,JEV-P08-012,JEV-P08-017,P08,0.4374,APROBADO (<0.50),Shingles compartidos: 297 de 679 totales en ventana 5-gram.
Par intra-pilar P08: JEV-P08-012 vs JEV-P08-018,JEV-P08-012,JEV-P08-018,P08,0.4459,APROBADO (<0.50),Shingles compartidos: 301 de 675 totales en ventana 5-gram.
Par intra-pilar P08: JEV-P08-012 vs JEV-P08-019,JEV-P08-012,JEV-P08-019,P08,0.4646,APROBADO (<0.50),Shingles compartidos: 302 de 650 totales en ventana 5-gram.
Par intra-pilar P08: JEV-P08-012 vs JEV-P08-020,JEV-P08-012,JEV-P08-020,P08,0.4518,APROBADO (<0.50),Shingles compartidos: 300 de 664 totales en ventana 5-gram.
Par intra-pilar P08: JEV-P08-013 vs JEV-P08-014,JEV-P08-013,JEV-P08-014,P08,0.4464,APROBADO (<0.50),Shingles compartidos: 300 de 672 totales en ventana 5-gram.
Par intra-pilar P08: JEV-P08-013 vs JEV-P08-015,JEV-P08-013,JEV-P08-015,P08,0.4444,APROBADO (<0.50),Shingles compartidos: 300 de 675 totales en ventana 5-gram.
Par intra-pilar P08: JEV-P08-013 vs JEV-P08-016,JEV-P08-013,JEV-P08-016,P08,0.4361,APROBADO (<0.50),Shingles compartidos: 297 de 681 totales en ventana 5-gram.
Par intra-pilar P08: JEV-P08-013 vs JEV-P08-017,JEV-P08-013,JEV-P08-017,P08,0.4388,APROBADO (<0.50),Shingles compartidos: 301 de 686 totales en ventana 5-gram.
Par intra-pilar P08: JEV-P08-013 vs JEV-P08-018,JEV-P08-013,JEV-P08-018,P08,0.4304,APROBADO (<0.50),Shingles compartidos: 297 de 690 totales en ventana 5-gram.
Par intra-pilar P08: JEV-P08-013 vs JEV-P08-019,JEV-P08-013,JEV-P08-019,P08,0.4547,APROBADO (<0.50),Shingles compartidos: 301 de 662 totales en ventana 5-gram.
Par intra-pilar P08: JEV-P08-013 vs JEV-P08-020,JEV-P08-013,JEV-P08-020,P08,0.4402,APROBADO (<0.50),Shingles compartidos: 298 de 677 totales en ventana 5-gram.
Par intra-pilar P08: JEV-P08-014 vs JEV-P08-015,JEV-P08-014,JEV-P08-015,P08,0.4433,APROBADO (<0.50),Shingles compartidos: 297 de 670 totales en ventana 5-gram.
Par intra-pilar P08: JEV-P08-014 vs JEV-P08-016,JEV-P08-014,JEV-P08-016,P08,0.4456,APROBADO (<0.50),Shingles compartidos: 299 de 671 totales en ventana 5-gram.
Par intra-pilar P08: JEV-P08-014 vs JEV-P08-017,JEV-P08-014,JEV-P08-017,P08,0.4418,APROBADO (<0.50),Shingles compartidos: 300 de 679 totales en ventana 5-gram.
Par intra-pilar P08: JEV-P08-014 vs JEV-P08-018,JEV-P08-014,JEV-P08-018,P08,0.4355,APROBADO (<0.50),Shingles compartidos: 297 de 682 totales en ventana 5-gram.
Par intra-pilar P08: JEV-P08-014 vs JEV-P08-019,JEV-P08-014,JEV-P08-019,P08,0.4558,APROBADO (<0.50),Shingles compartidos: 299 de 656 totales en ventana 5-gram.
Par intra-pilar P08: JEV-P08-014 vs JEV-P08-020,JEV-P08-014,JEV-P08-020,P08,0.4433,APROBADO (<0.50),Shingles compartidos: 297 de 670 totales en ventana 5-gram.
Par intra-pilar P08: JEV-P08-015 vs JEV-P08-016,JEV-P08-015,JEV-P08-016,P08,0.4393,APROBADO (<0.50),Shingles compartidos: 297 de 676 totales en ventana 5-gram.
Par intra-pilar P08: JEV-P08-015 vs JEV-P08-017,JEV-P08-015,JEV-P08-017,P08,0.4357,APROBADO (<0.50),Shingles compartidos: 298 de 684 totales en ventana 5-gram.
Par intra-pilar P08: JEV-P08-015 vs JEV-P08-018,JEV-P08-015,JEV-P08-018,P08,0.4336,APROBADO (<0.50),Shingles compartidos: 297 de 685 totales en ventana 5-gram.
Par intra-pilar P08: JEV-P08-015 vs JEV-P08-019,JEV-P08-015,JEV-P08-019,P08,0.4515,APROBADO (<0.50),Shingles compartidos: 298 de 660 totales en ventana 5-gram.
Par intra-pilar P08: JEV-P08-015 vs JEV-P08-020,JEV-P08-015,JEV-P08-020,P08,0.4435,APROBADO (<0.50),Shingles compartidos: 298 de 672 totales en ventana 5-gram.
Par intra-pilar P08: JEV-P08-016 vs JEV-P08-017,JEV-P08-016,JEV-P08-017,P08,0.4317,APROBADO (<0.50),Shingles compartidos: 297 de 688 totales en ventana 5-gram.
Par intra-pilar P08: JEV-P08-016 vs JEV-P08-018,JEV-P08-016,JEV-P08-018,P08,0.4443,APROBADO (<0.50),Shingles compartidos: 303 de 682 totales en ventana 5-gram.
Par intra-pilar P08: JEV-P08-016 vs JEV-P08-019,JEV-P08-016,JEV-P08-019,P08,0.4583,APROBADO (<0.50),Shingles compartidos: 302 de 659 totales en ventana 5-gram.
Par intra-pilar P08: JEV-P08-016 vs JEV-P08-020,JEV-P08-016,JEV-P08-020,P08,0.4458,APROBADO (<0.50),Shingles compartidos: 300 de 673 totales en ventana 5-gram.
Par intra-pilar P08: JEV-P08-017 vs JEV-P08-018,JEV-P08-017,JEV-P08-018,P08,0.4282,APROBADO (<0.50),Shingles compartidos: 298 de 696 totales en ventana 5-gram.
Par intra-pilar P08: JEV-P08-017 vs JEV-P08-019,JEV-P08-017,JEV-P08-019,P08,0.4435,APROBADO (<0.50),Shingles compartidos: 298 de 672 totales en ventana 5-gram.
Par intra-pilar P08: JEV-P08-017 vs JEV-P08-020,JEV-P08-017,JEV-P08-020,P08,0.4357,APROBADO (<0.50),Shingles compartidos: 298 de 684 totales en ventana 5-gram.
Par intra-pilar P08: JEV-P08-018 vs JEV-P08-019,JEV-P08-018,JEV-P08-019,P08,0.4478,APROBADO (<0.50),Shingles compartidos: 300 de 670 totales en ventana 5-gram.
Par intra-pilar P08: JEV-P08-018 vs JEV-P08-020,JEV-P08-018,JEV-P08-020,P08,0.4420,APROBADO (<0.50),Shingles compartidos: 301 de 681 totales en ventana 5-gram.
Par intra-pilar P08: JEV-P08-019 vs JEV-P08-020,JEV-P08-019,JEV-P08-020,P08,0.4581,APROBADO (<0.50),Shingles compartidos: 301 de 657 totales en ventana 5-gram.
Par intra-pilar P09: JEV-P09-001 vs JEV-P09-002,JEV-P09-001,JEV-P09-002,P09,0.2532,APROBADO (<0.50),Shingles compartidos: 256 de 1011 totales en ventana 5-gram.
Par intra-pilar P09: JEV-P09-001 vs JEV-P09-003,JEV-P09-001,JEV-P09-003,P09,0.2735,APROBADO (<0.50),Shingles compartidos: 259 de 947 totales en ventana 5-gram.
Par intra-pilar P09: JEV-P09-001 vs JEV-P09-004,JEV-P09-001,JEV-P09-004,P09,0.2815,APROBADO (<0.50),Shingles compartidos: 257 de 913 totales en ventana 5-gram.
Par intra-pilar P09: JEV-P09-001 vs JEV-P09-005,JEV-P09-001,JEV-P09-005,P09,0.2747,APROBADO (<0.50),Shingles compartidos: 256 de 932 totales en ventana 5-gram.
Par intra-pilar P09: JEV-P09-001 vs JEV-P09-006,JEV-P09-001,JEV-P09-006,P09,0.2756,APROBADO (<0.50),Shingles compartidos: 256 de 929 totales en ventana 5-gram.
Par intra-pilar P09: JEV-P09-001 vs JEV-P09-007,JEV-P09-001,JEV-P09-007,P09,0.2748,APROBADO (<0.50),Shingles compartidos: 258 de 939 totales en ventana 5-gram.
Par intra-pilar P09: JEV-P09-001 vs JEV-P09-008,JEV-P09-001,JEV-P09-008,P09,0.2752,APROBADO (<0.50),Shingles compartidos: 257 de 934 totales en ventana 5-gram.
Par intra-pilar P09: JEV-P09-001 vs JEV-P09-009,JEV-P09-001,JEV-P09-009,P09,0.2789,APROBADO (<0.50),Shingles compartidos: 256 de 918 totales en ventana 5-gram.
Par intra-pilar P09: JEV-P09-001 vs JEV-P09-010,JEV-P09-001,JEV-P09-010,P09,0.2753,APROBADO (<0.50),Shingles compartidos: 256 de 930 totales en ventana 5-gram.
Par intra-pilar P09: JEV-P09-001 vs JEV-P09-011,JEV-P09-001,JEV-P09-011,P09,0.2747,APROBADO (<0.50),Shingles compartidos: 256 de 932 totales en ventana 5-gram.
Par intra-pilar P09: JEV-P09-001 vs JEV-P09-012,JEV-P09-001,JEV-P09-012,P09,0.2738,APROBADO (<0.50),Shingles compartidos: 256 de 935 totales en ventana 5-gram.
Par intra-pilar P09: JEV-P09-001 vs JEV-P09-013,JEV-P09-001,JEV-P09-013,P09,0.2792,APROBADO (<0.50),Shingles compartidos: 258 de 924 totales en ventana 5-gram.
Par intra-pilar P09: JEV-P09-001 vs JEV-P09-014,JEV-P09-001,JEV-P09-014,P09,0.2726,APROBADO (<0.50),Shingles compartidos: 256 de 939 totales en ventana 5-gram.
Par intra-pilar P09: JEV-P09-001 vs JEV-P09-015,JEV-P09-001,JEV-P09-015,P09,0.2709,APROBADO (<0.50),Shingles compartidos: 256 de 945 totales en ventana 5-gram.
Par intra-pilar P09: JEV-P09-001 vs JEV-P09-016,JEV-P09-001,JEV-P09-016,P09,0.2780,APROBADO (<0.50),Shingles compartidos: 256 de 921 totales en ventana 5-gram.
Par intra-pilar P09: JEV-P09-001 vs JEV-P09-017,JEV-P09-001,JEV-P09-017,P09,0.2806,APROBADO (<0.50),Shingles compartidos: 257 de 916 totales en ventana 5-gram.
Par intra-pilar P09: JEV-P09-001 vs JEV-P09-018,JEV-P09-001,JEV-P09-018,P09,0.2750,APROBADO (<0.50),Shingles compartidos: 256 de 931 totales en ventana 5-gram.
Par intra-pilar P09: JEV-P09-001 vs JEV-P09-019,JEV-P09-001,JEV-P09-019,P09,0.2810,APROBADO (<0.50),Shingles compartidos: 256 de 911 totales en ventana 5-gram.
Par intra-pilar P09: JEV-P09-001 vs JEV-P09-020,JEV-P09-001,JEV-P09-020,P09,0.2738,APROBADO (<0.50),Shingles compartidos: 256 de 935 totales en ventana 5-gram.
Par intra-pilar P09: JEV-P09-002 vs JEV-P09-003,JEV-P09-002,JEV-P09-003,P09,0.2666,APROBADO (<0.50),Shingles compartidos: 257 de 964 totales en ventana 5-gram.
Par intra-pilar P09: JEV-P09-002 vs JEV-P09-004,JEV-P09-002,JEV-P09-004,P09,0.2797,APROBADO (<0.50),Shingles compartidos: 259 de 926 totales en ventana 5-gram.
Par intra-pilar P09: JEV-P09-002 vs JEV-P09-005,JEV-P09-002,JEV-P09-005,P09,0.2757,APROBADO (<0.50),Shingles compartidos: 260 de 943 totales en ventana 5-gram.
Par intra-pilar P09: JEV-P09-002 vs JEV-P09-006,JEV-P09-002,JEV-P09-006,P09,0.2752,APROBADO (<0.50),Shingles compartidos: 259 de 941 totales en ventana 5-gram.
Par intra-pilar P09: JEV-P09-002 vs JEV-P09-007,JEV-P09-002,JEV-P09-007,P09,0.2678,APROBADO (<0.50),Shingles compartidos: 256 de 956 totales en ventana 5-gram.
Par intra-pilar P09: JEV-P09-002 vs JEV-P09-008,JEV-P09-002,JEV-P09-008,P09,0.2722,APROBADO (<0.50),Shingles compartidos: 258 de 948 totales en ventana 5-gram.
Par intra-pilar P09: JEV-P09-002 vs JEV-P09-009,JEV-P09-002,JEV-P09-009,P09,0.2799,APROBADO (<0.50),Shingles compartidos: 260 de 929 totales en ventana 5-gram.
Par intra-pilar P09: JEV-P09-002 vs JEV-P09-010,JEV-P09-002,JEV-P09-010,P09,0.2763,APROBADO (<0.50),Shingles compartidos: 260 de 941 totales en ventana 5-gram.
Par intra-pilar P09: JEV-P09-002 vs JEV-P09-011,JEV-P09-002,JEV-P09-011,P09,0.2771,APROBADO (<0.50),Shingles compartidos: 261 de 942 totales en ventana 5-gram.
Par intra-pilar P09: JEV-P09-002 vs JEV-P09-012,JEV-P09-002,JEV-P09-012,P09,0.2695,APROBADO (<0.50),Shingles compartidos: 256 de 950 totales en ventana 5-gram.
Par intra-pilar P09: JEV-P09-002 vs JEV-P09-013,JEV-P09-002,JEV-P09-013,P09,0.2775,APROBADO (<0.50),Shingles compartidos: 260 de 937 totales en ventana 5-gram.
Par intra-pilar P09: JEV-P09-002 vs JEV-P09-014,JEV-P09-002,JEV-P09-014,P09,0.2697,APROBADO (<0.50),Shingles compartidos: 257 de 953 totales en ventana 5-gram.
Par intra-pilar P09: JEV-P09-002 vs JEV-P09-015,JEV-P09-002,JEV-P09-015,P09,0.2720,APROBADO (<0.50),Shingles compartidos: 260 de 956 totales en ventana 5-gram.
Par intra-pilar P09: JEV-P09-002 vs JEV-P09-016,JEV-P09-002,JEV-P09-016,P09,0.2762,APROBADO (<0.50),Shingles compartidos: 258 de 934 totales en ventana 5-gram.
Par intra-pilar P09: JEV-P09-002 vs JEV-P09-017,JEV-P09-002,JEV-P09-017,P09,0.2774,APROBADO (<0.50),Shingles compartidos: 258 de 930 totales en ventana 5-gram.
Par intra-pilar P09: JEV-P09-002 vs JEV-P09-018,JEV-P09-002,JEV-P09-018,P09,0.2733,APROBADO (<0.50),Shingles compartidos: 258 de 944 totales en ventana 5-gram.
Par intra-pilar P09: JEV-P09-002 vs JEV-P09-019,JEV-P09-002,JEV-P09-019,P09,0.2765,APROBADO (<0.50),Shingles compartidos: 256 de 926 totales en ventana 5-gram.
Par intra-pilar P09: JEV-P09-002 vs JEV-P09-020,JEV-P09-002,JEV-P09-020,P09,0.2735,APROBADO (<0.50),Shingles compartidos: 259 de 947 totales en ventana 5-gram.
Par intra-pilar P09: JEV-P09-003 vs JEV-P09-004,JEV-P09-003,JEV-P09-004,P09,0.2949,APROBADO (<0.50),Shingles compartidos: 256 de 868 totales en ventana 5-gram.
Par intra-pilar P09: JEV-P09-003 vs JEV-P09-005,JEV-P09-003,JEV-P09-005,P09,0.2904,APROBADO (<0.50),Shingles compartidos: 257 de 885 totales en ventana 5-gram.
Par intra-pilar P09: JEV-P09-003 vs JEV-P09-006,JEV-P09-003,JEV-P09-006,P09,0.2928,APROBADO (<0.50),Shingles compartidos: 258 de 881 totales en ventana 5-gram.
Par intra-pilar P09: JEV-P09-003 vs JEV-P09-007,JEV-P09-003,JEV-P09-007,P09,0.2889,APROBADO (<0.50),Shingles compartidos: 258 de 893 totales en ventana 5-gram.
Par intra-pilar P09: JEV-P09-003 vs JEV-P09-008,JEV-P09-003,JEV-P09-008,P09,0.2894,APROBADO (<0.50),Shingles compartidos: 257 de 888 totales en ventana 5-gram.
Par intra-pilar P09: JEV-P09-003 vs JEV-P09-009,JEV-P09-003,JEV-P09-009,P09,0.2951,APROBADO (<0.50),Shingles compartidos: 257 de 871 totales en ventana 5-gram.
Par intra-pilar P09: JEV-P09-003 vs JEV-P09-010,JEV-P09-003,JEV-P09-010,P09,0.2911,APROBADO (<0.50),Shingles compartidos: 257 de 883 totales en ventana 5-gram.
Par intra-pilar P09: JEV-P09-003 vs JEV-P09-011,JEV-P09-003,JEV-P09-011,P09,0.2919,APROBADO (<0.50),Shingles compartidos: 258 de 884 totales en ventana 5-gram.
Par intra-pilar P09: JEV-P09-003 vs JEV-P09-012,JEV-P09-003,JEV-P09-012,P09,0.2909,APROBADO (<0.50),Shingles compartidos: 258 de 887 totales en ventana 5-gram.
Par intra-pilar P09: JEV-P09-003 vs JEV-P09-013,JEV-P09-003,JEV-P09-013,P09,0.2924,APROBADO (<0.50),Shingles compartidos: 257 de 879 totales en ventana 5-gram.
Par intra-pilar P09: JEV-P09-003 vs JEV-P09-014,JEV-P09-003,JEV-P09-014,P09,0.2910,APROBADO (<0.50),Shingles compartidos: 259 de 890 totales en ventana 5-gram.
Par intra-pilar P09: JEV-P09-003 vs JEV-P09-015,JEV-P09-003,JEV-P09-015,P09,0.2876,APROBADO (<0.50),Shingles compartidos: 258 de 897 totales en ventana 5-gram.
Par intra-pilar P09: JEV-P09-003 vs JEV-P09-016,JEV-P09-003,JEV-P09-016,P09,0.2970,APROBADO (<0.50),Shingles compartidos: 259 de 872 totales en ventana 5-gram.
Par intra-pilar P09: JEV-P09-003 vs JEV-P09-017,JEV-P09-003,JEV-P09-017,P09,0.2954,APROBADO (<0.50),Shingles compartidos: 257 de 870 totales en ventana 5-gram.
Par intra-pilar P09: JEV-P09-003 vs JEV-P09-018,JEV-P09-003,JEV-P09-018,P09,0.2951,APROBADO (<0.50),Shingles compartidos: 260 de 881 totales en ventana 5-gram.
Par intra-pilar P09: JEV-P09-003 vs JEV-P09-019,JEV-P09-003,JEV-P09-019,P09,0.3005,APROBADO (<0.50),Shingles compartidos: 259 de 862 totales en ventana 5-gram.
Par intra-pilar P09: JEV-P09-003 vs JEV-P09-020,JEV-P09-003,JEV-P09-020,P09,0.2894,APROBADO (<0.50),Shingles compartidos: 257 de 888 totales en ventana 5-gram.
Par intra-pilar P09: JEV-P09-004 vs JEV-P09-005,JEV-P09-004,JEV-P09-005,P09,0.3042,APROBADO (<0.50),Shingles compartidos: 258 de 848 totales en ventana 5-gram.
Par intra-pilar P09: JEV-P09-004 vs JEV-P09-006,JEV-P09-004,JEV-P09-006,P09,0.3069,APROBADO (<0.50),Shingles compartidos: 259 de 844 totales en ventana 5-gram.
Par intra-pilar P09: JEV-P09-004 vs JEV-P09-007,JEV-P09-004,JEV-P09-007,P09,0.3026,APROBADO (<0.50),Shingles compartidos: 259 de 856 totales en ventana 5-gram.
Par intra-pilar P09: JEV-P09-004 vs JEV-P09-008,JEV-P09-004,JEV-P09-008,P09,0.3047,APROBADO (<0.50),Shingles compartidos: 259 de 850 totales en ventana 5-gram.
Par intra-pilar P09: JEV-P09-004 vs JEV-P09-009,JEV-P09-004,JEV-P09-009,P09,0.3094,APROBADO (<0.50),Shingles compartidos: 258 de 834 totales en ventana 5-gram.
Par intra-pilar P09: JEV-P09-004 vs JEV-P09-010,JEV-P09-004,JEV-P09-010,P09,0.3096,APROBADO (<0.50),Shingles compartidos: 261 de 843 totales en ventana 5-gram.
Par intra-pilar P09: JEV-P09-004 vs JEV-P09-011,JEV-P09-004,JEV-P09-011,P09,0.3042,APROBADO (<0.50),Shingles compartidos: 258 de 848 totales en ventana 5-gram.
Par intra-pilar P09: JEV-P09-004 vs JEV-P09-012,JEV-P09-004,JEV-P09-012,P09,0.3016,APROBADO (<0.50),Shingles compartidos: 257 de 852 totales en ventana 5-gram.
Par intra-pilar P09: JEV-P09-004 vs JEV-P09-013,JEV-P09-004,JEV-P09-013,P09,0.3064,APROBADO (<0.50),Shingles compartidos: 258 de 842 totales en ventana 5-gram.
Par intra-pilar P09: JEV-P09-004 vs JEV-P09-014,JEV-P09-004,JEV-P09-014,P09,0.3048,APROBADO (<0.50),Shingles compartidos: 260 de 853 totales en ventana 5-gram.
Par intra-pilar P09: JEV-P09-004 vs JEV-P09-015,JEV-P09-004,JEV-P09-015,P09,0.2997,APROBADO (<0.50),Shingles compartidos: 258 de 861 totales en ventana 5-gram.
Par intra-pilar P09: JEV-P09-004 vs JEV-P09-016,JEV-P09-004,JEV-P09-016,P09,0.3051,APROBADO (<0.50),Shingles compartidos: 256 de 839 totales en ventana 5-gram.
Par intra-pilar P09: JEV-P09-004 vs JEV-P09-017,JEV-P09-004,JEV-P09-017,P09,0.3113,APROBADO (<0.50),Shingles compartidos: 259 de 832 totales en ventana 5-gram.
Par intra-pilar P09: JEV-P09-004 vs JEV-P09-018,JEV-P09-004,JEV-P09-018,P09,0.3061,APROBADO (<0.50),Shingles compartidos: 259 de 846 totales en ventana 5-gram.
Par intra-pilar P09: JEV-P09-004 vs JEV-P09-019,JEV-P09-004,JEV-P09-019,P09,0.3104,APROBADO (<0.50),Shingles compartidos: 257 de 828 totales en ventana 5-gram.
Par intra-pilar P09: JEV-P09-004 vs JEV-P09-020,JEV-P09-004,JEV-P09-020,P09,0.3032,APROBADO (<0.50),Shingles compartidos: 258 de 851 totales en ventana 5-gram.
Par intra-pilar P09: JEV-P09-005 vs JEV-P09-006,JEV-P09-005,JEV-P09-006,P09,0.2990,APROBADO (<0.50),Shingles compartidos: 258 de 863 totales en ventana 5-gram.
Par intra-pilar P09: JEV-P09-005 vs JEV-P09-007,JEV-P09-005,JEV-P09-007,P09,0.2919,APROBADO (<0.50),Shingles compartidos: 256 de 877 totales en ventana 5-gram.
Par intra-pilar P09: JEV-P09-005 vs JEV-P09-008,JEV-P09-005,JEV-P09-008,P09,0.2969,APROBADO (<0.50),Shingles compartidos: 258 de 869 totales en ventana 5-gram.
Par intra-pilar P09: JEV-P09-005 vs JEV-P09-009,JEV-P09-005,JEV-P09-009,P09,0.3059,APROBADO (<0.50),Shingles compartidos: 260 de 850 totales en ventana 5-gram.
Par intra-pilar P09: JEV-P09-005 vs JEV-P09-010,JEV-P09-005,JEV-P09-010,P09,0.3016,APROBADO (<0.50),Shingles compartidos: 260 de 862 totales en ventana 5-gram.
Par intra-pilar P09: JEV-P09-005 vs JEV-P09-011,JEV-P09-005,JEV-P09-011,P09,0.3009,APROBADO (<0.50),Shingles compartidos: 260 de 864 totales en ventana 5-gram.
Par intra-pilar P09: JEV-P09-005 vs JEV-P09-012,JEV-P09-005,JEV-P09-012,P09,0.2939,APROBADO (<0.50),Shingles compartidos: 256 de 871 totales en ventana 5-gram.
Par intra-pilar P09: JEV-P09-005 vs JEV-P09-013,JEV-P09-005,JEV-P09-013,P09,0.3030,APROBADO (<0.50),Shingles compartidos: 260 de 858 totales en ventana 5-gram.
Par intra-pilar P09: JEV-P09-005 vs JEV-P09-014,JEV-P09-005,JEV-P09-014,P09,0.2941,APROBADO (<0.50),Shingles compartidos: 257 de 874 totales en ventana 5-gram.
Par intra-pilar P09: JEV-P09-005 vs JEV-P09-015,JEV-P09-005,JEV-P09-015,P09,0.2979,APROBADO (<0.50),Shingles compartidos: 261 de 876 totales en ventana 5-gram.
Par intra-pilar P09: JEV-P09-005 vs JEV-P09-016,JEV-P09-005,JEV-P09-016,P09,0.3018,APROBADO (<0.50),Shingles compartidos: 258 de 855 totales en ventana 5-gram.
Par intra-pilar P09: JEV-P09-005 vs JEV-P09-017,JEV-P09-005,JEV-P09-017,P09,0.3032,APROBADO (<0.50),Shingles compartidos: 258 de 851 totales en ventana 5-gram.
Par intra-pilar P09: JEV-P09-005 vs JEV-P09-018,JEV-P09-005,JEV-P09-018,P09,0.2983,APROBADO (<0.50),Shingles compartidos: 258 de 865 totales en ventana 5-gram.
Par intra-pilar P09: JEV-P09-005 vs JEV-P09-019,JEV-P09-005,JEV-P09-019,P09,0.3022,APROBADO (<0.50),Shingles compartidos: 256 de 847 totales en ventana 5-gram.
Par intra-pilar P09: JEV-P09-005 vs JEV-P09-020,JEV-P09-005,JEV-P09-020,P09,0.2984,APROBADO (<0.50),Shingles compartidos: 259 de 868 totales en ventana 5-gram.
Par intra-pilar P09: JEV-P09-006 vs JEV-P09-007,JEV-P09-006,JEV-P09-007,P09,0.2959,APROBADO (<0.50),Shingles compartidos: 258 de 872 totales en ventana 5-gram.
Par intra-pilar P09: JEV-P09-006 vs JEV-P09-008,JEV-P09-006,JEV-P09-008,P09,0.3009,APROBADO (<0.50),Shingles compartidos: 260 de 864 totales en ventana 5-gram.
Par intra-pilar P09: JEV-P09-006 vs JEV-P09-009,JEV-P09-006,JEV-P09-009,P09,0.3039,APROBADO (<0.50),Shingles compartidos: 258 de 849 totales en ventana 5-gram.
Par intra-pilar P09: JEV-P09-006 vs JEV-P09-010,JEV-P09-006,JEV-P09-010,P09,0.2997,APROBADO (<0.50),Shingles compartidos: 258 de 861 totales en ventana 5-gram.
Par intra-pilar P09: JEV-P09-006 vs JEV-P09-011,JEV-P09-006,JEV-P09-011,P09,0.3005,APROBADO (<0.50),Shingles compartidos: 259 de 862 totales en ventana 5-gram.
Par intra-pilar P09: JEV-P09-006 vs JEV-P09-012,JEV-P09-006,JEV-P09-012,P09,0.2979,APROBADO (<0.50),Shingles compartidos: 258 de 866 totales en ventana 5-gram.
Par intra-pilar P09: JEV-P09-006 vs JEV-P09-013,JEV-P09-006,JEV-P09-013,P09,0.3011,APROBADO (<0.50),Shingles compartidos: 258 de 857 totales en ventana 5-gram.
Par intra-pilar P09: JEV-P09-006 vs JEV-P09-014,JEV-P09-006,JEV-P09-014,P09,0.2980,APROBADO (<0.50),Shingles compartidos: 259 de 869 totales en ventana 5-gram.
Par intra-pilar P09: JEV-P09-006 vs JEV-P09-015,JEV-P09-006,JEV-P09-015,P09,0.2975,APROBADO (<0.50),Shingles compartidos: 260 de 874 totales en ventana 5-gram.
Par intra-pilar P09: JEV-P09-006 vs JEV-P09-016,JEV-P09-006,JEV-P09-016,P09,0.2998,APROBADO (<0.50),Shingles compartidos: 256 de 854 totales en ventana 5-gram.
Par intra-pilar P09: JEV-P09-006 vs JEV-P09-017,JEV-P09-006,JEV-P09-017,P09,0.3073,APROBADO (<0.50),Shingles compartidos: 260 de 846 totales en ventana 5-gram.
Par intra-pilar P09: JEV-P09-006 vs JEV-P09-018,JEV-P09-006,JEV-P09-018,P09,0.3008,APROBADO (<0.50),Shingles compartidos: 259 de 861 totales en ventana 5-gram.
Par intra-pilar P09: JEV-P09-006 vs JEV-P09-019,JEV-P09-006,JEV-P09-019,P09,0.3049,APROBADO (<0.50),Shingles compartidos: 257 de 843 totales en ventana 5-gram.
Par intra-pilar P09: JEV-P09-006 vs JEV-P09-020,JEV-P09-006,JEV-P09-020,P09,0.2979,APROBADO (<0.50),Shingles compartidos: 258 de 866 totales en ventana 5-gram.
Par intra-pilar P09: JEV-P09-007 vs JEV-P09-008,JEV-P09-007,JEV-P09-008,P09,0.2924,APROBADO (<0.50),Shingles compartidos: 257 de 879 totales en ventana 5-gram.
Par intra-pilar P09: JEV-P09-007 vs JEV-P09-009,JEV-P09-007,JEV-P09-009,P09,0.2966,APROBADO (<0.50),Shingles compartidos: 256 de 863 totales en ventana 5-gram.
Par intra-pilar P09: JEV-P09-007 vs JEV-P09-010,JEV-P09-007,JEV-P09-010,P09,0.2941,APROBADO (<0.50),Shingles compartidos: 257 de 874 totales en ventana 5-gram.
Par intra-pilar P09: JEV-P09-007 vs JEV-P09-011,JEV-P09-007,JEV-P09-011,P09,0.2919,APROBADO (<0.50),Shingles compartidos: 256 de 877 totales en ventana 5-gram.
Par intra-pilar P09: JEV-P09-007 vs JEV-P09-012,JEV-P09-007,JEV-P09-012,P09,0.2983,APROBADO (<0.50),Shingles compartidos: 261 de 875 totales en ventana 5-gram.
Par intra-pilar P09: JEV-P09-007 vs JEV-P09-013,JEV-P09-007,JEV-P09-013,P09,0.2939,APROBADO (<0.50),Shingles compartidos: 256 de 871 totales en ventana 5-gram.
Par intra-pilar P09: JEV-P09-007 vs JEV-P09-014,JEV-P09-007,JEV-P09-014,P09,0.2940,APROBADO (<0.50),Shingles compartidos: 259 de 881 totales en ventana 5-gram.
Par intra-pilar P09: JEV-P09-007 vs JEV-P09-015,JEV-P09-007,JEV-P09-015,P09,0.2876,APROBADO (<0.50),Shingles compartidos: 256 de 890 totales en ventana 5-gram.
Par intra-pilar P09: JEV-P09-007 vs JEV-P09-016,JEV-P09-007,JEV-P09-016,P09,0.2986,APROBADO (<0.50),Shingles compartidos: 258 de 864 totales en ventana 5-gram.
Par intra-pilar P09: JEV-P09-007 vs JEV-P09-017,JEV-P09-007,JEV-P09-017,P09,0.3000,APROBADO (<0.50),Shingles compartidos: 258 de 860 totales en ventana 5-gram.
Par intra-pilar P09: JEV-P09-007 vs JEV-P09-018,JEV-P09-007,JEV-P09-018,P09,0.2937,APROBADO (<0.50),Shingles compartidos: 257 de 875 totales en ventana 5-gram.
Par intra-pilar P09: JEV-P09-007 vs JEV-P09-019,JEV-P09-007,JEV-P09-019,P09,0.3036,APROBADO (<0.50),Shingles compartidos: 259 de 853 totales en ventana 5-gram.
Par intra-pilar P09: JEV-P09-007 vs JEV-P09-020,JEV-P09-007,JEV-P09-020,P09,0.2938,APROBADO (<0.50),Shingles compartidos: 258 de 878 totales en ventana 5-gram.
Par intra-pilar P09: JEV-P09-008 vs JEV-P09-009,JEV-P09-008,JEV-P09-009,P09,0.3018,APROBADO (<0.50),Shingles compartidos: 258 de 855 totales en ventana 5-gram.
Par intra-pilar P09: JEV-P09-008 vs JEV-P09-010,JEV-P09-008,JEV-P09-010,P09,0.2976,APROBADO (<0.50),Shingles compartidos: 258 de 867 totales en ventana 5-gram.
Par intra-pilar P09: JEV-P09-008 vs JEV-P09-011,JEV-P09-008,JEV-P09-011,P09,0.2969,APROBADO (<0.50),Shingles compartidos: 258 de 869 totales en ventana 5-gram.
Par intra-pilar P09: JEV-P09-008 vs JEV-P09-012,JEV-P09-008,JEV-P09-012,P09,0.2944,APROBADO (<0.50),Shingles compartidos: 257 de 873 totales en ventana 5-gram.
Par intra-pilar P09: JEV-P09-008 vs JEV-P09-013,JEV-P09-008,JEV-P09-013,P09,0.2990,APROBADO (<0.50),Shingles compartidos: 258 de 863 totales en ventana 5-gram.
Par intra-pilar P09: JEV-P09-008 vs JEV-P09-014,JEV-P09-008,JEV-P09-014,P09,0.2930,APROBADO (<0.50),Shingles compartidos: 257 de 877 totales en ventana 5-gram.
Par intra-pilar P09: JEV-P09-008 vs JEV-P09-015,JEV-P09-008,JEV-P09-015,P09,0.2925,APROBADO (<0.50),Shingles compartidos: 258 de 882 totales en ventana 5-gram.
Par intra-pilar P09: JEV-P09-008 vs JEV-P09-016,JEV-P09-008,JEV-P09-016,P09,0.2977,APROBADO (<0.50),Shingles compartidos: 256 de 860 totales en ventana 5-gram.
Par intra-pilar P09: JEV-P09-008 vs JEV-P09-017,JEV-P09-008,JEV-P09-017,P09,0.3036,APROBADO (<0.50),Shingles compartidos: 259 de 853 totales en ventana 5-gram.
Par intra-pilar P09: JEV-P09-008 vs JEV-P09-018,JEV-P09-008,JEV-P09-018,P09,0.2987,APROBADO (<0.50),Shingles compartidos: 259 de 867 totales en ventana 5-gram.
Par intra-pilar P09: JEV-P09-008 vs JEV-P09-019,JEV-P09-008,JEV-P09-019,P09,0.3027,APROBADO (<0.50),Shingles compartidos: 257 de 849 totales en ventana 5-gram.
Par intra-pilar P09: JEV-P09-008 vs JEV-P09-020,JEV-P09-008,JEV-P09-020,P09,0.2959,APROBADO (<0.50),Shingles compartidos: 258 de 872 totales en ventana 5-gram.
Par intra-pilar P09: JEV-P09-009 vs JEV-P09-010,JEV-P09-009,JEV-P09-010,P09,0.3051,APROBADO (<0.50),Shingles compartidos: 259 de 849 totales en ventana 5-gram.
Par intra-pilar P09: JEV-P09-009 vs JEV-P09-011,JEV-P09-009,JEV-P09-011,P09,0.3043,APROBADO (<0.50),Shingles compartidos: 259 de 851 totales en ventana 5-gram.
Par intra-pilar P09: JEV-P09-009 vs JEV-P09-012,JEV-P09-009,JEV-P09-012,P09,0.2987,APROBADO (<0.50),Shingles compartidos: 256 de 857 totales en ventana 5-gram.
Par intra-pilar P09: JEV-P09-009 vs JEV-P09-013,JEV-P09-009,JEV-P09-013,P09,0.3065,APROBADO (<0.50),Shingles compartidos: 259 de 845 totales en ventana 5-gram.
Par intra-pilar P09: JEV-P09-009 vs JEV-P09-014,JEV-P09-009,JEV-P09-014,P09,0.2973,APROBADO (<0.50),Shingles compartidos: 256 de 861 totales en ventana 5-gram.
Par intra-pilar P09: JEV-P09-009 vs JEV-P09-015,JEV-P09-009,JEV-P09-015,P09,0.2998,APROBADO (<0.50),Shingles compartidos: 259 de 864 totales en ventana 5-gram.
Par intra-pilar P09: JEV-P09-009 vs JEV-P09-016,JEV-P09-009,JEV-P09-016,P09,0.3068,APROBADO (<0.50),Shingles compartidos: 258 de 841 totales en ventana 5-gram.
Par intra-pilar P09: JEV-P09-009 vs JEV-P09-017,JEV-P09-009,JEV-P09-017,P09,0.3082,APROBADO (<0.50),Shingles compartidos: 258 de 837 totales en ventana 5-gram.
Par intra-pilar P09: JEV-P09-009 vs JEV-P09-018,JEV-P09-009,JEV-P09-018,P09,0.3078,APROBADO (<0.50),Shingles compartidos: 261 de 848 totales en ventana 5-gram.
Par intra-pilar P09: JEV-P09-009 vs JEV-P09-019,JEV-P09-009,JEV-P09-019,P09,0.3073,APROBADO (<0.50),Shingles compartidos: 256 de 833 totales en ventana 5-gram.
Par intra-pilar P09: JEV-P09-009 vs JEV-P09-020,JEV-P09-009,JEV-P09-020,P09,0.3048,APROBADO (<0.50),Shingles compartidos: 260 de 853 totales en ventana 5-gram.
Par intra-pilar P09: JEV-P09-010 vs JEV-P09-011,JEV-P09-010,JEV-P09-011,P09,0.3001,APROBADO (<0.50),Shingles compartidos: 259 de 863 totales en ventana 5-gram.
Par intra-pilar P09: JEV-P09-010 vs JEV-P09-012,JEV-P09-010,JEV-P09-012,P09,0.2946,APROBADO (<0.50),Shingles compartidos: 256 de 869 totales en ventana 5-gram.
Par intra-pilar P09: JEV-P09-010 vs JEV-P09-013,JEV-P09-010,JEV-P09-013,P09,0.3022,APROBADO (<0.50),Shingles compartidos: 259 de 857 totales en ventana 5-gram.
Par intra-pilar P09: JEV-P09-010 vs JEV-P09-014,JEV-P09-010,JEV-P09-014,P09,0.2947,APROBADO (<0.50),Shingles compartidos: 257 de 872 totales en ventana 5-gram.
Par intra-pilar P09: JEV-P09-010 vs JEV-P09-015,JEV-P09-010,JEV-P09-015,P09,0.2957,APROBADO (<0.50),Shingles compartidos: 259 de 876 totales en ventana 5-gram.
Par intra-pilar P09: JEV-P09-010 vs JEV-P09-016,JEV-P09-010,JEV-P09-016,P09,0.3040,APROBADO (<0.50),Shingles compartidos: 259 de 852 totales en ventana 5-gram.
Par intra-pilar P09: JEV-P09-010 vs JEV-P09-017,JEV-P09-010,JEV-P09-017,P09,0.3039,APROBADO (<0.50),Shingles compartidos: 258 de 849 totales en ventana 5-gram.
Par intra-pilar P09: JEV-P09-010 vs JEV-P09-018,JEV-P09-010,JEV-P09-018,P09,0.2990,APROBADO (<0.50),Shingles compartidos: 258 de 863 totales en ventana 5-gram.
Par intra-pilar P09: JEV-P09-010 vs JEV-P09-019,JEV-P09-010,JEV-P09-019,P09,0.3030,APROBADO (<0.50),Shingles compartidos: 256 de 845 totales en ventana 5-gram.
Par intra-pilar P09: JEV-P09-010 vs JEV-P09-020,JEV-P09-010,JEV-P09-020,P09,0.2991,APROBADO (<0.50),Shingles compartidos: 259 de 866 totales en ventana 5-gram.
Par intra-pilar P09: JEV-P09-011 vs JEV-P09-012,JEV-P09-011,JEV-P09-012,P09,0.2939,APROBADO (<0.50),Shingles compartidos: 256 de 871 totales en ventana 5-gram.
Par intra-pilar P09: JEV-P09-011 vs JEV-P09-013,JEV-P09-011,JEV-P09-013,P09,0.3030,APROBADO (<0.50),Shingles compartidos: 260 de 858 totales en ventana 5-gram.
Par intra-pilar P09: JEV-P09-011 vs JEV-P09-014,JEV-P09-011,JEV-P09-014,P09,0.2970,APROBADO (<0.50),Shingles compartidos: 259 de 872 totales en ventana 5-gram.
Par intra-pilar P09: JEV-P09-011 vs JEV-P09-015,JEV-P09-011,JEV-P09-015,P09,0.2965,APROBADO (<0.50),Shingles compartidos: 260 de 877 totales en ventana 5-gram.
Par intra-pilar P09: JEV-P09-011 vs JEV-P09-016,JEV-P09-011,JEV-P09-016,P09,0.3002,APROBADO (<0.50),Shingles compartidos: 257 de 856 totales en ventana 5-gram.
Par intra-pilar P09: JEV-P09-011 vs JEV-P09-017,JEV-P09-011,JEV-P09-017,P09,0.3093,APROBADO (<0.50),Shingles compartidos: 262 de 847 totales en ventana 5-gram.
Par intra-pilar P09: JEV-P09-011 vs JEV-P09-018,JEV-P09-011,JEV-P09-018,P09,0.2998,APROBADO (<0.50),Shingles compartidos: 259 de 864 totales en ventana 5-gram.
Par intra-pilar P09: JEV-P09-011 vs JEV-P09-019,JEV-P09-011,JEV-P09-019,P09,0.3038,APROBADO (<0.50),Shingles compartidos: 257 de 846 totales en ventana 5-gram.
Par intra-pilar P09: JEV-P09-011 vs JEV-P09-020,JEV-P09-011,JEV-P09-020,P09,0.2984,APROBADO (<0.50),Shingles compartidos: 259 de 868 totales en ventana 5-gram.
Par intra-pilar P09: JEV-P09-012 vs JEV-P09-013,JEV-P09-012,JEV-P09-013,P09,0.2960,APROBADO (<0.50),Shingles compartidos: 256 de 865 totales en ventana 5-gram.
Par intra-pilar P09: JEV-P09-012 vs JEV-P09-014,JEV-P09-012,JEV-P09-014,P09,0.2960,APROBADO (<0.50),Shingles compartidos: 259 de 875 totales en ventana 5-gram.
Par intra-pilar P09: JEV-P09-012 vs JEV-P09-015,JEV-P09-012,JEV-P09-015,P09,0.2896,APROBADO (<0.50),Shingles compartidos: 256 de 884 totales en ventana 5-gram.
Par intra-pilar P09: JEV-P09-012 vs JEV-P09-016,JEV-P09-012,JEV-P09-016,P09,0.3007,APROBADO (<0.50),Shingles compartidos: 258 de 858 totales en ventana 5-gram.
Par intra-pilar P09: JEV-P09-012 vs JEV-P09-017,JEV-P09-012,JEV-P09-017,P09,0.3006,APROBADO (<0.50),Shingles compartidos: 257 de 855 totales en ventana 5-gram.
Par intra-pilar P09: JEV-P09-012 vs JEV-P09-018,JEV-P09-012,JEV-P09-018,P09,0.2987,APROBADO (<0.50),Shingles compartidos: 259 de 867 totales en ventana 5-gram.
Par intra-pilar P09: JEV-P09-012 vs JEV-P09-019,JEV-P09-012,JEV-P09-019,P09,0.3058,APROBADO (<0.50),Shingles compartidos: 259 de 847 totales en ventana 5-gram.
Par intra-pilar P09: JEV-P09-012 vs JEV-P09-020,JEV-P09-012,JEV-P09-020,P09,0.2929,APROBADO (<0.50),Shingles compartidos: 256 de 874 totales en ventana 5-gram.
Par intra-pilar P09: JEV-P09-013 vs JEV-P09-014,JEV-P09-013,JEV-P09-014,P09,0.2961,APROBADO (<0.50),Shingles compartidos: 257 de 868 totales en ventana 5-gram.
Par intra-pilar P09: JEV-P09-013 vs JEV-P09-015,JEV-P09-013,JEV-P09-015,P09,0.2985,APROBADO (<0.50),Shingles compartidos: 260 de 871 totales en ventana 5-gram.
Par intra-pilar P09: JEV-P09-013 vs JEV-P09-016,JEV-P09-013,JEV-P09-016,P09,0.3024,APROBADO (<0.50),Shingles compartidos: 257 de 850 totales en ventana 5-gram.
Par intra-pilar P09: JEV-P09-013 vs JEV-P09-017,JEV-P09-013,JEV-P09-017,P09,0.3053,APROBADO (<0.50),Shingles compartidos: 258 de 845 totales en ventana 5-gram.
Par intra-pilar P09: JEV-P09-013 vs JEV-P09-018,JEV-P09-013,JEV-P09-018,P09,0.3003,APROBADO (<0.50),Shingles compartidos: 258 de 859 totales en ventana 5-gram.
Par intra-pilar P09: JEV-P09-013 vs JEV-P09-019,JEV-P09-013,JEV-P09-019,P09,0.3044,APROBADO (<0.50),Shingles compartidos: 256 de 841 totales en ventana 5-gram.
Par intra-pilar P09: JEV-P09-013 vs JEV-P09-020,JEV-P09-013,JEV-P09-020,P09,0.3020,APROBADO (<0.50),Shingles compartidos: 260 de 861 totales en ventana 5-gram.
Par intra-pilar P09: JEV-P09-014 vs JEV-P09-015,JEV-P09-014,JEV-P09-015,P09,0.2912,APROBADO (<0.50),Shingles compartidos: 258 de 886 totales en ventana 5-gram.
Par intra-pilar P09: JEV-P09-014 vs JEV-P09-016,JEV-P09-014,JEV-P09-016,P09,0.2993,APROBADO (<0.50),Shingles compartidos: 258 de 862 totales en ventana 5-gram.
Par intra-pilar P09: JEV-P09-014 vs JEV-P09-017,JEV-P09-014,JEV-P09-017,P09,0.3007,APROBADO (<0.50),Shingles compartidos: 258 de 858 totales en ventana 5-gram.
Par intra-pilar P09: JEV-P09-014 vs JEV-P09-018,JEV-P09-014,JEV-P09-018,P09,0.2944,APROBADO (<0.50),Shingles compartidos: 257 de 873 totales en ventana 5-gram.
Par intra-pilar P09: JEV-P09-014 vs JEV-P09-019,JEV-P09-014,JEV-P09-019,P09,0.3074,APROBADO (<0.50),Shingles compartidos: 261 de 849 totales en ventana 5-gram.
Par intra-pilar P09: JEV-P09-014 vs JEV-P09-020,JEV-P09-014,JEV-P09-020,P09,0.2930,APROBADO (<0.50),Shingles compartidos: 257 de 877 totales en ventana 5-gram.
Par intra-pilar P09: JEV-P09-015 vs JEV-P09-016,JEV-P09-015,JEV-P09-016,P09,0.2957,APROBADO (<0.50),Shingles compartidos: 257 de 869 totales en ventana 5-gram.
Par intra-pilar P09: JEV-P09-015 vs JEV-P09-017,JEV-P09-015,JEV-P09-017,P09,0.3001,APROBADO (<0.50),Shingles compartidos: 259 de 863 totales en ventana 5-gram.
Par intra-pilar P09: JEV-P09-015 vs JEV-P09-018,JEV-P09-015,JEV-P09-018,P09,0.2938,APROBADO (<0.50),Shingles compartidos: 258 de 878 totales en ventana 5-gram.
Par intra-pilar P09: JEV-P09-015 vs JEV-P09-019,JEV-P09-015,JEV-P09-019,P09,0.2977,APROBADO (<0.50),Shingles compartidos: 256 de 860 totales en ventana 5-gram.
Par intra-pilar P09: JEV-P09-015 vs JEV-P09-020,JEV-P09-015,JEV-P09-020,P09,0.2940,APROBADO (<0.50),Shingles compartidos: 259 de 881 totales en ventana 5-gram.
Par intra-pilar P09: JEV-P09-016 vs JEV-P09-017,JEV-P09-016,JEV-P09-017,P09,0.3056,APROBADO (<0.50),Shingles compartidos: 257 de 841 totales en ventana 5-gram.
Par intra-pilar P09: JEV-P09-016 vs JEV-P09-018,JEV-P09-016,JEV-P09-018,P09,0.3006,APROBADO (<0.50),Shingles compartidos: 257 de 855 totales en ventana 5-gram.
Par intra-pilar P09: JEV-P09-016 vs JEV-P09-019,JEV-P09-016,JEV-P09-019,P09,0.3094,APROBADO (<0.50),Shingles compartidos: 258 de 834 totales en ventana 5-gram.
Par intra-pilar P09: JEV-P09-016 vs JEV-P09-020,JEV-P09-016,JEV-P09-020,P09,0.2992,APROBADO (<0.50),Shingles compartidos: 257 de 859 totales en ventana 5-gram.
Par intra-pilar P09: JEV-P09-017 vs JEV-P09-018,JEV-P09-017,JEV-P09-018,P09,0.3066,APROBADO (<0.50),Shingles compartidos: 260 de 848 totales en ventana 5-gram.
Par intra-pilar P09: JEV-P09-017 vs JEV-P09-019,JEV-P09-017,JEV-P09-019,P09,0.3108,APROBADO (<0.50),Shingles compartidos: 258 de 830 totales en ventana 5-gram.
Par intra-pilar P09: JEV-P09-017 vs JEV-P09-020,JEV-P09-017,JEV-P09-020,P09,0.3021,APROBADO (<0.50),Shingles compartidos: 258 de 854 totales en ventana 5-gram.
Par intra-pilar P09: JEV-P09-018 vs JEV-P09-019,JEV-P09-018,JEV-P09-019,P09,0.3057,APROBADO (<0.50),Shingles compartidos: 258 de 844 totales en ventana 5-gram.
Par intra-pilar P09: JEV-P09-018 vs JEV-P09-020,JEV-P09-018,JEV-P09-020,P09,0.2972,APROBADO (<0.50),Shingles compartidos: 258 de 868 totales en ventana 5-gram.
Par intra-pilar P09: JEV-P09-019 vs JEV-P09-020,JEV-P09-019,JEV-P09-020,P09,0.3012,APROBADO (<0.50),Shingles compartidos: 256 de 850 totales en ventana 5-gram.
Par intra-pilar P10: JEV-P10-001 vs JEV-P10-002,JEV-P10-001,JEV-P10-002,P10,0.2864,APROBADO (<0.50),Shingles compartidos: 256 de 894 totales en ventana 5-gram.
Par intra-pilar P10: JEV-P10-001 vs JEV-P10-003,JEV-P10-001,JEV-P10-003,P10,0.2878,APROBADO (<0.50),Shingles compartidos: 259 de 900 totales en ventana 5-gram.
Par intra-pilar P10: JEV-P10-001 vs JEV-P10-004,JEV-P10-001,JEV-P10-004,P10,0.2944,APROBADO (<0.50),Shingles compartidos: 257 de 873 totales en ventana 5-gram.
Par intra-pilar P10: JEV-P10-001 vs JEV-P10-005,JEV-P10-001,JEV-P10-005,P10,0.2914,APROBADO (<0.50),Shingles compartidos: 257 de 882 totales en ventana 5-gram.
Par intra-pilar P10: JEV-P10-001 vs JEV-P10-006,JEV-P10-001,JEV-P10-006,P10,0.2966,APROBADO (<0.50),Shingles compartidos: 258 de 870 totales en ventana 5-gram.
Par intra-pilar P10: JEV-P10-001 vs JEV-P10-007,JEV-P10-001,JEV-P10-007,P10,0.2851,APROBADO (<0.50),Shingles compartidos: 256 de 898 totales en ventana 5-gram.
Par intra-pilar P10: JEV-P10-001 vs JEV-P10-008,JEV-P10-001,JEV-P10-008,P10,0.2891,APROBADO (<0.50),Shingles compartidos: 257 de 889 totales en ventana 5-gram.
Par intra-pilar P10: JEV-P10-001 vs JEV-P10-009,JEV-P10-001,JEV-P10-009,P10,0.2907,APROBADO (<0.50),Shingles compartidos: 257 de 884 totales en ventana 5-gram.
Par intra-pilar P10: JEV-P10-001 vs JEV-P10-010,JEV-P10-001,JEV-P10-010,P10,0.2951,APROBADO (<0.50),Shingles compartidos: 257 de 871 totales en ventana 5-gram.
Par intra-pilar P10: JEV-P10-001 vs JEV-P10-011,JEV-P10-001,JEV-P10-011,P10,0.2924,APROBADO (<0.50),Shingles compartidos: 257 de 879 totales en ventana 5-gram.
Par intra-pilar P10: JEV-P10-001 vs JEV-P10-012,JEV-P10-001,JEV-P10-012,P10,0.2959,APROBADO (<0.50),Shingles compartidos: 258 de 872 totales en ventana 5-gram.
Par intra-pilar P10: JEV-P10-001 vs JEV-P10-013,JEV-P10-001,JEV-P10-013,P10,0.2952,APROBADO (<0.50),Shingles compartidos: 258 de 874 totales en ventana 5-gram.
Par intra-pilar P10: JEV-P10-001 vs JEV-P10-014,JEV-P10-001,JEV-P10-014,P10,0.2912,APROBADO (<0.50),Shingles compartidos: 258 de 886 totales en ventana 5-gram.
Par intra-pilar P10: JEV-P10-001 vs JEV-P10-015,JEV-P10-001,JEV-P10-015,P10,0.2930,APROBADO (<0.50),Shingles compartidos: 257 de 877 totales en ventana 5-gram.
Par intra-pilar P10: JEV-P10-001 vs JEV-P10-016,JEV-P10-001,JEV-P10-016,P10,0.2977,APROBADO (<0.50),Shingles compartidos: 256 de 860 totales en ventana 5-gram.
Par intra-pilar P10: JEV-P10-001 vs JEV-P10-017,JEV-P10-001,JEV-P10-017,P10,0.2960,APROBADO (<0.50),Shingles compartidos: 259 de 875 totales en ventana 5-gram.
Par intra-pilar P10: JEV-P10-001 vs JEV-P10-018,JEV-P10-001,JEV-P10-018,P10,0.2982,APROBADO (<0.50),Shingles compartidos: 260 de 872 totales en ventana 5-gram.
Par intra-pilar P10: JEV-P10-001 vs JEV-P10-019,JEV-P10-001,JEV-P10-019,P10,0.2997,APROBADO (<0.50),Shingles compartidos: 261 de 871 totales en ventana 5-gram.
Par intra-pilar P10: JEV-P10-001 vs JEV-P10-020,JEV-P10-001,JEV-P10-020,P10,0.2873,APROBADO (<0.50),Shingles compartidos: 260 de 905 totales en ventana 5-gram.
Par intra-pilar P10: JEV-P10-002 vs JEV-P10-003,JEV-P10-002,JEV-P10-003,P10,0.2841,APROBADO (<0.50),Shingles compartidos: 256 de 901 totales en ventana 5-gram.
Par intra-pilar P10: JEV-P10-002 vs JEV-P10-004,JEV-P10-002,JEV-P10-004,P10,0.2980,APROBADO (<0.50),Shingles compartidos: 259 de 869 totales en ventana 5-gram.
Par intra-pilar P10: JEV-P10-002 vs JEV-P10-005,JEV-P10-002,JEV-P10-005,P10,0.2950,APROBADO (<0.50),Shingles compartidos: 259 de 878 totales en ventana 5-gram.
Par intra-pilar P10: JEV-P10-002 vs JEV-P10-006,JEV-P10-002,JEV-P10-006,P10,0.2957,APROBADO (<0.50),Shingles compartidos: 257 de 869 totales en ventana 5-gram.
Par intra-pilar P10: JEV-P10-002 vs JEV-P10-007,JEV-P10-002,JEV-P10-007,P10,0.2900,APROBADO (<0.50),Shingles compartidos: 259 de 893 totales en ventana 5-gram.
Par intra-pilar P10: JEV-P10-002 vs JEV-P10-008,JEV-P10-002,JEV-P10-008,P10,0.2956,APROBADO (<0.50),Shingles compartidos: 261 de 883 totales en ventana 5-gram.
Par intra-pilar P10: JEV-P10-002 vs JEV-P10-009,JEV-P10-002,JEV-P10-009,P10,0.2928,APROBADO (<0.50),Shingles compartidos: 258 de 881 totales en ventana 5-gram.
Par intra-pilar P10: JEV-P10-002 vs JEV-P10-010,JEV-P10-002,JEV-P10-010,P10,0.2987,APROBADO (<0.50),Shingles compartidos: 259 de 867 totales en ventana 5-gram.
Par intra-pilar P10: JEV-P10-002 vs JEV-P10-011,JEV-P10-002,JEV-P10-011,P10,0.2975,APROBADO (<0.50),Shingles compartidos: 260 de 874 totales en ventana 5-gram.
Par intra-pilar P10: JEV-P10-002 vs JEV-P10-012,JEV-P10-002,JEV-P10-012,P10,0.2966,APROBADO (<0.50),Shingles compartidos: 258 de 870 totales en ventana 5-gram.
Par intra-pilar P10: JEV-P10-002 vs JEV-P10-013,JEV-P10-002,JEV-P10-013,P10,0.2974,APROBADO (<0.50),Shingles compartidos: 259 de 871 totales en ventana 5-gram.
Par intra-pilar P10: JEV-P10-002 vs JEV-P10-014,JEV-P10-002,JEV-P10-014,P10,0.2948,APROBADO (<0.50),Shingles compartidos: 260 de 882 totales en ventana 5-gram.
Par intra-pilar P10: JEV-P10-002 vs JEV-P10-015,JEV-P10-002,JEV-P10-015,P10,0.2967,APROBADO (<0.50),Shingles compartidos: 259 de 873 totales en ventana 5-gram.
Par intra-pilar P10: JEV-P10-002 vs JEV-P10-016,JEV-P10-002,JEV-P10-016,P10,0.3075,APROBADO (<0.50),Shingles compartidos: 262 de 852 totales en ventana 5-gram.
Par intra-pilar P10: JEV-P10-002 vs JEV-P10-017,JEV-P10-002,JEV-P10-017,P10,0.2937,APROBADO (<0.50),Shingles compartidos: 257 de 875 totales en ventana 5-gram.
Par intra-pilar P10: JEV-P10-002 vs JEV-P10-018,JEV-P10-002,JEV-P10-018,P10,0.2959,APROBADO (<0.50),Shingles compartidos: 258 de 872 totales en ventana 5-gram.
Par intra-pilar P10: JEV-P10-002 vs JEV-P10-019,JEV-P10-002,JEV-P10-019,P10,0.2929,APROBADO (<0.50),Shingles compartidos: 256 de 874 totales en ventana 5-gram.
Par intra-pilar P10: JEV-P10-002 vs JEV-P10-020,JEV-P10-002,JEV-P10-020,P10,0.2822,APROBADO (<0.50),Shingles compartidos: 256 de 907 totales en ventana 5-gram.
Par intra-pilar P10: JEV-P10-003 vs JEV-P10-004,JEV-P10-003,JEV-P10-004,P10,0.2920,APROBADO (<0.50),Shingles compartidos: 257 de 880 totales en ventana 5-gram.
Par intra-pilar P10: JEV-P10-003 vs JEV-P10-005,JEV-P10-003,JEV-P10-005,P10,0.2891,APROBADO (<0.50),Shingles compartidos: 257 de 889 totales en ventana 5-gram.
Par intra-pilar P10: JEV-P10-003 vs JEV-P10-006,JEV-P10-003,JEV-P10-006,P10,0.2942,APROBADO (<0.50),Shingles compartidos: 258 de 877 totales en ventana 5-gram.
Par intra-pilar P10: JEV-P10-003 vs JEV-P10-007,JEV-P10-003,JEV-P10-007,P10,0.2843,APROBADO (<0.50),Shingles compartidos: 257 de 904 totales en ventana 5-gram.
Par intra-pilar P10: JEV-P10-003 vs JEV-P10-008,JEV-P10-003,JEV-P10-008,P10,0.2854,APROBADO (<0.50),Shingles compartidos: 256 de 897 totales en ventana 5-gram.
Par intra-pilar P10: JEV-P10-003 vs JEV-P10-009,JEV-P10-003,JEV-P10-009,P10,0.2870,APROBADO (<0.50),Shingles compartidos: 256 de 892 totales en ventana 5-gram.
Par intra-pilar P10: JEV-P10-003 vs JEV-P10-010,JEV-P10-003,JEV-P10-010,P10,0.2942,APROBADO (<0.50),Shingles compartidos: 258 de 877 totales en ventana 5-gram.
Par intra-pilar P10: JEV-P10-003 vs JEV-P10-011,JEV-P10-003,JEV-P10-011,P10,0.2901,APROBADO (<0.50),Shingles compartidos: 257 de 886 totales en ventana 5-gram.
Par intra-pilar P10: JEV-P10-003 vs JEV-P10-012,JEV-P10-003,JEV-P10-012,P10,0.2935,APROBADO (<0.50),Shingles compartidos: 258 de 879 totales en ventana 5-gram.
Par intra-pilar P10: JEV-P10-003 vs JEV-P10-013,JEV-P10-003,JEV-P10-013,P10,0.2899,APROBADO (<0.50),Shingles compartidos: 256 de 883 totales en ventana 5-gram.
Par intra-pilar P10: JEV-P10-003 vs JEV-P10-014,JEV-P10-003,JEV-P10-014,P10,0.2904,APROBADO (<0.50),Shingles compartidos: 259 de 892 totales en ventana 5-gram.
Par intra-pilar P10: JEV-P10-003 vs JEV-P10-015,JEV-P10-003,JEV-P10-015,P10,0.2907,APROBADO (<0.50),Shingles compartidos: 257 de 884 totales en ventana 5-gram.
Par intra-pilar P10: JEV-P10-003 vs JEV-P10-016,JEV-P10-003,JEV-P10-016,P10,0.2953,APROBADO (<0.50),Shingles compartidos: 256 de 867 totales en ventana 5-gram.
Par intra-pilar P10: JEV-P10-003 vs JEV-P10-017,JEV-P10-003,JEV-P10-017,P10,0.2922,APROBADO (<0.50),Shingles compartidos: 258 de 883 totales en ventana 5-gram.
Par intra-pilar P10: JEV-P10-003 vs JEV-P10-018,JEV-P10-003,JEV-P10-018,P10,0.2914,APROBADO (<0.50),Shingles compartidos: 257 de 882 totales en ventana 5-gram.
Par intra-pilar P10: JEV-P10-003 vs JEV-P10-019,JEV-P10-003,JEV-P10-019,P10,0.2943,APROBADO (<0.50),Shingles compartidos: 259 de 880 totales en ventana 5-gram.
Par intra-pilar P10: JEV-P10-003 vs JEV-P10-020,JEV-P10-003,JEV-P10-020,P10,0.2851,APROBADO (<0.50),Shingles compartidos: 260 de 912 totales en ventana 5-gram.
Par intra-pilar P10: JEV-P10-004 vs JEV-P10-005,JEV-P10-004,JEV-P10-005,P10,0.3003,APROBADO (<0.50),Shingles compartidos: 258 de 859 totales en ventana 5-gram.
Par intra-pilar P10: JEV-P10-004 vs JEV-P10-006,JEV-P10-004,JEV-P10-006,P10,0.3042,APROBADO (<0.50),Shingles compartidos: 258 de 848 totales en ventana 5-gram.
Par intra-pilar P10: JEV-P10-004 vs JEV-P10-007,JEV-P10-004,JEV-P10-007,P10,0.2982,APROBADO (<0.50),Shingles compartidos: 260 de 872 totales en ventana 5-gram.
Par intra-pilar P10: JEV-P10-004 vs JEV-P10-008,JEV-P10-004,JEV-P10-008,P10,0.3024,APROBADO (<0.50),Shingles compartidos: 261 de 863 totales en ventana 5-gram.
Par intra-pilar P10: JEV-P10-004 vs JEV-P10-009,JEV-P10-004,JEV-P10-009,P10,0.3012,APROBADO (<0.50),Shingles compartidos: 259 de 860 totales en ventana 5-gram.
Par intra-pilar P10: JEV-P10-004 vs JEV-P10-010,JEV-P10-004,JEV-P10-010,P10,0.3058,APROBADO (<0.50),Shingles compartidos: 259 de 847 totales en ventana 5-gram.
Par intra-pilar P10: JEV-P10-004 vs JEV-P10-011,JEV-P10-004,JEV-P10-011,P10,0.3044,APROBADO (<0.50),Shingles compartidos: 260 de 854 totales en ventana 5-gram.
Par intra-pilar P10: JEV-P10-004 vs JEV-P10-012,JEV-P10-004,JEV-P10-012,P10,0.3020,APROBADO (<0.50),Shingles compartidos: 257 de 851 totales en ventana 5-gram.
Par intra-pilar P10: JEV-P10-004 vs JEV-P10-013,JEV-P10-004,JEV-P10-013,P10,0.3090,APROBADO (<0.50),Shingles compartidos: 262 de 848 totales en ventana 5-gram.
Par intra-pilar P10: JEV-P10-004 vs JEV-P10-014,JEV-P10-004,JEV-P10-014,P10,0.2986,APROBADO (<0.50),Shingles compartidos: 258 de 864 totales en ventana 5-gram.
Par intra-pilar P10: JEV-P10-004 vs JEV-P10-015,JEV-P10-004,JEV-P10-015,P10,0.3067,APROBADO (<0.50),Shingles compartidos: 261 de 851 totales en ventana 5-gram.
Par intra-pilar P10: JEV-P10-004 vs JEV-P10-016,JEV-P10-004,JEV-P10-016,P10,0.3102,APROBADO (<0.50),Shingles compartidos: 259 de 835 totales en ventana 5-gram.
Par intra-pilar P10: JEV-P10-004 vs JEV-P10-017,JEV-P10-004,JEV-P10-017,P10,0.2991,APROBADO (<0.50),Shingles compartidos: 256 de 856 totales en ventana 5-gram.
Par intra-pilar P10: JEV-P10-004 vs JEV-P10-018,JEV-P10-004,JEV-P10-018,P10,0.3043,APROBADO (<0.50),Shingles compartidos: 259 de 851 totales en ventana 5-gram.
Par intra-pilar P10: JEV-P10-004 vs JEV-P10-019,JEV-P10-004,JEV-P10-019,P10,0.3013,APROBADO (<0.50),Shingles compartidos: 257 de 853 totales en ventana 5-gram.
Par intra-pilar P10: JEV-P10-004 vs JEV-P10-020,JEV-P10-004,JEV-P10-020,P10,0.2915,APROBADO (<0.50),Shingles compartidos: 258 de 885 totales en ventana 5-gram.
Par intra-pilar P10: JEV-P10-005 vs JEV-P10-006,JEV-P10-005,JEV-P10-006,P10,0.2980,APROBADO (<0.50),Shingles compartidos: 256 de 859 totales en ventana 5-gram.
Par intra-pilar P10: JEV-P10-005 vs JEV-P10-007,JEV-P10-005,JEV-P10-007,P10,0.2922,APROBADO (<0.50),Shingles compartidos: 258 de 883 totales en ventana 5-gram.
Par intra-pilar P10: JEV-P10-005 vs JEV-P10-008,JEV-P10-005,JEV-P10-008,P10,0.2949,APROBADO (<0.50),Shingles compartidos: 258 de 875 totales en ventana 5-gram.
Par intra-pilar P10: JEV-P10-005 vs JEV-P10-009,JEV-P10-005,JEV-P10-009,P10,0.2966,APROBADO (<0.50),Shingles compartidos: 258 de 870 totales en ventana 5-gram.
Par intra-pilar P10: JEV-P10-005 vs JEV-P10-010,JEV-P10-005,JEV-P10-010,P10,0.3041,APROBADO (<0.50),Shingles compartidos: 260 de 855 totales en ventana 5-gram.
Par intra-pilar P10: JEV-P10-005 vs JEV-P10-011,JEV-P10-005,JEV-P10-011,P10,0.2998,APROBADO (<0.50),Shingles compartidos: 259 de 864 totales en ventana 5-gram.
Par intra-pilar P10: JEV-P10-005 vs JEV-P10-012,JEV-P10-005,JEV-P10-012,P10,0.2988,APROBADO (<0.50),Shingles compartidos: 257 de 860 totales en ventana 5-gram.
Par intra-pilar P10: JEV-P10-005 vs JEV-P10-013,JEV-P10-005,JEV-P10-013,P10,0.2997,APROBADO (<0.50),Shingles compartidos: 258 de 861 totales en ventana 5-gram.
Par intra-pilar P10: JEV-P10-005 vs JEV-P10-014,JEV-P10-005,JEV-P10-014,P10,0.2941,APROBADO (<0.50),Shingles compartidos: 257 de 874 totales en ventana 5-gram.
Par intra-pilar P10: JEV-P10-005 vs JEV-P10-015,JEV-P10-005,JEV-P10-015,P10,0.2990,APROBADO (<0.50),Shingles compartidos: 258 de 863 totales en ventana 5-gram.
Par intra-pilar P10: JEV-P10-005 vs JEV-P10-016,JEV-P10-005,JEV-P10-016,P10,0.3069,APROBADO (<0.50),Shingles compartidos: 259 de 844 totales en ventana 5-gram.
Par intra-pilar P10: JEV-P10-005 vs JEV-P10-017,JEV-P10-005,JEV-P10-017,P10,0.2975,APROBADO (<0.50),Shingles compartidos: 257 de 864 totales en ventana 5-gram.
Par intra-pilar P10: JEV-P10-005 vs JEV-P10-018,JEV-P10-005,JEV-P10-018,P10,0.3012,APROBADO (<0.50),Shingles compartidos: 259 de 860 totales en ventana 5-gram.
Par intra-pilar P10: JEV-P10-005 vs JEV-P10-019,JEV-P10-005,JEV-P10-019,P10,0.3012,APROBADO (<0.50),Shingles compartidos: 259 de 860 totales en ventana 5-gram.
Par intra-pilar P10: JEV-P10-005 vs JEV-P10-020,JEV-P10-005,JEV-P10-020,P10,0.2886,APROBADO (<0.50),Shingles compartidos: 258 de 894 totales en ventana 5-gram.
Par intra-pilar P10: JEV-P10-006 vs JEV-P10-007,JEV-P10-006,JEV-P10-007,P10,0.2944,APROBADO (<0.50),Shingles compartidos: 257 de 873 totales en ventana 5-gram.
Par intra-pilar P10: JEV-P10-006 vs JEV-P10-008,JEV-P10-006,JEV-P10-008,P10,0.2986,APROBADO (<0.50),Shingles compartidos: 258 de 864 totales en ventana 5-gram.
Par intra-pilar P10: JEV-P10-006 vs JEV-P10-009,JEV-P10-006,JEV-P10-009,P10,0.2973,APROBADO (<0.50),Shingles compartidos: 256 de 861 totales en ventana 5-gram.
Par intra-pilar P10: JEV-P10-006 vs JEV-P10-010,JEV-P10-006,JEV-P10-010,P10,0.3034,APROBADO (<0.50),Shingles compartidos: 257 de 847 totales en ventana 5-gram.
Par intra-pilar P10: JEV-P10-006 vs JEV-P10-011,JEV-P10-006,JEV-P10-011,P10,0.3006,APROBADO (<0.50),Shingles compartidos: 257 de 855 totales en ventana 5-gram.
Par intra-pilar P10: JEV-P10-006 vs JEV-P10-012,JEV-P10-006,JEV-P10-012,P10,0.3058,APROBADO (<0.50),Shingles compartidos: 259 de 847 totales en ventana 5-gram.
Par intra-pilar P10: JEV-P10-006 vs JEV-P10-013,JEV-P10-006,JEV-P10-013,P10,0.3005,APROBADO (<0.50),Shingles compartidos: 256 de 852 totales en ventana 5-gram.
Par intra-pilar P10: JEV-P10-006 vs JEV-P10-014,JEV-P10-006,JEV-P10-014,P10,0.3008,APROBADO (<0.50),Shingles compartidos: 259 de 861 totales en ventana 5-gram.
Par intra-pilar P10: JEV-P10-006 vs JEV-P10-015,JEV-P10-006,JEV-P10-015,P10,0.3013,APROBADO (<0.50),Shingles compartidos: 257 de 853 totales en ventana 5-gram.
Par intra-pilar P10: JEV-P10-006 vs JEV-P10-016,JEV-P10-006,JEV-P10-016,P10,0.3109,APROBADO (<0.50),Shingles compartidos: 259 de 833 totales en ventana 5-gram.
Par intra-pilar P10: JEV-P10-006 vs JEV-P10-017,JEV-P10-006,JEV-P10-017,P10,0.3028,APROBADO (<0.50),Shingles compartidos: 258 de 852 totales en ventana 5-gram.
Par intra-pilar P10: JEV-P10-006 vs JEV-P10-018,JEV-P10-006,JEV-P10-018,P10,0.3005,APROBADO (<0.50),Shingles compartidos: 256 de 852 totales en ventana 5-gram.
Par intra-pilar P10: JEV-P10-006 vs JEV-P10-019,JEV-P10-006,JEV-P10-019,P10,0.3035,APROBADO (<0.50),Shingles compartidos: 258 de 850 totales en ventana 5-gram.
Par intra-pilar P10: JEV-P10-006 vs JEV-P10-020,JEV-P10-006,JEV-P10-020,P10,0.2922,APROBADO (<0.50),Shingles compartidos: 258 de 883 totales en ventana 5-gram.
Par intra-pilar P10: JEV-P10-007 vs JEV-P10-008,JEV-P10-007,JEV-P10-008,P10,0.2913,APROBADO (<0.50),Shingles compartidos: 259 de 889 totales en ventana 5-gram.
Par intra-pilar P10: JEV-P10-007 vs JEV-P10-009,JEV-P10-007,JEV-P10-009,P10,0.2915,APROBADO (<0.50),Shingles compartidos: 258 de 885 totales en ventana 5-gram.
Par intra-pilar P10: JEV-P10-007 vs JEV-P10-010,JEV-P10-007,JEV-P10-010,P10,0.2974,APROBADO (<0.50),Shingles compartidos: 259 de 871 totales en ventana 5-gram.
Par intra-pilar P10: JEV-P10-007 vs JEV-P10-011,JEV-P10-007,JEV-P10-011,P10,0.2961,APROBADO (<0.50),Shingles compartidos: 260 de 878 totales en ventana 5-gram.
Par intra-pilar P10: JEV-P10-007 vs JEV-P10-012,JEV-P10-007,JEV-P10-012,P10,0.2937,APROBADO (<0.50),Shingles compartidos: 257 de 875 totales en ventana 5-gram.
Par intra-pilar P10: JEV-P10-007 vs JEV-P10-013,JEV-P10-007,JEV-P10-013,P10,0.2945,APROBADO (<0.50),Shingles compartidos: 258 de 876 totales en ventana 5-gram.
Par intra-pilar P10: JEV-P10-007 vs JEV-P10-014,JEV-P10-007,JEV-P10-014,P10,0.2920,APROBADO (<0.50),Shingles compartidos: 259 de 887 totales en ventana 5-gram.
Par intra-pilar P10: JEV-P10-007 vs JEV-P10-015,JEV-P10-007,JEV-P10-015,P10,0.2968,APROBADO (<0.50),Shingles compartidos: 260 de 876 totales en ventana 5-gram.
Par intra-pilar P10: JEV-P10-007 vs JEV-P10-016,JEV-P10-007,JEV-P10-016,P10,0.3015,APROBADO (<0.50),Shingles compartidos: 259 de 859 totales en ventana 5-gram.
Par intra-pilar P10: JEV-P10-007 vs JEV-P10-017,JEV-P10-007,JEV-P10-017,P10,0.2909,APROBADO (<0.50),Shingles compartidos: 256 de 880 totales en ventana 5-gram.
Par intra-pilar P10: JEV-P10-007 vs JEV-P10-018,JEV-P10-007,JEV-P10-018,P10,0.2945,APROBADO (<0.50),Shingles compartidos: 258 de 876 totales en ventana 5-gram.
Par intra-pilar P10: JEV-P10-007 vs JEV-P10-019,JEV-P10-007,JEV-P10-019,P10,0.2916,APROBADO (<0.50),Shingles compartidos: 256 de 878 totales en ventana 5-gram.
Par intra-pilar P10: JEV-P10-007 vs JEV-P10-020,JEV-P10-007,JEV-P10-020,P10,0.2824,APROBADO (<0.50),Shingles compartidos: 257 de 910 totales en ventana 5-gram.
Par intra-pilar P10: JEV-P10-008 vs JEV-P10-009,JEV-P10-008,JEV-P10-009,P10,0.2957,APROBADO (<0.50),Shingles compartidos: 259 de 876 totales en ventana 5-gram.
Par intra-pilar P10: JEV-P10-008 vs JEV-P10-010,JEV-P10-008,JEV-P10-010,P10,0.2986,APROBADO (<0.50),Shingles compartidos: 258 de 864 totales en ventana 5-gram.
Par intra-pilar P10: JEV-P10-008 vs JEV-P10-011,JEV-P10-008,JEV-P10-011,P10,0.2974,APROBADO (<0.50),Shingles compartidos: 259 de 871 totales en ventana 5-gram.
Par intra-pilar P10: JEV-P10-008 vs JEV-P10-012,JEV-P10-008,JEV-P10-012,P10,0.2964,APROBADO (<0.50),Shingles compartidos: 257 de 867 totales en ventana 5-gram.
Par intra-pilar P10: JEV-P10-008 vs JEV-P10-013,JEV-P10-008,JEV-P10-013,P10,0.3032,APROBADO (<0.50),Shingles compartidos: 262 de 864 totales en ventana 5-gram.
Par intra-pilar P10: JEV-P10-008 vs JEV-P10-014,JEV-P10-008,JEV-P10-014,P10,0.2947,APROBADO (<0.50),Shingles compartidos: 259 de 879 totales en ventana 5-gram.
Par intra-pilar P10: JEV-P10-008 vs JEV-P10-015,JEV-P10-008,JEV-P10-015,P10,0.3025,APROBADO (<0.50),Shingles compartidos: 262 de 866 totales en ventana 5-gram.
Par intra-pilar P10: JEV-P10-008 vs JEV-P10-016,JEV-P10-008,JEV-P10-016,P10,0.3090,APROBADO (<0.50),Shingles compartidos: 262 de 848 totales en ventana 5-gram.
Par intra-pilar P10: JEV-P10-008 vs JEV-P10-017,JEV-P10-008,JEV-P10-017,P10,0.2936,APROBADO (<0.50),Shingles compartidos: 256 de 872 totales en ventana 5-gram.
Par intra-pilar P10: JEV-P10-008 vs JEV-P10-018,JEV-P10-008,JEV-P10-018,P10,0.3002,APROBADO (<0.50),Shingles compartidos: 260 de 866 totales en ventana 5-gram.
Par intra-pilar P10: JEV-P10-008 vs JEV-P10-019,JEV-P10-008,JEV-P10-019,P10,0.2957,APROBADO (<0.50),Shingles compartidos: 257 de 869 totales en ventana 5-gram.
Par intra-pilar P10: JEV-P10-008 vs JEV-P10-020,JEV-P10-008,JEV-P10-020,P10,0.2878,APROBADO (<0.50),Shingles compartidos: 259 de 900 totales en ventana 5-gram.
Par intra-pilar P10: JEV-P10-009 vs JEV-P10-010,JEV-P10-009,JEV-P10-010,P10,0.3003,APROBADO (<0.50),Shingles compartidos: 258 de 859 totales en ventana 5-gram.
Par intra-pilar P10: JEV-P10-009 vs JEV-P10-011,JEV-P10-009,JEV-P10-011,P10,0.2976,APROBADO (<0.50),Shingles compartidos: 258 de 867 totales en ventana 5-gram.
Par intra-pilar P10: JEV-P10-009 vs JEV-P10-012,JEV-P10-009,JEV-P10-012,P10,0.2966,APROBADO (<0.50),Shingles compartidos: 256 de 863 totales en ventana 5-gram.
Par intra-pilar P10: JEV-P10-009 vs JEV-P10-013,JEV-P10-009,JEV-P10-013,P10,0.3005,APROBADO (<0.50),Shingles compartidos: 259 de 862 totales en ventana 5-gram.
Par intra-pilar P10: JEV-P10-009 vs JEV-P10-014,JEV-P10-009,JEV-P10-014,P10,0.2919,APROBADO (<0.50),Shingles compartidos: 256 de 877 totales en ventana 5-gram.
Par intra-pilar P10: JEV-P10-009 vs JEV-P10-015,JEV-P10-009,JEV-P10-015,P10,0.3028,APROBADO (<0.50),Shingles compartidos: 261 de 862 totales en ventana 5-gram.
Par intra-pilar P10: JEV-P10-009 vs JEV-P10-016,JEV-P10-009,JEV-P10-016,P10,0.3046,APROBADO (<0.50),Shingles compartidos: 258 de 847 totales en ventana 5-gram.
Par intra-pilar P10: JEV-P10-009 vs JEV-P10-017,JEV-P10-009,JEV-P10-017,P10,0.2953,APROBADO (<0.50),Shingles compartidos: 256 de 867 totales en ventana 5-gram.
Par intra-pilar P10: JEV-P10-009 vs JEV-P10-018,JEV-P10-009,JEV-P10-018,P10,0.3005,APROBADO (<0.50),Shingles compartidos: 259 de 862 totales en ventana 5-gram.
Par intra-pilar P10: JEV-P10-009 vs JEV-P10-019,JEV-P10-009,JEV-P10-019,P10,0.2990,APROBADO (<0.50),Shingles compartidos: 258 de 863 totales en ventana 5-gram.
Par intra-pilar P10: JEV-P10-009 vs JEV-P10-020,JEV-P10-009,JEV-P10-020,P10,0.2865,APROBADO (<0.50),Shingles compartidos: 257 de 897 totales en ventana 5-gram.
Par intra-pilar P10: JEV-P10-010 vs JEV-P10-011,JEV-P10-010,JEV-P10-011,P10,0.3052,APROBADO (<0.50),Shingles compartidos: 260 de 852 totales en ventana 5-gram.
Par intra-pilar P10: JEV-P10-010 vs JEV-P10-012,JEV-P10-010,JEV-P10-012,P10,0.3042,APROBADO (<0.50),Shingles compartidos: 258 de 848 totales en ventana 5-gram.
Par intra-pilar P10: JEV-P10-010 vs JEV-P10-013,JEV-P10-010,JEV-P10-013,P10,0.3035,APROBADO (<0.50),Shingles compartidos: 258 de 850 totales en ventana 5-gram.
Par intra-pilar P10: JEV-P10-010 vs JEV-P10-014,JEV-P10-010,JEV-P10-014,P10,0.2993,APROBADO (<0.50),Shingles compartidos: 258 de 862 totales en ventana 5-gram.
Par intra-pilar P10: JEV-P10-010 vs JEV-P10-015,JEV-P10-010,JEV-P10-015,P10,0.3043,APROBADO (<0.50),Shingles compartidos: 259 de 851 totales en ventana 5-gram.
Par intra-pilar P10: JEV-P10-010 vs JEV-P10-016,JEV-P10-010,JEV-P10-016,P10,0.3141,APROBADO (<0.50),Shingles compartidos: 261 de 831 totales en ventana 5-gram.
Par intra-pilar P10: JEV-P10-010 vs JEV-P10-017,JEV-P10-010,JEV-P10-017,P10,0.3013,APROBADO (<0.50),Shingles compartidos: 257 de 853 totales en ventana 5-gram.
Par intra-pilar P10: JEV-P10-010 vs JEV-P10-018,JEV-P10-010,JEV-P10-018,P10,0.3066,APROBADO (<0.50),Shingles compartidos: 260 de 848 totales en ventana 5-gram.
Par intra-pilar P10: JEV-P10-010 vs JEV-P10-019,JEV-P10-010,JEV-P10-019,P10,0.3020,APROBADO (<0.50),Shingles compartidos: 257 de 851 totales en ventana 5-gram.
Par intra-pilar P10: JEV-P10-010 vs JEV-P10-020,JEV-P10-010,JEV-P10-020,P10,0.2937,APROBADO (<0.50),Shingles compartidos: 259 de 882 totales en ventana 5-gram.
Par intra-pilar P10: JEV-P10-011 vs JEV-P10-012,JEV-P10-011,JEV-P10-012,P10,0.3029,APROBADO (<0.50),Shingles compartidos: 259 de 855 totales en ventana 5-gram.
Par intra-pilar P10: JEV-P10-011 vs JEV-P10-013,JEV-P10-011,JEV-P10-013,P10,0.3007,APROBADO (<0.50),Shingles compartidos: 258 de 858 totales en ventana 5-gram.
Par intra-pilar P10: JEV-P10-011 vs JEV-P10-014,JEV-P10-011,JEV-P10-014,P10,0.3025,APROBADO (<0.50),Shingles compartidos: 262 de 866 totales en ventana 5-gram.
Par intra-pilar P10: JEV-P10-011 vs JEV-P10-015,JEV-P10-011,JEV-P10-015,P10,0.3030,APROBADO (<0.50),Shingles compartidos: 260 de 858 totales en ventana 5-gram.
Par intra-pilar P10: JEV-P10-011 vs JEV-P10-016,JEV-P10-011,JEV-P10-016,P10,0.3095,APROBADO (<0.50),Shingles compartidos: 260 de 840 totales en ventana 5-gram.
Par intra-pilar P10: JEV-P10-011 vs JEV-P10-017,JEV-P10-011,JEV-P10-017,P10,0.3030,APROBADO (<0.50),Shingles compartidos: 260 de 858 totales en ventana 5-gram.
Par intra-pilar P10: JEV-P10-011 vs JEV-P10-018,JEV-P10-011,JEV-P10-018,P10,0.3037,APROBADO (<0.50),Shingles compartidos: 260 de 856 totales en ventana 5-gram.
Par intra-pilar P10: JEV-P10-011 vs JEV-P10-019,JEV-P10-011,JEV-P10-019,P10,0.2977,APROBADO (<0.50),Shingles compartidos: 256 de 860 totales en ventana 5-gram.
Par intra-pilar P10: JEV-P10-011 vs JEV-P10-020,JEV-P10-011,JEV-P10-020,P10,0.2881,APROBADO (<0.50),Shingles compartidos: 257 de 892 totales en ventana 5-gram.
Par intra-pilar P10: JEV-P10-012 vs JEV-P10-013,JEV-P10-012,JEV-P10-013,P10,0.2998,APROBADO (<0.50),Shingles compartidos: 256 de 854 totales en ventana 5-gram.
Par intra-pilar P10: JEV-P10-012 vs JEV-P10-014,JEV-P10-012,JEV-P10-014,P10,0.3016,APROBADO (<0.50),Shingles compartidos: 260 de 862 totales en ventana 5-gram.
Par intra-pilar P10: JEV-P10-012 vs JEV-P10-015,JEV-P10-012,JEV-P10-015,P10,0.3006,APROBADO (<0.50),Shingles compartidos: 257 de 855 totales en ventana 5-gram.
Par intra-pilar P10: JEV-P10-012 vs JEV-P10-016,JEV-P10-012,JEV-P10-016,P10,0.3086,APROBADO (<0.50),Shingles compartidos: 258 de 836 totales en ventana 5-gram.
Par intra-pilar P10: JEV-P10-012 vs JEV-P10-017,JEV-P10-012,JEV-P10-017,P10,0.3036,APROBADO (<0.50),Shingles compartidos: 259 de 853 totales en ventana 5-gram.
Par intra-pilar P10: JEV-P10-012 vs JEV-P10-018,JEV-P10-012,JEV-P10-018,P10,0.3013,APROBADO (<0.50),Shingles compartidos: 257 de 853 totales en ventana 5-gram.
Par intra-pilar P10: JEV-P10-012 vs JEV-P10-019,JEV-P10-012,JEV-P10-019,P10,0.3028,APROBADO (<0.50),Shingles compartidos: 258 de 852 totales en ventana 5-gram.
Par intra-pilar P10: JEV-P10-012 vs JEV-P10-020,JEV-P10-012,JEV-P10-020,P10,0.2915,APROBADO (<0.50),Shingles compartidos: 258 de 885 totales en ventana 5-gram.
Par intra-pilar P10: JEV-P10-013 vs JEV-P10-014,JEV-P10-013,JEV-P10-014,P10,0.2949,APROBADO (<0.50),Shingles compartidos: 256 de 868 totales en ventana 5-gram.
Par intra-pilar P10: JEV-P10-013 vs JEV-P10-015,JEV-P10-013,JEV-P10-015,P10,0.3029,APROBADO (<0.50),Shingles compartidos: 259 de 855 totales en ventana 5-gram.
Par intra-pilar P10: JEV-P10-013 vs JEV-P10-016,JEV-P10-013,JEV-P10-016,P10,0.3094,APROBADO (<0.50),Shingles compartidos: 259 de 837 totales en ventana 5-gram.
Par intra-pilar P10: JEV-P10-013 vs JEV-P10-017,JEV-P10-013,JEV-P10-017,P10,0.2999,APROBADO (<0.50),Shingles compartidos: 257 de 857 totales en ventana 5-gram.
Par intra-pilar P10: JEV-P10-013 vs JEV-P10-018,JEV-P10-013,JEV-P10-018,P10,0.3036,APROBADO (<0.50),Shingles compartidos: 259 de 853 totales en ventana 5-gram.
Par intra-pilar P10: JEV-P10-013 vs JEV-P10-019,JEV-P10-013,JEV-P10-019,P10,0.3006,APROBADO (<0.50),Shingles compartidos: 257 de 855 totales en ventana 5-gram.
Par intra-pilar P10: JEV-P10-013 vs JEV-P10-020,JEV-P10-013,JEV-P10-020,P10,0.2894,APROBADO (<0.50),Shingles compartidos: 257 de 888 totales en ventana 5-gram.
Par intra-pilar P10: JEV-P10-014 vs JEV-P10-015,JEV-P10-014,JEV-P10-015,P10,0.2972,APROBADO (<0.50),Shingles compartidos: 258 de 868 totales en ventana 5-gram.
Par intra-pilar P10: JEV-P10-014 vs JEV-P10-016,JEV-P10-014,JEV-P10-016,P10,0.3035,APROBADO (<0.50),Shingles compartidos: 258 de 850 totales en ventana 5-gram.
Par intra-pilar P10: JEV-P10-014 vs JEV-P10-017,JEV-P10-014,JEV-P10-017,P10,0.2987,APROBADO (<0.50),Shingles compartidos: 259 de 867 totales en ventana 5-gram.
Par intra-pilar P10: JEV-P10-014 vs JEV-P10-018,JEV-P10-014,JEV-P10-018,P10,0.2979,APROBADO (<0.50),Shingles compartidos: 258 de 866 totales en ventana 5-gram.
Par intra-pilar P10: JEV-P10-014 vs JEV-P10-019,JEV-P10-014,JEV-P10-019,P10,0.2979,APROBADO (<0.50),Shingles compartidos: 258 de 866 totales en ventana 5-gram.
Par intra-pilar P10: JEV-P10-014 vs JEV-P10-020,JEV-P10-014,JEV-P10-020,P10,0.2913,APROBADO (<0.50),Shingles compartidos: 261 de 896 totales en ventana 5-gram.
Par intra-pilar P10: JEV-P10-015 vs JEV-P10-016,JEV-P10-015,JEV-P10-016,P10,0.3087,APROBADO (<0.50),Shingles compartidos: 259 de 839 totales en ventana 5-gram.
Par intra-pilar P10: JEV-P10-015 vs JEV-P10-017,JEV-P10-015,JEV-P10-017,P10,0.2977,APROBADO (<0.50),Shingles compartidos: 256 de 860 totales en ventana 5-gram.
Par intra-pilar P10: JEV-P10-015 vs JEV-P10-018,JEV-P10-015,JEV-P10-018,P10,0.3029,APROBADO (<0.50),Shingles compartidos: 259 de 855 totales en ventana 5-gram.
Par intra-pilar P10: JEV-P10-015 vs JEV-P10-019,JEV-P10-015,JEV-P10-019,P10,0.3014,APROBADO (<0.50),Shingles compartidos: 258 de 856 totales en ventana 5-gram.
Par intra-pilar P10: JEV-P10-015 vs JEV-P10-020,JEV-P10-015,JEV-P10-020,P10,0.2902,APROBADO (<0.50),Shingles compartidos: 258 de 889 totales en ventana 5-gram.
Par intra-pilar P10: JEV-P10-016 vs JEV-P10-017,JEV-P10-016,JEV-P10-017,P10,0.3056,APROBADO (<0.50),Shingles compartidos: 257 de 841 totales en ventana 5-gram.
Par intra-pilar P10: JEV-P10-016 vs JEV-P10-018,JEV-P10-016,JEV-P10-018,P10,0.3079,APROBADO (<0.50),Shingles compartidos: 258 de 838 totales en ventana 5-gram.
Par intra-pilar P10: JEV-P10-016 vs JEV-P10-019,JEV-P10-016,JEV-P10-019,P10,0.3048,APROBADO (<0.50),Shingles compartidos: 256 de 840 totales en ventana 5-gram.
Par intra-pilar P10: JEV-P10-016 vs JEV-P10-020,JEV-P10-016,JEV-P10-020,P10,0.2932,APROBADO (<0.50),Shingles compartidos: 256 de 873 totales en ventana 5-gram.
Par intra-pilar P10: JEV-P10-017 vs JEV-P10-018,JEV-P10-017,JEV-P10-018,P10,0.2984,APROBADO (<0.50),Shingles compartidos: 256 de 858 totales en ventana 5-gram.
Par intra-pilar P10: JEV-P10-017 vs JEV-P10-019,JEV-P10-017,JEV-P10-019,P10,0.3014,APROBADO (<0.50),Shingles compartidos: 258 de 856 totales en ventana 5-gram.
Par intra-pilar P10: JEV-P10-017 vs JEV-P10-020,JEV-P10-017,JEV-P10-020,P10,0.2902,APROBADO (<0.50),Shingles compartidos: 258 de 889 totales en ventana 5-gram.
Par intra-pilar P10: JEV-P10-018 vs JEV-P10-019,JEV-P10-018,JEV-P10-019,P10,0.3021,APROBADO (<0.50),Shingles compartidos: 258 de 854 totales en ventana 5-gram.
Par intra-pilar P10: JEV-P10-018 vs JEV-P10-020,JEV-P10-018,JEV-P10-020,P10,0.2923,APROBADO (<0.50),Shingles compartidos: 259 de 886 totales en ventana 5-gram.
Par intra-pilar P10: JEV-P10-019 vs JEV-P10-020,JEV-P10-019,JEV-P10-020,P10,0.2938,APROBADO (<0.50),Shingles compartidos: 260 de 885 totales en ventana 5-gram.
Par intra-pilar P11: JEV-P11-001 vs JEV-P11-002,JEV-P11-001,JEV-P11-002,P11,0.2808,APROBADO (<0.50),Shingles compartidos: 262 de 933 totales en ventana 5-gram.
Par intra-pilar P11: JEV-P11-001 vs JEV-P11-003,JEV-P11-001,JEV-P11-003,P11,0.2859,APROBADO (<0.50),Shingles compartidos: 261 de 913 totales en ventana 5-gram.
Par intra-pilar P11: JEV-P11-001 vs JEV-P11-004,JEV-P11-001,JEV-P11-004,P11,0.2865,APROBADO (<0.50),Shingles compartidos: 261 de 911 totales en ventana 5-gram.
Par intra-pilar P11: JEV-P11-001 vs JEV-P11-005,JEV-P11-001,JEV-P11-005,P11,0.2811,APROBADO (<0.50),Shingles compartidos: 260 de 925 totales en ventana 5-gram.
Par intra-pilar P11: JEV-P11-001 vs JEV-P11-006,JEV-P11-001,JEV-P11-006,P11,0.2845,APROBADO (<0.50),Shingles compartidos: 262 de 921 totales en ventana 5-gram.
Par intra-pilar P11: JEV-P11-001 vs JEV-P11-007,JEV-P11-001,JEV-P11-007,P11,0.2859,APROBADO (<0.50),Shingles compartidos: 265 de 927 totales en ventana 5-gram.
Par intra-pilar P11: JEV-P11-001 vs JEV-P11-008,JEV-P11-001,JEV-P11-008,P11,0.2916,APROBADO (<0.50),Shingles compartidos: 263 de 902 totales en ventana 5-gram.
Par intra-pilar P11: JEV-P11-001 vs JEV-P11-009,JEV-P11-001,JEV-P11-009,P11,0.2805,APROBADO (<0.50),Shingles compartidos: 260 de 927 totales en ventana 5-gram.
Par intra-pilar P11: JEV-P11-001 vs JEV-P11-010,JEV-P11-001,JEV-P11-010,P11,0.2796,APROBADO (<0.50),Shingles compartidos: 262 de 937 totales en ventana 5-gram.
Par intra-pilar P11: JEV-P11-001 vs JEV-P11-011,JEV-P11-001,JEV-P11-011,P11,0.2823,APROBADO (<0.50),Shingles compartidos: 260 de 921 totales en ventana 5-gram.
Par intra-pilar P11: JEV-P11-001 vs JEV-P11-012,JEV-P11-001,JEV-P11-012,P11,0.2865,APROBADO (<0.50),Shingles compartidos: 263 de 918 totales en ventana 5-gram.
Par intra-pilar P11: JEV-P11-001 vs JEV-P11-013,JEV-P11-001,JEV-P11-013,P11,0.2796,APROBADO (<0.50),Shingles compartidos: 260 de 930 totales en ventana 5-gram.
Par intra-pilar P11: JEV-P11-001 vs JEV-P11-014,JEV-P11-001,JEV-P11-014,P11,0.2848,APROBADO (<0.50),Shingles compartidos: 262 de 920 totales en ventana 5-gram.
Par intra-pilar P11: JEV-P11-001 vs JEV-P11-015,JEV-P11-001,JEV-P11-015,P11,0.2831,APROBADO (<0.50),Shingles compartidos: 259 de 915 totales en ventana 5-gram.
Par intra-pilar P11: JEV-P11-001 vs JEV-P11-016,JEV-P11-001,JEV-P11-016,P11,0.2874,APROBADO (<0.50),Shingles compartidos: 265 de 922 totales en ventana 5-gram.
Par intra-pilar P11: JEV-P11-001 vs JEV-P11-017,JEV-P11-001,JEV-P11-017,P11,0.2829,APROBADO (<0.50),Shingles compartidos: 260 de 919 totales en ventana 5-gram.
Par intra-pilar P11: JEV-P11-001 vs JEV-P11-018,JEV-P11-001,JEV-P11-018,P11,0.2868,APROBADO (<0.50),Shingles compartidos: 265 de 924 totales en ventana 5-gram.
Par intra-pilar P11: JEV-P11-001 vs JEV-P11-019,JEV-P11-001,JEV-P11-019,P11,0.2854,APROBADO (<0.50),Shingles compartidos: 260 de 911 totales en ventana 5-gram.
Par intra-pilar P11: JEV-P11-001 vs JEV-P11-020,JEV-P11-001,JEV-P11-020,P11,0.2800,APROBADO (<0.50),Shingles compartidos: 261 de 932 totales en ventana 5-gram.
Par intra-pilar P11: JEV-P11-002 vs JEV-P11-003,JEV-P11-002,JEV-P11-003,P11,0.3058,APROBADO (<0.50),Shingles compartidos: 263 de 860 totales en ventana 5-gram.
Par intra-pilar P11: JEV-P11-002 vs JEV-P11-004,JEV-P11-002,JEV-P11-004,P11,0.3020,APROBADO (<0.50),Shingles compartidos: 260 de 861 totales en ventana 5-gram.
Par intra-pilar P11: JEV-P11-002 vs JEV-P11-005,JEV-P11-002,JEV-P11-005,P11,0.3005,APROBADO (<0.50),Shingles compartidos: 262 de 872 totales en ventana 5-gram.
Par intra-pilar P11: JEV-P11-002 vs JEV-P11-006,JEV-P11-002,JEV-P11-006,P11,0.2982,APROBADO (<0.50),Shingles compartidos: 260 de 872 totales en ventana 5-gram.
Par intra-pilar P11: JEV-P11-002 vs JEV-P11-007,JEV-P11-002,JEV-P11-007,P11,0.2981,APROBADO (<0.50),Shingles compartidos: 262 de 879 totales en ventana 5-gram.
Par intra-pilar P11: JEV-P11-002 vs JEV-P11-008,JEV-P11-002,JEV-P11-008,P11,0.3075,APROBADO (<0.50),Shingles compartidos: 262 de 852 totales en ventana 5-gram.
Par intra-pilar P11: JEV-P11-002 vs JEV-P11-009,JEV-P11-002,JEV-P11-009,P11,0.2998,APROBADO (<0.50),Shingles compartidos: 262 de 874 totales en ventana 5-gram.
Par intra-pilar P11: JEV-P11-002 vs JEV-P11-010,JEV-P11-002,JEV-P11-010,P11,0.2957,APROBADO (<0.50),Shingles compartidos: 262 de 886 totales en ventana 5-gram.
Par intra-pilar P11: JEV-P11-002 vs JEV-P11-011,JEV-P11-002,JEV-P11-011,P11,0.2974,APROBADO (<0.50),Shingles compartidos: 259 de 871 totales en ventana 5-gram.
Par intra-pilar P11: JEV-P11-002 vs JEV-P11-012,JEV-P11-002,JEV-P11-012,P11,0.3033,APROBADO (<0.50),Shingles compartidos: 263 de 867 totales en ventana 5-gram.
Par intra-pilar P11: JEV-P11-002 vs JEV-P11-013,JEV-P11-002,JEV-P11-013,P11,0.2973,APROBADO (<0.50),Shingles compartidos: 261 de 878 totales en ventana 5-gram.
Par intra-pilar P11: JEV-P11-002 vs JEV-P11-014,JEV-P11-002,JEV-P11-014,P11,0.3030,APROBADO (<0.50),Shingles compartidos: 263 de 868 totales en ventana 5-gram.
Par intra-pilar P11: JEV-P11-002 vs JEV-P11-015,JEV-P11-002,JEV-P11-015,P11,0.3013,APROBADO (<0.50),Shingles compartidos: 260 de 863 totales en ventana 5-gram.
Par intra-pilar P11: JEV-P11-002 vs JEV-P11-016,JEV-P11-002,JEV-P11-016,P11,0.2998,APROBADO (<0.50),Shingles compartidos: 262 de 874 totales en ventana 5-gram.
Par intra-pilar P11: JEV-P11-002 vs JEV-P11-017,JEV-P11-002,JEV-P11-017,P11,0.3010,APROBADO (<0.50),Shingles compartidos: 261 de 867 totales en ventana 5-gram.
Par intra-pilar P11: JEV-P11-002 vs JEV-P11-018,JEV-P11-002,JEV-P11-018,P11,0.2991,APROBADO (<0.50),Shingles compartidos: 262 de 876 totales en ventana 5-gram.
Par intra-pilar P11: JEV-P11-002 vs JEV-P11-019,JEV-P11-002,JEV-P11-019,P11,0.3023,APROBADO (<0.50),Shingles compartidos: 260 de 860 totales en ventana 5-gram.
Par intra-pilar P11: JEV-P11-002 vs JEV-P11-020,JEV-P11-002,JEV-P11-020,P11,0.3007,APROBADO (<0.50),Shingles compartidos: 264 de 878 totales en ventana 5-gram.
Par intra-pilar P11: JEV-P11-003 vs JEV-P11-004,JEV-P11-003,JEV-P11-004,P11,0.3080,APROBADO (<0.50),Shingles compartidos: 259 de 841 totales en ventana 5-gram.
Par intra-pilar P11: JEV-P11-003 vs JEV-P11-005,JEV-P11-003,JEV-P11-005,P11,0.3048,APROBADO (<0.50),Shingles compartidos: 260 de 853 totales en ventana 5-gram.
Par intra-pilar P11: JEV-P11-003 vs JEV-P11-006,JEV-P11-003,JEV-P11-006,P11,0.3040,APROBADO (<0.50),Shingles compartidos: 259 de 852 totales en ventana 5-gram.
Par intra-pilar P11: JEV-P11-003 vs JEV-P11-007,JEV-P11-003,JEV-P11-007,P11,0.3038,APROBADO (<0.50),Shingles compartidos: 261 de 859 totales en ventana 5-gram.
Par intra-pilar P11: JEV-P11-003 vs JEV-P11-008,JEV-P11-003,JEV-P11-008,P11,0.3137,APROBADO (<0.50),Shingles compartidos: 261 de 832 totales en ventana 5-gram.
Par intra-pilar P11: JEV-P11-003 vs JEV-P11-009,JEV-P11-003,JEV-P11-009,P11,0.3056,APROBADO (<0.50),Shingles compartidos: 261 de 854 totales en ventana 5-gram.
Par intra-pilar P11: JEV-P11-003 vs JEV-P11-010,JEV-P11-003,JEV-P11-010,P11,0.3029,APROBADO (<0.50),Shingles compartidos: 262 de 865 totales en ventana 5-gram.
Par intra-pilar P11: JEV-P11-003 vs JEV-P11-011,JEV-P11-003,JEV-P11-011,P11,0.3062,APROBADO (<0.50),Shingles compartidos: 260 de 849 totales en ventana 5-gram.
Par intra-pilar P11: JEV-P11-003 vs JEV-P11-012,JEV-P11-003,JEV-P11-012,P11,0.3109,APROBADO (<0.50),Shingles compartidos: 263 de 846 totales en ventana 5-gram.
Par intra-pilar P11: JEV-P11-003 vs JEV-P11-013,JEV-P11-003,JEV-P11-013,P11,0.3122,APROBADO (<0.50),Shingles compartidos: 266 de 852 totales en ventana 5-gram.
Par intra-pilar P11: JEV-P11-003 vs JEV-P11-014,JEV-P11-003,JEV-P11-014,P11,0.3090,APROBADO (<0.50),Shingles compartidos: 262 de 848 totales en ventana 5-gram.
Par intra-pilar P11: JEV-P11-003 vs JEV-P11-015,JEV-P11-003,JEV-P11-015,P11,0.3088,APROBADO (<0.50),Shingles compartidos: 260 de 842 totales en ventana 5-gram.
Par intra-pilar P11: JEV-P11-003 vs JEV-P11-016,JEV-P11-003,JEV-P11-016,P11,0.3087,APROBADO (<0.50),Shingles compartidos: 263 de 852 totales en ventana 5-gram.
Par intra-pilar P11: JEV-P11-003 vs JEV-P11-017,JEV-P11-003,JEV-P11-017,P11,0.3054,APROBADO (<0.50),Shingles compartidos: 259 de 848 totales en ventana 5-gram.
Par intra-pilar P11: JEV-P11-003 vs JEV-P11-018,JEV-P11-003,JEV-P11-018,P11,0.3049,APROBADO (<0.50),Shingles compartidos: 261 de 856 totales en ventana 5-gram.
Par intra-pilar P11: JEV-P11-003 vs JEV-P11-019,JEV-P11-003,JEV-P11-019,P11,0.3099,APROBADO (<0.50),Shingles compartidos: 260 de 839 totales en ventana 5-gram.
Par intra-pilar P11: JEV-P11-003 vs JEV-P11-020,JEV-P11-003,JEV-P11-020,P11,0.3050,APROBADO (<0.50),Shingles compartidos: 262 de 859 totales en ventana 5-gram.
Par intra-pilar P11: JEV-P11-004 vs JEV-P11-005,JEV-P11-004,JEV-P11-005,P11,0.3086,APROBADO (<0.50),Shingles compartidos: 262 de 849 totales en ventana 5-gram.
Par intra-pilar P11: JEV-P11-004 vs JEV-P11-006,JEV-P11-004,JEV-P11-006,P11,0.3109,APROBADO (<0.50),Shingles compartidos: 263 de 846 totales en ventana 5-gram.
Par intra-pilar P11: JEV-P11-004 vs JEV-P11-007,JEV-P11-004,JEV-P11-007,P11,0.3091,APROBADO (<0.50),Shingles compartidos: 264 de 854 totales en ventana 5-gram.
Par intra-pilar P11: JEV-P11-004 vs JEV-P11-008,JEV-P11-004,JEV-P11-008,P11,0.3160,APROBADO (<0.50),Shingles compartidos: 262 de 829 totales en ventana 5-gram.
Par intra-pilar P11: JEV-P11-004 vs JEV-P11-009,JEV-P11-004,JEV-P11-009,P11,0.3110,APROBADO (<0.50),Shingles compartidos: 264 de 849 totales en ventana 5-gram.
Par intra-pilar P11: JEV-P11-004 vs JEV-P11-010,JEV-P11-004,JEV-P11-010,P11,0.3006,APROBADO (<0.50),Shingles compartidos: 260 de 865 totales en ventana 5-gram.
Par intra-pilar P11: JEV-P11-004 vs JEV-P11-011,JEV-P11-004,JEV-P11-011,P11,0.3116,APROBADO (<0.50),Shingles compartidos: 263 de 844 totales en ventana 5-gram.
Par intra-pilar P11: JEV-P11-004 vs JEV-P11-012,JEV-P11-004,JEV-P11-012,P11,0.3070,APROBADO (<0.50),Shingles compartidos: 260 de 847 totales en ventana 5-gram.
Par intra-pilar P11: JEV-P11-004 vs JEV-P11-013,JEV-P11-004,JEV-P11-013,P11,0.3068,APROBADO (<0.50),Shingles compartidos: 262 de 854 totales en ventana 5-gram.
Par intra-pilar P11: JEV-P11-004 vs JEV-P11-014,JEV-P11-004,JEV-P11-014,P11,0.3066,APROBADO (<0.50),Shingles compartidos: 260 de 848 totales en ventana 5-gram.
Par intra-pilar P11: JEV-P11-004 vs JEV-P11-015,JEV-P11-004,JEV-P11-015,P11,0.3111,APROBADO (<0.50),Shingles compartidos: 261 de 839 totales en ventana 5-gram.
Par intra-pilar P11: JEV-P11-004 vs JEV-P11-016,JEV-P11-004,JEV-P11-016,P11,0.3094,APROBADO (<0.50),Shingles compartidos: 263 de 850 totales en ventana 5-gram.
Par intra-pilar P11: JEV-P11-004 vs JEV-P11-017,JEV-P11-004,JEV-P11-017,P11,0.3092,APROBADO (<0.50),Shingles compartidos: 261 de 844 totales en ventana 5-gram.
Par intra-pilar P11: JEV-P11-004 vs JEV-P11-018,JEV-P11-004,JEV-P11-018,P11,0.3072,APROBADO (<0.50),Shingles compartidos: 262 de 853 totales en ventana 5-gram.
Par intra-pilar P11: JEV-P11-004 vs JEV-P11-019,JEV-P11-004,JEV-P11-019,P11,0.3122,APROBADO (<0.50),Shingles compartidos: 261 de 836 totales en ventana 5-gram.
Par intra-pilar P11: JEV-P11-004 vs JEV-P11-020,JEV-P11-004,JEV-P11-020,P11,0.3027,APROBADO (<0.50),Shingles compartidos: 260 de 859 totales en ventana 5-gram.
Par intra-pilar P11: JEV-P11-005 vs JEV-P11-006,JEV-P11-005,JEV-P11-006,P11,0.3062,APROBADO (<0.50),Shingles compartidos: 263 de 859 totales en ventana 5-gram.
Par intra-pilar P11: JEV-P11-005 vs JEV-P11-007,JEV-P11-005,JEV-P11-007,P11,0.3000,APROBADO (<0.50),Shingles compartidos: 261 de 870 totales en ventana 5-gram.
Par intra-pilar P11: JEV-P11-005 vs JEV-P11-008,JEV-P11-005,JEV-P11-008,P11,0.3096,APROBADO (<0.50),Shingles compartidos: 261 de 843 totales en ventana 5-gram.
Par intra-pilar P11: JEV-P11-005 vs JEV-P11-009,JEV-P11-005,JEV-P11-009,P11,0.3063,APROBADO (<0.50),Shingles compartidos: 264 de 862 totales en ventana 5-gram.
Par intra-pilar P11: JEV-P11-005 vs JEV-P11-010,JEV-P11-005,JEV-P11-010,P11,0.2961,APROBADO (<0.50),Shingles compartidos: 260 de 878 totales en ventana 5-gram.
Par intra-pilar P11: JEV-P11-005 vs JEV-P11-011,JEV-P11-005,JEV-P11-011,P11,0.3054,APROBADO (<0.50),Shingles compartidos: 262 de 858 totales en ventana 5-gram.
Par intra-pilar P11: JEV-P11-005 vs JEV-P11-012,JEV-P11-005,JEV-P11-012,P11,0.3054,APROBADO (<0.50),Shingles compartidos: 262 de 858 totales en ventana 5-gram.
Par intra-pilar P11: JEV-P11-005 vs JEV-P11-013,JEV-P11-005,JEV-P11-013,P11,0.3037,APROBADO (<0.50),Shingles compartidos: 263 de 866 totales en ventana 5-gram.
Par intra-pilar P11: JEV-P11-005 vs JEV-P11-014,JEV-P11-005,JEV-P11-014,P11,0.3081,APROBADO (<0.50),Shingles compartidos: 264 de 857 totales en ventana 5-gram.
Par intra-pilar P11: JEV-P11-005 vs JEV-P11-015,JEV-P11-005,JEV-P11-015,P11,0.3094,APROBADO (<0.50),Shingles compartidos: 263 de 850 totales en ventana 5-gram.
Par intra-pilar P11: JEV-P11-005 vs JEV-P11-016,JEV-P11-005,JEV-P11-016,P11,0.3032,APROBADO (<0.50),Shingles compartidos: 262 de 864 totales en ventana 5-gram.
Par intra-pilar P11: JEV-P11-005 vs JEV-P11-017,JEV-P11-005,JEV-P11-017,P11,0.3061,APROBADO (<0.50),Shingles compartidos: 262 de 856 totales en ventana 5-gram.
Par intra-pilar P11: JEV-P11-005 vs JEV-P11-018,JEV-P11-005,JEV-P11-018,P11,0.3010,APROBADO (<0.50),Shingles compartidos: 261 de 867 totales en ventana 5-gram.
Par intra-pilar P11: JEV-P11-005 vs JEV-P11-019,JEV-P11-005,JEV-P11-019,P11,0.3090,APROBADO (<0.50),Shingles compartidos: 262 de 848 totales en ventana 5-gram.
Par intra-pilar P11: JEV-P11-005 vs JEV-P11-020,JEV-P11-005,JEV-P11-020,P11,0.3057,APROBADO (<0.50),Shingles compartidos: 265 de 867 totales en ventana 5-gram.
Par intra-pilar P11: JEV-P11-006 vs JEV-P11-007,JEV-P11-006,JEV-P11-007,P11,0.2992,APROBADO (<0.50),Shingles compartidos: 260 de 869 totales en ventana 5-gram.
Par intra-pilar P11: JEV-P11-006 vs JEV-P11-008,JEV-P11-006,JEV-P11-008,P11,0.3088,APROBADO (<0.50),Shingles compartidos: 260 de 842 totales en ventana 5-gram.
Par intra-pilar P11: JEV-P11-006 vs JEV-P11-009,JEV-P11-006,JEV-P11-009,P11,0.3039,APROBADO (<0.50),Shingles compartidos: 262 de 862 totales en ventana 5-gram.
Par intra-pilar P11: JEV-P11-006 vs JEV-P11-010,JEV-P11-006,JEV-P11-010,P11,0.2968,APROBADO (<0.50),Shingles compartidos: 260 de 876 totales en ventana 5-gram.
Par intra-pilar P11: JEV-P11-006 vs JEV-P11-011,JEV-P11-006,JEV-P11-011,P11,0.3091,APROBADO (<0.50),Shingles compartidos: 264 de 854 totales en ventana 5-gram.
Par intra-pilar P11: JEV-P11-006 vs JEV-P11-012,JEV-P11-006,JEV-P11-012,P11,0.3030,APROBADO (<0.50),Shingles compartidos: 260 de 858 totales en ventana 5-gram.
Par intra-pilar P11: JEV-P11-006 vs JEV-P11-013,JEV-P11-006,JEV-P11-013,P11,0.3029,APROBADO (<0.50),Shingles compartidos: 262 de 865 totales en ventana 5-gram.
Par intra-pilar P11: JEV-P11-006 vs JEV-P11-014,JEV-P11-006,JEV-P11-014,P11,0.3027,APROBADO (<0.50),Shingles compartidos: 260 de 859 totales en ventana 5-gram.
Par intra-pilar P11: JEV-P11-006 vs JEV-P11-015,JEV-P11-006,JEV-P11-015,P11,0.3071,APROBADO (<0.50),Shingles compartidos: 261 de 850 totales en ventana 5-gram.
Par intra-pilar P11: JEV-P11-006 vs JEV-P11-016,JEV-P11-006,JEV-P11-016,P11,0.3009,APROBADO (<0.50),Shingles compartidos: 260 de 864 totales en ventana 5-gram.
Par intra-pilar P11: JEV-P11-006 vs JEV-P11-017,JEV-P11-006,JEV-P11-017,P11,0.3068,APROBADO (<0.50),Shingles compartidos: 262 de 854 totales en ventana 5-gram.
Par intra-pilar P11: JEV-P11-006 vs JEV-P11-018,JEV-P11-006,JEV-P11-018,P11,0.3002,APROBADO (<0.50),Shingles compartidos: 260 de 866 totales en ventana 5-gram.
Par intra-pilar P11: JEV-P11-006 vs JEV-P11-019,JEV-P11-006,JEV-P11-019,P11,0.3081,APROBADO (<0.50),Shingles compartidos: 261 de 847 totales en ventana 5-gram.
Par intra-pilar P11: JEV-P11-006 vs JEV-P11-020,JEV-P11-006,JEV-P11-020,P11,0.2974,APROBADO (<0.50),Shingles compartidos: 259 de 871 totales en ventana 5-gram.
Par intra-pilar P11: JEV-P11-007 vs JEV-P11-008,JEV-P11-007,JEV-P11-008,P11,0.3117,APROBADO (<0.50),Shingles compartidos: 264 de 847 totales en ventana 5-gram.
Par intra-pilar P11: JEV-P11-007 vs JEV-P11-009,JEV-P11-007,JEV-P11-009,P11,0.2993,APROBADO (<0.50),Shingles compartidos: 261 de 872 totales en ventana 5-gram.
Par intra-pilar P11: JEV-P11-007 vs JEV-P11-010,JEV-P11-007,JEV-P11-010,P11,0.2967,APROBADO (<0.50),Shingles compartidos: 262 de 883 totales en ventana 5-gram.
Par intra-pilar P11: JEV-P11-007 vs JEV-P11-011,JEV-P11-007,JEV-P11-011,P11,0.3014,APROBADO (<0.50),Shingles compartidos: 261 de 866 totales en ventana 5-gram.
Par intra-pilar P11: JEV-P11-007 vs JEV-P11-012,JEV-P11-007,JEV-P11-012,P11,0.3044,APROBADO (<0.50),Shingles compartidos: 263 de 864 totales en ventana 5-gram.
Par intra-pilar P11: JEV-P11-007 vs JEV-P11-013,JEV-P11-007,JEV-P11-013,P11,0.2968,APROBADO (<0.50),Shingles compartidos: 260 de 876 totales en ventana 5-gram.
Par intra-pilar P11: JEV-P11-007 vs JEV-P11-014,JEV-P11-007,JEV-P11-014,P11,0.3040,APROBADO (<0.50),Shingles compartidos: 263 de 865 totales en ventana 5-gram.
Par intra-pilar P11: JEV-P11-007 vs JEV-P11-015,JEV-P11-007,JEV-P11-015,P11,0.3008,APROBADO (<0.50),Shingles compartidos: 259 de 861 totales en ventana 5-gram.
Par intra-pilar P11: JEV-P11-007 vs JEV-P11-016,JEV-P11-007,JEV-P11-016,P11,0.3113,APROBADO (<0.50),Shingles compartidos: 269 de 864 totales en ventana 5-gram.
Par intra-pilar P11: JEV-P11-007 vs JEV-P11-017,JEV-P11-007,JEV-P11-017,P11,0.3006,APROBADO (<0.50),Shingles compartidos: 260 de 865 totales en ventana 5-gram.
Par intra-pilar P11: JEV-P11-007 vs JEV-P11-018,JEV-P11-007,JEV-P11-018,P11,0.3031,APROBADO (<0.50),Shingles compartidos: 264 de 871 totales en ventana 5-gram.
Par intra-pilar P11: JEV-P11-007 vs JEV-P11-019,JEV-P11-007,JEV-P11-019,P11,0.3034,APROBADO (<0.50),Shingles compartidos: 260 de 857 totales en ventana 5-gram.
Par intra-pilar P11: JEV-P11-007 vs JEV-P11-020,JEV-P11-007,JEV-P11-020,P11,0.2987,APROBADO (<0.50),Shingles compartidos: 262 de 877 totales en ventana 5-gram.
Par intra-pilar P11: JEV-P11-008 vs JEV-P11-009,JEV-P11-008,JEV-P11-009,P11,0.3089,APROBADO (<0.50),Shingles compartidos: 261 de 845 totales en ventana 5-gram.
Par intra-pilar P11: JEV-P11-008 vs JEV-P11-010,JEV-P11-008,JEV-P11-010,P11,0.3061,APROBADO (<0.50),Shingles compartidos: 262 de 856 totales en ventana 5-gram.
Par intra-pilar P11: JEV-P11-008 vs JEV-P11-011,JEV-P11-008,JEV-P11-011,P11,0.3095,APROBADO (<0.50),Shingles compartidos: 260 de 840 totales en ventana 5-gram.
Par intra-pilar P11: JEV-P11-008 vs JEV-P11-012,JEV-P11-008,JEV-P11-012,P11,0.3158,APROBADO (<0.50),Shingles compartidos: 264 de 836 totales en ventana 5-gram.
Par intra-pilar P11: JEV-P11-008 vs JEV-P11-013,JEV-P11-008,JEV-P11-013,P11,0.3078,APROBADO (<0.50),Shingles compartidos: 261 de 848 totales en ventana 5-gram.
Par intra-pilar P11: JEV-P11-008 vs JEV-P11-014,JEV-P11-008,JEV-P11-014,P11,0.3138,APROBADO (<0.50),Shingles compartidos: 263 de 838 totales en ventana 5-gram.
Par intra-pilar P11: JEV-P11-008 vs JEV-P11-015,JEV-P11-008,JEV-P11-015,P11,0.3106,APROBADO (<0.50),Shingles compartidos: 259 de 834 totales en ventana 5-gram.
Par intra-pilar P11: JEV-P11-008 vs JEV-P11-016,JEV-P11-008,JEV-P11-016,P11,0.3135,APROBADO (<0.50),Shingles compartidos: 264 de 842 totales en ventana 5-gram.
Par intra-pilar P11: JEV-P11-008 vs JEV-P11-017,JEV-P11-008,JEV-P11-017,P11,0.3103,APROBADO (<0.50),Shingles compartidos: 260 de 838 totales en ventana 5-gram.
Par intra-pilar P11: JEV-P11-008 vs JEV-P11-018,JEV-P11-008,JEV-P11-018,P11,0.3175,APROBADO (<0.50),Shingles compartidos: 267 de 841 totales en ventana 5-gram.
Par intra-pilar P11: JEV-P11-008 vs JEV-P11-019,JEV-P11-008,JEV-P11-019,P11,0.3148,APROBADO (<0.50),Shingles compartidos: 261 de 829 totales en ventana 5-gram.
Par intra-pilar P11: JEV-P11-008 vs JEV-P11-020,JEV-P11-008,JEV-P11-020,P11,0.3082,APROBADO (<0.50),Shingles compartidos: 262 de 850 totales en ventana 5-gram.
Par intra-pilar P11: JEV-P11-009 vs JEV-P11-010,JEV-P11-009,JEV-P11-010,P11,0.2984,APROBADO (<0.50),Shingles compartidos: 262 de 878 totales en ventana 5-gram.
Par intra-pilar P11: JEV-P11-009 vs JEV-P11-011,JEV-P11-009,JEV-P11-011,P11,0.3047,APROBADO (<0.50),Shingles compartidos: 262 de 860 totales en ventana 5-gram.
Par intra-pilar P11: JEV-P11-009 vs JEV-P11-012,JEV-P11-009,JEV-P11-012,P11,0.3031,APROBADO (<0.50),Shingles compartidos: 261 de 861 totales en ventana 5-gram.
Par intra-pilar P11: JEV-P11-009 vs JEV-P11-013,JEV-P11-009,JEV-P11-013,P11,0.3060,APROBADO (<0.50),Shingles compartidos: 265 de 866 totales en ventana 5-gram.
Par intra-pilar P11: JEV-P11-009 vs JEV-P11-014,JEV-P11-009,JEV-P11-014,P11,0.3043,APROBADO (<0.50),Shingles compartidos: 262 de 861 totales en ventana 5-gram.
Par intra-pilar P11: JEV-P11-009 vs JEV-P11-015,JEV-P11-009,JEV-P11-015,P11,0.3056,APROBADO (<0.50),Shingles compartidos: 261 de 854 totales en ventana 5-gram.
Par intra-pilar P11: JEV-P11-009 vs JEV-P11-016,JEV-P11-009,JEV-P11-016,P11,0.3010,APROBADO (<0.50),Shingles compartidos: 261 de 867 totales en ventana 5-gram.
Par intra-pilar P11: JEV-P11-009 vs JEV-P11-017,JEV-P11-009,JEV-P11-017,P11,0.3054,APROBADO (<0.50),Shingles compartidos: 262 de 858 totales en ventana 5-gram.
Par intra-pilar P11: JEV-P11-009 vs JEV-P11-018,JEV-P11-009,JEV-P11-018,P11,0.3003,APROBADO (<0.50),Shingles compartidos: 261 de 869 totales en ventana 5-gram.
Par intra-pilar P11: JEV-P11-009 vs JEV-P11-019,JEV-P11-009,JEV-P11-019,P11,0.3082,APROBADO (<0.50),Shingles compartidos: 262 de 850 totales en ventana 5-gram.
Par intra-pilar P11: JEV-P11-009 vs JEV-P11-020,JEV-P11-009,JEV-P11-020,P11,0.2990,APROBADO (<0.50),Shingles compartidos: 261 de 873 totales en ventana 5-gram.
Par intra-pilar P11: JEV-P11-010 vs JEV-P11-011,JEV-P11-010,JEV-P11-011,P11,0.3005,APROBADO (<0.50),Shingles compartidos: 262 de 872 totales en ventana 5-gram.
Par intra-pilar P11: JEV-P11-010 vs JEV-P11-012,JEV-P11-010,JEV-P11-012,P11,0.3049,APROBADO (<0.50),Shingles compartidos: 265 de 869 totales en ventana 5-gram.
Par intra-pilar P11: JEV-P11-010 vs JEV-P11-013,JEV-P11-010,JEV-P11-013,P11,0.2974,APROBADO (<0.50),Shingles compartidos: 262 de 881 totales en ventana 5-gram.
Par intra-pilar P11: JEV-P11-010 vs JEV-P11-014,JEV-P11-010,JEV-P11-014,P11,0.3001,APROBADO (<0.50),Shingles compartidos: 262 de 873 totales en ventana 5-gram.
Par intra-pilar P11: JEV-P11-010 vs JEV-P11-015,JEV-P11-010,JEV-P11-015,P11,0.2999,APROBADO (<0.50),Shingles compartidos: 260 de 867 totales en ventana 5-gram.
Par intra-pilar P11: JEV-P11-010 vs JEV-P11-016,JEV-P11-010,JEV-P11-016,P11,0.2984,APROBADO (<0.50),Shingles compartidos: 262 de 878 totales en ventana 5-gram.
Par intra-pilar P11: JEV-P11-010 vs JEV-P11-017,JEV-P11-010,JEV-P11-017,P11,0.2967,APROBADO (<0.50),Shingles compartidos: 259 de 873 totales en ventana 5-gram.
Par intra-pilar P11: JEV-P11-010 vs JEV-P11-018,JEV-P11-010,JEV-P11-018,P11,0.2977,APROBADO (<0.50),Shingles compartidos: 262 de 880 totales en ventana 5-gram.
Par intra-pilar P11: JEV-P11-010 vs JEV-P11-019,JEV-P11-010,JEV-P11-019,P11,0.2994,APROBADO (<0.50),Shingles compartidos: 259 de 865 totales en ventana 5-gram.
Par intra-pilar P11: JEV-P11-010 vs JEV-P11-020,JEV-P11-010,JEV-P11-020,P11,0.2949,APROBADO (<0.50),Shingles compartidos: 261 de 885 totales en ventana 5-gram.
Par intra-pilar P11: JEV-P11-011 vs JEV-P11-012,JEV-P11-011,JEV-P11-012,P11,0.3037,APROBADO (<0.50),Shingles compartidos: 260 de 856 totales en ventana 5-gram.
Par intra-pilar P11: JEV-P11-011 vs JEV-P11-013,JEV-P11-011,JEV-P11-013,P11,0.3051,APROBADO (<0.50),Shingles compartidos: 263 de 862 totales en ventana 5-gram.
Par intra-pilar P11: JEV-P11-011 vs JEV-P11-014,JEV-P11-011,JEV-P11-014,P11,0.3049,APROBADO (<0.50),Shingles compartidos: 261 de 856 totales en ventana 5-gram.
Par intra-pilar P11: JEV-P11-011 vs JEV-P11-015,JEV-P11-011,JEV-P11-015,P11,0.3093,APROBADO (<0.50),Shingles compartidos: 262 de 847 totales en ventana 5-gram.
Par intra-pilar P11: JEV-P11-011 vs JEV-P11-016,JEV-P11-011,JEV-P11-016,P11,0.3016,APROBADO (<0.50),Shingles compartidos: 260 de 862 totales en ventana 5-gram.
Par intra-pilar P11: JEV-P11-011 vs JEV-P11-017,JEV-P11-011,JEV-P11-017,P11,0.3060,APROBADO (<0.50),Shingles compartidos: 261 de 853 totales en ventana 5-gram.
Par intra-pilar P11: JEV-P11-011 vs JEV-P11-018,JEV-P11-011,JEV-P11-018,P11,0.3009,APROBADO (<0.50),Shingles compartidos: 260 de 864 totales en ventana 5-gram.
Par intra-pilar P11: JEV-P11-011 vs JEV-P11-019,JEV-P11-011,JEV-P11-019,P11,0.3089,APROBADO (<0.50),Shingles compartidos: 261 de 845 totales en ventana 5-gram.
Par intra-pilar P11: JEV-P11-011 vs JEV-P11-020,JEV-P11-011,JEV-P11-020,P11,0.2980,APROBADO (<0.50),Shingles compartidos: 259 de 869 totales en ventana 5-gram.
Par intra-pilar P11: JEV-P11-012 vs JEV-P11-013,JEV-P11-012,JEV-P11-013,P11,0.3006,APROBADO (<0.50),Shingles compartidos: 260 de 865 totales en ventana 5-gram.
Par intra-pilar P11: JEV-P11-012 vs JEV-P11-014,JEV-P11-012,JEV-P11-014,P11,0.3095,APROBADO (<0.50),Shingles compartidos: 264 de 853 totales en ventana 5-gram.
Par intra-pilar P11: JEV-P11-012 vs JEV-P11-015,JEV-P11-012,JEV-P11-015,P11,0.3078,APROBADO (<0.50),Shingles compartidos: 261 de 848 totales en ventana 5-gram.
Par intra-pilar P11: JEV-P11-012 vs JEV-P11-016,JEV-P11-012,JEV-P11-016,P11,0.3092,APROBADO (<0.50),Shingles compartidos: 265 de 857 totales en ventana 5-gram.
Par intra-pilar P11: JEV-P11-012 vs JEV-P11-017,JEV-P11-012,JEV-P11-017,P11,0.3075,APROBADO (<0.50),Shingles compartidos: 262 de 852 totales en ventana 5-gram.
Par intra-pilar P11: JEV-P11-012 vs JEV-P11-018,JEV-P11-012,JEV-P11-018,P11,0.3055,APROBADO (<0.50),Shingles compartidos: 263 de 861 totales en ventana 5-gram.
Par intra-pilar P11: JEV-P11-012 vs JEV-P11-019,JEV-P11-012,JEV-P11-019,P11,0.3104,APROBADO (<0.50),Shingles compartidos: 262 de 844 totales en ventana 5-gram.
Par intra-pilar P11: JEV-P11-012 vs JEV-P11-020,JEV-P11-012,JEV-P11-020,P11,0.3025,APROBADO (<0.50),Shingles compartidos: 262 de 866 totales en ventana 5-gram.
Par intra-pilar P11: JEV-P11-013 vs JEV-P11-014,JEV-P11-013,JEV-P11-014,P11,0.3017,APROBADO (<0.50),Shingles compartidos: 261 de 865 totales en ventana 5-gram.
Par intra-pilar P11: JEV-P11-013 vs JEV-P11-015,JEV-P11-013,JEV-P11-015,P11,0.3061,APROBADO (<0.50),Shingles compartidos: 262 de 856 totales en ventana 5-gram.
Par intra-pilar P11: JEV-P11-013 vs JEV-P11-016,JEV-P11-013,JEV-P11-016,P11,0.2985,APROBADO (<0.50),Shingles compartidos: 260 de 871 totales en ventana 5-gram.
Par intra-pilar P11: JEV-P11-013 vs JEV-P11-017,JEV-P11-013,JEV-P11-017,P11,0.3028,APROBADO (<0.50),Shingles compartidos: 261 de 862 totales en ventana 5-gram.
Par intra-pilar P11: JEV-P11-013 vs JEV-P11-018,JEV-P11-013,JEV-P11-018,P11,0.2978,APROBADO (<0.50),Shingles compartidos: 260 de 873 totales en ventana 5-gram.
Par intra-pilar P11: JEV-P11-013 vs JEV-P11-019,JEV-P11-013,JEV-P11-019,P11,0.3056,APROBADO (<0.50),Shingles compartidos: 261 de 854 totales en ventana 5-gram.
Par intra-pilar P11: JEV-P11-013 vs JEV-P11-020,JEV-P11-013,JEV-P11-020,P11,0.2965,APROBADO (<0.50),Shingles compartidos: 260 de 877 totales en ventana 5-gram.
Par intra-pilar P11: JEV-P11-014 vs JEV-P11-015,JEV-P11-014,JEV-P11-015,P11,0.3043,APROBADO (<0.50),Shingles compartidos: 259 de 851 totales en ventana 5-gram.
Par intra-pilar P11: JEV-P11-014 vs JEV-P11-016,JEV-P11-014,JEV-P11-016,P11,0.3089,APROBADO (<0.50),Shingles compartidos: 265 de 858 totales en ventana 5-gram.
Par intra-pilar P11: JEV-P11-014 vs JEV-P11-017,JEV-P11-014,JEV-P11-017,P11,0.3056,APROBADO (<0.50),Shingles compartidos: 261 de 854 totales en ventana 5-gram.
Par intra-pilar P11: JEV-P11-014 vs JEV-P11-018,JEV-P11-014,JEV-P11-018,P11,0.3051,APROBADO (<0.50),Shingles compartidos: 263 de 862 totales en ventana 5-gram.
Par intra-pilar P11: JEV-P11-014 vs JEV-P11-019,JEV-P11-014,JEV-P11-019,P11,0.3070,APROBADO (<0.50),Shingles compartidos: 260 de 847 totales en ventana 5-gram.
Par intra-pilar P11: JEV-P11-014 vs JEV-P11-020,JEV-P11-014,JEV-P11-020,P11,0.3082,APROBADO (<0.50),Shingles compartidos: 266 de 863 totales en ventana 5-gram.
Par intra-pilar P11: JEV-P11-015 vs JEV-P11-016,JEV-P11-015,JEV-P11-016,P11,0.3041,APROBADO (<0.50),Shingles compartidos: 260 de 855 totales en ventana 5-gram.
Par intra-pilar P11: JEV-P11-015 vs JEV-P11-017,JEV-P11-015,JEV-P11-017,P11,0.3132,APROBADO (<0.50),Shingles compartidos: 264 de 843 totales en ventana 5-gram.
Par intra-pilar P11: JEV-P11-015 vs JEV-P11-018,JEV-P11-015,JEV-P11-018,P11,0.3019,APROBADO (<0.50),Shingles compartidos: 259 de 858 totales en ventana 5-gram.
Par intra-pilar P11: JEV-P11-015 vs JEV-P11-019,JEV-P11-015,JEV-P11-019,P11,0.3177,APROBADO (<0.50),Shingles compartidos: 265 de 834 totales en ventana 5-gram.
Par intra-pilar P11: JEV-P11-015 vs JEV-P11-020,JEV-P11-015,JEV-P11-020,P11,0.3050,APROBADO (<0.50),Shingles compartidos: 262 de 859 totales en ventana 5-gram.
Par intra-pilar P11: JEV-P11-016 vs JEV-P11-017,JEV-P11-016,JEV-P11-017,P11,0.3023,APROBADO (<0.50),Shingles compartidos: 260 de 860 totales en ventana 5-gram.
Par intra-pilar P11: JEV-P11-016 vs JEV-P11-018,JEV-P11-016,JEV-P11-018,P11,0.3048,APROBADO (<0.50),Shingles compartidos: 264 de 866 totales en ventana 5-gram.
Par intra-pilar P11: JEV-P11-016 vs JEV-P11-019,JEV-P11-016,JEV-P11-019,P11,0.3052,APROBADO (<0.50),Shingles compartidos: 260 de 852 totales en ventana 5-gram.
Par intra-pilar P11: JEV-P11-016 vs JEV-P11-020,JEV-P11-016,JEV-P11-020,P11,0.3020,APROBADO (<0.50),Shingles compartidos: 263 de 871 totales en ventana 5-gram.
Par intra-pilar P11: JEV-P11-017 vs JEV-P11-018,JEV-P11-017,JEV-P11-018,P11,0.3016,APROBADO (<0.50),Shingles compartidos: 260 de 862 totales en ventana 5-gram.
Par intra-pilar P11: JEV-P11-017 vs JEV-P11-019,JEV-P11-017,JEV-P11-019,P11,0.3127,APROBADO (<0.50),Shingles compartidos: 263 de 841 totales en ventana 5-gram.
Par intra-pilar P11: JEV-P11-017 vs JEV-P11-020,JEV-P11-017,JEV-P11-020,P11,0.3017,APROBADO (<0.50),Shingles compartidos: 261 de 865 totales en ventana 5-gram.
Par intra-pilar P11: JEV-P11-018 vs JEV-P11-019,JEV-P11-018,JEV-P11-019,P11,0.3044,APROBADO (<0.50),Shingles compartidos: 260 de 854 totales en ventana 5-gram.
Par intra-pilar P11: JEV-P11-018 vs JEV-P11-020,JEV-P11-018,JEV-P11-020,P11,0.3013,APROBADO (<0.50),Shingles compartidos: 263 de 873 totales en ventana 5-gram.
Par intra-pilar P11: JEV-P11-019 vs JEV-P11-020,JEV-P11-019,JEV-P11-020,P11,0.3030,APROBADO (<0.50),Shingles compartidos: 260 de 858 totales en ventana 5-gram.
Par intra-pilar P12: JEV-P12-001 vs JEV-P12-002,JEV-P12-001,JEV-P12-002,P12,0.3089,APROBADO (<0.50),Shingles compartidos: 266 de 861 totales en ventana 5-gram.
Par intra-pilar P12: JEV-P12-001 vs JEV-P12-003,JEV-P12-001,JEV-P12-003,P12,0.3051,APROBADO (<0.50),Shingles compartidos: 263 de 862 totales en ventana 5-gram.
Par intra-pilar P12: JEV-P12-001 vs JEV-P12-004,JEV-P12-001,JEV-P12-004,P12,0.2961,APROBADO (<0.50),Shingles compartidos: 268 de 905 totales en ventana 5-gram.
Par intra-pilar P12: JEV-P12-001 vs JEV-P12-005,JEV-P12-001,JEV-P12-005,P12,0.3017,APROBADO (<0.50),Shingles compartidos: 264 de 875 totales en ventana 5-gram.
Par intra-pilar P12: JEV-P12-001 vs JEV-P12-006,JEV-P12-001,JEV-P12-006,P12,0.3110,APROBADO (<0.50),Shingles compartidos: 265 de 852 totales en ventana 5-gram.
Par intra-pilar P12: JEV-P12-001 vs JEV-P12-007,JEV-P12-001,JEV-P12-007,P12,0.3068,APROBADO (<0.50),Shingles compartidos: 266 de 867 totales en ventana 5-gram.
Par intra-pilar P12: JEV-P12-001 vs JEV-P12-008,JEV-P12-001,JEV-P12-008,P12,0.3118,APROBADO (<0.50),Shingles compartidos: 265 de 850 totales en ventana 5-gram.
Par intra-pilar P12: JEV-P12-001 vs JEV-P12-009,JEV-P12-001,JEV-P12-009,P12,0.3048,APROBADO (<0.50),Shingles compartidos: 267 de 876 totales en ventana 5-gram.
Par intra-pilar P12: JEV-P12-001 vs JEV-P12-010,JEV-P12-001,JEV-P12-010,P12,0.3012,APROBADO (<0.50),Shingles compartidos: 266 de 883 totales en ventana 5-gram.
Par intra-pilar P12: JEV-P12-001 vs JEV-P12-011,JEV-P12-001,JEV-P12-011,P12,0.3066,APROBADO (<0.50),Shingles compartidos: 264 de 861 totales en ventana 5-gram.
Par intra-pilar P12: JEV-P12-001 vs JEV-P12-012,JEV-P12-001,JEV-P12-012,P12,0.2999,APROBADO (<0.50),Shingles compartidos: 263 de 877 totales en ventana 5-gram.
Par intra-pilar P12: JEV-P12-001 vs JEV-P12-013,JEV-P12-001,JEV-P12-013,P12,0.3067,APROBADO (<0.50),Shingles compartidos: 265 de 864 totales en ventana 5-gram.
Par intra-pilar P12: JEV-P12-001 vs JEV-P12-014,JEV-P12-001,JEV-P12-014,P12,0.3064,APROBADO (<0.50),Shingles compartidos: 269 de 878 totales en ventana 5-gram.
Par intra-pilar P12: JEV-P12-001 vs JEV-P12-015,JEV-P12-001,JEV-P12-015,P12,0.3010,APROBADO (<0.50),Shingles compartidos: 264 de 877 totales en ventana 5-gram.
Par intra-pilar P12: JEV-P12-001 vs JEV-P12-016,JEV-P12-001,JEV-P12-016,P12,0.3042,APROBADO (<0.50),Shingles compartidos: 265 de 871 totales en ventana 5-gram.
Par intra-pilar P12: JEV-P12-001 vs JEV-P12-017,JEV-P12-001,JEV-P12-017,P12,0.3113,APROBADO (<0.50),Shingles compartidos: 268 de 861 totales en ventana 5-gram.
Par intra-pilar P12: JEV-P12-001 vs JEV-P12-018,JEV-P12-001,JEV-P12-018,P12,0.3088,APROBADO (<0.50),Shingles compartidos: 264 de 855 totales en ventana 5-gram.
Par intra-pilar P12: JEV-P12-001 vs JEV-P12-019,JEV-P12-001,JEV-P12-019,P12,0.3094,APROBADO (<0.50),Shingles compartidos: 267 de 863 totales en ventana 5-gram.
Par intra-pilar P12: JEV-P12-001 vs JEV-P12-020,JEV-P12-001,JEV-P12-020,P12,0.3011,APROBADO (<0.50),Shingles compartidos: 265 de 880 totales en ventana 5-gram.
Par intra-pilar P12: JEV-P12-002 vs JEV-P12-003,JEV-P12-002,JEV-P12-003,P12,0.3113,APROBADO (<0.50),Shingles compartidos: 264 de 848 totales en ventana 5-gram.
Par intra-pilar P12: JEV-P12-002 vs JEV-P12-004,JEV-P12-002,JEV-P12-004,P12,0.2975,APROBADO (<0.50),Shingles compartidos: 266 de 894 totales en ventana 5-gram.
Par intra-pilar P12: JEV-P12-002 vs JEV-P12-005,JEV-P12-002,JEV-P12-005,P12,0.3078,APROBADO (<0.50),Shingles compartidos: 265 de 861 totales en ventana 5-gram.
Par intra-pilar P12: JEV-P12-002 vs JEV-P12-006,JEV-P12-002,JEV-P12-006,P12,0.3174,APROBADO (<0.50),Shingles compartidos: 266 de 838 totales en ventana 5-gram.
Par intra-pilar P12: JEV-P12-002 vs JEV-P12-007,JEV-P12-002,JEV-P12-007,P12,0.3130,APROBADO (<0.50),Shingles compartidos: 267 de 853 totales en ventana 5-gram.
Par intra-pilar P12: JEV-P12-002 vs JEV-P12-008,JEV-P12-002,JEV-P12-008,P12,0.3182,APROBADO (<0.50),Shingles compartidos: 266 de 836 totales en ventana 5-gram.
Par intra-pilar P12: JEV-P12-002 vs JEV-P12-009,JEV-P12-002,JEV-P12-009,P12,0.3018,APROBADO (<0.50),Shingles compartidos: 262 de 868 totales en ventana 5-gram.
Par intra-pilar P12: JEV-P12-002 vs JEV-P12-010,JEV-P12-002,JEV-P12-010,P12,0.3072,APROBADO (<0.50),Shingles compartidos: 267 de 869 totales en ventana 5-gram.
Par intra-pilar P12: JEV-P12-002 vs JEV-P12-011,JEV-P12-002,JEV-P12-011,P12,0.3113,APROBADO (<0.50),Shingles compartidos: 264 de 848 totales en ventana 5-gram.
Par intra-pilar P12: JEV-P12-002 vs JEV-P12-012,JEV-P12-002,JEV-P12-012,P12,0.3059,APROBADO (<0.50),Shingles compartidos: 264 de 863 totales en ventana 5-gram.
Par intra-pilar P12: JEV-P12-002 vs JEV-P12-013,JEV-P12-002,JEV-P12-013,P12,0.3099,APROBADO (<0.50),Shingles compartidos: 264 de 852 totales en ventana 5-gram.
Par intra-pilar P12: JEV-P12-002 vs JEV-P12-014,JEV-P12-002,JEV-P12-014,P12,0.3065,APROBADO (<0.50),Shingles compartidos: 266 de 868 totales en ventana 5-gram.
Par intra-pilar P12: JEV-P12-002 vs JEV-P12-015,JEV-P12-002,JEV-P12-015,P12,0.3071,APROBADO (<0.50),Shingles compartidos: 265 de 863 totales en ventana 5-gram.
Par intra-pilar P12: JEV-P12-002 vs JEV-P12-016,JEV-P12-002,JEV-P12-016,P12,0.3089,APROBADO (<0.50),Shingles compartidos: 265 de 858 totales en ventana 5-gram.
Par intra-pilar P12: JEV-P12-002 vs JEV-P12-017,JEV-P12-002,JEV-P12-017,P12,0.3099,APROBADO (<0.50),Shingles compartidos: 264 de 852 totales en ventana 5-gram.
Par intra-pilar P12: JEV-P12-002 vs JEV-P12-018,JEV-P12-002,JEV-P12-018,P12,0.3167,APROBADO (<0.50),Shingles compartidos: 266 de 840 totales en ventana 5-gram.
Par intra-pilar P12: JEV-P12-002 vs JEV-P12-019,JEV-P12-002,JEV-P12-019,P12,0.3157,APROBADO (<0.50),Shingles compartidos: 268 de 849 totales en ventana 5-gram.
Par intra-pilar P12: JEV-P12-002 vs JEV-P12-020,JEV-P12-002,JEV-P12-020,P12,0.3072,APROBADO (<0.50),Shingles compartidos: 266 de 866 totales en ventana 5-gram.
Par intra-pilar P12: JEV-P12-003 vs JEV-P12-004,JEV-P12-003,JEV-P12-004,P12,0.2982,APROBADO (<0.50),Shingles compartidos: 266 de 892 totales en ventana 5-gram.
Par intra-pilar P12: JEV-P12-003 vs JEV-P12-005,JEV-P12-003,JEV-P12-005,P12,0.3100,APROBADO (<0.50),Shingles compartidos: 266 de 858 totales en ventana 5-gram.
Par intra-pilar P12: JEV-P12-003 vs JEV-P12-006,JEV-P12-003,JEV-P12-006,P12,0.3119,APROBADO (<0.50),Shingles compartidos: 262 de 840 totales en ventana 5-gram.
Par intra-pilar P12: JEV-P12-003 vs JEV-P12-007,JEV-P12-003,JEV-P12-007,P12,0.3091,APROBADO (<0.50),Shingles compartidos: 264 de 854 totales en ventana 5-gram.
Par intra-pilar P12: JEV-P12-003 vs JEV-P12-008,JEV-P12-003,JEV-P12-008,P12,0.3174,APROBADO (<0.50),Shingles compartidos: 265 de 835 totales en ventana 5-gram.
Par intra-pilar P12: JEV-P12-003 vs JEV-P12-009,JEV-P12-003,JEV-P12-009,P12,0.3101,APROBADO (<0.50),Shingles compartidos: 267 de 861 totales en ventana 5-gram.
Par intra-pilar P12: JEV-P12-003 vs JEV-P12-010,JEV-P12-003,JEV-P12-010,P12,0.3034,APROBADO (<0.50),Shingles compartidos: 264 de 870 totales en ventana 5-gram.
Par intra-pilar P12: JEV-P12-003 vs JEV-P12-011,JEV-P12-003,JEV-P12-011,P12,0.3183,APROBADO (<0.50),Shingles compartidos: 268 de 842 totales en ventana 5-gram.
Par intra-pilar P12: JEV-P12-003 vs JEV-P12-012,JEV-P12-003,JEV-P12-012,P12,0.3097,APROBADO (<0.50),Shingles compartidos: 266 de 859 totales en ventana 5-gram.
Par intra-pilar P12: JEV-P12-003 vs JEV-P12-013,JEV-P12-003,JEV-P12-013,P12,0.3121,APROBADO (<0.50),Shingles compartidos: 265 de 849 totales en ventana 5-gram.
Par intra-pilar P12: JEV-P12-003 vs JEV-P12-014,JEV-P12-003,JEV-P12-014,P12,0.3026,APROBADO (<0.50),Shingles compartidos: 263 de 869 totales en ventana 5-gram.
Par intra-pilar P12: JEV-P12-003 vs JEV-P12-015,JEV-P12-003,JEV-P12-015,P12,0.3078,APROBADO (<0.50),Shingles compartidos: 265 de 861 totales en ventana 5-gram.
Par intra-pilar P12: JEV-P12-003 vs JEV-P12-016,JEV-P12-003,JEV-P12-016,P12,0.3126,APROBADO (<0.50),Shingles compartidos: 267 de 854 totales en ventana 5-gram.
Par intra-pilar P12: JEV-P12-003 vs JEV-P12-017,JEV-P12-003,JEV-P12-017,P12,0.3075,APROBADO (<0.50),Shingles compartidos: 262 de 852 totales en ventana 5-gram.
Par intra-pilar P12: JEV-P12-003 vs JEV-P12-018,JEV-P12-003,JEV-P12-018,P12,0.3159,APROBADO (<0.50),Shingles compartidos: 265 de 839 totales en ventana 5-gram.
Par intra-pilar P12: JEV-P12-003 vs JEV-P12-019,JEV-P12-003,JEV-P12-019,P12,0.3087,APROBADO (<0.50),Shingles compartidos: 263 de 852 totales en ventana 5-gram.
Par intra-pilar P12: JEV-P12-003 vs JEV-P12-020,JEV-P12-003,JEV-P12-020,P12,0.3018,APROBADO (<0.50),Shingles compartidos: 262 de 868 totales en ventana 5-gram.
Par intra-pilar P12: JEV-P12-004 vs JEV-P12-005,JEV-P12-004,JEV-P12-005,P12,0.2922,APROBADO (<0.50),Shingles compartidos: 265 de 907 totales en ventana 5-gram.
Par intra-pilar P12: JEV-P12-004 vs JEV-P12-006,JEV-P12-004,JEV-P12-006,P12,0.2994,APROBADO (<0.50),Shingles compartidos: 265 de 885 totales en ventana 5-gram.
Par intra-pilar P12: JEV-P12-004 vs JEV-P12-007,JEV-P12-004,JEV-P12-007,P12,0.3028,APROBADO (<0.50),Shingles compartidos: 271 de 895 totales en ventana 5-gram.
Par intra-pilar P12: JEV-P12-004 vs JEV-P12-008,JEV-P12-004,JEV-P12-008,P12,0.3001,APROBADO (<0.50),Shingles compartidos: 265 de 883 totales en ventana 5-gram.
Par intra-pilar P12: JEV-P12-004 vs JEV-P12-009,JEV-P12-004,JEV-P12-009,P12,0.2895,APROBADO (<0.50),Shingles compartidos: 264 de 912 totales en ventana 5-gram.
Par intra-pilar P12: JEV-P12-004 vs JEV-P12-010,JEV-P12-004,JEV-P12-010,P12,0.2904,APROBADO (<0.50),Shingles compartidos: 266 de 916 totales en ventana 5-gram.
Par intra-pilar P12: JEV-P12-004 vs JEV-P12-011,JEV-P12-004,JEV-P12-011,P12,0.3011,APROBADO (<0.50),Shingles compartidos: 268 de 890 totales en ventana 5-gram.
Par intra-pilar P12: JEV-P12-004 vs JEV-P12-012,JEV-P12-004,JEV-P12-012,P12,0.2904,APROBADO (<0.50),Shingles compartidos: 264 de 909 totales en ventana 5-gram.
Par intra-pilar P12: JEV-P12-004 vs JEV-P12-013,JEV-P12-004,JEV-P12-013,P12,0.2954,APROBADO (<0.50),Shingles compartidos: 265 de 897 totales en ventana 5-gram.
Par intra-pilar P12: JEV-P12-004 vs JEV-P12-014,JEV-P12-004,JEV-P12-014,P12,0.2924,APROBADO (<0.50),Shingles compartidos: 267 de 913 totales en ventana 5-gram.
Par intra-pilar P12: JEV-P12-004 vs JEV-P12-015,JEV-P12-004,JEV-P12-015,P12,0.2887,APROBADO (<0.50),Shingles compartidos: 263 de 911 totales en ventana 5-gram.
Par intra-pilar P12: JEV-P12-004 vs JEV-P12-016,JEV-P12-004,JEV-P12-016,P12,0.2946,APROBADO (<0.50),Shingles compartidos: 266 de 903 totales en ventana 5-gram.
Par intra-pilar P12: JEV-P12-004 vs JEV-P12-017,JEV-P12-004,JEV-P12-017,P12,0.2954,APROBADO (<0.50),Shingles compartidos: 265 de 897 totales en ventana 5-gram.
Par intra-pilar P12: JEV-P12-004 vs JEV-P12-018,JEV-P12-004,JEV-P12-018,P12,0.2988,APROBADO (<0.50),Shingles compartidos: 265 de 887 totales en ventana 5-gram.
Par intra-pilar P12: JEV-P12-004 vs JEV-P12-019,JEV-P12-004,JEV-P12-019,P12,0.2980,APROBADO (<0.50),Shingles compartidos: 267 de 896 totales en ventana 5-gram.
Par intra-pilar P12: JEV-P12-004 vs JEV-P12-020,JEV-P12-004,JEV-P12-020,P12,0.2888,APROBADO (<0.50),Shingles compartidos: 264 de 914 totales en ventana 5-gram.
Par intra-pilar P12: JEV-P12-005 vs JEV-P12-006,JEV-P12-005,JEV-P12-006,P12,0.3083,APROBADO (<0.50),Shingles compartidos: 263 de 853 totales en ventana 5-gram.
Par intra-pilar P12: JEV-P12-005 vs JEV-P12-007,JEV-P12-005,JEV-P12-007,P12,0.3057,APROBADO (<0.50),Shingles compartidos: 265 de 867 totales en ventana 5-gram.
Par intra-pilar P12: JEV-P12-005 vs JEV-P12-008,JEV-P12-005,JEV-P12-008,P12,0.3121,APROBADO (<0.50),Shingles compartidos: 265 de 849 totales en ventana 5-gram.
Par intra-pilar P12: JEV-P12-005 vs JEV-P12-009,JEV-P12-005,JEV-P12-009,P12,0.3022,APROBADO (<0.50),Shingles compartidos: 265 de 877 totales en ventana 5-gram.
Par intra-pilar P12: JEV-P12-005 vs JEV-P12-010,JEV-P12-005,JEV-P12-010,P12,0.2972,APROBADO (<0.50),Shingles compartidos: 263 de 885 totales en ventana 5-gram.
Par intra-pilar P12: JEV-P12-005 vs JEV-P12-011,JEV-P12-005,JEV-P12-011,P12,0.3100,APROBADO (<0.50),Shingles compartidos: 266 de 858 totales en ventana 5-gram.
Par intra-pilar P12: JEV-P12-005 vs JEV-P12-012,JEV-P12-005,JEV-P12-012,P12,0.3062,APROBADO (<0.50),Shingles compartidos: 267 de 872 totales en ventana 5-gram.
Par intra-pilar P12: JEV-P12-005 vs JEV-P12-013,JEV-P12-005,JEV-P12-013,P12,0.3056,APROBADO (<0.50),Shingles compartidos: 264 de 864 totales en ventana 5-gram.
Par intra-pilar P12: JEV-P12-005 vs JEV-P12-014,JEV-P12-005,JEV-P12-014,P12,0.3008,APROBADO (<0.50),Shingles compartidos: 265 de 881 totales en ventana 5-gram.
Par intra-pilar P12: JEV-P12-005 vs JEV-P12-015,JEV-P12-005,JEV-P12-015,P12,0.3029,APROBADO (<0.50),Shingles compartidos: 265 de 875 totales en ventana 5-gram.
Par intra-pilar P12: JEV-P12-005 vs JEV-P12-016,JEV-P12-005,JEV-P12-016,P12,0.3061,APROBADO (<0.50),Shingles compartidos: 266 de 869 totales en ventana 5-gram.
Par intra-pilar P12: JEV-P12-005 vs JEV-P12-017,JEV-P12-005,JEV-P12-017,P12,0.3040,APROBADO (<0.50),Shingles compartidos: 263 de 865 totales en ventana 5-gram.
Par intra-pilar P12: JEV-P12-005 vs JEV-P12-018,JEV-P12-005,JEV-P12-018,P12,0.3091,APROBADO (<0.50),Shingles compartidos: 264 de 854 totales en ventana 5-gram.
Par intra-pilar P12: JEV-P12-005 vs JEV-P12-019,JEV-P12-005,JEV-P12-019,P12,0.3037,APROBADO (<0.50),Shingles compartidos: 263 de 866 totales en ventana 5-gram.
Par intra-pilar P12: JEV-P12-005 vs JEV-P12-020,JEV-P12-005,JEV-P12-020,P12,0.2985,APROBADO (<0.50),Shingles compartidos: 263 de 881 totales en ventana 5-gram.
Par intra-pilar P12: JEV-P12-006 vs JEV-P12-007,JEV-P12-006,JEV-P12-007,P12,0.3121,APROBADO (<0.50),Shingles compartidos: 264 de 846 totales en ventana 5-gram.
Par intra-pilar P12: JEV-P12-006 vs JEV-P12-008,JEV-P12-006,JEV-P12-008,P12,0.3204,APROBADO (<0.50),Shingles compartidos: 265 de 827 totales en ventana 5-gram.
Par intra-pilar P12: JEV-P12-006 vs JEV-P12-009,JEV-P12-006,JEV-P12-009,P12,0.3069,APROBADO (<0.50),Shingles compartidos: 263 de 857 totales en ventana 5-gram.
Par intra-pilar P12: JEV-P12-006 vs JEV-P12-010,JEV-P12-006,JEV-P12-010,P12,0.3078,APROBADO (<0.50),Shingles compartidos: 265 de 861 totales en ventana 5-gram.
Par intra-pilar P12: JEV-P12-006 vs JEV-P12-011,JEV-P12-006,JEV-P12-011,P12,0.3119,APROBADO (<0.50),Shingles compartidos: 262 de 840 totales en ventana 5-gram.
Par intra-pilar P12: JEV-P12-006 vs JEV-P12-012,JEV-P12-006,JEV-P12-012,P12,0.3080,APROBADO (<0.50),Shingles compartidos: 263 de 854 totales en ventana 5-gram.
Par intra-pilar P12: JEV-P12-006 vs JEV-P12-013,JEV-P12-006,JEV-P12-013,P12,0.3120,APROBADO (<0.50),Shingles compartidos: 263 de 843 totales en ventana 5-gram.
Par intra-pilar P12: JEV-P12-006 vs JEV-P12-014,JEV-P12-006,JEV-P12-014,P12,0.3085,APROBADO (<0.50),Shingles compartidos: 265 de 859 totales en ventana 5-gram.
Par intra-pilar P12: JEV-P12-006 vs JEV-P12-015,JEV-P12-006,JEV-P12-015,P12,0.3137,APROBADO (<0.50),Shingles compartidos: 267 de 851 totales en ventana 5-gram.
Par intra-pilar P12: JEV-P12-006 vs JEV-P12-016,JEV-P12-006,JEV-P12-016,P12,0.3079,APROBADO (<0.50),Shingles compartidos: 262 de 851 totales en ventana 5-gram.
Par intra-pilar P12: JEV-P12-006 vs JEV-P12-017,JEV-P12-006,JEV-P12-017,P12,0.3151,APROBADO (<0.50),Shingles compartidos: 265 de 841 totales en ventana 5-gram.
Par intra-pilar P12: JEV-P12-006 vs JEV-P12-018,JEV-P12-006,JEV-P12-018,P12,0.3173,APROBADO (<0.50),Shingles compartidos: 264 de 832 totales en ventana 5-gram.
Par intra-pilar P12: JEV-P12-006 vs JEV-P12-019,JEV-P12-006,JEV-P12-019,P12,0.3179,APROBADO (<0.50),Shingles compartidos: 267 de 840 totales en ventana 5-gram.
Par intra-pilar P12: JEV-P12-006 vs JEV-P12-020,JEV-P12-006,JEV-P12-020,P12,0.3184,APROBADO (<0.50),Shingles compartidos: 271 de 851 totales en ventana 5-gram.
Par intra-pilar P12: JEV-P12-007 vs JEV-P12-008,JEV-P12-007,JEV-P12-008,P12,0.3112,APROBADO (<0.50),Shingles compartidos: 263 de 845 totales en ventana 5-gram.
Par intra-pilar P12: JEV-P12-007 vs JEV-P12-009,JEV-P12-007,JEV-P12-009,P12,0.3028,APROBADO (<0.50),Shingles compartidos: 264 de 872 totales en ventana 5-gram.
Par intra-pilar P12: JEV-P12-007 vs JEV-P12-010,JEV-P12-007,JEV-P12-010,P12,0.3037,APROBADO (<0.50),Shingles compartidos: 266 de 876 totales en ventana 5-gram.
Par intra-pilar P12: JEV-P12-007 vs JEV-P12-011,JEV-P12-007,JEV-P12-011,P12,0.3122,APROBADO (<0.50),Shingles compartidos: 266 de 852 totales en ventana 5-gram.
Par intra-pilar P12: JEV-P12-007 vs JEV-P12-012,JEV-P12-007,JEV-P12-012,P12,0.3038,APROBADO (<0.50),Shingles compartidos: 264 de 869 totales en ventana 5-gram.
Par intra-pilar P12: JEV-P12-007 vs JEV-P12-013,JEV-P12-007,JEV-P12-013,P12,0.3092,APROBADO (<0.50),Shingles compartidos: 265 de 857 totales en ventana 5-gram.
Par intra-pilar P12: JEV-P12-007 vs JEV-P12-014,JEV-P12-007,JEV-P12-014,P12,0.3073,APROBADO (<0.50),Shingles compartidos: 268 de 872 totales en ventana 5-gram.
Par intra-pilar P12: JEV-P12-007 vs JEV-P12-015,JEV-P12-007,JEV-P12-015,P12,0.3020,APROBADO (<0.50),Shingles compartidos: 263 de 871 totales en ventana 5-gram.
Par intra-pilar P12: JEV-P12-007 vs JEV-P12-016,JEV-P12-007,JEV-P12-016,P12,0.3082,APROBADO (<0.50),Shingles compartidos: 266 de 863 totales en ventana 5-gram.
Par intra-pilar P12: JEV-P12-007 vs JEV-P12-017,JEV-P12-007,JEV-P12-017,P12,0.3092,APROBADO (<0.50),Shingles compartidos: 265 de 857 totales en ventana 5-gram.
Par intra-pilar P12: JEV-P12-007 vs JEV-P12-018,JEV-P12-007,JEV-P12-018,P12,0.3175,APROBADO (<0.50),Shingles compartidos: 268 de 844 totales en ventana 5-gram.
Par intra-pilar P12: JEV-P12-007 vs JEV-P12-019,JEV-P12-007,JEV-P12-019,P12,0.3089,APROBADO (<0.50),Shingles compartidos: 265 de 858 totales en ventana 5-gram.
Par intra-pilar P12: JEV-P12-007 vs JEV-P12-020,JEV-P12-007,JEV-P12-020,P12,0.3021,APROBADO (<0.50),Shingles compartidos: 264 de 874 totales en ventana 5-gram.
Par intra-pilar P12: JEV-P12-008 vs JEV-P12-009,JEV-P12-008,JEV-P12-009,P12,0.3091,APROBADO (<0.50),Shingles compartidos: 264 de 854 totales en ventana 5-gram.
Par intra-pilar P12: JEV-P12-008 vs JEV-P12-010,JEV-P12-008,JEV-P12-010,P12,0.3070,APROBADO (<0.50),Shingles compartidos: 264 de 860 totales en ventana 5-gram.
Par intra-pilar P12: JEV-P12-008 vs JEV-P12-011,JEV-P12-008,JEV-P12-011,P12,0.3174,APROBADO (<0.50),Shingles compartidos: 265 de 835 totales en ventana 5-gram.
Par intra-pilar P12: JEV-P12-008 vs JEV-P12-012,JEV-P12-008,JEV-P12-012,P12,0.3133,APROBADO (<0.50),Shingles compartidos: 266 de 849 totales en ventana 5-gram.
Par intra-pilar P12: JEV-P12-008 vs JEV-P12-013,JEV-P12-008,JEV-P12-013,P12,0.3174,APROBADO (<0.50),Shingles compartidos: 266 de 838 totales en ventana 5-gram.
Par intra-pilar P12: JEV-P12-008 vs JEV-P12-014,JEV-P12-008,JEV-P12-014,P12,0.3047,APROBADO (<0.50),Shingles compartidos: 262 de 860 totales en ventana 5-gram.
Par intra-pilar P12: JEV-P12-008 vs JEV-P12-015,JEV-P12-008,JEV-P12-015,P12,0.3145,APROBADO (<0.50),Shingles compartidos: 267 de 849 totales en ventana 5-gram.
Par intra-pilar P12: JEV-P12-008 vs JEV-P12-016,JEV-P12-008,JEV-P12-016,P12,0.3148,APROBADO (<0.50),Shingles compartidos: 266 de 845 totales en ventana 5-gram.
Par intra-pilar P12: JEV-P12-008 vs JEV-P12-017,JEV-P12-008,JEV-P12-017,P12,0.3112,APROBADO (<0.50),Shingles compartidos: 262 de 842 totales en ventana 5-gram.
Par intra-pilar P12: JEV-P12-008 vs JEV-P12-018,JEV-P12-008,JEV-P12-018,P12,0.3213,APROBADO (<0.50),Shingles compartidos: 266 de 828 totales en ventana 5-gram.
Par intra-pilar P12: JEV-P12-008 vs JEV-P12-019,JEV-P12-008,JEV-P12-019,P12,0.3202,APROBADO (<0.50),Shingles compartidos: 268 de 837 totales en ventana 5-gram.
Par intra-pilar P12: JEV-P12-008 vs JEV-P12-020,JEV-P12-008,JEV-P12-020,P12,0.3084,APROBADO (<0.50),Shingles compartidos: 264 de 856 totales en ventana 5-gram.
Par intra-pilar P12: JEV-P12-009 vs JEV-P12-010,JEV-P12-009,JEV-P12-010,P12,0.2944,APROBADO (<0.50),Shingles compartidos: 262 de 890 totales en ventana 5-gram.
Par intra-pilar P12: JEV-P12-009 vs JEV-P12-011,JEV-P12-009,JEV-P12-011,P12,0.3116,APROBADO (<0.50),Shingles compartidos: 268 de 860 totales en ventana 5-gram.
Par intra-pilar P12: JEV-P12-009 vs JEV-P12-012,JEV-P12-009,JEV-P12-012,P12,0.3018,APROBADO (<0.50),Shingles compartidos: 265 de 878 totales en ventana 5-gram.
Par intra-pilar P12: JEV-P12-009 vs JEV-P12-013,JEV-P12-009,JEV-P12-013,P12,0.3057,APROBADO (<0.50),Shingles compartidos: 265 de 867 totales en ventana 5-gram.
Par intra-pilar P12: JEV-P12-009 vs JEV-P12-014,JEV-P12-009,JEV-P12-014,P12,0.2994,APROBADO (<0.50),Shingles compartidos: 265 de 885 totales en ventana 5-gram.
Par intra-pilar P12: JEV-P12-009 vs JEV-P12-015,JEV-P12-009,JEV-P12-015,P12,0.3000,APROBADO (<0.50),Shingles compartidos: 264 de 880 totales en ventana 5-gram.
Par intra-pilar P12: JEV-P12-009 vs JEV-P12-016,JEV-P12-009,JEV-P12-016,P12,0.3062,APROBADO (<0.50),Shingles compartidos: 267 de 872 totales en ventana 5-gram.
Par intra-pilar P12: JEV-P12-009 vs JEV-P12-017,JEV-P12-009,JEV-P12-017,P12,0.3026,APROBADO (<0.50),Shingles compartidos: 263 de 869 totales en ventana 5-gram.
Par intra-pilar P12: JEV-P12-009 vs JEV-P12-018,JEV-P12-009,JEV-P12-018,P12,0.3077,APROBADO (<0.50),Shingles compartidos: 264 de 858 totales en ventana 5-gram.
Par intra-pilar P12: JEV-P12-009 vs JEV-P12-019,JEV-P12-009,JEV-P12-019,P12,0.3008,APROBADO (<0.50),Shingles compartidos: 262 de 871 totales en ventana 5-gram.
Par intra-pilar P12: JEV-P12-009 vs JEV-P12-020,JEV-P12-009,JEV-P12-020,P12,0.2972,APROBADO (<0.50),Shingles compartidos: 263 de 885 totales en ventana 5-gram.
Par intra-pilar P12: JEV-P12-010 vs JEV-P12-011,JEV-P12-010,JEV-P12-011,P12,0.3034,APROBADO (<0.50),Shingles compartidos: 264 de 870 totales en ventana 5-gram.
Par intra-pilar P12: JEV-P12-010 vs JEV-P12-012,JEV-P12-010,JEV-P12-012,P12,0.2968,APROBADO (<0.50),Shingles compartidos: 263 de 886 totales en ventana 5-gram.
Par intra-pilar P12: JEV-P12-010 vs JEV-P12-013,JEV-P12-010,JEV-P12-013,P12,0.3021,APROBADO (<0.50),Shingles compartidos: 264 de 874 totales en ventana 5-gram.
Par intra-pilar P12: JEV-P12-010 vs JEV-P12-014,JEV-P12-010,JEV-P12-014,P12,0.2974,APROBADO (<0.50),Shingles compartidos: 265 de 891 totales en ventana 5-gram.
Par intra-pilar P12: JEV-P12-010 vs JEV-P12-015,JEV-P12-010,JEV-P12-015,P12,0.2980,APROBADO (<0.50),Shingles compartidos: 264 de 886 totales en ventana 5-gram.
Par intra-pilar P12: JEV-P12-010 vs JEV-P12-016,JEV-P12-010,JEV-P12-016,P12,0.2982,APROBADO (<0.50),Shingles compartidos: 263 de 882 totales en ventana 5-gram.
Par intra-pilar P12: JEV-P12-010 vs JEV-P12-017,JEV-P12-010,JEV-P12-017,P12,0.3021,APROBADO (<0.50),Shingles compartidos: 264 de 874 totales en ventana 5-gram.
Par intra-pilar P12: JEV-P12-010 vs JEV-P12-018,JEV-P12-010,JEV-P12-018,P12,0.3056,APROBADO (<0.50),Shingles compartidos: 264 de 864 totales en ventana 5-gram.
Par intra-pilar P12: JEV-P12-010 vs JEV-P12-019,JEV-P12-010,JEV-P12-019,P12,0.3047,APROBADO (<0.50),Shingles compartidos: 266 de 873 totales en ventana 5-gram.
Par intra-pilar P12: JEV-P12-010 vs JEV-P12-020,JEV-P12-010,JEV-P12-020,P12,0.2981,APROBADO (<0.50),Shingles compartidos: 265 de 889 totales en ventana 5-gram.
Par intra-pilar P12: JEV-P12-011 vs JEV-P12-012,JEV-P12-011,JEV-P12-012,P12,0.3097,APROBADO (<0.50),Shingles compartidos: 266 de 859 totales en ventana 5-gram.
Par intra-pilar P12: JEV-P12-011 vs JEV-P12-013,JEV-P12-011,JEV-P12-013,P12,0.3137,APROBADO (<0.50),Shingles compartidos: 266 de 848 totales en ventana 5-gram.
Par intra-pilar P12: JEV-P12-011 vs JEV-P12-014,JEV-P12-011,JEV-P12-014,P12,0.3057,APROBADO (<0.50),Shingles compartidos: 265 de 867 totales en ventana 5-gram.
Par intra-pilar P12: JEV-P12-011 vs JEV-P12-015,JEV-P12-011,JEV-P12-015,P12,0.3078,APROBADO (<0.50),Shingles compartidos: 265 de 861 totales en ventana 5-gram.
Par intra-pilar P12: JEV-P12-011 vs JEV-P12-016,JEV-P12-011,JEV-P12-016,P12,0.3126,APROBADO (<0.50),Shingles compartidos: 267 de 854 totales en ventana 5-gram.
Par intra-pilar P12: JEV-P12-011 vs JEV-P12-017,JEV-P12-011,JEV-P12-017,P12,0.3090,APROBADO (<0.50),Shingles compartidos: 263 de 851 totales en ventana 5-gram.
Par intra-pilar P12: JEV-P12-011 vs JEV-P12-018,JEV-P12-011,JEV-P12-018,P12,0.3174,APROBADO (<0.50),Shingles compartidos: 266 de 838 totales en ventana 5-gram.
Par intra-pilar P12: JEV-P12-011 vs JEV-P12-019,JEV-P12-011,JEV-P12-019,P12,0.3087,APROBADO (<0.50),Shingles compartidos: 263 de 852 totales en ventana 5-gram.
Par intra-pilar P12: JEV-P12-011 vs JEV-P12-020,JEV-P12-011,JEV-P12-020,P12,0.3018,APROBADO (<0.50),Shingles compartidos: 262 de 868 totales en ventana 5-gram.
Par intra-pilar P12: JEV-P12-012 vs JEV-P12-013,JEV-P12-012,JEV-P12-013,P12,0.3067,APROBADO (<0.50),Shingles compartidos: 265 de 864 totales en ventana 5-gram.
Par intra-pilar P12: JEV-P12-012 vs JEV-P12-014,JEV-P12-012,JEV-P12-014,P12,0.2975,APROBADO (<0.50),Shingles compartidos: 263 de 884 totales en ventana 5-gram.
Par intra-pilar P12: JEV-P12-012 vs JEV-P12-015,JEV-P12-012,JEV-P12-015,P12,0.3040,APROBADO (<0.50),Shingles compartidos: 266 de 875 totales en ventana 5-gram.
Par intra-pilar P12: JEV-P12-012 vs JEV-P12-016,JEV-P12-012,JEV-P12-016,P12,0.3057,APROBADO (<0.50),Shingles compartidos: 266 de 870 totales en ventana 5-gram.
Par intra-pilar P12: JEV-P12-012 vs JEV-P12-017,JEV-P12-012,JEV-P12-017,P12,0.3022,APROBADO (<0.50),Shingles compartidos: 262 de 867 totales en ventana 5-gram.
Par intra-pilar P12: JEV-P12-012 vs JEV-P12-018,JEV-P12-012,JEV-P12-018,P12,0.3103,APROBADO (<0.50),Shingles compartidos: 265 de 854 totales en ventana 5-gram.
Par intra-pilar P12: JEV-P12-012 vs JEV-P12-019,JEV-P12-012,JEV-P12-019,P12,0.3048,APROBADO (<0.50),Shingles compartidos: 264 de 866 totales en ventana 5-gram.
Par intra-pilar P12: JEV-P12-012 vs JEV-P12-020,JEV-P12-012,JEV-P12-020,P12,0.2982,APROBADO (<0.50),Shingles compartidos: 263 de 882 totales en ventana 5-gram.
Par intra-pilar P12: JEV-P12-013 vs JEV-P12-014,JEV-P12-013,JEV-P12-014,P12,0.3013,APROBADO (<0.50),Shingles compartidos: 263 de 873 totales en ventana 5-gram.
Par intra-pilar P12: JEV-P12-013 vs JEV-P12-015,JEV-P12-013,JEV-P12-015,P12,0.3079,APROBADO (<0.50),Shingles compartidos: 266 de 864 totales en ventana 5-gram.
Par intra-pilar P12: JEV-P12-013 vs JEV-P12-016,JEV-P12-013,JEV-P12-016,P12,0.3112,APROBADO (<0.50),Shingles compartidos: 267 de 858 totales en ventana 5-gram.
Par intra-pilar P12: JEV-P12-013 vs JEV-P12-017,JEV-P12-013,JEV-P12-017,P12,0.3076,APROBADO (<0.50),Shingles compartidos: 263 de 855 totales en ventana 5-gram.
Par intra-pilar P12: JEV-P12-013 vs JEV-P12-018,JEV-P12-013,JEV-P12-018,P12,0.3159,APROBADO (<0.50),Shingles compartidos: 266 de 842 totales en ventana 5-gram.
Par intra-pilar P12: JEV-P12-013 vs JEV-P12-019,JEV-P12-013,JEV-P12-019,P12,0.3088,APROBADO (<0.50),Shingles compartidos: 264 de 855 totales en ventana 5-gram.
Par intra-pilar P12: JEV-P12-013 vs JEV-P12-020,JEV-P12-013,JEV-P12-020,P12,0.3020,APROBADO (<0.50),Shingles compartidos: 263 de 871 totales en ventana 5-gram.
Par intra-pilar P12: JEV-P12-014 vs JEV-P12-015,JEV-P12-014,JEV-P12-015,P12,0.2957,APROBADO (<0.50),Shingles compartidos: 262 de 886 totales en ventana 5-gram.
Par intra-pilar P12: JEV-P12-014 vs JEV-P12-016,JEV-P12-014,JEV-P12-016,P12,0.3003,APROBADO (<0.50),Shingles compartidos: 264 de 879 totales en ventana 5-gram.
Par intra-pilar P12: JEV-P12-014 vs JEV-P12-017,JEV-P12-014,JEV-P12-017,P12,0.3103,APROBADO (<0.50),Shingles compartidos: 269 de 867 totales en ventana 5-gram.
Par intra-pilar P12: JEV-P12-014 vs JEV-P12-018,JEV-P12-014,JEV-P12-018,P12,0.3032,APROBADO (<0.50),Shingles compartidos: 262 de 864 totales en ventana 5-gram.
Par intra-pilar P12: JEV-P12-014 vs JEV-P12-019,JEV-P12-014,JEV-P12-019,P12,0.3054,APROBADO (<0.50),Shingles compartidos: 266 de 871 totales en ventana 5-gram.
Par intra-pilar P12: JEV-P12-014 vs JEV-P12-020,JEV-P12-014,JEV-P12-020,P12,0.2988,APROBADO (<0.50),Shingles compartidos: 265 de 887 totales en ventana 5-gram.
Par intra-pilar P12: JEV-P12-015 vs JEV-P12-016,JEV-P12-015,JEV-P12-016,P12,0.3039,APROBADO (<0.50),Shingles compartidos: 265 de 872 totales en ventana 5-gram.
Par intra-pilar P12: JEV-P12-015 vs JEV-P12-017,JEV-P12-015,JEV-P12-017,P12,0.3018,APROBADO (<0.50),Shingles compartidos: 262 de 868 totales en ventana 5-gram.
Par intra-pilar P12: JEV-P12-015 vs JEV-P12-018,JEV-P12-015,JEV-P12-018,P12,0.3115,APROBADO (<0.50),Shingles compartidos: 266 de 854 totales en ventana 5-gram.
Par intra-pilar P12: JEV-P12-015 vs JEV-P12-019,JEV-P12-015,JEV-P12-019,P12,0.3060,APROBADO (<0.50),Shingles compartidos: 265 de 866 totales en ventana 5-gram.
Par intra-pilar P12: JEV-P12-015 vs JEV-P12-020,JEV-P12-015,JEV-P12-020,P12,0.3038,APROBADO (<0.50),Shingles compartidos: 267 de 879 totales en ventana 5-gram.
Par intra-pilar P12: JEV-P12-016 vs JEV-P12-017,JEV-P12-016,JEV-P12-017,P12,0.3051,APROBADO (<0.50),Shingles compartidos: 263 de 862 totales en ventana 5-gram.
Par intra-pilar P12: JEV-P12-016 vs JEV-P12-018,JEV-P12-016,JEV-P12-018,P12,0.3118,APROBADO (<0.50),Shingles compartidos: 265 de 850 totales en ventana 5-gram.
Par intra-pilar P12: JEV-P12-016 vs JEV-P12-019,JEV-P12-016,JEV-P12-019,P12,0.3048,APROBADO (<0.50),Shingles compartidos: 263 de 863 totales en ventana 5-gram.
Par intra-pilar P12: JEV-P12-016 vs JEV-P12-020,JEV-P12-016,JEV-P12-020,P12,0.2981,APROBADO (<0.50),Shingles compartidos: 262 de 879 totales en ventana 5-gram.
Par intra-pilar P12: JEV-P12-017 vs JEV-P12-018,JEV-P12-017,JEV-P12-018,P12,0.3112,APROBADO (<0.50),Shingles compartidos: 263 de 845 totales en ventana 5-gram.
Par intra-pilar P12: JEV-P12-017 vs JEV-P12-019,JEV-P12-017,JEV-P12-019,P12,0.3088,APROBADO (<0.50),Shingles compartidos: 264 de 855 totales en ventana 5-gram.
Par intra-pilar P12: JEV-P12-017 vs JEV-P12-020,JEV-P12-017,JEV-P12-020,P12,0.3049,APROBADO (<0.50),Shingles compartidos: 265 de 869 totales en ventana 5-gram.
Par intra-pilar P12: JEV-P12-018 vs JEV-P12-019,JEV-P12-018,JEV-P12-019,P12,0.3124,APROBADO (<0.50),Shingles compartidos: 264 de 845 totales en ventana 5-gram.
Par intra-pilar P12: JEV-P12-018 vs JEV-P12-020,JEV-P12-018,JEV-P12-020,P12,0.3116,APROBADO (<0.50),Shingles compartidos: 267 de 857 totales en ventana 5-gram.
Par intra-pilar P12: JEV-P12-019 vs JEV-P12-020,JEV-P12-019,JEV-P12-020,P12,0.3061,APROBADO (<0.50),Shingles compartidos: 266 de 869 totales en ventana 5-gram.
Par intra-pilar P13: JEV-P13-001 vs JEV-P13-002,JEV-P13-001,JEV-P13-002,P13,0.2977,APROBADO (<0.50),Shingles compartidos: 267 de 897 totales en ventana 5-gram.
Par intra-pilar P13: JEV-P13-001 vs JEV-P13-003,JEV-P13-001,JEV-P13-003,P13,0.2959,APROBADO (<0.50),Shingles compartidos: 266 de 899 totales en ventana 5-gram.
Par intra-pilar P13: JEV-P13-001 vs JEV-P13-004,JEV-P13-001,JEV-P13-004,P13,0.3094,APROBADO (<0.50),Shingles compartidos: 267 de 863 totales en ventana 5-gram.
Par intra-pilar P13: JEV-P13-001 vs JEV-P13-005,JEV-P13-001,JEV-P13-005,P13,0.2939,APROBADO (<0.50),Shingles compartidos: 266 de 905 totales en ventana 5-gram.
Par intra-pilar P13: JEV-P13-001 vs JEV-P13-006,JEV-P13-001,JEV-P13-006,P13,0.3034,APROBADO (<0.50),Shingles compartidos: 267 de 880 totales en ventana 5-gram.
Par intra-pilar P13: JEV-P13-001 vs JEV-P13-007,JEV-P13-001,JEV-P13-007,P13,0.2965,APROBADO (<0.50),Shingles compartidos: 266 de 897 totales en ventana 5-gram.
Par intra-pilar P13: JEV-P13-001 vs JEV-P13-008,JEV-P13-001,JEV-P13-008,P13,0.2987,APROBADO (<0.50),Shingles compartidos: 267 de 894 totales en ventana 5-gram.
Par intra-pilar P13: JEV-P13-001 vs JEV-P13-009,JEV-P13-001,JEV-P13-009,P13,0.2974,APROBADO (<0.50),Shingles compartidos: 265 de 891 totales en ventana 5-gram.
Par intra-pilar P13: JEV-P13-001 vs JEV-P13-010,JEV-P13-001,JEV-P13-010,P13,0.2920,APROBADO (<0.50),Shingles compartidos: 266 de 911 totales en ventana 5-gram.
Par intra-pilar P13: JEV-P13-001 vs JEV-P13-011,JEV-P13-001,JEV-P13-011,P13,0.2978,APROBADO (<0.50),Shingles compartidos: 268 de 900 totales en ventana 5-gram.
Par intra-pilar P13: JEV-P13-001 vs JEV-P13-012,JEV-P13-001,JEV-P13-012,P13,0.2984,APROBADO (<0.50),Shingles compartidos: 265 de 888 totales en ventana 5-gram.
Par intra-pilar P13: JEV-P13-001 vs JEV-P13-013,JEV-P13-001,JEV-P13-013,P13,0.3025,APROBADO (<0.50),Shingles compartidos: 271 de 896 totales en ventana 5-gram.
Par intra-pilar P13: JEV-P13-001 vs JEV-P13-014,JEV-P13-001,JEV-P13-014,P13,0.2921,APROBADO (<0.50),Shingles compartidos: 267 de 914 totales en ventana 5-gram.
Par intra-pilar P13: JEV-P13-001 vs JEV-P13-015,JEV-P13-001,JEV-P13-015,P13,0.3077,APROBADO (<0.50),Shingles compartidos: 268 de 871 totales en ventana 5-gram.
Par intra-pilar P13: JEV-P13-001 vs JEV-P13-016,JEV-P13-001,JEV-P13-016,P13,0.2989,APROBADO (<0.50),Shingles compartidos: 266 de 890 totales en ventana 5-gram.
Par intra-pilar P13: JEV-P13-001 vs JEV-P13-017,JEV-P13-001,JEV-P13-017,P13,0.3016,APROBADO (<0.50),Shingles compartidos: 266 de 882 totales en ventana 5-gram.
Par intra-pilar P13: JEV-P13-001 vs JEV-P13-018,JEV-P13-001,JEV-P13-018,P13,0.2904,APROBADO (<0.50),Shingles compartidos: 266 de 916 totales en ventana 5-gram.
Par intra-pilar P13: JEV-P13-001 vs JEV-P13-019,JEV-P13-001,JEV-P13-019,P13,0.2942,APROBADO (<0.50),Shingles compartidos: 268 de 911 totales en ventana 5-gram.
Par intra-pilar P13: JEV-P13-001 vs JEV-P13-020,JEV-P13-001,JEV-P13-020,P13,0.2918,APROBADO (<0.50),Shingles compartidos: 269 de 922 totales en ventana 5-gram.
Par intra-pilar P13: JEV-P13-002 vs JEV-P13-003,JEV-P13-002,JEV-P13-003,P13,0.2960,APROBADO (<0.50),Shingles compartidos: 267 de 902 totales en ventana 5-gram.
Par intra-pilar P13: JEV-P13-002 vs JEV-P13-004,JEV-P13-002,JEV-P13-004,P13,0.3110,APROBADO (<0.50),Shingles compartidos: 269 de 865 totales en ventana 5-gram.
Par intra-pilar P13: JEV-P13-002 vs JEV-P13-005,JEV-P13-002,JEV-P13-005,P13,0.2998,APROBADO (<0.50),Shingles compartidos: 271 de 904 totales en ventana 5-gram.
Par intra-pilar P13: JEV-P13-002 vs JEV-P13-006,JEV-P13-002,JEV-P13-006,P13,0.3020,APROBADO (<0.50),Shingles compartidos: 267 de 884 totales en ventana 5-gram.
Par intra-pilar P13: JEV-P13-002 vs JEV-P13-007,JEV-P13-002,JEV-P13-007,P13,0.3010,APROBADO (<0.50),Shingles compartidos: 270 de 897 totales en ventana 5-gram.
Par intra-pilar P13: JEV-P13-002 vs JEV-P13-008,JEV-P13-002,JEV-P13-008,P13,0.3031,APROBADO (<0.50),Shingles compartidos: 271 de 894 totales en ventana 5-gram.
Par intra-pilar P13: JEV-P13-002 vs JEV-P13-009,JEV-P13-002,JEV-P13-009,P13,0.3004,APROBADO (<0.50),Shingles compartidos: 268 de 892 totales en ventana 5-gram.
Par intra-pilar P13: JEV-P13-002 vs JEV-P13-010,JEV-P13-002,JEV-P13-010,P13,0.2935,APROBADO (<0.50),Shingles compartidos: 268 de 913 totales en ventana 5-gram.
Par intra-pilar P13: JEV-P13-002 vs JEV-P13-011,JEV-P13-002,JEV-P13-011,P13,0.3008,APROBADO (<0.50),Shingles compartidos: 271 de 901 totales en ventana 5-gram.
Par intra-pilar P13: JEV-P13-002 vs JEV-P13-012,JEV-P13-002,JEV-P13-012,P13,0.3029,APROBADO (<0.50),Shingles compartidos: 269 de 888 totales en ventana 5-gram.
Par intra-pilar P13: JEV-P13-002 vs JEV-P13-013,JEV-P13-002,JEV-P13-013,P13,0.3011,APROBADO (<0.50),Shingles compartidos: 271 de 900 totales en ventana 5-gram.
Par intra-pilar P13: JEV-P13-002 vs JEV-P13-014,JEV-P13-002,JEV-P13-014,P13,0.2923,APROBADO (<0.50),Shingles compartidos: 268 de 917 totales en ventana 5-gram.
Par intra-pilar P13: JEV-P13-002 vs JEV-P13-015,JEV-P13-002,JEV-P13-015,P13,0.3108,APROBADO (<0.50),Shingles compartidos: 271 de 872 totales en ventana 5-gram.
Par intra-pilar P13: JEV-P13-002 vs JEV-P13-016,JEV-P13-002,JEV-P13-016,P13,0.3063,APROBADO (<0.50),Shingles compartidos: 272 de 888 totales en ventana 5-gram.
Par intra-pilar P13: JEV-P13-002 vs JEV-P13-017,JEV-P13-002,JEV-P13-017,P13,0.3017,APROBADO (<0.50),Shingles compartidos: 267 de 885 totales en ventana 5-gram.
Par intra-pilar P13: JEV-P13-002 vs JEV-P13-018,JEV-P13-002,JEV-P13-018,P13,0.2948,APROBADO (<0.50),Shingles compartidos: 270 de 916 totales en ventana 5-gram.
Par intra-pilar P13: JEV-P13-002 vs JEV-P13-019,JEV-P13-002,JEV-P13-019,P13,0.2957,APROBADO (<0.50),Shingles compartidos: 270 de 913 totales en ventana 5-gram.
Par intra-pilar P13: JEV-P13-002 vs JEV-P13-020,JEV-P13-002,JEV-P13-020,P13,0.2905,APROBADO (<0.50),Shingles compartidos: 269 de 926 totales en ventana 5-gram.
Par intra-pilar P13: JEV-P13-003 vs JEV-P13-004,JEV-P13-003,JEV-P13-004,P13,0.3061,APROBADO (<0.50),Shingles compartidos: 266 de 869 totales en ventana 5-gram.
Par intra-pilar P13: JEV-P13-003 vs JEV-P13-005,JEV-P13-003,JEV-P13-005,P13,0.2923,APROBADO (<0.50),Shingles compartidos: 266 de 910 totales en ventana 5-gram.
Par intra-pilar P13: JEV-P13-003 vs JEV-P13-006,JEV-P13-003,JEV-P13-006,P13,0.3032,APROBADO (<0.50),Shingles compartidos: 268 de 884 totales en ventana 5-gram.
Par intra-pilar P13: JEV-P13-003 vs JEV-P13-007,JEV-P13-003,JEV-P13-007,P13,0.3007,APROBADO (<0.50),Shingles compartidos: 270 de 898 totales en ventana 5-gram.
Par intra-pilar P13: JEV-P13-003 vs JEV-P13-008,JEV-P13-003,JEV-P13-008,P13,0.2984,APROBADO (<0.50),Shingles compartidos: 268 de 898 totales en ventana 5-gram.
Par intra-pilar P13: JEV-P13-003 vs JEV-P13-009,JEV-P13-003,JEV-P13-009,P13,0.2987,APROBADO (<0.50),Shingles compartidos: 267 de 894 totales en ventana 5-gram.
Par intra-pilar P13: JEV-P13-003 vs JEV-P13-010,JEV-P13-003,JEV-P13-010,P13,0.2946,APROBADO (<0.50),Shingles compartidos: 269 de 913 totales en ventana 5-gram.
Par intra-pilar P13: JEV-P13-003 vs JEV-P13-011,JEV-P13-003,JEV-P13-011,P13,0.2961,APROBADO (<0.50),Shingles compartidos: 268 de 905 totales en ventana 5-gram.
Par intra-pilar P13: JEV-P13-003 vs JEV-P13-012,JEV-P13-003,JEV-P13-012,P13,0.3011,APROBADO (<0.50),Shingles compartidos: 268 de 890 totales en ventana 5-gram.
Par intra-pilar P13: JEV-P13-003 vs JEV-P13-013,JEV-P13-003,JEV-P13-013,P13,0.2979,APROBADO (<0.50),Shingles compartidos: 269 de 903 totales en ventana 5-gram.
Par intra-pilar P13: JEV-P13-003 vs JEV-P13-014,JEV-P13-003,JEV-P13-014,P13,0.2933,APROBADO (<0.50),Shingles compartidos: 269 de 917 totales en ventana 5-gram.
Par intra-pilar P13: JEV-P13-003 vs JEV-P13-015,JEV-P13-003,JEV-P13-015,P13,0.3030,APROBADO (<0.50),Shingles compartidos: 266 de 878 totales en ventana 5-gram.
Par intra-pilar P13: JEV-P13-003 vs JEV-P13-016,JEV-P13-003,JEV-P13-016,P13,0.3030,APROBADO (<0.50),Shingles compartidos: 270 de 891 totales en ventana 5-gram.
Par intra-pilar P13: JEV-P13-003 vs JEV-P13-017,JEV-P13-003,JEV-P13-017,P13,0.2984,APROBADO (<0.50),Shingles compartidos: 265 de 888 totales en ventana 5-gram.
Par intra-pilar P13: JEV-P13-003 vs JEV-P13-018,JEV-P13-003,JEV-P13-018,P13,0.2959,APROBADO (<0.50),Shingles compartidos: 271 de 916 totales en ventana 5-gram.
Par intra-pilar P13: JEV-P13-003 vs JEV-P13-019,JEV-P13-003,JEV-P13-019,P13,0.2898,APROBADO (<0.50),Shingles compartidos: 266 de 918 totales en ventana 5-gram.
Par intra-pilar P13: JEV-P13-003 vs JEV-P13-020,JEV-P13-003,JEV-P13-020,P13,0.2860,APROBADO (<0.50),Shingles compartidos: 266 de 930 totales en ventana 5-gram.
Par intra-pilar P13: JEV-P13-004 vs JEV-P13-005,JEV-P13-004,JEV-P13-005,P13,0.3055,APROBADO (<0.50),Shingles compartidos: 267 de 874 totales en ventana 5-gram.
Par intra-pilar P13: JEV-P13-004 vs JEV-P13-006,JEV-P13-004,JEV-P13-006,P13,0.3172,APROBADO (<0.50),Shingles compartidos: 269 de 848 totales en ventana 5-gram.
Par intra-pilar P13: JEV-P13-004 vs JEV-P13-007,JEV-P13-004,JEV-P13-007,P13,0.3083,APROBADO (<0.50),Shingles compartidos: 267 de 866 totales en ventana 5-gram.
Par intra-pilar P13: JEV-P13-004 vs JEV-P13-008,JEV-P13-004,JEV-P13-008,P13,0.3136,APROBADO (<0.50),Shingles compartidos: 270 de 861 totales en ventana 5-gram.
Par intra-pilar P13: JEV-P13-004 vs JEV-P13-009,JEV-P13-004,JEV-P13-009,P13,0.3108,APROBADO (<0.50),Shingles compartidos: 267 de 859 totales en ventana 5-gram.
Par intra-pilar P13: JEV-P13-004 vs JEV-P13-010,JEV-P13-004,JEV-P13-010,P13,0.3019,APROBADO (<0.50),Shingles compartidos: 266 de 881 totales en ventana 5-gram.
Par intra-pilar P13: JEV-P13-004 vs JEV-P13-011,JEV-P13-004,JEV-P13-011,P13,0.3141,APROBADO (<0.50),Shingles compartidos: 272 de 866 totales en ventana 5-gram.
Par intra-pilar P13: JEV-P13-004 vs JEV-P13-012,JEV-P13-004,JEV-P13-012,P13,0.3119,APROBADO (<0.50),Shingles compartidos: 267 de 856 totales en ventana 5-gram.
Par intra-pilar P13: JEV-P13-004 vs JEV-P13-013,JEV-P13-004,JEV-P13-013,P13,0.3084,APROBADO (<0.50),Shingles compartidos: 268 de 869 totales en ventana 5-gram.
Par intra-pilar P13: JEV-P13-004 vs JEV-P13-014,JEV-P13-004,JEV-P13-014,P13,0.3094,APROBADO (<0.50),Shingles compartidos: 272 de 879 totales en ventana 5-gram.
Par intra-pilar P13: JEV-P13-004 vs JEV-P13-015,JEV-P13-004,JEV-P13-015,P13,0.3187,APROBADO (<0.50),Shingles compartidos: 268 de 841 totales en ventana 5-gram.
Par intra-pilar P13: JEV-P13-004 vs JEV-P13-016,JEV-P13-004,JEV-P13-016,P13,0.3093,APROBADO (<0.50),Shingles compartidos: 266 de 860 totales en ventana 5-gram.
Par intra-pilar P13: JEV-P13-004 vs JEV-P13-017,JEV-P13-004,JEV-P13-017,P13,0.3168,APROBADO (<0.50),Shingles compartidos: 269 de 849 totales en ventana 5-gram.
Par intra-pilar P13: JEV-P13-004 vs JEV-P13-018,JEV-P13-004,JEV-P13-018,P13,0.3002,APROBADO (<0.50),Shingles compartidos: 266 de 886 totales en ventana 5-gram.
Par intra-pilar P13: JEV-P13-004 vs JEV-P13-019,JEV-P13-004,JEV-P13-019,P13,0.3072,APROBADO (<0.50),Shingles compartidos: 270 de 879 totales en ventana 5-gram.
Par intra-pilar P13: JEV-P13-004 vs JEV-P13-020,JEV-P13-004,JEV-P13-020,P13,0.3016,APROBADO (<0.50),Shingles compartidos: 269 de 892 totales en ventana 5-gram.
Par intra-pilar P13: JEV-P13-005 vs JEV-P13-006,JEV-P13-005,JEV-P13-006,P13,0.3055,APROBADO (<0.50),Shingles compartidos: 271 de 887 totales en ventana 5-gram.
Par intra-pilar P13: JEV-P13-005 vs JEV-P13-007,JEV-P13-005,JEV-P13-007,P13,0.2930,APROBADO (<0.50),Shingles compartidos: 266 de 908 totales en ventana 5-gram.
Par intra-pilar P13: JEV-P13-005 vs JEV-P13-008,JEV-P13-005,JEV-P13-008,P13,0.3022,APROBADO (<0.50),Shingles compartidos: 272 de 900 totales en ventana 5-gram.
Par intra-pilar P13: JEV-P13-005 vs JEV-P13-009,JEV-P13-005,JEV-P13-009,P13,0.2996,APROBADO (<0.50),Shingles compartidos: 269 de 898 totales en ventana 5-gram.
Par intra-pilar P13: JEV-P13-005 vs JEV-P13-010,JEV-P13-005,JEV-P13-010,P13,0.2885,APROBADO (<0.50),Shingles compartidos: 266 de 922 totales en ventana 5-gram.
Par intra-pilar P13: JEV-P13-005 vs JEV-P13-011,JEV-P13-005,JEV-P13-011,P13,0.2956,APROBADO (<0.50),Shingles compartidos: 269 de 910 totales en ventana 5-gram.
Par intra-pilar P13: JEV-P13-005 vs JEV-P13-012,JEV-P13-005,JEV-P13-012,P13,0.3020,APROBADO (<0.50),Shingles compartidos: 270 de 894 totales en ventana 5-gram.
Par intra-pilar P13: JEV-P13-005 vs JEV-P13-013,JEV-P13-005,JEV-P13-013,P13,0.2974,APROBADO (<0.50),Shingles compartidos: 270 de 908 totales en ventana 5-gram.
Par intra-pilar P13: JEV-P13-005 vs JEV-P13-014,JEV-P13-005,JEV-P13-014,P13,0.2886,APROBADO (<0.50),Shingles compartidos: 267 de 925 totales en ventana 5-gram.
Par intra-pilar P13: JEV-P13-005 vs JEV-P13-015,JEV-P13-005,JEV-P13-015,P13,0.3024,APROBADO (<0.50),Shingles compartidos: 267 de 883 totales en ventana 5-gram.
Par intra-pilar P13: JEV-P13-005 vs JEV-P13-016,JEV-P13-005,JEV-P13-016,P13,0.2981,APROBADO (<0.50),Shingles compartidos: 268 de 899 totales en ventana 5-gram.
Par intra-pilar P13: JEV-P13-005 vs JEV-P13-017,JEV-P13-005,JEV-P13-017,P13,0.2993,APROBADO (<0.50),Shingles compartidos: 267 de 892 totales en ventana 5-gram.
Par intra-pilar P13: JEV-P13-005 vs JEV-P13-018,JEV-P13-005,JEV-P13-018,P13,0.2925,APROBADO (<0.50),Shingles compartidos: 270 de 923 totales en ventana 5-gram.
Par intra-pilar P13: JEV-P13-005 vs JEV-P13-019,JEV-P13-005,JEV-P13-019,P13,0.2893,APROBADO (<0.50),Shingles compartidos: 267 de 923 totales en ventana 5-gram.
Par intra-pilar P13: JEV-P13-005 vs JEV-P13-020,JEV-P13-005,JEV-P13-020,P13,0.2856,APROBADO (<0.50),Shingles compartidos: 267 de 935 totales en ventana 5-gram.
Par intra-pilar P13: JEV-P13-006 vs JEV-P13-007,JEV-P13-006,JEV-P13-007,P13,0.3053,APROBADO (<0.50),Shingles compartidos: 269 de 881 totales en ventana 5-gram.
Par intra-pilar P13: JEV-P13-006 vs JEV-P13-008,JEV-P13-006,JEV-P13-008,P13,0.3135,APROBADO (<0.50),Shingles compartidos: 274 de 874 totales en ventana 5-gram.
Par intra-pilar P13: JEV-P13-006 vs JEV-P13-009,JEV-P13-006,JEV-P13-009,P13,0.3033,APROBADO (<0.50),Shingles compartidos: 266 de 877 totales en ventana 5-gram.
Par intra-pilar P13: JEV-P13-006 vs JEV-P13-010,JEV-P13-006,JEV-P13-010,P13,0.2991,APROBADO (<0.50),Shingles compartidos: 268 de 896 totales en ventana 5-gram.
Par intra-pilar P13: JEV-P13-006 vs JEV-P13-011,JEV-P13-006,JEV-P13-011,P13,0.3021,APROBADO (<0.50),Shingles compartidos: 268 de 887 totales en ventana 5-gram.
Par intra-pilar P13: JEV-P13-006 vs JEV-P13-012,JEV-P13-006,JEV-P13-012,P13,0.3058,APROBADO (<0.50),Shingles compartidos: 267 de 873 totales en ventana 5-gram.
Par intra-pilar P13: JEV-P13-006 vs JEV-P13-013,JEV-P13-006,JEV-P13-013,P13,0.2995,APROBADO (<0.50),Shingles compartidos: 266 de 888 totales en ventana 5-gram.
Par intra-pilar P13: JEV-P13-006 vs JEV-P13-014,JEV-P13-006,JEV-P13-014,P13,0.2978,APROBADO (<0.50),Shingles compartidos: 268 de 900 totales en ventana 5-gram.
Par intra-pilar P13: JEV-P13-006 vs JEV-P13-015,JEV-P13-006,JEV-P13-015,P13,0.3078,APROBADO (<0.50),Shingles compartidos: 265 de 861 totales en ventana 5-gram.
Par intra-pilar P13: JEV-P13-006 vs JEV-P13-016,JEV-P13-006,JEV-P13-016,P13,0.3063,APROBADO (<0.50),Shingles compartidos: 268 de 875 totales en ventana 5-gram.
Par intra-pilar P13: JEV-P13-006 vs JEV-P13-017,JEV-P13-006,JEV-P13-017,P13,0.3061,APROBADO (<0.50),Shingles compartidos: 266 de 869 totales en ventana 5-gram.
Par intra-pilar P13: JEV-P13-006 vs JEV-P13-018,JEV-P13-006,JEV-P13-018,P13,0.2960,APROBADO (<0.50),Shingles compartidos: 267 de 902 totales en ventana 5-gram.
Par intra-pilar P13: JEV-P13-006 vs JEV-P13-019,JEV-P13-006,JEV-P13-019,P13,0.2941,APROBADO (<0.50),Shingles compartidos: 265 de 901 totales en ventana 5-gram.
Par intra-pilar P13: JEV-P13-006 vs JEV-P13-020,JEV-P13-006,JEV-P13-020,P13,0.2917,APROBADO (<0.50),Shingles compartidos: 266 de 912 totales en ventana 5-gram.
Par intra-pilar P13: JEV-P13-007 vs JEV-P13-008,JEV-P13-007,JEV-P13-008,P13,0.2962,APROBADO (<0.50),Shingles compartidos: 266 de 898 totales en ventana 5-gram.
Par intra-pilar P13: JEV-P13-007 vs JEV-P13-009,JEV-P13-007,JEV-P13-009,P13,0.2993,APROBADO (<0.50),Shingles compartidos: 267 de 892 totales en ventana 5-gram.
Par intra-pilar P13: JEV-P13-007 vs JEV-P13-010,JEV-P13-007,JEV-P13-010,P13,0.2924,APROBADO (<0.50),Shingles compartidos: 267 de 913 totales en ventana 5-gram.
Par intra-pilar P13: JEV-P13-007 vs JEV-P13-011,JEV-P13-007,JEV-P13-011,P13,0.2997,APROBADO (<0.50),Shingles compartidos: 270 de 901 totales en ventana 5-gram.
Par intra-pilar P13: JEV-P13-007 vs JEV-P13-012,JEV-P13-007,JEV-P13-012,P13,0.3018,APROBADO (<0.50),Shingles compartidos: 268 de 888 totales en ventana 5-gram.
Par intra-pilar P13: JEV-P13-007 vs JEV-P13-013,JEV-P13-007,JEV-P13-013,P13,0.2957,APROBADO (<0.50),Shingles compartidos: 267 de 903 totales en ventana 5-gram.
Par intra-pilar P13: JEV-P13-007 vs JEV-P13-014,JEV-P13-007,JEV-P13-014,P13,0.2982,APROBADO (<0.50),Shingles compartidos: 272 de 912 totales en ventana 5-gram.
Par intra-pilar P13: JEV-P13-007 vs JEV-P13-015,JEV-P13-007,JEV-P13-015,P13,0.3037,APROBADO (<0.50),Shingles compartidos: 266 de 876 totales en ventana 5-gram.
Par intra-pilar P13: JEV-P13-007 vs JEV-P13-016,JEV-P13-007,JEV-P13-016,P13,0.3022,APROBADO (<0.50),Shingles compartidos: 269 de 890 totales en ventana 5-gram.
Par intra-pilar P13: JEV-P13-007 vs JEV-P13-017,JEV-P13-007,JEV-P13-017,P13,0.2991,APROBADO (<0.50),Shingles compartidos: 265 de 886 totales en ventana 5-gram.
Par intra-pilar P13: JEV-P13-007 vs JEV-P13-018,JEV-P13-007,JEV-P13-018,P13,0.2923,APROBADO (<0.50),Shingles compartidos: 268 de 917 totales en ventana 5-gram.
Par intra-pilar P13: JEV-P13-007 vs JEV-P13-019,JEV-P13-007,JEV-P13-019,P13,0.2904,APROBADO (<0.50),Shingles compartidos: 266 de 916 totales en ventana 5-gram.
Par intra-pilar P13: JEV-P13-007 vs JEV-P13-020,JEV-P13-007,JEV-P13-020,P13,0.2866,APROBADO (<0.50),Shingles compartidos: 266 de 928 totales en ventana 5-gram.
Par intra-pilar P13: JEV-P13-008 vs JEV-P13-009,JEV-P13-008,JEV-P13-009,P13,0.3015,APROBADO (<0.50),Shingles compartidos: 268 de 889 totales en ventana 5-gram.
Par intra-pilar P13: JEV-P13-008 vs JEV-P13-010,JEV-P13-008,JEV-P13-010,P13,0.2917,APROBADO (<0.50),Shingles compartidos: 266 de 912 totales en ventana 5-gram.
Par intra-pilar P13: JEV-P13-008 vs JEV-P13-011,JEV-P13-008,JEV-P13-011,P13,0.3018,APROBADO (<0.50),Shingles compartidos: 271 de 898 totales en ventana 5-gram.
Par intra-pilar P13: JEV-P13-008 vs JEV-P13-012,JEV-P13-008,JEV-P13-012,P13,0.3025,APROBADO (<0.50),Shingles compartidos: 268 de 886 totales en ventana 5-gram.
Par intra-pilar P13: JEV-P13-008 vs JEV-P13-013,JEV-P13-008,JEV-P13-013,P13,0.3007,APROBADO (<0.50),Shingles compartidos: 270 de 898 totales en ventana 5-gram.
Par intra-pilar P13: JEV-P13-008 vs JEV-P13-014,JEV-P13-008,JEV-P13-014,P13,0.2918,APROBADO (<0.50),Shingles compartidos: 267 de 915 totales en ventana 5-gram.
Par intra-pilar P13: JEV-P13-008 vs JEV-P13-015,JEV-P13-008,JEV-P13-015,P13,0.3058,APROBADO (<0.50),Shingles compartidos: 267 de 873 totales en ventana 5-gram.
Par intra-pilar P13: JEV-P13-008 vs JEV-P13-016,JEV-P13-008,JEV-P13-016,P13,0.2985,APROBADO (<0.50),Shingles compartidos: 266 de 891 totales en ventana 5-gram.
Par intra-pilar P13: JEV-P13-008 vs JEV-P13-017,JEV-P13-008,JEV-P13-017,P13,0.3042,APROBADO (<0.50),Shingles compartidos: 268 de 881 totales en ventana 5-gram.
Par intra-pilar P13: JEV-P13-008 vs JEV-P13-018,JEV-P13-008,JEV-P13-018,P13,0.2943,APROBADO (<0.50),Shingles compartidos: 269 de 914 totales en ventana 5-gram.
Par intra-pilar P13: JEV-P13-008 vs JEV-P13-019,JEV-P13-008,JEV-P13-019,P13,0.2924,APROBADO (<0.50),Shingles compartidos: 267 de 913 totales en ventana 5-gram.
Par intra-pilar P13: JEV-P13-008 vs JEV-P13-020,JEV-P13-008,JEV-P13-020,P13,0.2900,APROBADO (<0.50),Shingles compartidos: 268 de 924 totales en ventana 5-gram.
Par intra-pilar P13: JEV-P13-009 vs JEV-P13-010,JEV-P13-009,JEV-P13-010,P13,0.2919,APROBADO (<0.50),Shingles compartidos: 265 de 908 totales en ventana 5-gram.
Par intra-pilar P13: JEV-P13-009 vs JEV-P13-011,JEV-P13-009,JEV-P13-011,P13,0.2991,APROBADO (<0.50),Shingles compartidos: 268 de 896 totales en ventana 5-gram.
Par intra-pilar P13: JEV-P13-009 vs JEV-P13-012,JEV-P13-009,JEV-P13-012,P13,0.3057,APROBADO (<0.50),Shingles compartidos: 269 de 880 totales en ventana 5-gram.
Par intra-pilar P13: JEV-P13-009 vs JEV-P13-013,JEV-P13-009,JEV-P13-013,P13,0.2994,APROBADO (<0.50),Shingles compartidos: 268 de 895 totales en ventana 5-gram.
Par intra-pilar P13: JEV-P13-009 vs JEV-P13-014,JEV-P13-009,JEV-P13-014,P13,0.2934,APROBADO (<0.50),Shingles compartidos: 267 de 910 totales en ventana 5-gram.
Par intra-pilar P13: JEV-P13-009 vs JEV-P13-015,JEV-P13-009,JEV-P13-015,P13,0.3076,APROBADO (<0.50),Shingles compartidos: 267 de 868 totales en ventana 5-gram.
Par intra-pilar P13: JEV-P13-009 vs JEV-P13-016,JEV-P13-009,JEV-P13-016,P13,0.3002,APROBADO (<0.50),Shingles compartidos: 266 de 886 totales en ventana 5-gram.
Par intra-pilar P13: JEV-P13-009 vs JEV-P13-017,JEV-P13-009,JEV-P13-017,P13,0.3044,APROBADO (<0.50),Shingles compartidos: 267 de 877 totales en ventana 5-gram.
Par intra-pilar P13: JEV-P13-009 vs JEV-P13-018,JEV-P13-009,JEV-P13-018,P13,0.2917,APROBADO (<0.50),Shingles compartidos: 266 de 912 totales en ventana 5-gram.
Par intra-pilar P13: JEV-P13-009 vs JEV-P13-019,JEV-P13-009,JEV-P13-019,P13,0.2941,APROBADO (<0.50),Shingles compartidos: 267 de 908 totales en ventana 5-gram.
Par intra-pilar P13: JEV-P13-009 vs JEV-P13-020,JEV-P13-009,JEV-P13-020,P13,0.2916,APROBADO (<0.50),Shingles compartidos: 268 de 919 totales en ventana 5-gram.
Par intra-pilar P13: JEV-P13-010 vs JEV-P13-011,JEV-P13-010,JEV-P13-011,P13,0.2894,APROBADO (<0.50),Shingles compartidos: 266 de 919 totales en ventana 5-gram.
Par intra-pilar P13: JEV-P13-010 vs JEV-P13-012,JEV-P13-010,JEV-P13-012,P13,0.2928,APROBADO (<0.50),Shingles compartidos: 265 de 905 totales en ventana 5-gram.
Par intra-pilar P13: JEV-P13-010 vs JEV-P13-013,JEV-P13-010,JEV-P13-013,P13,0.2884,APROBADO (<0.50),Shingles compartidos: 265 de 919 totales en ventana 5-gram.
Par intra-pilar P13: JEV-P13-010 vs JEV-P13-014,JEV-P13-010,JEV-P13-014,P13,0.2882,APROBADO (<0.50),Shingles compartidos: 268 de 930 totales en ventana 5-gram.
Par intra-pilar P13: JEV-P13-010 vs JEV-P13-015,JEV-P13-010,JEV-P13-015,P13,0.2974,APROBADO (<0.50),Shingles compartidos: 265 de 891 totales en ventana 5-gram.
Par intra-pilar P13: JEV-P13-010 vs JEV-P13-016,JEV-P13-010,JEV-P13-016,P13,0.2976,APROBADO (<0.50),Shingles compartidos: 269 de 904 totales en ventana 5-gram.
Par intra-pilar P13: JEV-P13-010 vs JEV-P13-017,JEV-P13-010,JEV-P13-017,P13,0.3002,APROBADO (<0.50),Shingles compartidos: 269 de 896 totales en ventana 5-gram.
Par intra-pilar P13: JEV-P13-010 vs JEV-P13-018,JEV-P13-010,JEV-P13-018,P13,0.2837,APROBADO (<0.50),Shingles compartidos: 265 de 934 totales en ventana 5-gram.
Par intra-pilar P13: JEV-P13-010 vs JEV-P13-019,JEV-P13-010,JEV-P13-019,P13,0.2860,APROBADO (<0.50),Shingles compartidos: 266 de 930 totales en ventana 5-gram.
Par intra-pilar P13: JEV-P13-010 vs JEV-P13-020,JEV-P13-010,JEV-P13-020,P13,0.2810,APROBADO (<0.50),Shingles compartidos: 265 de 943 totales en ventana 5-gram.
Par intra-pilar P13: JEV-P13-011 vs JEV-P13-012,JEV-P13-011,JEV-P13-012,P13,0.3001,APROBADO (<0.50),Shingles compartidos: 268 de 893 totales en ventana 5-gram.
Par intra-pilar P13: JEV-P13-011 vs JEV-P13-013,JEV-P13-011,JEV-P13-013,P13,0.2983,APROBADO (<0.50),Shingles compartidos: 270 de 905 totales en ventana 5-gram.
Par intra-pilar P13: JEV-P13-011 vs JEV-P13-014,JEV-P13-011,JEV-P13-014,P13,0.2938,APROBADO (<0.50),Shingles compartidos: 270 de 919 totales en ventana 5-gram.
Par intra-pilar P13: JEV-P13-011 vs JEV-P13-015,JEV-P13-011,JEV-P13-015,P13,0.3049,APROBADO (<0.50),Shingles compartidos: 268 de 879 totales en ventana 5-gram.
Par intra-pilar P13: JEV-P13-011 vs JEV-P13-016,JEV-P13-011,JEV-P13-016,P13,0.2977,APROBADO (<0.50),Shingles compartidos: 267 de 897 totales en ventana 5-gram.
Par intra-pilar P13: JEV-P13-011 vs JEV-P13-017,JEV-P13-011,JEV-P13-017,P13,0.3018,APROBADO (<0.50),Shingles compartidos: 268 de 888 totales en ventana 5-gram.
Par intra-pilar P13: JEV-P13-011 vs JEV-P13-018,JEV-P13-011,JEV-P13-018,P13,0.2907,APROBADO (<0.50),Shingles compartidos: 268 de 922 totales en ventana 5-gram.
Par intra-pilar P13: JEV-P13-011 vs JEV-P13-019,JEV-P13-011,JEV-P13-019,P13,0.2916,APROBADO (<0.50),Shingles compartidos: 268 de 919 totales en ventana 5-gram.
Par intra-pilar P13: JEV-P13-011 vs JEV-P13-020,JEV-P13-011,JEV-P13-020,P13,0.2892,APROBADO (<0.50),Shingles compartidos: 269 de 930 totales en ventana 5-gram.
Par intra-pilar P13: JEV-P13-012 vs JEV-P13-013,JEV-P13-012,JEV-P13-013,P13,0.3034,APROBADO (<0.50),Shingles compartidos: 270 de 890 totales en ventana 5-gram.
Par intra-pilar P13: JEV-P13-012 vs JEV-P13-014,JEV-P13-012,JEV-P13-014,P13,0.2930,APROBADO (<0.50),Shingles compartidos: 266 de 908 totales en ventana 5-gram.
Par intra-pilar P13: JEV-P13-012 vs JEV-P13-015,JEV-P13-012,JEV-P13-015,P13,0.3087,APROBADO (<0.50),Shingles compartidos: 267 de 865 totales en ventana 5-gram.
Par intra-pilar P13: JEV-P13-012 vs JEV-P13-016,JEV-P13-012,JEV-P13-016,P13,0.3027,APROBADO (<0.50),Shingles compartidos: 267 de 882 totales en ventana 5-gram.
Par intra-pilar P13: JEV-P13-012 vs JEV-P13-017,JEV-P13-012,JEV-P13-017,P13,0.3055,APROBADO (<0.50),Shingles compartidos: 267 de 874 totales en ventana 5-gram.
Par intra-pilar P13: JEV-P13-012 vs JEV-P13-018,JEV-P13-012,JEV-P13-018,P13,0.2955,APROBADO (<0.50),Shingles compartidos: 268 de 907 totales en ventana 5-gram.
Par intra-pilar P13: JEV-P13-012 vs JEV-P13-019,JEV-P13-012,JEV-P13-019,P13,0.2950,APROBADO (<0.50),Shingles compartidos: 267 de 905 totales en ventana 5-gram.
Par intra-pilar P13: JEV-P13-012 vs JEV-P13-020,JEV-P13-012,JEV-P13-020,P13,0.2912,APROBADO (<0.50),Shingles compartidos: 267 de 917 totales en ventana 5-gram.
Par intra-pilar P13: JEV-P13-013 vs JEV-P13-014,JEV-P13-013,JEV-P13-014,P13,0.2885,APROBADO (<0.50),Shingles compartidos: 266 de 922 totales en ventana 5-gram.
Par intra-pilar P13: JEV-P13-013 vs JEV-P13-015,JEV-P13-013,JEV-P13-015,P13,0.3097,APROBADO (<0.50),Shingles compartidos: 271 de 875 totales en ventana 5-gram.
Par intra-pilar P13: JEV-P13-013 vs JEV-P13-016,JEV-P13-013,JEV-P13-016,P13,0.3009,APROBADO (<0.50),Shingles compartidos: 269 de 894 totales en ventana 5-gram.
Par intra-pilar P13: JEV-P13-013 vs JEV-P13-017,JEV-P13-013,JEV-P13-017,P13,0.3007,APROBADO (<0.50),Shingles compartidos: 267 de 888 totales en ventana 5-gram.
Par intra-pilar P13: JEV-P13-013 vs JEV-P13-018,JEV-P13-013,JEV-P13-018,P13,0.2952,APROBADO (<0.50),Shingles compartidos: 271 de 918 totales en ventana 5-gram.
Par intra-pilar P13: JEV-P13-013 vs JEV-P13-019,JEV-P13-013,JEV-P13-019,P13,0.2990,APROBADO (<0.50),Shingles compartidos: 273 de 913 totales en ventana 5-gram.
Par intra-pilar P13: JEV-P13-013 vs JEV-P13-020,JEV-P13-013,JEV-P13-020,P13,0.2923,APROBADO (<0.50),Shingles compartidos: 271 de 927 totales en ventana 5-gram.
Par intra-pilar P13: JEV-P13-014 vs JEV-P13-015,JEV-P13-014,JEV-P13-015,P13,0.2975,APROBADO (<0.50),Shingles compartidos: 266 de 894 totales en ventana 5-gram.
Par intra-pilar P13: JEV-P13-014 vs JEV-P13-016,JEV-P13-014,JEV-P13-016,P13,0.2963,APROBADO (<0.50),Shingles compartidos: 269 de 908 totales en ventana 5-gram.
Par intra-pilar P13: JEV-P13-014 vs JEV-P13-017,JEV-P13-014,JEV-P13-017,P13,0.2960,APROBADO (<0.50),Shingles compartidos: 267 de 902 totales en ventana 5-gram.
Par intra-pilar P13: JEV-P13-014 vs JEV-P13-018,JEV-P13-014,JEV-P13-018,P13,0.2880,APROBADO (<0.50),Shingles compartidos: 269 de 934 totales en ventana 5-gram.
Par intra-pilar P13: JEV-P13-014 vs JEV-P13-019,JEV-P13-014,JEV-P13-019,P13,0.2876,APROBADO (<0.50),Shingles compartidos: 268 de 932 totales en ventana 5-gram.
Par intra-pilar P13: JEV-P13-014 vs JEV-P13-020,JEV-P13-014,JEV-P13-020,P13,0.2825,APROBADO (<0.50),Shingles compartidos: 267 de 945 totales en ventana 5-gram.
Par intra-pilar P13: JEV-P13-015 vs JEV-P13-016,JEV-P13-015,JEV-P13-016,P13,0.3076,APROBADO (<0.50),Shingles compartidos: 267 de 868 totales en ventana 5-gram.
Par intra-pilar P13: JEV-P13-015 vs JEV-P13-017,JEV-P13-015,JEV-P13-017,P13,0.3120,APROBADO (<0.50),Shingles compartidos: 268 de 859 totales en ventana 5-gram.
Par intra-pilar P13: JEV-P13-015 vs JEV-P13-018,JEV-P13-015,JEV-P13-018,P13,0.2987,APROBADO (<0.50),Shingles compartidos: 267 de 894 totales en ventana 5-gram.
Par intra-pilar P13: JEV-P13-015 vs JEV-P13-019,JEV-P13-015,JEV-P13-019,P13,0.3070,APROBADO (<0.50),Shingles compartidos: 272 de 886 totales en ventana 5-gram.
Par intra-pilar P13: JEV-P13-015 vs JEV-P13-020,JEV-P13-015,JEV-P13-020,P13,0.3043,APROBADO (<0.50),Shingles compartidos: 273 de 897 totales en ventana 5-gram.
Par intra-pilar P13: JEV-P13-016 vs JEV-P13-017,JEV-P13-016,JEV-P13-017,P13,0.3015,APROBADO (<0.50),Shingles compartidos: 265 de 879 totales en ventana 5-gram.
Par intra-pilar P13: JEV-P13-016 vs JEV-P13-018,JEV-P13-016,JEV-P13-018,P13,0.2974,APROBADO (<0.50),Shingles compartidos: 270 de 908 totales en ventana 5-gram.
Par intra-pilar P13: JEV-P13-016 vs JEV-P13-019,JEV-P13-016,JEV-P13-019,P13,0.2955,APROBADO (<0.50),Shingles compartidos: 268 de 907 totales en ventana 5-gram.
Par intra-pilar P13: JEV-P13-016 vs JEV-P13-020,JEV-P13-016,JEV-P13-020,P13,0.2888,APROBADO (<0.50),Shingles compartidos: 266 de 921 totales en ventana 5-gram.
Par intra-pilar P13: JEV-P13-017 vs JEV-P13-018,JEV-P13-017,JEV-P13-018,P13,0.2928,APROBADO (<0.50),Shingles compartidos: 265 de 905 totales en ventana 5-gram.
Par intra-pilar P13: JEV-P13-017 vs JEV-P13-019,JEV-P13-017,JEV-P13-019,P13,0.2981,APROBADO (<0.50),Shingles compartidos: 268 de 899 totales en ventana 5-gram.
Par intra-pilar P13: JEV-P13-017 vs JEV-P13-020,JEV-P13-017,JEV-P13-020,P13,0.2942,APROBADO (<0.50),Shingles compartidos: 268 de 911 totales en ventana 5-gram.
Par intra-pilar P13: JEV-P13-018 vs JEV-P13-019,JEV-P13-018,JEV-P13-019,P13,0.2859,APROBADO (<0.50),Shingles compartidos: 267 de 934 totales en ventana 5-gram.
Par intra-pilar P13: JEV-P13-018 vs JEV-P13-020,JEV-P13-018,JEV-P13-020,P13,0.2809,APROBADO (<0.50),Shingles compartidos: 266 de 947 totales en ventana 5-gram.
Par intra-pilar P13: JEV-P13-019 vs JEV-P13-020,JEV-P13-019,JEV-P13-020,P13,0.2886,APROBADO (<0.50),Shingles compartidos: 271 de 939 totales en ventana 5-gram.
Par intra-pilar P14: JEV-P14-001 vs JEV-P14-002,JEV-P14-001,JEV-P14-002,P14,0.3155,APROBADO (<0.50),Shingles compartidos: 265 de 840 totales en ventana 5-gram.
Par intra-pilar P14: JEV-P14-001 vs JEV-P14-003,JEV-P14-001,JEV-P14-003,P14,0.3070,APROBADO (<0.50),Shingles compartidos: 264 de 860 totales en ventana 5-gram.
Par intra-pilar P14: JEV-P14-001 vs JEV-P14-004,JEV-P14-001,JEV-P14-004,P14,0.3062,APROBADO (<0.50),Shingles compartidos: 267 de 872 totales en ventana 5-gram.
Par intra-pilar P14: JEV-P14-001 vs JEV-P14-005,JEV-P14-001,JEV-P14-005,P14,0.3165,APROBADO (<0.50),Shingles compartidos: 269 de 850 totales en ventana 5-gram.
Par intra-pilar P14: JEV-P14-001 vs JEV-P14-006,JEV-P14-001,JEV-P14-006,P14,0.3071,APROBADO (<0.50),Shingles compartidos: 261 de 850 totales en ventana 5-gram.
Par intra-pilar P14: JEV-P14-001 vs JEV-P14-007,JEV-P14-001,JEV-P14-007,P14,0.3080,APROBADO (<0.50),Shingles compartidos: 263 de 854 totales en ventana 5-gram.
Par intra-pilar P14: JEV-P14-001 vs JEV-P14-008,JEV-P14-001,JEV-P14-008,P14,0.3025,APROBADO (<0.50),Shingles compartidos: 262 de 866 totales en ventana 5-gram.
Par intra-pilar P14: JEV-P14-001 vs JEV-P14-009,JEV-P14-001,JEV-P14-009,P14,0.3064,APROBADO (<0.50),Shingles compartidos: 262 de 855 totales en ventana 5-gram.
Par intra-pilar P14: JEV-P14-001 vs JEV-P14-010,JEV-P14-001,JEV-P14-010,P14,0.3064,APROBADO (<0.50),Shingles compartidos: 262 de 855 totales en ventana 5-gram.
Par intra-pilar P14: JEV-P14-001 vs JEV-P14-011,JEV-P14-001,JEV-P14-011,P14,0.3015,APROBADO (<0.50),Shingles compartidos: 262 de 869 totales en ventana 5-gram.
Par intra-pilar P14: JEV-P14-001 vs JEV-P14-012,JEV-P14-001,JEV-P14-012,P14,0.3126,APROBADO (<0.50),Shingles compartidos: 266 de 851 totales en ventana 5-gram.
Par intra-pilar P14: JEV-P14-001 vs JEV-P14-013,JEV-P14-001,JEV-P14-013,P14,0.3056,APROBADO (<0.50),Shingles compartidos: 261 de 854 totales en ventana 5-gram.
Par intra-pilar P14: JEV-P14-001 vs JEV-P14-014,JEV-P14-001,JEV-P14-014,P14,0.3050,APROBADO (<0.50),Shingles compartidos: 262 de 859 totales en ventana 5-gram.
Par intra-pilar P14: JEV-P14-001 vs JEV-P14-015,JEV-P14-001,JEV-P14-015,P14,0.3175,APROBADO (<0.50),Shingles compartidos: 267 de 841 totales en ventana 5-gram.
Par intra-pilar P14: JEV-P14-001 vs JEV-P14-016,JEV-P14-001,JEV-P14-016,P14,0.3092,APROBADO (<0.50),Shingles compartidos: 261 de 844 totales en ventana 5-gram.
Par intra-pilar P14: JEV-P14-001 vs JEV-P14-017,JEV-P14-001,JEV-P14-017,P14,0.3154,APROBADO (<0.50),Shingles compartidos: 270 de 856 totales en ventana 5-gram.
Par intra-pilar P14: JEV-P14-001 vs JEV-P14-018,JEV-P14-001,JEV-P14-018,P14,0.3175,APROBADO (<0.50),Shingles compartidos: 268 de 844 totales en ventana 5-gram.
Par intra-pilar P14: JEV-P14-001 vs JEV-P14-019,JEV-P14-001,JEV-P14-019,P14,0.3097,APROBADO (<0.50),Shingles compartidos: 266 de 859 totales en ventana 5-gram.
Par intra-pilar P14: JEV-P14-001 vs JEV-P14-020,JEV-P14-001,JEV-P14-020,P14,0.3071,APROBADO (<0.50),Shingles compartidos: 265 de 863 totales en ventana 5-gram.
Par intra-pilar P14: JEV-P14-002 vs JEV-P14-003,JEV-P14-002,JEV-P14-003,P14,0.3132,APROBADO (<0.50),Shingles compartidos: 264 de 843 totales en ventana 5-gram.
Par intra-pilar P14: JEV-P14-002 vs JEV-P14-004,JEV-P14-002,JEV-P14-004,P14,0.3092,APROBADO (<0.50),Shingles compartidos: 265 de 857 totales en ventana 5-gram.
Par intra-pilar P14: JEV-P14-002 vs JEV-P14-005,JEV-P14-002,JEV-P14-005,P14,0.3135,APROBADO (<0.50),Shingles compartidos: 263 de 839 totales en ventana 5-gram.
Par intra-pilar P14: JEV-P14-002 vs JEV-P14-006,JEV-P14-002,JEV-P14-006,P14,0.3149,APROBADO (<0.50),Shingles compartidos: 262 de 832 totales en ventana 5-gram.
Par intra-pilar P14: JEV-P14-002 vs JEV-P14-007,JEV-P14-002,JEV-P14-007,P14,0.3126,APROBADO (<0.50),Shingles compartidos: 262 de 838 totales en ventana 5-gram.
Par intra-pilar P14: JEV-P14-002 vs JEV-P14-008,JEV-P14-002,JEV-P14-008,P14,0.3164,APROBADO (<0.50),Shingles compartidos: 267 de 844 totales en ventana 5-gram.
Par intra-pilar P14: JEV-P14-002 vs JEV-P14-009,JEV-P14-002,JEV-P14-009,P14,0.3111,APROBADO (<0.50),Shingles compartidos: 261 de 839 totales en ventana 5-gram.
Par intra-pilar P14: JEV-P14-002 vs JEV-P14-010,JEV-P14-002,JEV-P14-010,P14,0.3158,APROBADO (<0.50),Shingles compartidos: 264 de 836 totales en ventana 5-gram.
Par intra-pilar P14: JEV-P14-002 vs JEV-P14-011,JEV-P14-002,JEV-P14-011,P14,0.3075,APROBADO (<0.50),Shingles compartidos: 262 de 852 totales en ventana 5-gram.
Par intra-pilar P14: JEV-P14-002 vs JEV-P14-012,JEV-P14-002,JEV-P14-012,P14,0.3158,APROBADO (<0.50),Shingles compartidos: 264 de 836 totales en ventana 5-gram.
Par intra-pilar P14: JEV-P14-002 vs JEV-P14-013,JEV-P14-002,JEV-P14-013,P14,0.3134,APROBADO (<0.50),Shingles compartidos: 262 de 836 totales en ventana 5-gram.
Par intra-pilar P14: JEV-P14-002 vs JEV-P14-014,JEV-P14-002,JEV-P14-014,P14,0.3143,APROBADO (<0.50),Shingles compartidos: 264 de 840 totales en ventana 5-gram.
Par intra-pilar P14: JEV-P14-002 vs JEV-P14-015,JEV-P14-002,JEV-P14-015,P14,0.3192,APROBADO (<0.50),Shingles compartidos: 264 de 827 totales en ventana 5-gram.
Par intra-pilar P14: JEV-P14-002 vs JEV-P14-016,JEV-P14-002,JEV-P14-016,P14,0.3172,APROBADO (<0.50),Shingles compartidos: 262 de 826 totales en ventana 5-gram.
Par intra-pilar P14: JEV-P14-002 vs JEV-P14-017,JEV-P14-002,JEV-P14-017,P14,0.3109,APROBADO (<0.50),Shingles compartidos: 263 de 846 totales en ventana 5-gram.
Par intra-pilar P14: JEV-P14-002 vs JEV-P14-018,JEV-P14-002,JEV-P14-018,P14,0.3161,APROBADO (<0.50),Shingles compartidos: 263 de 832 totales en ventana 5-gram.
Par intra-pilar P14: JEV-P14-002 vs JEV-P14-019,JEV-P14-002,JEV-P14-019,P14,0.3112,APROBADO (<0.50),Shingles compartidos: 263 de 845 totales en ventana 5-gram.
Par intra-pilar P14: JEV-P14-002 vs JEV-P14-020,JEV-P14-002,JEV-P14-020,P14,0.3101,APROBADO (<0.50),Shingles compartidos: 263 de 848 totales en ventana 5-gram.
Par intra-pilar P14: JEV-P14-003 vs JEV-P14-004,JEV-P14-003,JEV-P14-004,P14,0.3025,APROBADO (<0.50),Shingles compartidos: 265 de 876 totales en ventana 5-gram.
Par intra-pilar P14: JEV-P14-003 vs JEV-P14-005,JEV-P14-003,JEV-P14-005,P14,0.3065,APROBADO (<0.50),Shingles compartidos: 263 de 858 totales en ventana 5-gram.
Par intra-pilar P14: JEV-P14-003 vs JEV-P14-006,JEV-P14-003,JEV-P14-006,P14,0.3110,APROBADO (<0.50),Shingles compartidos: 264 de 849 totales en ventana 5-gram.
Par intra-pilar P14: JEV-P14-003 vs JEV-P14-007,JEV-P14-003,JEV-P14-007,P14,0.3103,APROBADO (<0.50),Shingles compartidos: 265 de 854 totales en ventana 5-gram.
Par intra-pilar P14: JEV-P14-003 vs JEV-P14-008,JEV-P14-003,JEV-P14-008,P14,0.3094,APROBADO (<0.50),Shingles compartidos: 267 de 863 totales en ventana 5-gram.
Par intra-pilar P14: JEV-P14-003 vs JEV-P14-009,JEV-P14-003,JEV-P14-009,P14,0.3103,APROBADO (<0.50),Shingles compartidos: 265 de 854 totales en ventana 5-gram.
Par intra-pilar P14: JEV-P14-003 vs JEV-P14-010,JEV-P14-003,JEV-P14-010,P14,0.3103,APROBADO (<0.50),Shingles compartidos: 265 de 854 totales en ventana 5-gram.
Par intra-pilar P14: JEV-P14-003 vs JEV-P14-011,JEV-P14-003,JEV-P14-011,P14,0.3023,APROBADO (<0.50),Shingles compartidos: 263 de 870 totales en ventana 5-gram.
Par intra-pilar P14: JEV-P14-003 vs JEV-P14-012,JEV-P14-003,JEV-P14-012,P14,0.3088,APROBADO (<0.50),Shingles compartidos: 264 de 855 totales en ventana 5-gram.
Par intra-pilar P14: JEV-P14-003 vs JEV-P14-013,JEV-P14-003,JEV-P14-013,P14,0.3095,APROBADO (<0.50),Shingles compartidos: 264 de 853 totales en ventana 5-gram.
Par intra-pilar P14: JEV-P14-003 vs JEV-P14-014,JEV-P14-003,JEV-P14-014,P14,0.3073,APROBADO (<0.50),Shingles compartidos: 264 de 859 totales en ventana 5-gram.
Par intra-pilar P14: JEV-P14-003 vs JEV-P14-015,JEV-P14-003,JEV-P14-015,P14,0.3121,APROBADO (<0.50),Shingles compartidos: 264 de 846 totales en ventana 5-gram.
Par intra-pilar P14: JEV-P14-003 vs JEV-P14-016,JEV-P14-003,JEV-P14-016,P14,0.3132,APROBADO (<0.50),Shingles compartidos: 264 de 843 totales en ventana 5-gram.
Par intra-pilar P14: JEV-P14-003 vs JEV-P14-017,JEV-P14-003,JEV-P14-017,P14,0.3040,APROBADO (<0.50),Shingles compartidos: 263 de 865 totales en ventana 5-gram.
Par intra-pilar P14: JEV-P14-003 vs JEV-P14-018,JEV-P14-003,JEV-P14-018,P14,0.3106,APROBADO (<0.50),Shingles compartidos: 264 de 850 totales en ventana 5-gram.
Par intra-pilar P14: JEV-P14-003 vs JEV-P14-019,JEV-P14-003,JEV-P14-019,P14,0.3120,APROBADO (<0.50),Shingles compartidos: 268 de 859 totales en ventana 5-gram.
Par intra-pilar P14: JEV-P14-003 vs JEV-P14-020,JEV-P14-003,JEV-P14-020,P14,0.3048,APROBADO (<0.50),Shingles compartidos: 264 de 866 totales en ventana 5-gram.
Par intra-pilar P14: JEV-P14-004 vs JEV-P14-005,JEV-P14-004,JEV-P14-005,P14,0.2998,APROBADO (<0.50),Shingles compartidos: 262 de 874 totales en ventana 5-gram.
Par intra-pilar P14: JEV-P14-004 vs JEV-P14-006,JEV-P14-004,JEV-P14-006,P14,0.3040,APROBADO (<0.50),Shingles compartidos: 263 de 865 totales en ventana 5-gram.
Par intra-pilar P14: JEV-P14-004 vs JEV-P14-007,JEV-P14-004,JEV-P14-007,P14,0.3034,APROBADO (<0.50),Shingles compartidos: 264 de 870 totales en ventana 5-gram.
Par intra-pilar P14: JEV-P14-004 vs JEV-P14-008,JEV-P14-004,JEV-P14-008,P14,0.3041,APROBADO (<0.50),Shingles compartidos: 267 de 878 totales en ventana 5-gram.
Par intra-pilar P14: JEV-P14-004 vs JEV-P14-009,JEV-P14-004,JEV-P14-009,P14,0.3034,APROBADO (<0.50),Shingles compartidos: 264 de 870 totales en ventana 5-gram.
Par intra-pilar P14: JEV-P14-004 vs JEV-P14-010,JEV-P14-004,JEV-P14-010,P14,0.3065,APROBADO (<0.50),Shingles compartidos: 266 de 868 totales en ventana 5-gram.
Par intra-pilar P14: JEV-P14-004 vs JEV-P14-011,JEV-P14-004,JEV-P14-011,P14,0.2972,APROBADO (<0.50),Shingles compartidos: 263 de 885 totales en ventana 5-gram.
Par intra-pilar P14: JEV-P14-004 vs JEV-P14-012,JEV-P14-004,JEV-P14-012,P14,0.3065,APROBADO (<0.50),Shingles compartidos: 266 de 868 totales en ventana 5-gram.
Par intra-pilar P14: JEV-P14-004 vs JEV-P14-013,JEV-P14-004,JEV-P14-013,P14,0.3026,APROBADO (<0.50),Shingles compartidos: 263 de 869 totales en ventana 5-gram.
Par intra-pilar P14: JEV-P14-004 vs JEV-P14-014,JEV-P14-004,JEV-P14-014,P14,0.3080,APROBADO (<0.50),Shingles compartidos: 268 de 870 totales en ventana 5-gram.
Par intra-pilar P14: JEV-P14-004 vs JEV-P14-015,JEV-P14-004,JEV-P14-015,P14,0.3036,APROBADO (<0.50),Shingles compartidos: 262 de 863 totales en ventana 5-gram.
Par intra-pilar P14: JEV-P14-004 vs JEV-P14-016,JEV-P14-004,JEV-P14-016,P14,0.3062,APROBADO (<0.50),Shingles compartidos: 263 de 859 totales en ventana 5-gram.
Par intra-pilar P14: JEV-P14-004 vs JEV-P14-017,JEV-P14-004,JEV-P14-017,P14,0.2974,APROBADO (<0.50),Shingles compartidos: 262 de 881 totales en ventana 5-gram.
Par intra-pilar P14: JEV-P14-004 vs JEV-P14-018,JEV-P14-004,JEV-P14-018,P14,0.3052,APROBADO (<0.50),Shingles compartidos: 264 de 865 totales en ventana 5-gram.
Par intra-pilar P14: JEV-P14-004 vs JEV-P14-019,JEV-P14-004,JEV-P14-019,P14,0.3007,APROBADO (<0.50),Shingles compartidos: 264 de 878 totales en ventana 5-gram.
Par intra-pilar P14: JEV-P14-004 vs JEV-P14-020,JEV-P14-004,JEV-P14-020,P14,0.2982,APROBADO (<0.50),Shingles compartidos: 263 de 882 totales en ventana 5-gram.
Par intra-pilar P14: JEV-P14-005 vs JEV-P14-006,JEV-P14-005,JEV-P14-006,P14,0.3097,APROBADO (<0.50),Shingles compartidos: 262 de 846 totales en ventana 5-gram.
Par intra-pilar P14: JEV-P14-005 vs JEV-P14-007,JEV-P14-005,JEV-P14-007,P14,0.3075,APROBADO (<0.50),Shingles compartidos: 262 de 852 totales en ventana 5-gram.
Par intra-pilar P14: JEV-P14-005 vs JEV-P14-008,JEV-P14-005,JEV-P14-008,P14,0.3066,APROBADO (<0.50),Shingles compartidos: 264 de 861 totales en ventana 5-gram.
Par intra-pilar P14: JEV-P14-005 vs JEV-P14-009,JEV-P14-005,JEV-P14-009,P14,0.3090,APROBADO (<0.50),Shingles compartidos: 263 de 851 totales en ventana 5-gram.
Par intra-pilar P14: JEV-P14-005 vs JEV-P14-010,JEV-P14-005,JEV-P14-010,P14,0.3075,APROBADO (<0.50),Shingles compartidos: 262 de 852 totales en ventana 5-gram.
Par intra-pilar P14: JEV-P14-005 vs JEV-P14-011,JEV-P14-005,JEV-P14-011,P14,0.3010,APROBADO (<0.50),Shingles compartidos: 261 de 867 totales en ventana 5-gram.
Par intra-pilar P14: JEV-P14-005 vs JEV-P14-012,JEV-P14-005,JEV-P14-012,P14,0.3090,APROBADO (<0.50),Shingles compartidos: 263 de 851 totales en ventana 5-gram.
Par intra-pilar P14: JEV-P14-005 vs JEV-P14-013,JEV-P14-005,JEV-P14-013,P14,0.3082,APROBADO (<0.50),Shingles compartidos: 262 de 850 totales en ventana 5-gram.
Par intra-pilar P14: JEV-P14-005 vs JEV-P14-014,JEV-P14-005,JEV-P14-014,P14,0.3076,APROBADO (<0.50),Shingles compartidos: 263 de 855 totales en ventana 5-gram.
Par intra-pilar P14: JEV-P14-005 vs JEV-P14-015,JEV-P14-005,JEV-P14-015,P14,0.3186,APROBADO (<0.50),Shingles compartidos: 267 de 838 totales en ventana 5-gram.
Par intra-pilar P14: JEV-P14-005 vs JEV-P14-016,JEV-P14-005,JEV-P14-016,P14,0.3119,APROBADO (<0.50),Shingles compartidos: 262 de 840 totales en ventana 5-gram.
Par intra-pilar P14: JEV-P14-005 vs JEV-P14-017,JEV-P14-005,JEV-P14-017,P14,0.3181,APROBADO (<0.50),Shingles compartidos: 271 de 852 totales en ventana 5-gram.
Par intra-pilar P14: JEV-P14-005 vs JEV-P14-018,JEV-P14-005,JEV-P14-018,P14,0.3202,APROBADO (<0.50),Shingles compartidos: 269 de 840 totales en ventana 5-gram.
Par intra-pilar P14: JEV-P14-005 vs JEV-P14-019,JEV-P14-005,JEV-P14-019,P14,0.3092,APROBADO (<0.50),Shingles compartidos: 265 de 857 totales en ventana 5-gram.
Par intra-pilar P14: JEV-P14-005 vs JEV-P14-020,JEV-P14-005,JEV-P14-020,P14,0.3081,APROBADO (<0.50),Shingles compartidos: 265 de 860 totales en ventana 5-gram.
Par intra-pilar P14: JEV-P14-006 vs JEV-P14-007,JEV-P14-006,JEV-P14-007,P14,0.3151,APROBADO (<0.50),Shingles compartidos: 265 de 841 totales en ventana 5-gram.
Par intra-pilar P14: JEV-P14-006 vs JEV-P14-008,JEV-P14-006,JEV-P14-008,P14,0.3110,APROBADO (<0.50),Shingles compartidos: 265 de 852 totales en ventana 5-gram.
Par intra-pilar P14: JEV-P14-006 vs JEV-P14-009,JEV-P14-006,JEV-P14-009,P14,0.3167,APROBADO (<0.50),Shingles compartidos: 266 de 840 totales en ventana 5-gram.
Par intra-pilar P14: JEV-P14-006 vs JEV-P14-010,JEV-P14-006,JEV-P14-010,P14,0.3151,APROBADO (<0.50),Shingles compartidos: 265 de 841 totales en ventana 5-gram.
Par intra-pilar P14: JEV-P14-006 vs JEV-P14-011,JEV-P14-006,JEV-P14-011,P14,0.3115,APROBADO (<0.50),Shingles compartidos: 266 de 854 totales en ventana 5-gram.
Par intra-pilar P14: JEV-P14-006 vs JEV-P14-012,JEV-P14-006,JEV-P14-012,P14,0.3135,APROBADO (<0.50),Shingles compartidos: 264 de 842 totales en ventana 5-gram.
Par intra-pilar P14: JEV-P14-006 vs JEV-P14-013,JEV-P14-006,JEV-P14-013,P14,0.3159,APROBADO (<0.50),Shingles compartidos: 265 de 839 totales en ventana 5-gram.
Par intra-pilar P14: JEV-P14-006 vs JEV-P14-014,JEV-P14-006,JEV-P14-014,P14,0.3121,APROBADO (<0.50),Shingles compartidos: 264 de 846 totales en ventana 5-gram.
Par intra-pilar P14: JEV-P14-006 vs JEV-P14-015,JEV-P14-006,JEV-P14-015,P14,0.3138,APROBADO (<0.50),Shingles compartidos: 262 de 835 totales en ventana 5-gram.
Par intra-pilar P14: JEV-P14-006 vs JEV-P14-016,JEV-P14-006,JEV-P14-016,P14,0.3277,APROBADO (<0.50),Shingles compartidos: 270 de 824 totales en ventana 5-gram.
Par intra-pilar P14: JEV-P14-006 vs JEV-P14-017,JEV-P14-006,JEV-P14-017,P14,0.3072,APROBADO (<0.50),Shingles compartidos: 262 de 853 totales en ventana 5-gram.
Par intra-pilar P14: JEV-P14-006 vs JEV-P14-018,JEV-P14-006,JEV-P14-018,P14,0.3123,APROBADO (<0.50),Shingles compartidos: 262 de 839 totales en ventana 5-gram.
Par intra-pilar P14: JEV-P14-006 vs JEV-P14-019,JEV-P14-006,JEV-P14-019,P14,0.3106,APROBADO (<0.50),Shingles compartidos: 264 de 850 totales en ventana 5-gram.
Par intra-pilar P14: JEV-P14-006 vs JEV-P14-020,JEV-P14-006,JEV-P14-020,P14,0.3095,APROBADO (<0.50),Shingles compartidos: 264 de 853 totales en ventana 5-gram.
Par intra-pilar P14: JEV-P14-007 vs JEV-P14-008,JEV-P14-007,JEV-P14-008,P14,0.3135,APROBADO (<0.50),Shingles compartidos: 268 de 855 totales en ventana 5-gram.
Par intra-pilar P14: JEV-P14-007 vs JEV-P14-009,JEV-P14-007,JEV-P14-009,P14,0.3144,APROBADO (<0.50),Shingles compartidos: 266 de 846 totales en ventana 5-gram.
Par intra-pilar P14: JEV-P14-007 vs JEV-P14-010,JEV-P14-007,JEV-P14-010,P14,0.3175,APROBADO (<0.50),Shingles compartidos: 268 de 844 totales en ventana 5-gram.
Par intra-pilar P14: JEV-P14-007 vs JEV-P14-011,JEV-P14-007,JEV-P14-011,P14,0.3063,APROBADO (<0.50),Shingles compartidos: 264 de 862 totales en ventana 5-gram.
Par intra-pilar P14: JEV-P14-007 vs JEV-P14-012,JEV-P14-007,JEV-P14-012,P14,0.3129,APROBADO (<0.50),Shingles compartidos: 265 de 847 totales en ventana 5-gram.
Par intra-pilar P14: JEV-P14-007 vs JEV-P14-013,JEV-P14-007,JEV-P14-013,P14,0.3136,APROBADO (<0.50),Shingles compartidos: 265 de 845 totales en ventana 5-gram.
Par intra-pilar P14: JEV-P14-007 vs JEV-P14-014,JEV-P14-007,JEV-P14-014,P14,0.3114,APROBADO (<0.50),Shingles compartidos: 265 de 851 totales en ventana 5-gram.
Par intra-pilar P14: JEV-P14-007 vs JEV-P14-015,JEV-P14-007,JEV-P14-015,P14,0.3131,APROBADO (<0.50),Shingles compartidos: 263 de 840 totales en ventana 5-gram.
Par intra-pilar P14: JEV-P14-007 vs JEV-P14-016,JEV-P14-007,JEV-P14-016,P14,0.3205,APROBADO (<0.50),Shingles compartidos: 267 de 833 totales en ventana 5-gram.
Par intra-pilar P14: JEV-P14-007 vs JEV-P14-017,JEV-P14-007,JEV-P14-017,P14,0.3050,APROBADO (<0.50),Shingles compartidos: 262 de 859 totales en ventana 5-gram.
Par intra-pilar P14: JEV-P14-007 vs JEV-P14-018,JEV-P14-007,JEV-P14-018,P14,0.3116,APROBADO (<0.50),Shingles compartidos: 263 de 844 totales en ventana 5-gram.
Par intra-pilar P14: JEV-P14-007 vs JEV-P14-019,JEV-P14-007,JEV-P14-019,P14,0.3099,APROBADO (<0.50),Shingles compartidos: 265 de 855 totales en ventana 5-gram.
Par intra-pilar P14: JEV-P14-007 vs JEV-P14-020,JEV-P14-007,JEV-P14-020,P14,0.3058,APROBADO (<0.50),Shingles compartidos: 263 de 860 totales en ventana 5-gram.
Par intra-pilar P14: JEV-P14-008 vs JEV-P14-009,JEV-P14-008,JEV-P14-009,P14,0.3073,APROBADO (<0.50),Shingles compartidos: 264 de 859 totales en ventana 5-gram.
Par intra-pilar P14: JEV-P14-008 vs JEV-P14-010,JEV-P14-008,JEV-P14-010,P14,0.3135,APROBADO (<0.50),Shingles compartidos: 268 de 855 totales en ventana 5-gram.
Par intra-pilar P14: JEV-P14-008 vs JEV-P14-011,JEV-P14-008,JEV-P14-011,P14,0.3024,APROBADO (<0.50),Shingles compartidos: 264 de 873 totales en ventana 5-gram.
Par intra-pilar P14: JEV-P14-008 vs JEV-P14-012,JEV-P14-008,JEV-P14-012,P14,0.3119,APROBADO (<0.50),Shingles compartidos: 267 de 856 totales en ventana 5-gram.
Par intra-pilar P14: JEV-P14-008 vs JEV-P14-013,JEV-P14-008,JEV-P14-013,P14,0.3111,APROBADO (<0.50),Shingles compartidos: 266 de 855 totales en ventana 5-gram.
Par intra-pilar P14: JEV-P14-008 vs JEV-P14-014,JEV-P14-008,JEV-P14-014,P14,0.3181,APROBADO (<0.50),Shingles compartidos: 272 de 855 totales en ventana 5-gram.
Par intra-pilar P14: JEV-P14-008 vs JEV-P14-015,JEV-P14-008,JEV-P14-015,P14,0.3090,APROBADO (<0.50),Shingles compartidos: 263 de 851 totales en ventana 5-gram.
Par intra-pilar P14: JEV-P14-008 vs JEV-P14-016,JEV-P14-008,JEV-P14-016,P14,0.3132,APROBADO (<0.50),Shingles compartidos: 265 de 846 totales en ventana 5-gram.
Par intra-pilar P14: JEV-P14-008 vs JEV-P14-017,JEV-P14-008,JEV-P14-017,P14,0.3011,APROBADO (<0.50),Shingles compartidos: 262 de 870 totales en ventana 5-gram.
Par intra-pilar P14: JEV-P14-008 vs JEV-P14-018,JEV-P14-008,JEV-P14-018,P14,0.3076,APROBADO (<0.50),Shingles compartidos: 263 de 855 totales en ventana 5-gram.
Par intra-pilar P14: JEV-P14-008 vs JEV-P14-019,JEV-P14-008,JEV-P14-019,P14,0.3090,APROBADO (<0.50),Shingles compartidos: 267 de 864 totales en ventana 5-gram.
Par intra-pilar P14: JEV-P14-008 vs JEV-P14-020,JEV-P14-008,JEV-P14-020,P14,0.3020,APROBADO (<0.50),Shingles compartidos: 263 de 871 totales en ventana 5-gram.
Par intra-pilar P14: JEV-P14-009 vs JEV-P14-010,JEV-P14-009,JEV-P14-010,P14,0.3113,APROBADO (<0.50),Shingles compartidos: 264 de 848 totales en ventana 5-gram.
Par intra-pilar P14: JEV-P14-009 vs JEV-P14-011,JEV-P14-009,JEV-P14-011,P14,0.3048,APROBADO (<0.50),Shingles compartidos: 263 de 863 totales en ventana 5-gram.
Par intra-pilar P14: JEV-P14-009 vs JEV-P14-012,JEV-P14-009,JEV-P14-012,P14,0.3098,APROBADO (<0.50),Shingles compartidos: 263 de 849 totales en ventana 5-gram.
Par intra-pilar P14: JEV-P14-009 vs JEV-P14-013,JEV-P14-009,JEV-P14-013,P14,0.3121,APROBADO (<0.50),Shingles compartidos: 264 de 846 totales en ventana 5-gram.
Par intra-pilar P14: JEV-P14-009 vs JEV-P14-014,JEV-P14-009,JEV-P14-014,P14,0.3083,APROBADO (<0.50),Shingles compartidos: 263 de 853 totales en ventana 5-gram.
Par intra-pilar P14: JEV-P14-009 vs JEV-P14-015,JEV-P14-009,JEV-P14-015,P14,0.3100,APROBADO (<0.50),Shingles compartidos: 261 de 842 totales en ventana 5-gram.
Par intra-pilar P14: JEV-P14-009 vs JEV-P14-016,JEV-P14-009,JEV-P14-016,P14,0.3189,APROBADO (<0.50),Shingles compartidos: 266 de 834 totales en ventana 5-gram.
Par intra-pilar P14: JEV-P14-009 vs JEV-P14-017,JEV-P14-009,JEV-P14-017,P14,0.3065,APROBADO (<0.50),Shingles compartidos: 263 de 858 totales en ventana 5-gram.
Par intra-pilar P14: JEV-P14-009 vs JEV-P14-018,JEV-P14-009,JEV-P14-018,P14,0.3116,APROBADO (<0.50),Shingles compartidos: 263 de 844 totales en ventana 5-gram.
Par intra-pilar P14: JEV-P14-009 vs JEV-P14-019,JEV-P14-009,JEV-P14-019,P14,0.3069,APROBADO (<0.50),Shingles compartidos: 263 de 857 totales en ventana 5-gram.
Par intra-pilar P14: JEV-P14-009 vs JEV-P14-020,JEV-P14-009,JEV-P14-020,P14,0.3150,APROBADO (<0.50),Shingles compartidos: 269 de 854 totales en ventana 5-gram.
Par intra-pilar P14: JEV-P14-010 vs JEV-P14-011,JEV-P14-010,JEV-P14-011,P14,0.3063,APROBADO (<0.50),Shingles compartidos: 264 de 862 totales en ventana 5-gram.
Par intra-pilar P14: JEV-P14-010 vs JEV-P14-012,JEV-P14-010,JEV-P14-012,P14,0.3160,APROBADO (<0.50),Shingles compartidos: 267 de 845 totales en ventana 5-gram.
Par intra-pilar P14: JEV-P14-010 vs JEV-P14-013,JEV-P14-010,JEV-P14-013,P14,0.3152,APROBADO (<0.50),Shingles compartidos: 266 de 844 totales en ventana 5-gram.
Par intra-pilar P14: JEV-P14-010 vs JEV-P14-014,JEV-P14-010,JEV-P14-014,P14,0.3160,APROBADO (<0.50),Shingles compartidos: 268 de 848 totales en ventana 5-gram.
Par intra-pilar P14: JEV-P14-010 vs JEV-P14-015,JEV-P14-010,JEV-P14-015,P14,0.3131,APROBADO (<0.50),Shingles compartidos: 263 de 840 totales en ventana 5-gram.
Par intra-pilar P14: JEV-P14-010 vs JEV-P14-016,JEV-P14-010,JEV-P14-016,P14,0.3174,APROBADO (<0.50),Shingles compartidos: 265 de 835 totales en ventana 5-gram.
Par intra-pilar P14: JEV-P14-010 vs JEV-P14-017,JEV-P14-010,JEV-P14-017,P14,0.3050,APROBADO (<0.50),Shingles compartidos: 262 de 859 totales en ventana 5-gram.
Par intra-pilar P14: JEV-P14-010 vs JEV-P14-018,JEV-P14-010,JEV-P14-018,P14,0.3116,APROBADO (<0.50),Shingles compartidos: 263 de 844 totales en ventana 5-gram.
Par intra-pilar P14: JEV-P14-010 vs JEV-P14-019,JEV-P14-010,JEV-P14-019,P14,0.3099,APROBADO (<0.50),Shingles compartidos: 265 de 855 totales en ventana 5-gram.
Par intra-pilar P14: JEV-P14-010 vs JEV-P14-020,JEV-P14-010,JEV-P14-020,P14,0.3073,APROBADO (<0.50),Shingles compartidos: 264 de 859 totales en ventana 5-gram.
Par intra-pilar P14: JEV-P14-011 vs JEV-P14-012,JEV-P14-011,JEV-P14-012,P14,0.3078,APROBADO (<0.50),Shingles compartidos: 265 de 861 totales en ventana 5-gram.
Par intra-pilar P14: JEV-P14-011 vs JEV-P14-013,JEV-P14-011,JEV-P14-013,P14,0.3070,APROBADO (<0.50),Shingles compartidos: 264 de 860 totales en ventana 5-gram.
Par intra-pilar P14: JEV-P14-011 vs JEV-P14-014,JEV-P14-011,JEV-P14-014,P14,0.3048,APROBADO (<0.50),Shingles compartidos: 264 de 866 totales en ventana 5-gram.
Par intra-pilar P14: JEV-P14-011 vs JEV-P14-015,JEV-P14-011,JEV-P14-015,P14,0.3064,APROBADO (<0.50),Shingles compartidos: 262 de 855 totales en ventana 5-gram.
Par intra-pilar P14: JEV-P14-011 vs JEV-P14-016,JEV-P14-011,JEV-P14-016,P14,0.3106,APROBADO (<0.50),Shingles compartidos: 264 de 850 totales en ventana 5-gram.
Par intra-pilar P14: JEV-P14-011 vs JEV-P14-017,JEV-P14-011,JEV-P14-017,P14,0.2986,APROBADO (<0.50),Shingles compartidos: 261 de 874 totales en ventana 5-gram.
Par intra-pilar P14: JEV-P14-011 vs JEV-P14-018,JEV-P14-011,JEV-P14-018,P14,0.3035,APROBADO (<0.50),Shingles compartidos: 261 de 860 totales en ventana 5-gram.
Par intra-pilar P14: JEV-P14-011 vs JEV-P14-019,JEV-P14-011,JEV-P14-019,P14,0.3049,APROBADO (<0.50),Shingles compartidos: 265 de 869 totales en ventana 5-gram.
Par intra-pilar P14: JEV-P14-011 vs JEV-P14-020,JEV-P14-011,JEV-P14-020,P14,0.2979,APROBADO (<0.50),Shingles compartidos: 261 de 876 totales en ventana 5-gram.
Par intra-pilar P14: JEV-P14-012 vs JEV-P14-013,JEV-P14-012,JEV-P14-013,P14,0.3121,APROBADO (<0.50),Shingles compartidos: 264 de 846 totales en ventana 5-gram.
Par intra-pilar P14: JEV-P14-012 vs JEV-P14-014,JEV-P14-012,JEV-P14-014,P14,0.3160,APROBADO (<0.50),Shingles compartidos: 268 de 848 totales en ventana 5-gram.
Par intra-pilar P14: JEV-P14-012 vs JEV-P14-015,JEV-P14-012,JEV-P14-015,P14,0.3147,APROBADO (<0.50),Shingles compartidos: 264 de 839 totales en ventana 5-gram.
Par intra-pilar P14: JEV-P14-012 vs JEV-P14-016,JEV-P14-012,JEV-P14-016,P14,0.3158,APROBADO (<0.50),Shingles compartidos: 264 de 836 totales en ventana 5-gram.
Par intra-pilar P14: JEV-P14-012 vs JEV-P14-017,JEV-P14-012,JEV-P14-017,P14,0.3096,APROBADO (<0.50),Shingles compartidos: 265 de 856 totales en ventana 5-gram.
Par intra-pilar P14: JEV-P14-012 vs JEV-P14-018,JEV-P14-012,JEV-P14-018,P14,0.3101,APROBADO (<0.50),Shingles compartidos: 262 de 845 totales en ventana 5-gram.
Par intra-pilar P14: JEV-P14-012 vs JEV-P14-019,JEV-P14-012,JEV-P14-019,P14,0.3115,APROBADO (<0.50),Shingles compartidos: 266 de 854 totales en ventana 5-gram.
Par intra-pilar P14: JEV-P14-012 vs JEV-P14-020,JEV-P14-012,JEV-P14-020,P14,0.3043,APROBADO (<0.50),Shingles compartidos: 262 de 861 totales en ventana 5-gram.
Par intra-pilar P14: JEV-P14-013 vs JEV-P14-014,JEV-P14-013,JEV-P14-014,P14,0.3106,APROBADO (<0.50),Shingles compartidos: 264 de 850 totales en ventana 5-gram.
Par intra-pilar P14: JEV-P14-013 vs JEV-P14-015,JEV-P14-013,JEV-P14-015,P14,0.3154,APROBADO (<0.50),Shingles compartidos: 264 de 837 totales en ventana 5-gram.
Par intra-pilar P14: JEV-P14-013 vs JEV-P14-016,JEV-P14-013,JEV-P14-016,P14,0.3181,APROBADO (<0.50),Shingles compartidos: 265 de 833 totales en ventana 5-gram.
Par intra-pilar P14: JEV-P14-013 vs JEV-P14-017,JEV-P14-013,JEV-P14-017,P14,0.3057,APROBADO (<0.50),Shingles compartidos: 262 de 857 totales en ventana 5-gram.
Par intra-pilar P14: JEV-P14-013 vs JEV-P14-018,JEV-P14-013,JEV-P14-018,P14,0.3108,APROBADO (<0.50),Shingles compartidos: 262 de 843 totales en ventana 5-gram.
Par intra-pilar P14: JEV-P14-013 vs JEV-P14-019,JEV-P14-013,JEV-P14-019,P14,0.3091,APROBADO (<0.50),Shingles compartidos: 264 de 854 totales en ventana 5-gram.
Par intra-pilar P14: JEV-P14-013 vs JEV-P14-020,JEV-P14-013,JEV-P14-020,P14,0.3065,APROBADO (<0.50),Shingles compartidos: 263 de 858 totales en ventana 5-gram.
Par intra-pilar P14: JEV-P14-014 vs JEV-P14-015,JEV-P14-014,JEV-P14-015,P14,0.3132,APROBADO (<0.50),Shingles compartidos: 264 de 843 totales en ventana 5-gram.
Par intra-pilar P14: JEV-P14-014 vs JEV-P14-016,JEV-P14-014,JEV-P14-016,P14,0.3190,APROBADO (<0.50),Shingles compartidos: 267 de 837 totales en ventana 5-gram.
Par intra-pilar P14: JEV-P14-014 vs JEV-P14-017,JEV-P14-014,JEV-P14-017,P14,0.3021,APROBADO (<0.50),Shingles compartidos: 261 de 864 totales en ventana 5-gram.
Par intra-pilar P14: JEV-P14-014 vs JEV-P14-018,JEV-P14-014,JEV-P14-018,P14,0.3101,APROBADO (<0.50),Shingles compartidos: 263 de 848 totales en ventana 5-gram.
Par intra-pilar P14: JEV-P14-014 vs JEV-P14-019,JEV-P14-014,JEV-P14-019,P14,0.3085,APROBADO (<0.50),Shingles compartidos: 265 de 859 totales en ventana 5-gram.
Par intra-pilar P14: JEV-P14-014 vs JEV-P14-020,JEV-P14-014,JEV-P14-020,P14,0.3029,APROBADO (<0.50),Shingles compartidos: 262 de 865 totales en ventana 5-gram.
Par intra-pilar P14: JEV-P14-015 vs JEV-P14-016,JEV-P14-015,JEV-P14-016,P14,0.3160,APROBADO (<0.50),Shingles compartidos: 262 de 829 totales en ventana 5-gram.
Par intra-pilar P14: JEV-P14-015 vs JEV-P14-017,JEV-P14-015,JEV-P14-017,P14,0.3160,APROBADO (<0.50),Shingles compartidos: 267 de 845 totales en ventana 5-gram.
Par intra-pilar P14: JEV-P14-015 vs JEV-P14-018,JEV-P14-015,JEV-P14-018,P14,0.3245,APROBADO (<0.50),Shingles compartidos: 269 de 829 totales en ventana 5-gram.
Par intra-pilar P14: JEV-P14-015 vs JEV-P14-019,JEV-P14-015,JEV-P14-019,P14,0.3164,APROBADO (<0.50),Shingles compartidos: 267 de 844 totales en ventana 5-gram.
Par intra-pilar P14: JEV-P14-015 vs JEV-P14-020,JEV-P14-015,JEV-P14-020,P14,0.3106,APROBADO (<0.50),Shingles compartidos: 264 de 850 totales en ventana 5-gram.
Par intra-pilar P14: JEV-P14-016 vs JEV-P14-017,JEV-P14-016,JEV-P14-017,P14,0.3093,APROBADO (<0.50),Shingles compartidos: 262 de 847 totales en ventana 5-gram.
Par intra-pilar P14: JEV-P14-016 vs JEV-P14-018,JEV-P14-016,JEV-P14-018,P14,0.3161,APROBADO (<0.50),Shingles compartidos: 263 de 832 totales en ventana 5-gram.
Par intra-pilar P14: JEV-P14-016 vs JEV-P14-019,JEV-P14-016,JEV-P14-019,P14,0.3128,APROBADO (<0.50),Shingles compartidos: 264 de 844 totales en ventana 5-gram.
Par intra-pilar P14: JEV-P14-016 vs JEV-P14-020,JEV-P14-016,JEV-P14-020,P14,0.3117,APROBADO (<0.50),Shingles compartidos: 264 de 847 totales en ventana 5-gram.
Par intra-pilar P14: JEV-P14-017 vs JEV-P14-018,JEV-P14-017,JEV-P14-018,P14,0.3176,APROBADO (<0.50),Shingles compartidos: 269 de 847 totales en ventana 5-gram.
Par intra-pilar P14: JEV-P14-017 vs JEV-P14-019,JEV-P14-017,JEV-P14-019,P14,0.3067,APROBADO (<0.50),Shingles compartidos: 265 de 864 totales en ventana 5-gram.
Par intra-pilar P14: JEV-P14-017 vs JEV-P14-020,JEV-P14-017,JEV-P14-020,P14,0.3057,APROBADO (<0.50),Shingles compartidos: 265 de 867 totales en ventana 5-gram.
Par intra-pilar P14: JEV-P14-018 vs JEV-P14-019,JEV-P14-018,JEV-P14-019,P14,0.3133,APROBADO (<0.50),Shingles compartidos: 266 de 849 totales en ventana 5-gram.
Par intra-pilar P14: JEV-P14-018 vs JEV-P14-020,JEV-P14-018,JEV-P14-020,P14,0.3122,APROBADO (<0.50),Shingles compartidos: 266 de 852 totales en ventana 5-gram.
Par intra-pilar P14: JEV-P14-019 vs JEV-P14-020,JEV-P14-019,JEV-P14-020,P14,0.3015,APROBADO (<0.50),Shingles compartidos: 262 de 869 totales en ventana 5-gram.
Par intra-pilar P15: JEV-P15-001 vs JEV-P15-002,JEV-P15-001,JEV-P15-002,P15,0.3026,APROBADO (<0.50),Shingles compartidos: 266 de 879 totales en ventana 5-gram.
Par intra-pilar P15: JEV-P15-001 vs JEV-P15-003,JEV-P15-001,JEV-P15-003,P15,0.3028,APROBADO (<0.50),Shingles compartidos: 268 de 885 totales en ventana 5-gram.
Par intra-pilar P15: JEV-P15-001 vs JEV-P15-004,JEV-P15-001,JEV-P15-004,P15,0.2973,APROBADO (<0.50),Shingles compartidos: 264 de 888 totales en ventana 5-gram.
Par intra-pilar P15: JEV-P15-001 vs JEV-P15-005,JEV-P15-001,JEV-P15-005,P15,0.3011,APROBADO (<0.50),Shingles compartidos: 265 de 880 totales en ventana 5-gram.
Par intra-pilar P15: JEV-P15-001 vs JEV-P15-006,JEV-P15-001,JEV-P15-006,P15,0.3031,APROBADO (<0.50),Shingles compartidos: 267 de 881 totales en ventana 5-gram.
Par intra-pilar P15: JEV-P15-001 vs JEV-P15-007,JEV-P15-001,JEV-P15-007,P15,0.3053,APROBADO (<0.50),Shingles compartidos: 265 de 868 totales en ventana 5-gram.
Par intra-pilar P15: JEV-P15-001 vs JEV-P15-008,JEV-P15-001,JEV-P15-008,P15,0.2991,APROBADO (<0.50),Shingles compartidos: 262 de 876 totales en ventana 5-gram.
Par intra-pilar P15: JEV-P15-001 vs JEV-P15-009,JEV-P15-001,JEV-P15-009,P15,0.3009,APROBADO (<0.50),Shingles compartidos: 263 de 874 totales en ventana 5-gram.
Par intra-pilar P15: JEV-P15-001 vs JEV-P15-010,JEV-P15-001,JEV-P15-010,P15,0.3027,APROBADO (<0.50),Shingles compartidos: 267 de 882 totales en ventana 5-gram.
Par intra-pilar P15: JEV-P15-001 vs JEV-P15-011,JEV-P15-001,JEV-P15-011,P15,0.3101,APROBADO (<0.50),Shingles compartidos: 263 de 848 totales en ventana 5-gram.
Par intra-pilar P15: JEV-P15-001 vs JEV-P15-012,JEV-P15-001,JEV-P15-012,P15,0.3088,APROBADO (<0.50),Shingles compartidos: 264 de 855 totales en ventana 5-gram.
Par intra-pilar P15: JEV-P15-001 vs JEV-P15-013,JEV-P15-001,JEV-P15-013,P15,0.3064,APROBADO (<0.50),Shingles compartidos: 265 de 865 totales en ventana 5-gram.
Par intra-pilar P15: JEV-P15-001 vs JEV-P15-014,JEV-P15-001,JEV-P15-014,P15,0.3026,APROBADO (<0.50),Shingles compartidos: 263 de 869 totales en ventana 5-gram.
Par intra-pilar P15: JEV-P15-001 vs JEV-P15-015,JEV-P15-001,JEV-P15-015,P15,0.3009,APROBADO (<0.50),Shingles compartidos: 263 de 874 totales en ventana 5-gram.
Par intra-pilar P15: JEV-P15-001 vs JEV-P15-016,JEV-P15-001,JEV-P15-016,P15,0.3036,APROBADO (<0.50),Shingles compartidos: 265 de 873 totales en ventana 5-gram.
Par intra-pilar P15: JEV-P15-001 vs JEV-P15-017,JEV-P15-001,JEV-P15-017,P15,0.2986,APROBADO (<0.50),Shingles compartidos: 264 de 884 totales en ventana 5-gram.
Par intra-pilar P15: JEV-P15-001 vs JEV-P15-018,JEV-P15-001,JEV-P15-018,P15,0.3079,APROBADO (<0.50),Shingles compartidos: 266 de 864 totales en ventana 5-gram.
Par intra-pilar P15: JEV-P15-001 vs JEV-P15-019,JEV-P15-001,JEV-P15-019,P15,0.3056,APROBADO (<0.50),Shingles compartidos: 268 de 877 totales en ventana 5-gram.
Par intra-pilar P15: JEV-P15-001 vs JEV-P15-020,JEV-P15-001,JEV-P15-020,P15,0.3052,APROBADO (<0.50),Shingles compartidos: 268 de 878 totales en ventana 5-gram.
Par intra-pilar P15: JEV-P15-002 vs JEV-P15-003,JEV-P15-002,JEV-P15-003,P15,0.2995,APROBADO (<0.50),Shingles compartidos: 266 de 888 totales en ventana 5-gram.
Par intra-pilar P15: JEV-P15-002 vs JEV-P15-004,JEV-P15-002,JEV-P15-004,P15,0.2955,APROBADO (<0.50),Shingles compartidos: 263 de 890 totales en ventana 5-gram.
Par intra-pilar P15: JEV-P15-002 vs JEV-P15-005,JEV-P15-002,JEV-P15-005,P15,0.2993,APROBADO (<0.50),Shingles compartidos: 264 de 882 totales en ventana 5-gram.
Par intra-pilar P15: JEV-P15-002 vs JEV-P15-006,JEV-P15-002,JEV-P15-006,P15,0.2998,APROBADO (<0.50),Shingles compartidos: 265 de 884 totales en ventana 5-gram.
Par intra-pilar P15: JEV-P15-002 vs JEV-P15-007,JEV-P15-002,JEV-P15-007,P15,0.3034,APROBADO (<0.50),Shingles compartidos: 264 de 870 totales en ventana 5-gram.
Par intra-pilar P15: JEV-P15-002 vs JEV-P15-008,JEV-P15-002,JEV-P15-008,P15,0.3017,APROBADO (<0.50),Shingles compartidos: 264 de 875 totales en ventana 5-gram.
Par intra-pilar P15: JEV-P15-002 vs JEV-P15-009,JEV-P15-002,JEV-P15-009,P15,0.3036,APROBADO (<0.50),Shingles compartidos: 265 de 873 totales en ventana 5-gram.
Par intra-pilar P15: JEV-P15-002 vs JEV-P15-010,JEV-P15-002,JEV-P15-010,P15,0.3068,APROBADO (<0.50),Shingles compartidos: 270 de 880 totales en ventana 5-gram.
Par intra-pilar P15: JEV-P15-002 vs JEV-P15-011,JEV-P15-002,JEV-P15-011,P15,0.3098,APROBADO (<0.50),Shingles compartidos: 263 de 849 totales en ventana 5-gram.
Par intra-pilar P15: JEV-P15-002 vs JEV-P15-012,JEV-P15-002,JEV-P15-012,P15,0.3084,APROBADO (<0.50),Shingles compartidos: 264 de 856 totales en ventana 5-gram.
Par intra-pilar P15: JEV-P15-002 vs JEV-P15-013,JEV-P15-002,JEV-P15-013,P15,0.3121,APROBADO (<0.50),Shingles compartidos: 269 de 862 totales en ventana 5-gram.
Par intra-pilar P15: JEV-P15-002 vs JEV-P15-014,JEV-P15-002,JEV-P15-014,P15,0.3053,APROBADO (<0.50),Shingles compartidos: 265 de 868 totales en ventana 5-gram.
Par intra-pilar P15: JEV-P15-002 vs JEV-P15-015,JEV-P15-002,JEV-P15-015,P15,0.3006,APROBADO (<0.50),Shingles compartidos: 263 de 875 totales en ventana 5-gram.
Par intra-pilar P15: JEV-P15-002 vs JEV-P15-016,JEV-P15-002,JEV-P15-016,P15,0.3062,APROBADO (<0.50),Shingles compartidos: 267 de 872 totales en ventana 5-gram.
Par intra-pilar P15: JEV-P15-002 vs JEV-P15-017,JEV-P15-002,JEV-P15-017,P15,0.2998,APROBADO (<0.50),Shingles compartidos: 265 de 884 totales en ventana 5-gram.
Par intra-pilar P15: JEV-P15-002 vs JEV-P15-018,JEV-P15-002,JEV-P15-018,P15,0.3075,APROBADO (<0.50),Shingles compartidos: 266 de 865 totales en ventana 5-gram.
Par intra-pilar P15: JEV-P15-002 vs JEV-P15-019,JEV-P15-002,JEV-P15-019,P15,0.3008,APROBADO (<0.50),Shingles compartidos: 265 de 881 totales en ventana 5-gram.
Par intra-pilar P15: JEV-P15-002 vs JEV-P15-020,JEV-P15-002,JEV-P15-020,P15,0.3005,APROBADO (<0.50),Shingles compartidos: 265 de 882 totales en ventana 5-gram.
Par intra-pilar P15: JEV-P15-003 vs JEV-P15-004,JEV-P15-003,JEV-P15-004,P15,0.2943,APROBADO (<0.50),Shingles compartidos: 264 de 897 totales en ventana 5-gram.
Par intra-pilar P15: JEV-P15-003 vs JEV-P15-005,JEV-P15-003,JEV-P15-005,P15,0.2952,APROBADO (<0.50),Shingles compartidos: 263 de 891 totales en ventana 5-gram.
Par intra-pilar P15: JEV-P15-003 vs JEV-P15-006,JEV-P15-003,JEV-P15-006,P15,0.2942,APROBADO (<0.50),Shingles compartidos: 263 de 894 totales en ventana 5-gram.
Par intra-pilar P15: JEV-P15-003 vs JEV-P15-007,JEV-P15-003,JEV-P15-007,P15,0.2992,APROBADO (<0.50),Shingles compartidos: 263 de 879 totales en ventana 5-gram.
Par intra-pilar P15: JEV-P15-003 vs JEV-P15-008,JEV-P15-003,JEV-P15-008,P15,0.3034,APROBADO (<0.50),Shingles compartidos: 267 de 880 totales en ventana 5-gram.
Par intra-pilar P15: JEV-P15-003 vs JEV-P15-009,JEV-P15-003,JEV-P15-009,P15,0.3023,APROBADO (<0.50),Shingles compartidos: 266 de 880 totales en ventana 5-gram.
Par intra-pilar P15: JEV-P15-003 vs JEV-P15-010,JEV-P15-003,JEV-P15-010,P15,0.2968,APROBADO (<0.50),Shingles compartidos: 265 de 893 totales en ventana 5-gram.
Par intra-pilar P15: JEV-P15-003 vs JEV-P15-011,JEV-P15-003,JEV-P15-011,P15,0.3084,APROBADO (<0.50),Shingles compartidos: 264 de 856 totales en ventana 5-gram.
Par intra-pilar P15: JEV-P15-003 vs JEV-P15-012,JEV-P15-003,JEV-P15-012,P15,0.3056,APROBADO (<0.50),Shingles compartidos: 264 de 864 totales en ventana 5-gram.
Par intra-pilar P15: JEV-P15-003 vs JEV-P15-013,JEV-P15-003,JEV-P15-013,P15,0.3062,APROBADO (<0.50),Shingles compartidos: 267 de 872 totales en ventana 5-gram.
Par intra-pilar P15: JEV-P15-003 vs JEV-P15-014,JEV-P15-003,JEV-P15-014,P15,0.3025,APROBADO (<0.50),Shingles compartidos: 265 de 876 totales en ventana 5-gram.
Par intra-pilar P15: JEV-P15-003 vs JEV-P15-015,JEV-P15-003,JEV-P15-015,P15,0.2993,APROBADO (<0.50),Shingles compartidos: 264 de 882 totales en ventana 5-gram.
Par intra-pilar P15: JEV-P15-003 vs JEV-P15-016,JEV-P15-003,JEV-P15-016,P15,0.3034,APROBADO (<0.50),Shingles compartidos: 267 de 880 totales en ventana 5-gram.
Par intra-pilar P15: JEV-P15-003 vs JEV-P15-017,JEV-P15-003,JEV-P15-017,P15,0.2985,APROBADO (<0.50),Shingles compartidos: 266 de 891 totales en ventana 5-gram.
Par intra-pilar P15: JEV-P15-003 vs JEV-P15-018,JEV-P15-003,JEV-P15-018,P15,0.3047,APROBADO (<0.50),Shingles compartidos: 266 de 873 totales en ventana 5-gram.
Par intra-pilar P15: JEV-P15-003 vs JEV-P15-019,JEV-P15-003,JEV-P15-019,P15,0.2966,APROBADO (<0.50),Shingles compartidos: 264 de 890 totales en ventana 5-gram.
Par intra-pilar P15: JEV-P15-003 vs JEV-P15-020,JEV-P15-003,JEV-P15-020,P15,0.3051,APROBADO (<0.50),Shingles compartidos: 270 de 885 totales en ventana 5-gram.
Par intra-pilar P15: JEV-P15-004 vs JEV-P15-005,JEV-P15-004,JEV-P15-005,P15,0.2970,APROBADO (<0.50),Shingles compartidos: 264 de 889 totales en ventana 5-gram.
Par intra-pilar P15: JEV-P15-004 vs JEV-P15-006,JEV-P15-004,JEV-P15-006,P15,0.2974,APROBADO (<0.50),Shingles compartidos: 265 de 891 totales en ventana 5-gram.
Par intra-pilar P15: JEV-P15-004 vs JEV-P15-007,JEV-P15-004,JEV-P15-007,P15,0.3010,APROBADO (<0.50),Shingles compartidos: 264 de 877 totales en ventana 5-gram.
Par intra-pilar P15: JEV-P15-004 vs JEV-P15-008,JEV-P15-004,JEV-P15-008,P15,0.3052,APROBADO (<0.50),Shingles compartidos: 268 de 878 totales en ventana 5-gram.
Par intra-pilar P15: JEV-P15-004 vs JEV-P15-009,JEV-P15-004,JEV-P15-009,P15,0.3026,APROBADO (<0.50),Shingles compartidos: 266 de 879 totales en ventana 5-gram.
Par intra-pilar P15: JEV-P15-004 vs JEV-P15-010,JEV-P15-004,JEV-P15-010,P15,0.2971,APROBADO (<0.50),Shingles compartidos: 265 de 892 totales en ventana 5-gram.
Par intra-pilar P15: JEV-P15-004 vs JEV-P15-011,JEV-P15-004,JEV-P15-011,P15,0.3134,APROBADO (<0.50),Shingles compartidos: 267 de 852 totales en ventana 5-gram.
Par intra-pilar P15: JEV-P15-004 vs JEV-P15-012,JEV-P15-004,JEV-P15-012,P15,0.3120,APROBADO (<0.50),Shingles compartidos: 268 de 859 totales en ventana 5-gram.
Par intra-pilar P15: JEV-P15-004 vs JEV-P15-013,JEV-P15-004,JEV-P15-013,P15,0.3021,APROBADO (<0.50),Shingles compartidos: 264 de 874 totales en ventana 5-gram.
Par intra-pilar P15: JEV-P15-004 vs JEV-P15-014,JEV-P15-004,JEV-P15-014,P15,0.3043,APROBADO (<0.50),Shingles compartidos: 266 de 874 totales en ventana 5-gram.
Par intra-pilar P15: JEV-P15-004 vs JEV-P15-015,JEV-P15-004,JEV-P15-015,P15,0.3056,APROBADO (<0.50),Shingles compartidos: 268 de 877 totales en ventana 5-gram.
Par intra-pilar P15: JEV-P15-004 vs JEV-P15-016,JEV-P15-004,JEV-P15-016,P15,0.2993,APROBADO (<0.50),Shingles compartidos: 264 de 882 totales en ventana 5-gram.
Par intra-pilar P15: JEV-P15-004 vs JEV-P15-017,JEV-P15-004,JEV-P15-017,P15,0.3003,APROBADO (<0.50),Shingles compartidos: 267 de 889 totales en ventana 5-gram.
Par intra-pilar P15: JEV-P15-004 vs JEV-P15-018,JEV-P15-004,JEV-P15-018,P15,0.3036,APROBADO (<0.50),Shingles compartidos: 265 de 873 totales en ventana 5-gram.
Par intra-pilar P15: JEV-P15-004 vs JEV-P15-019,JEV-P15-004,JEV-P15-019,P15,0.2955,APROBADO (<0.50),Shingles compartidos: 263 de 890 totales en ventana 5-gram.
Par intra-pilar P15: JEV-P15-004 vs JEV-P15-020,JEV-P15-004,JEV-P15-020,P15,0.2981,APROBADO (<0.50),Shingles compartidos: 265 de 889 totales en ventana 5-gram.
Par intra-pilar P15: JEV-P15-005 vs JEV-P15-006,JEV-P15-005,JEV-P15-006,P15,0.3042,APROBADO (<0.50),Shingles compartidos: 268 de 881 totales en ventana 5-gram.
Par intra-pilar P15: JEV-P15-005 vs JEV-P15-007,JEV-P15-005,JEV-P15-007,P15,0.3125,APROBADO (<0.50),Shingles compartidos: 270 de 864 totales en ventana 5-gram.
Par intra-pilar P15: JEV-P15-005 vs JEV-P15-008,JEV-P15-005,JEV-P15-008,P15,0.3032,APROBADO (<0.50),Shingles compartidos: 265 de 874 totales en ventana 5-gram.
Par intra-pilar P15: JEV-P15-005 vs JEV-P15-009,JEV-P15-005,JEV-P15-009,P15,0.3050,APROBADO (<0.50),Shingles compartidos: 266 de 872 totales en ventana 5-gram.
Par intra-pilar P15: JEV-P15-005 vs JEV-P15-010,JEV-P15-005,JEV-P15-010,P15,0.2980,APROBADO (<0.50),Shingles compartidos: 264 de 886 totales en ventana 5-gram.
Par intra-pilar P15: JEV-P15-005 vs JEV-P15-011,JEV-P15-005,JEV-P15-011,P15,0.3113,APROBADO (<0.50),Shingles compartidos: 264 de 848 totales en ventana 5-gram.
Par intra-pilar P15: JEV-P15-005 vs JEV-P15-012,JEV-P15-005,JEV-P15-012,P15,0.3115,APROBADO (<0.50),Shingles compartidos: 266 de 854 totales en ventana 5-gram.
Par intra-pilar P15: JEV-P15-005 vs JEV-P15-013,JEV-P15-005,JEV-P15-013,P15,0.3060,APROBADO (<0.50),Shingles compartidos: 265 de 866 totales en ventana 5-gram.
Par intra-pilar P15: JEV-P15-005 vs JEV-P15-014,JEV-P15-005,JEV-P15-014,P15,0.3068,APROBADO (<0.50),Shingles compartidos: 266 de 867 totales en ventana 5-gram.
Par intra-pilar P15: JEV-P15-005 vs JEV-P15-015,JEV-P15-005,JEV-P15-015,P15,0.3050,APROBADO (<0.50),Shingles compartidos: 266 de 872 totales en ventana 5-gram.
Par intra-pilar P15: JEV-P15-005 vs JEV-P15-016,JEV-P15-005,JEV-P15-016,P15,0.3032,APROBADO (<0.50),Shingles compartidos: 265 de 874 totales en ventana 5-gram.
Par intra-pilar P15: JEV-P15-005 vs JEV-P15-017,JEV-P15-005,JEV-P15-017,P15,0.2998,APROBADO (<0.50),Shingles compartidos: 265 de 884 totales en ventana 5-gram.
Par intra-pilar P15: JEV-P15-005 vs JEV-P15-018,JEV-P15-005,JEV-P15-018,P15,0.3030,APROBADO (<0.50),Shingles compartidos: 263 de 868 totales en ventana 5-gram.
Par intra-pilar P15: JEV-P15-005 vs JEV-P15-019,JEV-P15-005,JEV-P15-019,P15,0.3052,APROBADO (<0.50),Shingles compartidos: 268 de 878 totales en ventana 5-gram.
Par intra-pilar P15: JEV-P15-005 vs JEV-P15-020,JEV-P15-005,JEV-P15-020,P15,0.2960,APROBADO (<0.50),Shingles compartidos: 262 de 885 totales en ventana 5-gram.
Par intra-pilar P15: JEV-P15-006 vs JEV-P15-007,JEV-P15-006,JEV-P15-007,P15,0.3114,APROBADO (<0.50),Shingles compartidos: 270 de 867 totales en ventana 5-gram.
Par intra-pilar P15: JEV-P15-006 vs JEV-P15-008,JEV-P15-006,JEV-P15-008,P15,0.3007,APROBADO (<0.50),Shingles compartidos: 264 de 878 totales en ventana 5-gram.
Par intra-pilar P15: JEV-P15-006 vs JEV-P15-009,JEV-P15-006,JEV-P15-009,P15,0.3040,APROBADO (<0.50),Shingles compartidos: 266 de 875 totales en ventana 5-gram.
Par intra-pilar P15: JEV-P15-006 vs JEV-P15-010,JEV-P15-006,JEV-P15-010,P15,0.2984,APROBADO (<0.50),Shingles compartidos: 265 de 888 totales en ventana 5-gram.
Par intra-pilar P15: JEV-P15-006 vs JEV-P15-011,JEV-P15-006,JEV-P15-011,P15,0.3118,APROBADO (<0.50),Shingles compartidos: 265 de 850 totales en ventana 5-gram.
Par intra-pilar P15: JEV-P15-006 vs JEV-P15-012,JEV-P15-006,JEV-P15-012,P15,0.3135,APROBADO (<0.50),Shingles compartidos: 268 de 855 totales en ventana 5-gram.
Par intra-pilar P15: JEV-P15-006 vs JEV-P15-013,JEV-P15-006,JEV-P15-013,P15,0.3020,APROBADO (<0.50),Shingles compartidos: 263 de 871 totales en ventana 5-gram.
Par intra-pilar P15: JEV-P15-006 vs JEV-P15-014,JEV-P15-006,JEV-P15-014,P15,0.3042,APROBADO (<0.50),Shingles compartidos: 265 de 871 totales en ventana 5-gram.
Par intra-pilar P15: JEV-P15-006 vs JEV-P15-015,JEV-P15-006,JEV-P15-015,P15,0.3025,APROBADO (<0.50),Shingles compartidos: 265 de 876 totales en ventana 5-gram.
Par intra-pilar P15: JEV-P15-006 vs JEV-P15-016,JEV-P15-006,JEV-P15-016,P15,0.2992,APROBADO (<0.50),Shingles compartidos: 263 de 879 totales en ventana 5-gram.
Par intra-pilar P15: JEV-P15-006 vs JEV-P15-017,JEV-P15-006,JEV-P15-017,P15,0.3032,APROBADO (<0.50),Shingles compartidos: 268 de 884 totales en ventana 5-gram.
Par intra-pilar P15: JEV-P15-006 vs JEV-P15-018,JEV-P15-006,JEV-P15-018,P15,0.3034,APROBADO (<0.50),Shingles compartidos: 264 de 870 totales en ventana 5-gram.
Par intra-pilar P15: JEV-P15-006 vs JEV-P15-019,JEV-P15-006,JEV-P15-019,P15,0.3027,APROBADO (<0.50),Shingles compartidos: 267 de 882 totales en ventana 5-gram.
Par intra-pilar P15: JEV-P15-006 vs JEV-P15-020,JEV-P15-006,JEV-P15-020,P15,0.2965,APROBADO (<0.50),Shingles compartidos: 263 de 887 totales en ventana 5-gram.
Par intra-pilar P15: JEV-P15-007 vs JEV-P15-008,JEV-P15-007,JEV-P15-008,P15,0.3089,APROBADO (<0.50),Shingles compartidos: 266 de 861 totales en ventana 5-gram.
Par intra-pilar P15: JEV-P15-007 vs JEV-P15-009,JEV-P15-007,JEV-P15-009,P15,0.3093,APROBADO (<0.50),Shingles compartidos: 266 de 860 totales en ventana 5-gram.
Par intra-pilar P15: JEV-P15-007 vs JEV-P15-010,JEV-P15-007,JEV-P15-010,P15,0.3006,APROBADO (<0.50),Shingles compartidos: 263 de 875 totales en ventana 5-gram.
Par intra-pilar P15: JEV-P15-007 vs JEV-P15-011,JEV-P15-007,JEV-P15-011,P15,0.3205,APROBADO (<0.50),Shingles compartidos: 267 de 833 totales en ventana 5-gram.
Par intra-pilar P15: JEV-P15-007 vs JEV-P15-012,JEV-P15-007,JEV-P15-012,P15,0.3144,APROBADO (<0.50),Shingles compartidos: 265 de 843 totales en ventana 5-gram.
Par intra-pilar P15: JEV-P15-007 vs JEV-P15-013,JEV-P15-007,JEV-P15-013,P15,0.3088,APROBADO (<0.50),Shingles compartidos: 264 de 855 totales en ventana 5-gram.
Par intra-pilar P15: JEV-P15-007 vs JEV-P15-014,JEV-P15-007,JEV-P15-014,P15,0.3157,APROBADO (<0.50),Shingles compartidos: 269 de 852 totales en ventana 5-gram.
Par intra-pilar P15: JEV-P15-007 vs JEV-P15-015,JEV-P15-007,JEV-P15-015,P15,0.3063,APROBADO (<0.50),Shingles compartidos: 264 de 862 totales en ventana 5-gram.
Par intra-pilar P15: JEV-P15-007 vs JEV-P15-016,JEV-P15-007,JEV-P15-016,P15,0.3059,APROBADO (<0.50),Shingles compartidos: 264 de 863 totales en ventana 5-gram.
Par intra-pilar P15: JEV-P15-007 vs JEV-P15-017,JEV-P15-007,JEV-P15-017,P15,0.3039,APROBADO (<0.50),Shingles compartidos: 265 de 872 totales en ventana 5-gram.
Par intra-pilar P15: JEV-P15-007 vs JEV-P15-018,JEV-P15-007,JEV-P15-018,P15,0.3072,APROBADO (<0.50),Shingles compartidos: 263 de 856 totales en ventana 5-gram.
Par intra-pilar P15: JEV-P15-007 vs JEV-P15-019,JEV-P15-007,JEV-P15-019,P15,0.3080,APROBADO (<0.50),Shingles compartidos: 267 de 867 totales en ventana 5-gram.
Par intra-pilar P15: JEV-P15-007 vs JEV-P15-020,JEV-P15-007,JEV-P15-020,P15,0.3001,APROBADO (<0.50),Shingles compartidos: 262 de 873 totales en ventana 5-gram.
Par intra-pilar P15: JEV-P15-008 vs JEV-P15-009,JEV-P15-008,JEV-P15-009,P15,0.3090,APROBADO (<0.50),Shingles compartidos: 267 de 864 totales en ventana 5-gram.
Par intra-pilar P15: JEV-P15-008 vs JEV-P15-010,JEV-P15-008,JEV-P15-010,P15,0.2989,APROBADO (<0.50),Shingles compartidos: 263 de 880 totales en ventana 5-gram.
Par intra-pilar P15: JEV-P15-008 vs JEV-P15-011,JEV-P15-008,JEV-P15-011,P15,0.3313,APROBADO (<0.50),Shingles compartidos: 275 de 830 totales en ventana 5-gram.
Par intra-pilar P15: JEV-P15-008 vs JEV-P15-012,JEV-P15-008,JEV-P15-012,P15,0.3140,APROBADO (<0.50),Shingles compartidos: 266 de 847 totales en ventana 5-gram.
Par intra-pilar P15: JEV-P15-008 vs JEV-P15-013,JEV-P15-008,JEV-P15-013,P15,0.3100,APROBADO (<0.50),Shingles compartidos: 266 de 858 totales en ventana 5-gram.
Par intra-pilar P15: JEV-P15-008 vs JEV-P15-014,JEV-P15-008,JEV-P15-014,P15,0.3124,APROBADO (<0.50),Shingles compartidos: 268 de 858 totales en ventana 5-gram.
Par intra-pilar P15: JEV-P15-008 vs JEV-P15-015,JEV-P15-008,JEV-P15-015,P15,0.3090,APROBADO (<0.50),Shingles compartidos: 267 de 864 totales en ventana 5-gram.
Par intra-pilar P15: JEV-P15-008 vs JEV-P15-016,JEV-P15-008,JEV-P15-016,P15,0.3057,APROBADO (<0.50),Shingles compartidos: 265 de 867 totales en ventana 5-gram.
Par intra-pilar P15: JEV-P15-008 vs JEV-P15-017,JEV-P15-008,JEV-P15-017,P15,0.3066,APROBADO (<0.50),Shingles compartidos: 268 de 874 totales en ventana 5-gram.
Par intra-pilar P15: JEV-P15-008 vs JEV-P15-018,JEV-P15-008,JEV-P15-018,P15,0.3070,APROBADO (<0.50),Shingles compartidos: 264 de 860 totales en ventana 5-gram.
Par intra-pilar P15: JEV-P15-008 vs JEV-P15-019,JEV-P15-008,JEV-P15-019,P15,0.2987,APROBADO (<0.50),Shingles compartidos: 262 de 877 totales en ventana 5-gram.
Par intra-pilar P15: JEV-P15-008 vs JEV-P15-020,JEV-P15-008,JEV-P15-020,P15,0.3014,APROBADO (<0.50),Shingles compartidos: 264 de 876 totales en ventana 5-gram.
Par intra-pilar P15: JEV-P15-009 vs JEV-P15-010,JEV-P15-009,JEV-P15-010,P15,0.3007,APROBADO (<0.50),Shingles compartidos: 264 de 878 totales en ventana 5-gram.
Par intra-pilar P15: JEV-P15-009 vs JEV-P15-011,JEV-P15-009,JEV-P15-011,P15,0.3190,APROBADO (<0.50),Shingles compartidos: 267 de 837 totales en ventana 5-gram.
Par intra-pilar P15: JEV-P15-009 vs JEV-P15-012,JEV-P15-009,JEV-P15-012,P15,0.3160,APROBADO (<0.50),Shingles compartidos: 267 de 845 totales en ventana 5-gram.
Par intra-pilar P15: JEV-P15-009 vs JEV-P15-013,JEV-P15-009,JEV-P15-013,P15,0.3119,APROBADO (<0.50),Shingles compartidos: 267 de 856 totales en ventana 5-gram.
Par intra-pilar P15: JEV-P15-009 vs JEV-P15-014,JEV-P15-009,JEV-P15-014,P15,0.3127,APROBADO (<0.50),Shingles compartidos: 268 de 857 totales en ventana 5-gram.
Par intra-pilar P15: JEV-P15-009 vs JEV-P15-015,JEV-P15-009,JEV-P15-015,P15,0.3094,APROBADO (<0.50),Shingles compartidos: 267 de 863 totales en ventana 5-gram.
Par intra-pilar P15: JEV-P15-009 vs JEV-P15-016,JEV-P15-009,JEV-P15-016,P15,0.3075,APROBADO (<0.50),Shingles compartidos: 266 de 865 totales en ventana 5-gram.
Par intra-pilar P15: JEV-P15-009 vs JEV-P15-017,JEV-P15-009,JEV-P15-017,P15,0.3055,APROBADO (<0.50),Shingles compartidos: 267 de 874 totales en ventana 5-gram.
Par intra-pilar P15: JEV-P15-009 vs JEV-P15-018,JEV-P15-009,JEV-P15-018,P15,0.3089,APROBADO (<0.50),Shingles compartidos: 265 de 858 totales en ventana 5-gram.
Par intra-pilar P15: JEV-P15-009 vs JEV-P15-019,JEV-P15-009,JEV-P15-019,P15,0.3006,APROBADO (<0.50),Shingles compartidos: 263 de 875 totales en ventana 5-gram.
Par intra-pilar P15: JEV-P15-009 vs JEV-P15-020,JEV-P15-009,JEV-P15-020,P15,0.3017,APROBADO (<0.50),Shingles compartidos: 264 de 875 totales en ventana 5-gram.
Par intra-pilar P15: JEV-P15-010 vs JEV-P15-011,JEV-P15-010,JEV-P15-011,P15,0.3099,APROBADO (<0.50),Shingles compartidos: 264 de 852 totales en ventana 5-gram.
Par intra-pilar P15: JEV-P15-010 vs JEV-P15-012,JEV-P15-010,JEV-P15-012,P15,0.3116,APROBADO (<0.50),Shingles compartidos: 267 de 857 totales en ventana 5-gram.
Par intra-pilar P15: JEV-P15-010 vs JEV-P15-013,JEV-P15-010,JEV-P15-013,P15,0.3091,APROBADO (<0.50),Shingles compartidos: 268 de 867 totales en ventana 5-gram.
Par intra-pilar P15: JEV-P15-010 vs JEV-P15-014,JEV-P15-010,JEV-P15-014,P15,0.3024,APROBADO (<0.50),Shingles compartidos: 264 de 873 totales en ventana 5-gram.
Par intra-pilar P15: JEV-P15-010 vs JEV-P15-015,JEV-P15-010,JEV-P15-015,P15,0.3066,APROBADO (<0.50),Shingles compartidos: 268 de 874 totales en ventana 5-gram.
Par intra-pilar P15: JEV-P15-010 vs JEV-P15-016,JEV-P15-010,JEV-P15-016,P15,0.3033,APROBADO (<0.50),Shingles compartidos: 266 de 877 totales en ventana 5-gram.
Par intra-pilar P15: JEV-P15-010 vs JEV-P15-017,JEV-P15-010,JEV-P15-017,P15,0.2984,APROBADO (<0.50),Shingles compartidos: 265 de 888 totales en ventana 5-gram.
Par intra-pilar P15: JEV-P15-010 vs JEV-P15-018,JEV-P15-010,JEV-P15-018,P15,0.3076,APROBADO (<0.50),Shingles compartidos: 267 de 868 totales en ventana 5-gram.
Par intra-pilar P15: JEV-P15-010 vs JEV-P15-019,JEV-P15-010,JEV-P15-019,P15,0.3039,APROBADO (<0.50),Shingles compartidos: 268 de 882 totales en ventana 5-gram.
Par intra-pilar P15: JEV-P15-010 vs JEV-P15-020,JEV-P15-010,JEV-P15-020,P15,0.3006,APROBADO (<0.50),Shingles compartidos: 266 de 885 totales en ventana 5-gram.
Par intra-pilar P15: JEV-P15-011 vs JEV-P15-012,JEV-P15-011,JEV-P15-012,P15,0.3260,APROBADO (<0.50),Shingles compartidos: 267 de 819 totales en ventana 5-gram.
Par intra-pilar P15: JEV-P15-011 vs JEV-P15-013,JEV-P15-011,JEV-P15-013,P15,0.3169,APROBADO (<0.50),Shingles compartidos: 264 de 833 totales en ventana 5-gram.
Par intra-pilar P15: JEV-P15-011 vs JEV-P15-014,JEV-P15-011,JEV-P15-014,P15,0.3241,APROBADO (<0.50),Shingles compartidos: 269 de 830 totales en ventana 5-gram.
Par intra-pilar P15: JEV-P15-011 vs JEV-P15-015,JEV-P15-011,JEV-P15-015,P15,0.3190,APROBADO (<0.50),Shingles compartidos: 267 de 837 totales en ventana 5-gram.
Par intra-pilar P15: JEV-P15-011 vs JEV-P15-016,JEV-P15-011,JEV-P15-016,P15,0.3139,APROBADO (<0.50),Shingles compartidos: 264 de 841 totales en ventana 5-gram.
Par intra-pilar P15: JEV-P15-011 vs JEV-P15-017,JEV-P15-011,JEV-P15-017,P15,0.3133,APROBADO (<0.50),Shingles compartidos: 266 de 849 totales en ventana 5-gram.
Par intra-pilar P15: JEV-P15-011 vs JEV-P15-018,JEV-P15-011,JEV-P15-018,P15,0.3185,APROBADO (<0.50),Shingles compartidos: 265 de 832 totales en ventana 5-gram.
Par intra-pilar P15: JEV-P15-011 vs JEV-P15-019,JEV-P15-011,JEV-P15-019,P15,0.3098,APROBADO (<0.50),Shingles compartidos: 263 de 849 totales en ventana 5-gram.
Par intra-pilar P15: JEV-P15-011 vs JEV-P15-020,JEV-P15-011,JEV-P15-020,P15,0.3125,APROBADO (<0.50),Shingles compartidos: 265 de 848 totales en ventana 5-gram.
Par intra-pilar P15: JEV-P15-012 vs JEV-P15-013,JEV-P15-012,JEV-P15-013,P15,0.3186,APROBADO (<0.50),Shingles compartidos: 267 de 838 totales en ventana 5-gram.
Par intra-pilar P15: JEV-P15-012 vs JEV-P15-014,JEV-P15-012,JEV-P15-014,P15,0.3179,APROBADO (<0.50),Shingles compartidos: 267 de 840 totales en ventana 5-gram.
Par intra-pilar P15: JEV-P15-012 vs JEV-P15-015,JEV-P15-012,JEV-P15-015,P15,0.3191,APROBADO (<0.50),Shingles compartidos: 269 de 843 totales en ventana 5-gram.
Par intra-pilar P15: JEV-P15-012 vs JEV-P15-016,JEV-P15-012,JEV-P15-016,P15,0.3125,APROBADO (<0.50),Shingles compartidos: 265 de 848 totales en ventana 5-gram.
Par intra-pilar P15: JEV-P15-012 vs JEV-P15-017,JEV-P15-012,JEV-P15-017,P15,0.3119,APROBADO (<0.50),Shingles compartidos: 267 de 856 totales en ventana 5-gram.
Par intra-pilar P15: JEV-P15-012 vs JEV-P15-018,JEV-P15-012,JEV-P15-018,P15,0.3170,APROBADO (<0.50),Shingles compartidos: 266 de 839 totales en ventana 5-gram.
Par intra-pilar P15: JEV-P15-012 vs JEV-P15-019,JEV-P15-012,JEV-P15-019,P15,0.3161,APROBADO (<0.50),Shingles compartidos: 269 de 851 totales en ventana 5-gram.
Par intra-pilar P15: JEV-P15-012 vs JEV-P15-020,JEV-P15-012,JEV-P15-020,P15,0.3096,APROBADO (<0.50),Shingles compartidos: 265 de 856 totales en ventana 5-gram.
Par intra-pilar P15: JEV-P15-013 vs JEV-P15-014,JEV-P15-013,JEV-P15-014,P15,0.3122,APROBADO (<0.50),Shingles compartidos: 266 de 852 totales en ventana 5-gram.
Par intra-pilar P15: JEV-P15-013 vs JEV-P15-015,JEV-P15-013,JEV-P15-015,P15,0.3119,APROBADO (<0.50),Shingles compartidos: 267 de 856 totales en ventana 5-gram.
Par intra-pilar P15: JEV-P15-013 vs JEV-P15-016,JEV-P15-013,JEV-P15-016,P15,0.3131,APROBADO (<0.50),Shingles compartidos: 268 de 856 totales en ventana 5-gram.
Par intra-pilar P15: JEV-P15-013 vs JEV-P15-017,JEV-P15-013,JEV-P15-017,P15,0.3049,APROBADO (<0.50),Shingles compartidos: 265 de 869 totales en ventana 5-gram.
Par intra-pilar P15: JEV-P15-013 vs JEV-P15-018,JEV-P15-013,JEV-P15-018,P15,0.3176,APROBADO (<0.50),Shingles compartidos: 269 de 847 totales en ventana 5-gram.
Par intra-pilar P15: JEV-P15-013 vs JEV-P15-019,JEV-P15-013,JEV-P15-019,P15,0.3090,APROBADO (<0.50),Shingles compartidos: 267 de 864 totales en ventana 5-gram.
Par intra-pilar P15: JEV-P15-013 vs JEV-P15-020,JEV-P15-013,JEV-P15-020,P15,0.3072,APROBADO (<0.50),Shingles compartidos: 266 de 866 totales en ventana 5-gram.
Par intra-pilar P15: JEV-P15-014 vs JEV-P15-015,JEV-P15-014,JEV-P15-015,P15,0.3097,APROBADO (<0.50),Shingles compartidos: 266 de 859 totales en ventana 5-gram.
Par intra-pilar P15: JEV-P15-014 vs JEV-P15-016,JEV-P15-014,JEV-P15-016,P15,0.3108,APROBADO (<0.50),Shingles compartidos: 267 de 859 totales en ventana 5-gram.
Par intra-pilar P15: JEV-P15-014 vs JEV-P15-017,JEV-P15-014,JEV-P15-017,P15,0.3072,APROBADO (<0.50),Shingles compartidos: 267 de 869 totales en ventana 5-gram.
Par intra-pilar P15: JEV-P15-014 vs JEV-P15-018,JEV-P15-014,JEV-P15-018,P15,0.3107,APROBADO (<0.50),Shingles compartidos: 265 de 853 totales en ventana 5-gram.
Par intra-pilar P15: JEV-P15-014 vs JEV-P15-019,JEV-P15-014,JEV-P15-019,P15,0.3023,APROBADO (<0.50),Shingles compartidos: 263 de 870 totales en ventana 5-gram.
Par intra-pilar P15: JEV-P15-014 vs JEV-P15-020,JEV-P15-014,JEV-P15-020,P15,0.3034,APROBADO (<0.50),Shingles compartidos: 264 de 870 totales en ventana 5-gram.
Par intra-pilar P15: JEV-P15-015 vs JEV-P15-016,JEV-P15-015,JEV-P15-016,P15,0.3045,APROBADO (<0.50),Shingles compartidos: 264 de 867 totales en ventana 5-gram.
Par intra-pilar P15: JEV-P15-015 vs JEV-P15-017,JEV-P15-015,JEV-P15-017,P15,0.3040,APROBADO (<0.50),Shingles compartidos: 266 de 875 totales en ventana 5-gram.
Par intra-pilar P15: JEV-P15-015 vs JEV-P15-018,JEV-P15-015,JEV-P15-018,P15,0.3089,APROBADO (<0.50),Shingles compartidos: 265 de 858 totales en ventana 5-gram.
Par intra-pilar P15: JEV-P15-015 vs JEV-P15-019,JEV-P15-015,JEV-P15-019,P15,0.3036,APROBADO (<0.50),Shingles compartidos: 265 de 873 totales en ventana 5-gram.
Par intra-pilar P15: JEV-P15-015 vs JEV-P15-020,JEV-P15-015,JEV-P15-020,P15,0.3032,APROBADO (<0.50),Shingles compartidos: 265 de 874 totales en ventana 5-gram.
Par intra-pilar P15: JEV-P15-016 vs JEV-P15-017,JEV-P15-016,JEV-P15-017,P15,0.3022,APROBADO (<0.50),Shingles compartidos: 265 de 877 totales en ventana 5-gram.
Par intra-pilar P15: JEV-P15-016 vs JEV-P15-018,JEV-P15-016,JEV-P15-018,P15,0.3116,APROBADO (<0.50),Shingles compartidos: 267 de 857 totales en ventana 5-gram.
Par intra-pilar P15: JEV-P15-016 vs JEV-P15-019,JEV-P15-016,JEV-P15-019,P15,0.3032,APROBADO (<0.50),Shingles compartidos: 265 de 874 totales en ventana 5-gram.
Par intra-pilar P15: JEV-P15-016 vs JEV-P15-020,JEV-P15-016,JEV-P15-020,P15,0.3043,APROBADO (<0.50),Shingles compartidos: 266 de 874 totales en ventana 5-gram.
Par intra-pilar P15: JEV-P15-017 vs JEV-P15-018,JEV-P15-017,JEV-P15-018,P15,0.3049,APROBADO (<0.50),Shingles compartidos: 265 de 869 totales en ventana 5-gram.
Par intra-pilar P15: JEV-P15-017 vs JEV-P15-019,JEV-P15-017,JEV-P15-019,P15,0.2983,APROBADO (<0.50),Shingles compartidos: 264 de 885 totales en ventana 5-gram.
Par intra-pilar P15: JEV-P15-017 vs JEV-P15-020,JEV-P15-017,JEV-P15-020,P15,0.2980,APROBADO (<0.50),Shingles compartidos: 264 de 886 totales en ventana 5-gram.
Par intra-pilar P15: JEV-P15-018 vs JEV-P15-019,JEV-P15-018,JEV-P15-019,P15,0.3075,APROBADO (<0.50),Shingles compartidos: 266 de 865 totales en ventana 5-gram.
Par intra-pilar P15: JEV-P15-018 vs JEV-P15-020,JEV-P15-018,JEV-P15-020,P15,0.3087,APROBADO (<0.50),Shingles compartidos: 267 de 865 totales en ventana 5-gram.
Par intra-pilar P15: JEV-P15-019 vs JEV-P15-020,JEV-P15-019,JEV-P15-020,P15,0.3005,APROBADO (<0.50),Shingles compartidos: 265 de 882 totales en ventana 5-gram.
Par intra-pilar P16: JEV-P16-001 vs JEV-P16-002,JEV-P16-001,JEV-P16-002,P16,0.3181,APROBADO (<0.50),Shingles compartidos: 272 de 855 totales en ventana 5-gram.
Par intra-pilar P16: JEV-P16-001 vs JEV-P16-003,JEV-P16-001,JEV-P16-003,P16,0.3101,APROBADO (<0.50),Shingles compartidos: 271 de 874 totales en ventana 5-gram.
Par intra-pilar P16: JEV-P16-001 vs JEV-P16-004,JEV-P16-001,JEV-P16-004,P16,0.3097,APROBADO (<0.50),Shingles compartidos: 266 de 859 totales en ventana 5-gram.
Par intra-pilar P16: JEV-P16-001 vs JEV-P16-005,JEV-P16-001,JEV-P16-005,P16,0.3065,APROBADO (<0.50),Shingles compartidos: 270 de 881 totales en ventana 5-gram.
Par intra-pilar P16: JEV-P16-001 vs JEV-P16-006,JEV-P16-001,JEV-P16-006,P16,0.3104,APROBADO (<0.50),Shingles compartidos: 266 de 857 totales en ventana 5-gram.
Par intra-pilar P16: JEV-P16-001 vs JEV-P16-007,JEV-P16-001,JEV-P16-007,P16,0.3163,APROBADO (<0.50),Shingles compartidos: 266 de 841 totales en ventana 5-gram.
Par intra-pilar P16: JEV-P16-001 vs JEV-P16-008,JEV-P16-001,JEV-P16-008,P16,0.3137,APROBADO (<0.50),Shingles compartidos: 267 de 851 totales en ventana 5-gram.
Par intra-pilar P16: JEV-P16-001 vs JEV-P16-009,JEV-P16-001,JEV-P16-009,P16,0.3138,APROBADO (<0.50),Shingles compartidos: 268 de 854 totales en ventana 5-gram.
Par intra-pilar P16: JEV-P16-001 vs JEV-P16-010,JEV-P16-001,JEV-P16-010,P16,0.3139,APROBADO (<0.50),Shingles compartidos: 269 de 857 totales en ventana 5-gram.
Par intra-pilar P16: JEV-P16-001 vs JEV-P16-011,JEV-P16-001,JEV-P16-011,P16,0.3082,APROBADO (<0.50),Shingles compartidos: 266 de 863 totales en ventana 5-gram.
Par intra-pilar P16: JEV-P16-001 vs JEV-P16-012,JEV-P16-001,JEV-P16-012,P16,0.3151,APROBADO (<0.50),Shingles compartidos: 270 de 857 totales en ventana 5-gram.
Par intra-pilar P16: JEV-P16-001 vs JEV-P16-013,JEV-P16-001,JEV-P16-013,P16,0.3095,APROBADO (<0.50),Shingles compartidos: 268 de 866 totales en ventana 5-gram.
Par intra-pilar P16: JEV-P16-001 vs JEV-P16-014,JEV-P16-001,JEV-P16-014,P16,0.3042,APROBADO (<0.50),Shingles compartidos: 268 de 881 totales en ventana 5-gram.
Par intra-pilar P16: JEV-P16-001 vs JEV-P16-015,JEV-P16-001,JEV-P16-015,P16,0.3056,APROBADO (<0.50),Shingles compartidos: 268 de 877 totales en ventana 5-gram.
Par intra-pilar P16: JEV-P16-001 vs JEV-P16-016,JEV-P16-001,JEV-P16-016,P16,0.3039,APROBADO (<0.50),Shingles compartidos: 265 de 872 totales en ventana 5-gram.
Par intra-pilar P16: JEV-P16-001 vs JEV-P16-017,JEV-P16-001,JEV-P16-017,P16,0.3151,APROBADO (<0.50),Shingles compartidos: 270 de 857 totales en ventana 5-gram.
Par intra-pilar P16: JEV-P16-001 vs JEV-P16-018,JEV-P16-001,JEV-P16-018,P16,0.2985,APROBADO (<0.50),Shingles compartidos: 266 de 891 totales en ventana 5-gram.
Par intra-pilar P16: JEV-P16-001 vs JEV-P16-019,JEV-P16-001,JEV-P16-019,P16,0.3176,APROBADO (<0.50),Shingles compartidos: 276 de 869 totales en ventana 5-gram.
Par intra-pilar P16: JEV-P16-001 vs JEV-P16-020,JEV-P16-001,JEV-P16-020,P16,0.3132,APROBADO (<0.50),Shingles compartidos: 270 de 862 totales en ventana 5-gram.
Par intra-pilar P16: JEV-P16-002 vs JEV-P16-003,JEV-P16-002,JEV-P16-003,P16,0.3133,APROBADO (<0.50),Shingles compartidos: 271 de 865 totales en ventana 5-gram.
Par intra-pilar P16: JEV-P16-002 vs JEV-P16-004,JEV-P16-002,JEV-P16-004,P16,0.3145,APROBADO (<0.50),Shingles compartidos: 267 de 849 totales en ventana 5-gram.
Par intra-pilar P16: JEV-P16-002 vs JEV-P16-005,JEV-P16-002,JEV-P16-005,P16,0.3126,APROBADO (<0.50),Shingles compartidos: 272 de 870 totales en ventana 5-gram.
Par intra-pilar P16: JEV-P16-002 vs JEV-P16-006,JEV-P16-002,JEV-P16-006,P16,0.3262,APROBADO (<0.50),Shingles compartidos: 274 de 840 totales en ventana 5-gram.
Par intra-pilar P16: JEV-P16-002 vs JEV-P16-007,JEV-P16-002,JEV-P16-007,P16,0.3213,APROBADO (<0.50),Shingles compartidos: 267 de 831 totales en ventana 5-gram.
Par intra-pilar P16: JEV-P16-002 vs JEV-P16-008,JEV-P16-002,JEV-P16-008,P16,0.3187,APROBADO (<0.50),Shingles compartidos: 268 de 841 totales en ventana 5-gram.
Par intra-pilar P16: JEV-P16-002 vs JEV-P16-009,JEV-P16-002,JEV-P16-009,P16,0.3187,APROBADO (<0.50),Shingles compartidos: 269 de 844 totales en ventana 5-gram.
Par intra-pilar P16: JEV-P16-002 vs JEV-P16-010,JEV-P16-002,JEV-P16-010,P16,0.3172,APROBADO (<0.50),Shingles compartidos: 269 de 848 totales en ventana 5-gram.
Par intra-pilar P16: JEV-P16-002 vs JEV-P16-011,JEV-P16-002,JEV-P16-011,P16,0.3130,APROBADO (<0.50),Shingles compartidos: 267 de 853 totales en ventana 5-gram.
Par intra-pilar P16: JEV-P16-002 vs JEV-P16-012,JEV-P16-002,JEV-P16-012,P16,0.3153,APROBADO (<0.50),Shingles compartidos: 268 de 850 totales en ventana 5-gram.
Par intra-pilar P16: JEV-P16-002 vs JEV-P16-013,JEV-P16-002,JEV-P16-013,P16,0.3173,APROBADO (<0.50),Shingles compartidos: 271 de 854 totales en ventana 5-gram.
Par intra-pilar P16: JEV-P16-002 vs JEV-P16-014,JEV-P16-002,JEV-P16-014,P16,0.3179,APROBADO (<0.50),Shingles compartidos: 275 de 865 totales en ventana 5-gram.
Par intra-pilar P16: JEV-P16-002 vs JEV-P16-015,JEV-P16-002,JEV-P16-015,P16,0.3118,APROBADO (<0.50),Shingles compartidos: 270 de 866 totales en ventana 5-gram.
Par intra-pilar P16: JEV-P16-002 vs JEV-P16-016,JEV-P16-002,JEV-P16-016,P16,0.3086,APROBADO (<0.50),Shingles compartidos: 266 de 862 totales en ventana 5-gram.
Par intra-pilar P16: JEV-P16-002 vs JEV-P16-017,JEV-P16-002,JEV-P16-017,P16,0.3153,APROBADO (<0.50),Shingles compartidos: 268 de 850 totales en ventana 5-gram.
Par intra-pilar P16: JEV-P16-002 vs JEV-P16-018,JEV-P16-002,JEV-P16-018,P16,0.3016,APROBADO (<0.50),Shingles compartidos: 266 de 882 totales en ventana 5-gram.
Par intra-pilar P16: JEV-P16-002 vs JEV-P16-019,JEV-P16-002,JEV-P16-019,P16,0.3133,APROBADO (<0.50),Shingles compartidos: 271 de 865 totales en ventana 5-gram.
Par intra-pilar P16: JEV-P16-002 vs JEV-P16-020,JEV-P16-002,JEV-P16-020,P16,0.3165,APROBADO (<0.50),Shingles compartidos: 270 de 853 totales en ventana 5-gram.
Par intra-pilar P16: JEV-P16-003 vs JEV-P16-004,JEV-P16-003,JEV-P16-004,P16,0.3080,APROBADO (<0.50),Shingles compartidos: 267 de 867 totales en ventana 5-gram.
Par intra-pilar P16: JEV-P16-003 vs JEV-P16-005,JEV-P16-003,JEV-P16-005,P16,0.3048,APROBADO (<0.50),Shingles compartidos: 271 de 889 totales en ventana 5-gram.
Par intra-pilar P16: JEV-P16-003 vs JEV-P16-006,JEV-P16-003,JEV-P16-006,P16,0.3178,APROBADO (<0.50),Shingles compartidos: 273 de 859 totales en ventana 5-gram.
Par intra-pilar P16: JEV-P16-003 vs JEV-P16-007,JEV-P16-003,JEV-P16-007,P16,0.3145,APROBADO (<0.50),Shingles compartidos: 267 de 849 totales en ventana 5-gram.
Par intra-pilar P16: JEV-P16-003 vs JEV-P16-008,JEV-P16-003,JEV-P16-008,P16,0.3120,APROBADO (<0.50),Shingles compartidos: 268 de 859 totales en ventana 5-gram.
Par intra-pilar P16: JEV-P16-003 vs JEV-P16-009,JEV-P16-003,JEV-P16-009,P16,0.3121,APROBADO (<0.50),Shingles compartidos: 269 de 862 totales en ventana 5-gram.
Par intra-pilar P16: JEV-P16-003 vs JEV-P16-010,JEV-P16-003,JEV-P16-010,P16,0.3046,APROBADO (<0.50),Shingles compartidos: 265 de 870 totales en ventana 5-gram.
Par intra-pilar P16: JEV-P16-003 vs JEV-P16-011,JEV-P16-003,JEV-P16-011,P16,0.3050,APROBADO (<0.50),Shingles compartidos: 266 de 872 totales en ventana 5-gram.
Par intra-pilar P16: JEV-P16-003 vs JEV-P16-012,JEV-P16-003,JEV-P16-012,P16,0.3072,APROBADO (<0.50),Shingles compartidos: 267 de 869 totales en ventana 5-gram.
Par intra-pilar P16: JEV-P16-003 vs JEV-P16-013,JEV-P16-003,JEV-P16-013,P16,0.3018,APROBADO (<0.50),Shingles compartidos: 265 de 878 totales en ventana 5-gram.
Par intra-pilar P16: JEV-P16-003 vs JEV-P16-014,JEV-P16-003,JEV-P16-014,P16,0.3041,APROBADO (<0.50),Shingles compartidos: 270 de 888 totales en ventana 5-gram.
Par intra-pilar P16: JEV-P16-003 vs JEV-P16-015,JEV-P16-003,JEV-P16-015,P16,0.2981,APROBADO (<0.50),Shingles compartidos: 265 de 889 totales en ventana 5-gram.
Par intra-pilar P16: JEV-P16-003 vs JEV-P16-016,JEV-P16-003,JEV-P16-016,P16,0.3038,APROBADO (<0.50),Shingles compartidos: 267 de 879 totales en ventana 5-gram.
Par intra-pilar P16: JEV-P16-003 vs JEV-P16-017,JEV-P16-003,JEV-P16-017,P16,0.3103,APROBADO (<0.50),Shingles compartidos: 269 de 867 totales en ventana 5-gram.
Par intra-pilar P16: JEV-P16-003 vs JEV-P16-018,JEV-P16-003,JEV-P16-018,P16,0.2984,APROBADO (<0.50),Shingles compartidos: 268 de 898 totales en ventana 5-gram.
Par intra-pilar P16: JEV-P16-003 vs JEV-P16-019,JEV-P16-003,JEV-P16-019,P16,0.3069,APROBADO (<0.50),Shingles compartidos: 271 de 883 totales en ventana 5-gram.
Par intra-pilar P16: JEV-P16-003 vs JEV-P16-020,JEV-P16-003,JEV-P16-020,P16,0.3115,APROBADO (<0.50),Shingles compartidos: 271 de 870 totales en ventana 5-gram.
Par intra-pilar P16: JEV-P16-004 vs JEV-P16-005,JEV-P16-004,JEV-P16-005,P16,0.3073,APROBADO (<0.50),Shingles compartidos: 268 de 872 totales en ventana 5-gram.
Par intra-pilar P16: JEV-P16-004 vs JEV-P16-006,JEV-P16-004,JEV-P16-006,P16,0.3207,APROBADO (<0.50),Shingles compartidos: 270 de 842 totales en ventana 5-gram.
Par intra-pilar P16: JEV-P16-004 vs JEV-P16-007,JEV-P16-004,JEV-P16-007,P16,0.3285,APROBADO (<0.50),Shingles compartidos: 271 de 825 totales en ventana 5-gram.
Par intra-pilar P16: JEV-P16-004 vs JEV-P16-008,JEV-P16-004,JEV-P16-008,P16,0.3257,APROBADO (<0.50),Shingles compartidos: 272 de 835 totales en ventana 5-gram.
Par intra-pilar P16: JEV-P16-004 vs JEV-P16-009,JEV-P16-004,JEV-P16-009,P16,0.3226,APROBADO (<0.50),Shingles compartidos: 271 de 840 totales en ventana 5-gram.
Par intra-pilar P16: JEV-P16-004 vs JEV-P16-010,JEV-P16-004,JEV-P16-010,P16,0.3164,APROBADO (<0.50),Shingles compartidos: 268 de 847 totales en ventana 5-gram.
Par intra-pilar P16: JEV-P16-004 vs JEV-P16-011,JEV-P16-004,JEV-P16-011,P16,0.3200,APROBADO (<0.50),Shingles compartidos: 271 de 847 totales en ventana 5-gram.
Par intra-pilar P16: JEV-P16-004 vs JEV-P16-012,JEV-P16-004,JEV-P16-012,P16,0.3176,APROBADO (<0.50),Shingles compartidos: 269 de 847 totales en ventana 5-gram.
Par intra-pilar P16: JEV-P16-004 vs JEV-P16-013,JEV-P16-004,JEV-P16-013,P16,0.3150,APROBADO (<0.50),Shingles compartidos: 269 de 854 totales en ventana 5-gram.
Par intra-pilar P16: JEV-P16-004 vs JEV-P16-014,JEV-P16-004,JEV-P16-014,P16,0.3096,APROBADO (<0.50),Shingles compartidos: 269 de 869 totales en ventana 5-gram.
Par intra-pilar P16: JEV-P16-004 vs JEV-P16-015,JEV-P16-004,JEV-P16-015,P16,0.3125,APROBADO (<0.50),Shingles compartidos: 270 de 864 totales en ventana 5-gram.
Par intra-pilar P16: JEV-P16-004 vs JEV-P16-016,JEV-P16-004,JEV-P16-016,P16,0.3154,APROBADO (<0.50),Shingles compartidos: 270 de 856 totales en ventana 5-gram.
Par intra-pilar P16: JEV-P16-004 vs JEV-P16-017,JEV-P16-004,JEV-P16-017,P16,0.3176,APROBADO (<0.50),Shingles compartidos: 269 de 847 totales en ventana 5-gram.
Par intra-pilar P16: JEV-P16-004 vs JEV-P16-018,JEV-P16-004,JEV-P16-018,P16,0.3082,APROBADO (<0.50),Shingles compartidos: 270 de 876 totales en ventana 5-gram.
Par intra-pilar P16: JEV-P16-004 vs JEV-P16-019,JEV-P16-004,JEV-P16-019,P16,0.3065,APROBADO (<0.50),Shingles compartidos: 266 de 868 totales en ventana 5-gram.
Par intra-pilar P16: JEV-P16-004 vs JEV-P16-020,JEV-P16-004,JEV-P16-020,P16,0.3157,APROBADO (<0.50),Shingles compartidos: 269 de 852 totales en ventana 5-gram.
Par intra-pilar P16: JEV-P16-005 vs JEV-P16-006,JEV-P16-005,JEV-P16-006,P16,0.3141,APROBADO (<0.50),Shingles compartidos: 272 de 866 totales en ventana 5-gram.
Par intra-pilar P16: JEV-P16-005 vs JEV-P16-007,JEV-P16-005,JEV-P16-007,P16,0.3138,APROBADO (<0.50),Shingles compartidos: 268 de 854 totales en ventana 5-gram.
Par intra-pilar P16: JEV-P16-005 vs JEV-P16-008,JEV-P16-005,JEV-P16-008,P16,0.3113,APROBADO (<0.50),Shingles compartidos: 269 de 864 totales en ventana 5-gram.
Par intra-pilar P16: JEV-P16-005 vs JEV-P16-009,JEV-P16-005,JEV-P16-009,P16,0.3114,APROBADO (<0.50),Shingles compartidos: 270 de 867 totales en ventana 5-gram.
Par intra-pilar P16: JEV-P16-005 vs JEV-P16-010,JEV-P16-005,JEV-P16-010,P16,0.3040,APROBADO (<0.50),Shingles compartidos: 266 de 875 totales en ventana 5-gram.
Par intra-pilar P16: JEV-P16-005 vs JEV-P16-011,JEV-P16-005,JEV-P16-011,P16,0.3059,APROBADO (<0.50),Shingles compartidos: 268 de 876 totales en ventana 5-gram.
Par intra-pilar P16: JEV-P16-005 vs JEV-P16-012,JEV-P16-005,JEV-P16-012,P16,0.3051,APROBADO (<0.50),Shingles compartidos: 267 de 875 totales en ventana 5-gram.
Par intra-pilar P16: JEV-P16-005 vs JEV-P16-013,JEV-P16-005,JEV-P16-013,P16,0.3027,APROBADO (<0.50),Shingles compartidos: 267 de 882 totales en ventana 5-gram.
Par intra-pilar P16: JEV-P16-005 vs JEV-P16-014,JEV-P16-005,JEV-P16-014,P16,0.3064,APROBADO (<0.50),Shingles compartidos: 273 de 891 totales en ventana 5-gram.
Par intra-pilar P16: JEV-P16-005 vs JEV-P16-015,JEV-P16-005,JEV-P16-015,P16,0.2990,APROBADO (<0.50),Shingles compartidos: 267 de 893 totales en ventana 5-gram.
Par intra-pilar P16: JEV-P16-005 vs JEV-P16-016,JEV-P16-005,JEV-P16-016,P16,0.3017,APROBADO (<0.50),Shingles compartidos: 267 de 885 totales en ventana 5-gram.
Par intra-pilar P16: JEV-P16-005 vs JEV-P16-017,JEV-P16-005,JEV-P16-017,P16,0.3142,APROBADO (<0.50),Shingles compartidos: 273 de 869 totales en ventana 5-gram.
Par intra-pilar P16: JEV-P16-005 vs JEV-P16-018,JEV-P16-005,JEV-P16-018,P16,0.2950,APROBADO (<0.50),Shingles compartidos: 267 de 905 totales en ventana 5-gram.
Par intra-pilar P16: JEV-P16-005 vs JEV-P16-019,JEV-P16-005,JEV-P16-019,P16,0.3019,APROBADO (<0.50),Shingles compartidos: 269 de 891 totales en ventana 5-gram.
Par intra-pilar P16: JEV-P16-005 vs JEV-P16-020,JEV-P16-005,JEV-P16-020,P16,0.3109,APROBADO (<0.50),Shingles compartidos: 272 de 875 totales en ventana 5-gram.
Par intra-pilar P16: JEV-P16-006 vs JEV-P16-007,JEV-P16-006,JEV-P16-007,P16,0.3277,APROBADO (<0.50),Shingles compartidos: 270 de 824 totales en ventana 5-gram.
Par intra-pilar P16: JEV-P16-006 vs JEV-P16-008,JEV-P16-006,JEV-P16-008,P16,0.3249,APROBADO (<0.50),Shingles compartidos: 271 de 834 totales en ventana 5-gram.
Par intra-pilar P16: JEV-P16-006 vs JEV-P16-009,JEV-P16-006,JEV-P16-009,P16,0.3187,APROBADO (<0.50),Shingles compartidos: 268 de 841 totales en ventana 5-gram.
Par intra-pilar P16: JEV-P16-006 vs JEV-P16-010,JEV-P16-006,JEV-P16-010,P16,0.3156,APROBADO (<0.50),Shingles compartidos: 267 de 846 totales en ventana 5-gram.
Par intra-pilar P16: JEV-P16-006 vs JEV-P16-011,JEV-P16-006,JEV-P16-011,P16,0.3176,APROBADO (<0.50),Shingles compartidos: 269 de 847 totales en ventana 5-gram.
Par intra-pilar P16: JEV-P16-006 vs JEV-P16-012,JEV-P16-006,JEV-P16-012,P16,0.3168,APROBADO (<0.50),Shingles compartidos: 268 de 846 totales en ventana 5-gram.
Par intra-pilar P16: JEV-P16-006 vs JEV-P16-013,JEV-P16-006,JEV-P16-013,P16,0.3142,APROBADO (<0.50),Shingles compartidos: 268 de 853 totales en ventana 5-gram.
Par intra-pilar P16: JEV-P16-006 vs JEV-P16-014,JEV-P16-006,JEV-P16-014,P16,0.3103,APROBADO (<0.50),Shingles compartidos: 269 de 867 totales en ventana 5-gram.
Par intra-pilar P16: JEV-P16-006 vs JEV-P16-015,JEV-P16-006,JEV-P16-015,P16,0.3102,APROBADO (<0.50),Shingles compartidos: 268 de 864 totales en ventana 5-gram.
Par intra-pilar P16: JEV-P16-006 vs JEV-P16-016,JEV-P16-006,JEV-P16-016,P16,0.3162,APROBADO (<0.50),Shingles compartidos: 270 de 854 totales en ventana 5-gram.
Par intra-pilar P16: JEV-P16-006 vs JEV-P16-017,JEV-P16-006,JEV-P16-017,P16,0.3152,APROBADO (<0.50),Shingles compartidos: 267 de 847 totales en ventana 5-gram.
Par intra-pilar P16: JEV-P16-006 vs JEV-P16-018,JEV-P16-006,JEV-P16-018,P16,0.3104,APROBADO (<0.50),Shingles compartidos: 271 de 873 totales en ventana 5-gram.
Par intra-pilar P16: JEV-P16-006 vs JEV-P16-019,JEV-P16-006,JEV-P16-019,P16,0.3072,APROBADO (<0.50),Shingles compartidos: 266 de 866 totales en ventana 5-gram.
Par intra-pilar P16: JEV-P16-006 vs JEV-P16-020,JEV-P16-006,JEV-P16-020,P16,0.3180,APROBADO (<0.50),Shingles compartidos: 270 de 849 totales en ventana 5-gram.
Par intra-pilar P16: JEV-P16-007 vs JEV-P16-008,JEV-P16-007,JEV-P16-008,P16,0.3313,APROBADO (<0.50),Shingles compartidos: 271 de 818 totales en ventana 5-gram.
Par intra-pilar P16: JEV-P16-007 vs JEV-P16-009,JEV-P16-007,JEV-P16-009,P16,0.3265,APROBADO (<0.50),Shingles compartidos: 269 de 824 totales en ventana 5-gram.
Par intra-pilar P16: JEV-P16-007 vs JEV-P16-010,JEV-P16-007,JEV-P16-010,P16,0.3249,APROBADO (<0.50),Shingles compartidos: 269 de 828 totales en ventana 5-gram.
Par intra-pilar P16: JEV-P16-007 vs JEV-P16-011,JEV-P16-007,JEV-P16-011,P16,0.3253,APROBADO (<0.50),Shingles compartidos: 270 de 830 totales en ventana 5-gram.
Par intra-pilar P16: JEV-P16-007 vs JEV-P16-012,JEV-P16-007,JEV-P16-012,P16,0.3245,APROBADO (<0.50),Shingles compartidos: 269 de 829 totales en ventana 5-gram.
Par intra-pilar P16: JEV-P16-007 vs JEV-P16-013,JEV-P16-007,JEV-P16-013,P16,0.3313,APROBADO (<0.50),Shingles compartidos: 275 de 830 totales en ventana 5-gram.
Par intra-pilar P16: JEV-P16-007 vs JEV-P16-014,JEV-P16-007,JEV-P16-014,P16,0.3161,APROBADO (<0.50),Shingles compartidos: 269 de 851 totales en ventana 5-gram.
Par intra-pilar P16: JEV-P16-007 vs JEV-P16-015,JEV-P16-007,JEV-P16-015,P16,0.3176,APROBADO (<0.50),Shingles compartidos: 269 de 847 totales en ventana 5-gram.
Par intra-pilar P16: JEV-P16-007 vs JEV-P16-016,JEV-P16-007,JEV-P16-016,P16,0.3222,APROBADO (<0.50),Shingles compartidos: 270 de 838 totales en ventana 5-gram.
Par intra-pilar P16: JEV-P16-007 vs JEV-P16-017,JEV-P16-007,JEV-P16-017,P16,0.3229,APROBADO (<0.50),Shingles compartidos: 268 de 830 totales en ventana 5-gram.
Par intra-pilar P16: JEV-P16-007 vs JEV-P16-018,JEV-P16-007,JEV-P16-018,P16,0.3178,APROBADO (<0.50),Shingles compartidos: 272 de 856 totales en ventana 5-gram.
Par intra-pilar P16: JEV-P16-007 vs JEV-P16-019,JEV-P16-007,JEV-P16-019,P16,0.3129,APROBADO (<0.50),Shingles compartidos: 266 de 850 totales en ventana 5-gram.
Par intra-pilar P16: JEV-P16-007 vs JEV-P16-020,JEV-P16-007,JEV-P16-020,P16,0.3225,APROBADO (<0.50),Shingles compartidos: 269 de 834 totales en ventana 5-gram.
Par intra-pilar P16: JEV-P16-008 vs JEV-P16-009,JEV-P16-008,JEV-P16-009,P16,0.3253,APROBADO (<0.50),Shingles compartidos: 271 de 833 totales en ventana 5-gram.
Par intra-pilar P16: JEV-P16-008 vs JEV-P16-010,JEV-P16-008,JEV-P16-010,P16,0.3190,APROBADO (<0.50),Shingles compartidos: 268 de 840 totales en ventana 5-gram.
Par intra-pilar P16: JEV-P16-008 vs JEV-P16-011,JEV-P16-008,JEV-P16-011,P16,0.3226,APROBADO (<0.50),Shingles compartidos: 271 de 840 totales en ventana 5-gram.
Par intra-pilar P16: JEV-P16-008 vs JEV-P16-012,JEV-P16-008,JEV-P16-012,P16,0.3202,APROBADO (<0.50),Shingles compartidos: 269 de 840 totales en ventana 5-gram.
Par intra-pilar P16: JEV-P16-008 vs JEV-P16-013,JEV-P16-008,JEV-P16-013,P16,0.3176,APROBADO (<0.50),Shingles compartidos: 269 de 847 totales en ventana 5-gram.
Par intra-pilar P16: JEV-P16-008 vs JEV-P16-014,JEV-P16-008,JEV-P16-014,P16,0.3121,APROBADO (<0.50),Shingles compartidos: 269 de 862 totales en ventana 5-gram.
Par intra-pilar P16: JEV-P16-008 vs JEV-P16-015,JEV-P16-008,JEV-P16-015,P16,0.3151,APROBADO (<0.50),Shingles compartidos: 270 de 857 totales en ventana 5-gram.
Par intra-pilar P16: JEV-P16-008 vs JEV-P16-016,JEV-P16-008,JEV-P16-016,P16,0.3180,APROBADO (<0.50),Shingles compartidos: 270 de 849 totales en ventana 5-gram.
Par intra-pilar P16: JEV-P16-008 vs JEV-P16-017,JEV-P16-008,JEV-P16-017,P16,0.3187,APROBADO (<0.50),Shingles compartidos: 268 de 841 totales en ventana 5-gram.
Par intra-pilar P16: JEV-P16-008 vs JEV-P16-018,JEV-P16-008,JEV-P16-018,P16,0.3107,APROBADO (<0.50),Shingles compartidos: 270 de 869 totales en ventana 5-gram.
Par intra-pilar P16: JEV-P16-008 vs JEV-P16-019,JEV-P16-008,JEV-P16-019,P16,0.3105,APROBADO (<0.50),Shingles compartidos: 267 de 860 totales en ventana 5-gram.
Par intra-pilar P16: JEV-P16-008 vs JEV-P16-020,JEV-P16-008,JEV-P16-020,P16,0.3199,APROBADO (<0.50),Shingles compartidos: 270 de 844 totales en ventana 5-gram.
Par intra-pilar P16: JEV-P16-009 vs JEV-P16-010,JEV-P16-009,JEV-P16-010,P16,0.3144,APROBADO (<0.50),Shingles compartidos: 266 de 846 totales en ventana 5-gram.
Par intra-pilar P16: JEV-P16-009 vs JEV-P16-011,JEV-P16-009,JEV-P16-011,P16,0.3164,APROBADO (<0.50),Shingles compartidos: 268 de 847 totales en ventana 5-gram.
Par intra-pilar P16: JEV-P16-009 vs JEV-P16-012,JEV-P16-009,JEV-P16-012,P16,0.3156,APROBADO (<0.50),Shingles compartidos: 267 de 846 totales en ventana 5-gram.
Par intra-pilar P16: JEV-P16-009 vs JEV-P16-013,JEV-P16-009,JEV-P16-013,P16,0.3130,APROBADO (<0.50),Shingles compartidos: 267 de 853 totales en ventana 5-gram.
Par intra-pilar P16: JEV-P16-009 vs JEV-P16-014,JEV-P16-009,JEV-P16-014,P16,0.3137,APROBADO (<0.50),Shingles compartidos: 271 de 864 totales en ventana 5-gram.
Par intra-pilar P16: JEV-P16-009 vs JEV-P16-015,JEV-P16-009,JEV-P16-015,P16,0.3090,APROBADO (<0.50),Shingles compartidos: 267 de 864 totales en ventana 5-gram.
Par intra-pilar P16: JEV-P16-009 vs JEV-P16-016,JEV-P16-009,JEV-P16-016,P16,0.3135,APROBADO (<0.50),Shingles compartidos: 268 de 855 totales en ventana 5-gram.
Par intra-pilar P16: JEV-P16-009 vs JEV-P16-017,JEV-P16-009,JEV-P16-017,P16,0.3203,APROBADO (<0.50),Shingles compartidos: 270 de 843 totales en ventana 5-gram.
Par intra-pilar P16: JEV-P16-009 vs JEV-P16-018,JEV-P16-009,JEV-P16-018,P16,0.3063,APROBADO (<0.50),Shingles compartidos: 268 de 875 totales en ventana 5-gram.
Par intra-pilar P16: JEV-P16-009 vs JEV-P16-019,JEV-P16-009,JEV-P16-019,P16,0.3105,APROBADO (<0.50),Shingles compartidos: 268 de 863 totales en ventana 5-gram.
Par intra-pilar P16: JEV-P16-009 vs JEV-P16-020,JEV-P16-009,JEV-P16-020,P16,0.3200,APROBADO (<0.50),Shingles compartidos: 271 de 847 totales en ventana 5-gram.
Par intra-pilar P16: JEV-P16-010 vs JEV-P16-011,JEV-P16-010,JEV-P16-011,P16,0.3149,APROBADO (<0.50),Shingles compartidos: 268 de 851 totales en ventana 5-gram.
Par intra-pilar P16: JEV-P16-010 vs JEV-P16-012,JEV-P16-010,JEV-P16-012,P16,0.3172,APROBADO (<0.50),Shingles compartidos: 269 de 848 totales en ventana 5-gram.
Par intra-pilar P16: JEV-P16-010 vs JEV-P16-013,JEV-P16-010,JEV-P16-013,P16,0.3208,APROBADO (<0.50),Shingles compartidos: 273 de 851 totales en ventana 5-gram.
Par intra-pilar P16: JEV-P16-010 vs JEV-P16-014,JEV-P16-010,JEV-P16-014,P16,0.3047,APROBADO (<0.50),Shingles compartidos: 266 de 873 totales en ventana 5-gram.
Par intra-pilar P16: JEV-P16-010 vs JEV-P16-015,JEV-P16-010,JEV-P16-015,P16,0.3152,APROBADO (<0.50),Shingles compartidos: 272 de 863 totales en ventana 5-gram.
Par intra-pilar P16: JEV-P16-010 vs JEV-P16-016,JEV-P16-010,JEV-P16-016,P16,0.3135,APROBADO (<0.50),Shingles compartidos: 269 de 858 totales en ventana 5-gram.
Par intra-pilar P16: JEV-P16-010 vs JEV-P16-017,JEV-P16-010,JEV-P16-017,P16,0.3141,APROBADO (<0.50),Shingles compartidos: 267 de 850 totales en ventana 5-gram.
Par intra-pilar P16: JEV-P16-010 vs JEV-P16-018,JEV-P16-010,JEV-P16-018,P16,0.3079,APROBADO (<0.50),Shingles compartidos: 270 de 877 totales en ventana 5-gram.
Par intra-pilar P16: JEV-P16-010 vs JEV-P16-019,JEV-P16-010,JEV-P16-019,P16,0.3152,APROBADO (<0.50),Shingles compartidos: 272 de 863 totales en ventana 5-gram.
Par intra-pilar P16: JEV-P16-010 vs JEV-P16-020,JEV-P16-010,JEV-P16-020,P16,0.3107,APROBADO (<0.50),Shingles compartidos: 266 de 856 totales en ventana 5-gram.
Par intra-pilar P16: JEV-P16-011 vs JEV-P16-012,JEV-P16-011,JEV-P16-012,P16,0.3161,APROBADO (<0.50),Shingles compartidos: 269 de 851 totales en ventana 5-gram.
Par intra-pilar P16: JEV-P16-011 vs JEV-P16-013,JEV-P16-011,JEV-P16-013,P16,0.3135,APROBADO (<0.50),Shingles compartidos: 269 de 858 totales en ventana 5-gram.
Par intra-pilar P16: JEV-P16-011 vs JEV-P16-014,JEV-P16-011,JEV-P16-014,P16,0.3066,APROBADO (<0.50),Shingles compartidos: 268 de 874 totales en ventana 5-gram.
Par intra-pilar P16: JEV-P16-011 vs JEV-P16-015,JEV-P16-011,JEV-P16-015,P16,0.3096,APROBADO (<0.50),Shingles compartidos: 269 de 869 totales en ventana 5-gram.
Par intra-pilar P16: JEV-P16-011 vs JEV-P16-016,JEV-P16-011,JEV-P16-016,P16,0.3124,APROBADO (<0.50),Shingles compartidos: 269 de 861 totales en ventana 5-gram.
Par intra-pilar P16: JEV-P16-011 vs JEV-P16-017,JEV-P16-011,JEV-P16-017,P16,0.3130,APROBADO (<0.50),Shingles compartidos: 267 de 853 totales en ventana 5-gram.
Par intra-pilar P16: JEV-P16-011 vs JEV-P16-018,JEV-P16-011,JEV-P16-018,P16,0.3053,APROBADO (<0.50),Shingles compartidos: 269 de 881 totales en ventana 5-gram.
Par intra-pilar P16: JEV-P16-011 vs JEV-P16-019,JEV-P16-011,JEV-P16-019,P16,0.3050,APROBADO (<0.50),Shingles compartidos: 266 de 872 totales en ventana 5-gram.
Par intra-pilar P16: JEV-P16-011 vs JEV-P16-020,JEV-P16-011,JEV-P16-020,P16,0.3127,APROBADO (<0.50),Shingles compartidos: 268 de 857 totales en ventana 5-gram.
Par intra-pilar P16: JEV-P16-012 vs JEV-P16-013,JEV-P16-012,JEV-P16-013,P16,0.3127,APROBADO (<0.50),Shingles compartidos: 268 de 857 totales en ventana 5-gram.
Par intra-pilar P16: JEV-P16-012 vs JEV-P16-014,JEV-P16-012,JEV-P16-014,P16,0.3103,APROBADO (<0.50),Shingles compartidos: 270 de 870 totales en ventana 5-gram.
Par intra-pilar P16: JEV-P16-012 vs JEV-P16-015,JEV-P16-012,JEV-P16-015,P16,0.3088,APROBADO (<0.50),Shingles compartidos: 268 de 868 totales en ventana 5-gram.
Par intra-pilar P16: JEV-P16-012 vs JEV-P16-016,JEV-P16-012,JEV-P16-016,P16,0.3116,APROBADO (<0.50),Shingles compartidos: 268 de 860 totales en ventana 5-gram.
Par intra-pilar P16: JEV-P16-012 vs JEV-P16-017,JEV-P16-012,JEV-P16-017,P16,0.3153,APROBADO (<0.50),Shingles compartidos: 268 de 850 totales en ventana 5-gram.
Par intra-pilar P16: JEV-P16-012 vs JEV-P16-018,JEV-P16-012,JEV-P16-018,P16,0.3045,APROBADO (<0.50),Shingles compartidos: 268 de 880 totales en ventana 5-gram.
Par intra-pilar P16: JEV-P16-012 vs JEV-P16-019,JEV-P16-012,JEV-P16-019,P16,0.3072,APROBADO (<0.50),Shingles compartidos: 267 de 869 totales en ventana 5-gram.
Par intra-pilar P16: JEV-P16-012 vs JEV-P16-020,JEV-P16-012,JEV-P16-020,P16,0.3119,APROBADO (<0.50),Shingles compartidos: 267 de 856 totales en ventana 5-gram.
Par intra-pilar P16: JEV-P16-013 vs JEV-P16-014,JEV-P16-013,JEV-P16-014,P16,0.3034,APROBADO (<0.50),Shingles compartidos: 267 de 880 totales en ventana 5-gram.
Par intra-pilar P16: JEV-P16-013 vs JEV-P16-015,JEV-P16-013,JEV-P16-015,P16,0.3138,APROBADO (<0.50),Shingles compartidos: 273 de 870 totales en ventana 5-gram.
Par intra-pilar P16: JEV-P16-013 vs JEV-P16-016,JEV-P16-013,JEV-P16-016,P16,0.3091,APROBADO (<0.50),Shingles compartidos: 268 de 867 totales en ventana 5-gram.
Par intra-pilar P16: JEV-P16-013 vs JEV-P16-017,JEV-P16-013,JEV-P16-017,P16,0.3097,APROBADO (<0.50),Shingles compartidos: 266 de 859 totales en ventana 5-gram.
Par intra-pilar P16: JEV-P16-013 vs JEV-P16-018,JEV-P16-013,JEV-P16-018,P16,0.3051,APROBADO (<0.50),Shingles compartidos: 270 de 885 totales en ventana 5-gram.
Par intra-pilar P16: JEV-P16-013 vs JEV-P16-019,JEV-P16-013,JEV-P16-019,P16,0.3093,APROBADO (<0.50),Shingles compartidos: 270 de 873 totales en ventana 5-gram.
Par intra-pilar P16: JEV-P16-013 vs JEV-P16-020,JEV-P16-013,JEV-P16-020,P16,0.3094,APROBADO (<0.50),Shingles compartidos: 267 de 863 totales en ventana 5-gram.
Par intra-pilar P16: JEV-P16-014 vs JEV-P16-015,JEV-P16-014,JEV-P16-015,P16,0.2997,APROBADO (<0.50),Shingles compartidos: 267 de 891 totales en ventana 5-gram.
Par intra-pilar P16: JEV-P16-014 vs JEV-P16-016,JEV-P16-014,JEV-P16-016,P16,0.3039,APROBADO (<0.50),Shingles compartidos: 268 de 882 totales en ventana 5-gram.
Par intra-pilar P16: JEV-P16-014 vs JEV-P16-017,JEV-P16-014,JEV-P16-017,P16,0.3119,APROBADO (<0.50),Shingles compartidos: 271 de 869 totales en ventana 5-gram.
Par intra-pilar P16: JEV-P16-014 vs JEV-P16-018,JEV-P16-014,JEV-P16-018,P16,0.2971,APROBADO (<0.50),Shingles compartidos: 268 de 902 totales en ventana 5-gram.
Par intra-pilar P16: JEV-P16-014 vs JEV-P16-019,JEV-P16-014,JEV-P16-019,P16,0.3011,APROBADO (<0.50),Shingles compartidos: 268 de 890 totales en ventana 5-gram.
Par intra-pilar P16: JEV-P16-014 vs JEV-P16-020,JEV-P16-014,JEV-P16-020,P16,0.3116,APROBADO (<0.50),Shingles compartidos: 272 de 873 totales en ventana 5-gram.
Par intra-pilar P16: JEV-P16-015 vs JEV-P16-016,JEV-P16-015,JEV-P16-016,P16,0.3052,APROBADO (<0.50),Shingles compartidos: 268 de 878 totales en ventana 5-gram.
Par intra-pilar P16: JEV-P16-015 vs JEV-P16-017,JEV-P16-015,JEV-P16-017,P16,0.3088,APROBADO (<0.50),Shingles compartidos: 268 de 868 totales en ventana 5-gram.
Par intra-pilar P16: JEV-P16-015 vs JEV-P16-018,JEV-P16-015,JEV-P16-018,P16,0.2984,APROBADO (<0.50),Shingles compartidos: 268 de 898 totales en ventana 5-gram.
Par intra-pilar P16: JEV-P16-015 vs JEV-P16-019,JEV-P16-015,JEV-P16-019,P16,0.3054,APROBADO (<0.50),Shingles compartidos: 270 de 884 totales en ventana 5-gram.
Par intra-pilar P16: JEV-P16-015 vs JEV-P16-020,JEV-P16-015,JEV-P16-020,P16,0.3055,APROBADO (<0.50),Shingles compartidos: 267 de 874 totales en ventana 5-gram.
Par intra-pilar P16: JEV-P16-016 vs JEV-P16-017,JEV-P16-016,JEV-P16-017,P16,0.3101,APROBADO (<0.50),Shingles compartidos: 267 de 861 totales en ventana 5-gram.
Par intra-pilar P16: JEV-P16-016 vs JEV-P16-018,JEV-P16-016,JEV-P16-018,P16,0.3041,APROBADO (<0.50),Shingles compartidos: 270 de 888 totales en ventana 5-gram.
Par intra-pilar P16: JEV-P16-016 vs JEV-P16-019,JEV-P16-016,JEV-P16-019,P16,0.3038,APROBADO (<0.50),Shingles compartidos: 267 de 879 totales en ventana 5-gram.
Par intra-pilar P16: JEV-P16-016 vs JEV-P16-020,JEV-P16-016,JEV-P16-020,P16,0.3098,APROBADO (<0.50),Shingles compartidos: 268 de 865 totales en ventana 5-gram.
Par intra-pilar P16: JEV-P16-017 vs JEV-P16-018,JEV-P16-017,JEV-P16-018,P16,0.3031,APROBADO (<0.50),Shingles compartidos: 267 de 881 totales en ventana 5-gram.
Par intra-pilar P16: JEV-P16-017 vs JEV-P16-019,JEV-P16-017,JEV-P16-019,P16,0.3103,APROBADO (<0.50),Shingles compartidos: 269 de 867 totales en ventana 5-gram.
Par intra-pilar P16: JEV-P16-017 vs JEV-P16-020,JEV-P16-017,JEV-P16-020,P16,0.3196,APROBADO (<0.50),Shingles compartidos: 272 de 851 totales en ventana 5-gram.
Par intra-pilar P16: JEV-P16-018 vs JEV-P16-019,JEV-P16-018,JEV-P16-019,P16,0.2941,APROBADO (<0.50),Shingles compartidos: 265 de 901 totales en ventana 5-gram.
Par intra-pilar P16: JEV-P16-018 vs JEV-P16-020,JEV-P16-018,JEV-P16-020,P16,0.3028,APROBADO (<0.50),Shingles compartidos: 268 de 885 totales en ventana 5-gram.
Par intra-pilar P16: JEV-P16-019 vs JEV-P16-020,JEV-P16-019,JEV-P16-020,P16,0.3085,APROBADO (<0.50),Shingles compartidos: 269 de 872 totales en ventana 5-gram.
Par intra-pilar P17: JEV-P17-001 vs JEV-P17-002,JEV-P17-001,JEV-P17-002,P17,0.2895,APROBADO (<0.50),Shingles compartidos: 271 de 936 totales en ventana 5-gram.
Par intra-pilar P17: JEV-P17-001 vs JEV-P17-003,JEV-P17-001,JEV-P17-003,P17,0.2985,APROBADO (<0.50),Shingles compartidos: 271 de 908 totales en ventana 5-gram.
Par intra-pilar P17: JEV-P17-001 vs JEV-P17-004,JEV-P17-001,JEV-P17-004,P17,0.2973,APROBADO (<0.50),Shingles compartidos: 275 de 925 totales en ventana 5-gram.
Par intra-pilar P17: JEV-P17-001 vs JEV-P17-005,JEV-P17-001,JEV-P17-005,P17,0.2949,APROBADO (<0.50),Shingles compartidos: 271 de 919 totales en ventana 5-gram.
Par intra-pilar P17: JEV-P17-001 vs JEV-P17-006,JEV-P17-001,JEV-P17-006,P17,0.3008,APROBADO (<0.50),Shingles compartidos: 271 de 901 totales en ventana 5-gram.
Par intra-pilar P17: JEV-P17-001 vs JEV-P17-007,JEV-P17-001,JEV-P17-007,P17,0.2947,APROBADO (<0.50),Shingles compartidos: 275 de 933 totales en ventana 5-gram.
Par intra-pilar P17: JEV-P17-001 vs JEV-P17-008,JEV-P17-001,JEV-P17-008,P17,0.2925,APROBADO (<0.50),Shingles compartidos: 270 de 923 totales en ventana 5-gram.
Par intra-pilar P17: JEV-P17-001 vs JEV-P17-009,JEV-P17-001,JEV-P17-009,P17,0.2883,APROBADO (<0.50),Shingles compartidos: 273 de 947 totales en ventana 5-gram.
Par intra-pilar P17: JEV-P17-001 vs JEV-P17-010,JEV-P17-001,JEV-P17-010,P17,0.2976,APROBADO (<0.50),Shingles compartidos: 272 de 914 totales en ventana 5-gram.
Par intra-pilar P17: JEV-P17-001 vs JEV-P17-011,JEV-P17-001,JEV-P17-011,P17,0.2842,APROBADO (<0.50),Shingles compartidos: 270 de 950 totales en ventana 5-gram.
Par intra-pilar P17: JEV-P17-001 vs JEV-P17-012,JEV-P17-001,JEV-P17-012,P17,0.2817,APROBADO (<0.50),Shingles compartidos: 269 de 955 totales en ventana 5-gram.
Par intra-pilar P17: JEV-P17-001 vs JEV-P17-013,JEV-P17-001,JEV-P17-013,P17,0.2888,APROBADO (<0.50),Shingles compartidos: 270 de 935 totales en ventana 5-gram.
Par intra-pilar P17: JEV-P17-001 vs JEV-P17-014,JEV-P17-001,JEV-P17-014,P17,0.2896,APROBADO (<0.50),Shingles compartidos: 274 de 946 totales en ventana 5-gram.
Par intra-pilar P17: JEV-P17-001 vs JEV-P17-015,JEV-P17-001,JEV-P17-015,P17,0.2935,APROBADO (<0.50),Shingles compartidos: 273 de 930 totales en ventana 5-gram.
Par intra-pilar P17: JEV-P17-001 vs JEV-P17-016,JEV-P17-001,JEV-P17-016,P17,0.2960,APROBADO (<0.50),Shingles compartidos: 275 de 929 totales en ventana 5-gram.
Par intra-pilar P17: JEV-P17-001 vs JEV-P17-017,JEV-P17-001,JEV-P17-017,P17,0.2968,APROBADO (<0.50),Shingles compartidos: 276 de 930 totales en ventana 5-gram.
Par intra-pilar P17: JEV-P17-001 vs JEV-P17-018,JEV-P17-001,JEV-P17-018,P17,0.2968,APROBADO (<0.50),Shingles compartidos: 276 de 930 totales en ventana 5-gram.
Par intra-pilar P17: JEV-P17-001 vs JEV-P17-019,JEV-P17-001,JEV-P17-019,P17,0.2896,APROBADO (<0.50),Shingles compartidos: 274 de 946 totales en ventana 5-gram.
Par intra-pilar P17: JEV-P17-001 vs JEV-P17-020,JEV-P17-001,JEV-P17-020,P17,0.2916,APROBADO (<0.50),Shingles compartidos: 275 de 943 totales en ventana 5-gram.
Par intra-pilar P17: JEV-P17-002 vs JEV-P17-003,JEV-P17-002,JEV-P17-003,P17,0.3023,APROBADO (<0.50),Shingles compartidos: 273 de 903 totales en ventana 5-gram.
Par intra-pilar P17: JEV-P17-002 vs JEV-P17-004,JEV-P17-002,JEV-P17-004,P17,0.2913,APROBADO (<0.50),Shingles compartidos: 270 de 927 totales en ventana 5-gram.
Par intra-pilar P17: JEV-P17-002 vs JEV-P17-005,JEV-P17-002,JEV-P17-005,P17,0.3015,APROBADO (<0.50),Shingles compartidos: 275 de 912 totales en ventana 5-gram.
Par intra-pilar P17: JEV-P17-002 vs JEV-P17-006,JEV-P17-002,JEV-P17-006,P17,0.3047,APROBADO (<0.50),Shingles compartidos: 273 de 896 totales en ventana 5-gram.
Par intra-pilar P17: JEV-P17-002 vs JEV-P17-007,JEV-P17-002,JEV-P17-007,P17,0.2901,APROBADO (<0.50),Shingles compartidos: 271 de 934 totales en ventana 5-gram.
Par intra-pilar P17: JEV-P17-002 vs JEV-P17-008,JEV-P17-002,JEV-P17-008,P17,0.2991,APROBADO (<0.50),Shingles compartidos: 274 de 916 totales en ventana 5-gram.
Par intra-pilar P17: JEV-P17-002 vs JEV-P17-009,JEV-P17-002,JEV-P17-009,P17,0.2851,APROBADO (<0.50),Shingles compartidos: 270 de 947 totales en ventana 5-gram.
Par intra-pilar P17: JEV-P17-002 vs JEV-P17-010,JEV-P17-002,JEV-P17-010,P17,0.3000,APROBADO (<0.50),Shingles compartidos: 273 de 910 totales en ventana 5-gram.
Par intra-pilar P17: JEV-P17-002 vs JEV-P17-011,JEV-P17-002,JEV-P17-011,P17,0.2906,APROBADO (<0.50),Shingles compartidos: 274 de 943 totales en ventana 5-gram.
Par intra-pilar P17: JEV-P17-002 vs JEV-P17-012,JEV-P17-002,JEV-P17-012,P17,0.2880,APROBADO (<0.50),Shingles compartidos: 273 de 948 totales en ventana 5-gram.
Par intra-pilar P17: JEV-P17-002 vs JEV-P17-013,JEV-P17-002,JEV-P17-013,P17,0.2939,APROBADO (<0.50),Shingles compartidos: 273 de 929 totales en ventana 5-gram.
Par intra-pilar P17: JEV-P17-002 vs JEV-P17-014,JEV-P17-002,JEV-P17-014,P17,0.2865,APROBADO (<0.50),Shingles compartidos: 271 de 946 totales en ventana 5-gram.
Par intra-pilar P17: JEV-P17-002 vs JEV-P17-015,JEV-P17-002,JEV-P17-015,P17,0.2945,APROBADO (<0.50),Shingles compartidos: 273 de 927 totales en ventana 5-gram.
Par intra-pilar P17: JEV-P17-002 vs JEV-P17-016,JEV-P17-002,JEV-P17-016,P17,0.2914,APROBADO (<0.50),Shingles compartidos: 271 de 930 totales en ventana 5-gram.
Par intra-pilar P17: JEV-P17-002 vs JEV-P17-017,JEV-P17-002,JEV-P17-017,P17,0.2963,APROBADO (<0.50),Shingles compartidos: 275 de 928 totales en ventana 5-gram.
Par intra-pilar P17: JEV-P17-002 vs JEV-P17-018,JEV-P17-002,JEV-P17-018,P17,0.2908,APROBADO (<0.50),Shingles compartidos: 271 de 932 totales en ventana 5-gram.
Par intra-pilar P17: JEV-P17-002 vs JEV-P17-019,JEV-P17-002,JEV-P17-019,P17,0.2878,APROBADO (<0.50),Shingles compartidos: 272 de 945 totales en ventana 5-gram.
Par intra-pilar P17: JEV-P17-002 vs JEV-P17-020,JEV-P17-002,JEV-P17-020,P17,0.2857,APROBADO (<0.50),Shingles compartidos: 270 de 945 totales en ventana 5-gram.
Par intra-pilar P17: JEV-P17-003 vs JEV-P17-004,JEV-P17-003,JEV-P17-004,P17,0.3003,APROBADO (<0.50),Shingles compartidos: 270 de 899 totales en ventana 5-gram.
Par intra-pilar P17: JEV-P17-003 vs JEV-P17-005,JEV-P17-003,JEV-P17-005,P17,0.3067,APROBADO (<0.50),Shingles compartidos: 272 de 887 totales en ventana 5-gram.
Par intra-pilar P17: JEV-P17-003 vs JEV-P17-006,JEV-P17-003,JEV-P17-006,P17,0.3191,APROBADO (<0.50),Shingles compartidos: 276 de 865 totales en ventana 5-gram.
Par intra-pilar P17: JEV-P17-003 vs JEV-P17-007,JEV-P17-003,JEV-P17-007,P17,0.3020,APROBADO (<0.50),Shingles compartidos: 273 de 904 totales en ventana 5-gram.
Par intra-pilar P17: JEV-P17-003 vs JEV-P17-008,JEV-P17-003,JEV-P17-008,P17,0.3100,APROBADO (<0.50),Shingles compartidos: 275 de 887 totales en ventana 5-gram.
Par intra-pilar P17: JEV-P17-003 vs JEV-P17-009,JEV-P17-003,JEV-P17-009,P17,0.2924,APROBADO (<0.50),Shingles compartidos: 269 de 920 totales en ventana 5-gram.
Par intra-pilar P17: JEV-P17-003 vs JEV-P17-010,JEV-P17-003,JEV-P17-010,P17,0.3110,APROBADO (<0.50),Shingles compartidos: 274 de 881 totales en ventana 5-gram.
Par intra-pilar P17: JEV-P17-003 vs JEV-P17-011,JEV-P17-003,JEV-P17-011,P17,0.2966,APROBADO (<0.50),Shingles compartidos: 272 de 917 totales en ventana 5-gram.
Par intra-pilar P17: JEV-P17-003 vs JEV-P17-012,JEV-P17-003,JEV-P17-012,P17,0.2953,APROBADO (<0.50),Shingles compartidos: 272 de 921 totales en ventana 5-gram.
Par intra-pilar P17: JEV-P17-003 vs JEV-P17-013,JEV-P17-003,JEV-P17-013,P17,0.3016,APROBADO (<0.50),Shingles compartidos: 272 de 902 totales en ventana 5-gram.
Par intra-pilar P17: JEV-P17-003 vs JEV-P17-014,JEV-P17-003,JEV-P17-014,P17,0.2952,APROBADO (<0.50),Shingles compartidos: 271 de 918 totales en ventana 5-gram.
Par intra-pilar P17: JEV-P17-003 vs JEV-P17-015,JEV-P17-003,JEV-P17-015,P17,0.3051,APROBADO (<0.50),Shingles compartidos: 274 de 898 totales en ventana 5-gram.
Par intra-pilar P17: JEV-P17-003 vs JEV-P17-016,JEV-P17-003,JEV-P17-016,P17,0.3004,APROBADO (<0.50),Shingles compartidos: 271 de 902 totales en ventana 5-gram.
Par intra-pilar P17: JEV-P17-003 vs JEV-P17-017,JEV-P17-003,JEV-P17-017,P17,0.3027,APROBADO (<0.50),Shingles compartidos: 273 de 902 totales en ventana 5-gram.
Par intra-pilar P17: JEV-P17-003 vs JEV-P17-018,JEV-P17-003,JEV-P17-018,P17,0.2998,APROBADO (<0.50),Shingles compartidos: 271 de 904 totales en ventana 5-gram.
Par intra-pilar P17: JEV-P17-003 vs JEV-P17-019,JEV-P17-003,JEV-P17-019,P17,0.2995,APROBADO (<0.50),Shingles compartidos: 274 de 915 totales en ventana 5-gram.
Par intra-pilar P17: JEV-P17-003 vs JEV-P17-020,JEV-P17-003,JEV-P17-020,P17,0.2973,APROBADO (<0.50),Shingles compartidos: 272 de 915 totales en ventana 5-gram.
Par intra-pilar P17: JEV-P17-004 vs JEV-P17-005,JEV-P17-004,JEV-P17-005,P17,0.2967,APROBADO (<0.50),Shingles compartidos: 270 de 910 totales en ventana 5-gram.
Par intra-pilar P17: JEV-P17-004 vs JEV-P17-006,JEV-P17-004,JEV-P17-006,P17,0.3027,APROBADO (<0.50),Shingles compartidos: 270 de 892 totales en ventana 5-gram.
Par intra-pilar P17: JEV-P17-004 vs JEV-P17-007,JEV-P17-004,JEV-P17-007,P17,0.2965,APROBADO (<0.50),Shingles compartidos: 274 de 924 totales en ventana 5-gram.
Par intra-pilar P17: JEV-P17-004 vs JEV-P17-008,JEV-P17-004,JEV-P17-008,P17,0.2943,APROBADO (<0.50),Shingles compartidos: 269 de 914 totales en ventana 5-gram.
Par intra-pilar P17: JEV-P17-004 vs JEV-P17-009,JEV-P17-004,JEV-P17-009,P17,0.2927,APROBADO (<0.50),Shingles compartidos: 274 de 936 totales en ventana 5-gram.
Par intra-pilar P17: JEV-P17-004 vs JEV-P17-010,JEV-P17-004,JEV-P17-010,P17,0.2980,APROBADO (<0.50),Shingles compartidos: 270 de 906 totales en ventana 5-gram.
Par intra-pilar P17: JEV-P17-004 vs JEV-P17-011,JEV-P17-004,JEV-P17-011,P17,0.2872,APROBADO (<0.50),Shingles compartidos: 270 de 940 totales en ventana 5-gram.
Par intra-pilar P17: JEV-P17-004 vs JEV-P17-012,JEV-P17-004,JEV-P17-012,P17,0.2847,APROBADO (<0.50),Shingles compartidos: 269 de 945 totales en ventana 5-gram.
Par intra-pilar P17: JEV-P17-004 vs JEV-P17-013,JEV-P17-004,JEV-P17-013,P17,0.2919,APROBADO (<0.50),Shingles compartidos: 270 de 925 totales en ventana 5-gram.
Par intra-pilar P17: JEV-P17-004 vs JEV-P17-014,JEV-P17-004,JEV-P17-014,P17,0.2914,APROBADO (<0.50),Shingles compartidos: 273 de 937 totales en ventana 5-gram.
Par intra-pilar P17: JEV-P17-004 vs JEV-P17-015,JEV-P17-004,JEV-P17-015,P17,0.2939,APROBADO (<0.50),Shingles compartidos: 271 de 922 totales en ventana 5-gram.
Par intra-pilar P17: JEV-P17-004 vs JEV-P17-016,JEV-P17-004,JEV-P17-016,P17,0.2978,APROBADO (<0.50),Shingles compartidos: 274 de 920 totales en ventana 5-gram.
Par intra-pilar P17: JEV-P17-004 vs JEV-P17-017,JEV-P17-004,JEV-P17-017,P17,0.2916,APROBADO (<0.50),Shingles compartidos: 270 de 926 totales en ventana 5-gram.
Par intra-pilar P17: JEV-P17-004 vs JEV-P17-018,JEV-P17-004,JEV-P17-018,P17,0.2986,APROBADO (<0.50),Shingles compartidos: 275 de 921 totales en ventana 5-gram.
Par intra-pilar P17: JEV-P17-004 vs JEV-P17-019,JEV-P17-004,JEV-P17-019,P17,0.2872,APROBADO (<0.50),Shingles compartidos: 270 de 940 totales en ventana 5-gram.
Par intra-pilar P17: JEV-P17-004 vs JEV-P17-020,JEV-P17-004,JEV-P17-020,P17,0.2947,APROBADO (<0.50),Shingles compartidos: 275 de 933 totales en ventana 5-gram.
Par intra-pilar P17: JEV-P17-005 vs JEV-P17-006,JEV-P17-005,JEV-P17-006,P17,0.3091,APROBADO (<0.50),Shingles compartidos: 272 de 880 totales en ventana 5-gram.
Par intra-pilar P17: JEV-P17-005 vs JEV-P17-007,JEV-P17-005,JEV-P17-007,P17,0.2941,APROBADO (<0.50),Shingles compartidos: 270 de 918 totales en ventana 5-gram.
Par intra-pilar P17: JEV-P17-005 vs JEV-P17-008,JEV-P17-005,JEV-P17-008,P17,0.3019,APROBADO (<0.50),Shingles compartidos: 272 de 901 totales en ventana 5-gram.
Par intra-pilar P17: JEV-P17-005 vs JEV-P17-009,JEV-P17-005,JEV-P17-009,P17,0.2931,APROBADO (<0.50),Shingles compartidos: 272 de 928 totales en ventana 5-gram.
Par intra-pilar P17: JEV-P17-005 vs JEV-P17-010,JEV-P17-005,JEV-P17-010,P17,0.3043,APROBADO (<0.50),Shingles compartidos: 272 de 894 totales en ventana 5-gram.
Par intra-pilar P17: JEV-P17-005 vs JEV-P17-011,JEV-P17-005,JEV-P17-011,P17,0.2959,APROBADO (<0.50),Shingles compartidos: 274 de 926 totales en ventana 5-gram.
Par intra-pilar P17: JEV-P17-005 vs JEV-P17-012,JEV-P17-005,JEV-P17-012,P17,0.2918,APROBADO (<0.50),Shingles compartidos: 272 de 932 totales en ventana 5-gram.
Par intra-pilar P17: JEV-P17-005 vs JEV-P17-013,JEV-P17-005,JEV-P17-013,P17,0.2993,APROBADO (<0.50),Shingles compartidos: 273 de 912 totales en ventana 5-gram.
Par intra-pilar P17: JEV-P17-005 vs JEV-P17-014,JEV-P17-005,JEV-P17-014,P17,0.2903,APROBADO (<0.50),Shingles compartidos: 270 de 930 totales en ventana 5-gram.
Par intra-pilar P17: JEV-P17-005 vs JEV-P17-015,JEV-P17-005,JEV-P17-015,P17,0.2986,APROBADO (<0.50),Shingles compartidos: 272 de 911 totales en ventana 5-gram.
Par intra-pilar P17: JEV-P17-005 vs JEV-P17-016,JEV-P17-005,JEV-P17-016,P17,0.2954,APROBADO (<0.50),Shingles compartidos: 270 de 914 totales en ventana 5-gram.
Par intra-pilar P17: JEV-P17-005 vs JEV-P17-017,JEV-P17-005,JEV-P17-017,P17,0.3019,APROBADO (<0.50),Shingles compartidos: 275 de 911 totales en ventana 5-gram.
Par intra-pilar P17: JEV-P17-005 vs JEV-P17-018,JEV-P17-005,JEV-P17-018,P17,0.2948,APROBADO (<0.50),Shingles compartidos: 270 de 916 totales en ventana 5-gram.
Par intra-pilar P17: JEV-P17-005 vs JEV-P17-019,JEV-P17-005,JEV-P17-019,P17,0.2931,APROBADO (<0.50),Shingles compartidos: 272 de 928 totales en ventana 5-gram.
Par intra-pilar P17: JEV-P17-005 vs JEV-P17-020,JEV-P17-005,JEV-P17-020,P17,0.2909,APROBADO (<0.50),Shingles compartidos: 270 de 928 totales en ventana 5-gram.
Par intra-pilar P17: JEV-P17-006 vs JEV-P17-007,JEV-P17-006,JEV-P17-007,P17,0.3014,APROBADO (<0.50),Shingles compartidos: 271 de 899 totales en ventana 5-gram.
Par intra-pilar P17: JEV-P17-006 vs JEV-P17-008,JEV-P17-006,JEV-P17-008,P17,0.3110,APROBADO (<0.50),Shingles compartidos: 274 de 881 totales en ventana 5-gram.
Par intra-pilar P17: JEV-P17-006 vs JEV-P17-009,JEV-P17-006,JEV-P17-009,P17,0.2946,APROBADO (<0.50),Shingles compartidos: 269 de 913 totales en ventana 5-gram.
Par intra-pilar P17: JEV-P17-006 vs JEV-P17-010,JEV-P17-006,JEV-P17-010,P17,0.3150,APROBADO (<0.50),Shingles compartidos: 275 de 873 totales en ventana 5-gram.
Par intra-pilar P17: JEV-P17-006 vs JEV-P17-011,JEV-P17-006,JEV-P17-011,P17,0.2989,APROBADO (<0.50),Shingles compartidos: 272 de 910 totales en ventana 5-gram.
Par intra-pilar P17: JEV-P17-006 vs JEV-P17-012,JEV-P17-006,JEV-P17-012,P17,0.2990,APROBADO (<0.50),Shingles compartidos: 273 de 913 totales en ventana 5-gram.
Par intra-pilar P17: JEV-P17-006 vs JEV-P17-013,JEV-P17-006,JEV-P17-013,P17,0.3039,APROBADO (<0.50),Shingles compartidos: 272 de 895 totales en ventana 5-gram.
Par intra-pilar P17: JEV-P17-006 vs JEV-P17-014,JEV-P17-006,JEV-P17-014,P17,0.2961,APROBADO (<0.50),Shingles compartidos: 270 de 912 totales en ventana 5-gram.
Par intra-pilar P17: JEV-P17-006 vs JEV-P17-015,JEV-P17-006,JEV-P17-015,P17,0.3075,APROBADO (<0.50),Shingles compartidos: 274 de 891 totales en ventana 5-gram.
Par intra-pilar P17: JEV-P17-006 vs JEV-P17-016,JEV-P17-006,JEV-P17-016,P17,0.3028,APROBADO (<0.50),Shingles compartidos: 271 de 895 totales en ventana 5-gram.
Par intra-pilar P17: JEV-P17-006 vs JEV-P17-017,JEV-P17-006,JEV-P17-017,P17,0.3065,APROBADO (<0.50),Shingles compartidos: 274 de 894 totales en ventana 5-gram.
Par intra-pilar P17: JEV-P17-006 vs JEV-P17-018,JEV-P17-006,JEV-P17-018,P17,0.3021,APROBADO (<0.50),Shingles compartidos: 271 de 897 totales en ventana 5-gram.
Par intra-pilar P17: JEV-P17-006 vs JEV-P17-019,JEV-P17-006,JEV-P17-019,P17,0.3018,APROBADO (<0.50),Shingles compartidos: 274 de 908 totales en ventana 5-gram.
Par intra-pilar P17: JEV-P17-006 vs JEV-P17-020,JEV-P17-006,JEV-P17-020,P17,0.2967,APROBADO (<0.50),Shingles compartidos: 270 de 910 totales en ventana 5-gram.
Par intra-pilar P17: JEV-P17-007 vs JEV-P17-008,JEV-P17-007,JEV-P17-008,P17,0.2932,APROBADO (<0.50),Shingles compartidos: 270 de 921 totales en ventana 5-gram.
Par intra-pilar P17: JEV-P17-007 vs JEV-P17-009,JEV-P17-007,JEV-P17-009,P17,0.2889,APROBADO (<0.50),Shingles compartidos: 273 de 945 totales en ventana 5-gram.
Par intra-pilar P17: JEV-P17-007 vs JEV-P17-010,JEV-P17-007,JEV-P17-010,P17,0.2968,APROBADO (<0.50),Shingles compartidos: 271 de 913 totales en ventana 5-gram.
Par intra-pilar P17: JEV-P17-007 vs JEV-P17-011,JEV-P17-007,JEV-P17-011,P17,0.2848,APROBADO (<0.50),Shingles compartidos: 270 de 948 totales en ventana 5-gram.
Par intra-pilar P17: JEV-P17-007 vs JEV-P17-012,JEV-P17-007,JEV-P17-012,P17,0.2823,APROBADO (<0.50),Shingles compartidos: 269 de 953 totales en ventana 5-gram.
Par intra-pilar P17: JEV-P17-007 vs JEV-P17-013,JEV-P17-007,JEV-P17-013,P17,0.2908,APROBADO (<0.50),Shingles compartidos: 271 de 932 totales en ventana 5-gram.
Par intra-pilar P17: JEV-P17-007 vs JEV-P17-014,JEV-P17-007,JEV-P17-014,P17,0.2944,APROBADO (<0.50),Shingles compartidos: 277 de 941 totales en ventana 5-gram.
Par intra-pilar P17: JEV-P17-007 vs JEV-P17-015,JEV-P17-007,JEV-P17-015,P17,0.2942,APROBADO (<0.50),Shingles compartidos: 273 de 928 totales en ventana 5-gram.
Par intra-pilar P17: JEV-P17-007 vs JEV-P17-016,JEV-P17-007,JEV-P17-016,P17,0.2967,APROBADO (<0.50),Shingles compartidos: 275 de 927 totales en ventana 5-gram.
Par intra-pilar P17: JEV-P17-007 vs JEV-P17-017,JEV-P17-007,JEV-P17-017,P17,0.2891,APROBADO (<0.50),Shingles compartidos: 270 de 934 totales en ventana 5-gram.
Par intra-pilar P17: JEV-P17-007 vs JEV-P17-018,JEV-P17-007,JEV-P17-018,P17,0.2960,APROBADO (<0.50),Shingles compartidos: 275 de 929 totales en ventana 5-gram.
Par intra-pilar P17: JEV-P17-007 vs JEV-P17-019,JEV-P17-007,JEV-P17-019,P17,0.2862,APROBADO (<0.50),Shingles compartidos: 271 de 947 totales en ventana 5-gram.
Par intra-pilar P17: JEV-P17-007 vs JEV-P17-020,JEV-P17-007,JEV-P17-020,P17,0.2936,APROBADO (<0.50),Shingles compartidos: 276 de 940 totales en ventana 5-gram.
Par intra-pilar P17: JEV-P17-008 vs JEV-P17-009,JEV-P17-008,JEV-P17-009,P17,0.2880,APROBADO (<0.50),Shingles compartidos: 269 de 934 totales en ventana 5-gram.
Par intra-pilar P17: JEV-P17-008 vs JEV-P17-010,JEV-P17-008,JEV-P17-010,P17,0.3076,APROBADO (<0.50),Shingles compartidos: 275 de 894 totales en ventana 5-gram.
Par intra-pilar P17: JEV-P17-008 vs JEV-P17-011,JEV-P17-008,JEV-P17-011,P17,0.2935,APROBADO (<0.50),Shingles compartidos: 273 de 930 totales en ventana 5-gram.
Par intra-pilar P17: JEV-P17-008 vs JEV-P17-012,JEV-P17-008,JEV-P17-012,P17,0.2937,APROBADO (<0.50),Shingles compartidos: 274 de 933 totales en ventana 5-gram.
Par intra-pilar P17: JEV-P17-008 vs JEV-P17-013,JEV-P17-008,JEV-P17-013,P17,0.2969,APROBADO (<0.50),Shingles compartidos: 272 de 916 totales en ventana 5-gram.
Par intra-pilar P17: JEV-P17-008 vs JEV-P17-014,JEV-P17-008,JEV-P17-014,P17,0.2894,APROBADO (<0.50),Shingles compartidos: 270 de 933 totales en ventana 5-gram.
Par intra-pilar P17: JEV-P17-008 vs JEV-P17-015,JEV-P17-008,JEV-P17-015,P17,0.3004,APROBADO (<0.50),Shingles compartidos: 274 de 912 totales en ventana 5-gram.
Par intra-pilar P17: JEV-P17-008 vs JEV-P17-016,JEV-P17-008,JEV-P17-016,P17,0.2944,APROBADO (<0.50),Shingles compartidos: 270 de 917 totales en ventana 5-gram.
Par intra-pilar P17: JEV-P17-008 vs JEV-P17-017,JEV-P17-008,JEV-P17-017,P17,0.2980,APROBADO (<0.50),Shingles compartidos: 273 de 916 totales en ventana 5-gram.
Par intra-pilar P17: JEV-P17-008 vs JEV-P17-018,JEV-P17-008,JEV-P17-018,P17,0.2966,APROBADO (<0.50),Shingles compartidos: 272 de 917 totales en ventana 5-gram.
Par intra-pilar P17: JEV-P17-008 vs JEV-P17-019,JEV-P17-008,JEV-P17-019,P17,0.2935,APROBADO (<0.50),Shingles compartidos: 273 de 930 totales en ventana 5-gram.
Par intra-pilar P17: JEV-P17-008 vs JEV-P17-020,JEV-P17-008,JEV-P17-020,P17,0.2886,APROBADO (<0.50),Shingles compartidos: 269 de 932 totales en ventana 5-gram.
Par intra-pilar P17: JEV-P17-009 vs JEV-P17-010,JEV-P17-009,JEV-P17-010,P17,0.2902,APROBADO (<0.50),Shingles compartidos: 269 de 927 totales en ventana 5-gram.
Par intra-pilar P17: JEV-P17-009 vs JEV-P17-011,JEV-P17-009,JEV-P17-011,P17,0.2812,APROBADO (<0.50),Shingles compartidos: 270 de 960 totales en ventana 5-gram.
Par intra-pilar P17: JEV-P17-009 vs JEV-P17-012,JEV-P17-009,JEV-P17-012,P17,0.2788,APROBADO (<0.50),Shingles compartidos: 269 de 965 totales en ventana 5-gram.
Par intra-pilar P17: JEV-P17-009 vs JEV-P17-013,JEV-P17-009,JEV-P17-013,P17,0.2871,APROBADO (<0.50),Shingles compartidos: 271 de 944 totales en ventana 5-gram.
Par intra-pilar P17: JEV-P17-009 vs JEV-P17-014,JEV-P17-009,JEV-P17-014,P17,0.2853,APROBADO (<0.50),Shingles compartidos: 273 de 957 totales en ventana 5-gram.
Par intra-pilar P17: JEV-P17-009 vs JEV-P17-015,JEV-P17-009,JEV-P17-015,P17,0.2850,APROBADO (<0.50),Shingles compartidos: 269 de 944 totales en ventana 5-gram.
Par intra-pilar P17: JEV-P17-009 vs JEV-P17-016,JEV-P17-009,JEV-P17-016,P17,0.2929,APROBADO (<0.50),Shingles compartidos: 275 de 939 totales en ventana 5-gram.
Par intra-pilar P17: JEV-P17-009 vs JEV-P17-017,JEV-P17-009,JEV-P17-017,P17,0.2854,APROBADO (<0.50),Shingles compartidos: 270 de 946 totales en ventana 5-gram.
Par intra-pilar P17: JEV-P17-009 vs JEV-P17-018,JEV-P17-009,JEV-P17-018,P17,0.2922,APROBADO (<0.50),Shingles compartidos: 275 de 941 totales en ventana 5-gram.
Par intra-pilar P17: JEV-P17-009 vs JEV-P17-019,JEV-P17-009,JEV-P17-019,P17,0.2812,APROBADO (<0.50),Shingles compartidos: 270 de 960 totales en ventana 5-gram.
Par intra-pilar P17: JEV-P17-009 vs JEV-P17-020,JEV-P17-009,JEV-P17-020,P17,0.2872,APROBADO (<0.50),Shingles compartidos: 274 de 954 totales en ventana 5-gram.
Par intra-pilar P17: JEV-P17-010 vs JEV-P17-011,JEV-P17-010,JEV-P17-011,P17,0.2944,APROBADO (<0.50),Shingles compartidos: 272 de 924 totales en ventana 5-gram.
Par intra-pilar P17: JEV-P17-010 vs JEV-P17-012,JEV-P17-010,JEV-P17-012,P17,0.2945,APROBADO (<0.50),Shingles compartidos: 273 de 927 totales en ventana 5-gram.
Par intra-pilar P17: JEV-P17-010 vs JEV-P17-013,JEV-P17-010,JEV-P17-013,P17,0.2992,APROBADO (<0.50),Shingles compartidos: 272 de 909 totales en ventana 5-gram.
Par intra-pilar P17: JEV-P17-010 vs JEV-P17-014,JEV-P17-010,JEV-P17-014,P17,0.2930,APROBADO (<0.50),Shingles compartidos: 271 de 925 totales en ventana 5-gram.
Par intra-pilar P17: JEV-P17-010 vs JEV-P17-015,JEV-P17-010,JEV-P17-015,P17,0.3028,APROBADO (<0.50),Shingles compartidos: 274 de 905 totales en ventana 5-gram.
Par intra-pilar P17: JEV-P17-010 vs JEV-P17-016,JEV-P17-010,JEV-P17-016,P17,0.2981,APROBADO (<0.50),Shingles compartidos: 271 de 909 totales en ventana 5-gram.
Par intra-pilar P17: JEV-P17-010 vs JEV-P17-017,JEV-P17-010,JEV-P17-017,P17,0.3018,APROBADO (<0.50),Shingles compartidos: 274 de 908 totales en ventana 5-gram.
Par intra-pilar P17: JEV-P17-010 vs JEV-P17-018,JEV-P17-010,JEV-P17-018,P17,0.2989,APROBADO (<0.50),Shingles compartidos: 272 de 910 totales en ventana 5-gram.
Par intra-pilar P17: JEV-P17-010 vs JEV-P17-019,JEV-P17-010,JEV-P17-019,P17,0.2986,APROBADO (<0.50),Shingles compartidos: 275 de 921 totales en ventana 5-gram.
Par intra-pilar P17: JEV-P17-010 vs JEV-P17-020,JEV-P17-010,JEV-P17-020,P17,0.2922,APROBADO (<0.50),Shingles compartidos: 270 de 924 totales en ventana 5-gram.
Par intra-pilar P17: JEV-P17-011 vs JEV-P17-012,JEV-P17-011,JEV-P17-012,P17,0.2854,APROBADO (<0.50),Shingles compartidos: 274 de 960 totales en ventana 5-gram.
Par intra-pilar P17: JEV-P17-011 vs JEV-P17-013,JEV-P17-011,JEV-P17-013,P17,0.2898,APROBADO (<0.50),Shingles compartidos: 273 de 942 totales en ventana 5-gram.
Par intra-pilar P17: JEV-P17-011 vs JEV-P17-014,JEV-P17-011,JEV-P17-014,P17,0.2812,APROBADO (<0.50),Shingles compartidos: 270 de 960 totales en ventana 5-gram.
Par intra-pilar P17: JEV-P17-011 vs JEV-P17-015,JEV-P17-011,JEV-P17-015,P17,0.2891,APROBADO (<0.50),Shingles compartidos: 272 de 941 totales en ventana 5-gram.
Par intra-pilar P17: JEV-P17-011 vs JEV-P17-016,JEV-P17-011,JEV-P17-016,P17,0.2887,APROBADO (<0.50),Shingles compartidos: 272 de 942 totales en ventana 5-gram.
Par intra-pilar P17: JEV-P17-011 vs JEV-P17-017,JEV-P17-011,JEV-P17-017,P17,0.2881,APROBADO (<0.50),Shingles compartidos: 272 de 944 totales en ventana 5-gram.
Par intra-pilar P17: JEV-P17-011 vs JEV-P17-018,JEV-P17-011,JEV-P17-018,P17,0.2854,APROBADO (<0.50),Shingles compartidos: 270 de 946 totales en ventana 5-gram.
Par intra-pilar P17: JEV-P17-011 vs JEV-P17-019,JEV-P17-011,JEV-P17-019,P17,0.2839,APROBADO (<0.50),Shingles compartidos: 272 de 958 totales en ventana 5-gram.
Par intra-pilar P17: JEV-P17-011 vs JEV-P17-020,JEV-P17-011,JEV-P17-020,P17,0.2818,APROBADO (<0.50),Shingles compartidos: 270 de 958 totales en ventana 5-gram.
Par intra-pilar P17: JEV-P17-012 vs JEV-P17-013,JEV-P17-012,JEV-P17-013,P17,0.2872,APROBADO (<0.50),Shingles compartidos: 272 de 947 totales en ventana 5-gram.
Par intra-pilar P17: JEV-P17-012 vs JEV-P17-014,JEV-P17-012,JEV-P17-014,P17,0.2788,APROBADO (<0.50),Shingles compartidos: 269 de 965 totales en ventana 5-gram.
Par intra-pilar P17: JEV-P17-012 vs JEV-P17-015,JEV-P17-012,JEV-P17-015,P17,0.2878,APROBADO (<0.50),Shingles compartidos: 272 de 945 totales en ventana 5-gram.
Par intra-pilar P17: JEV-P17-012 vs JEV-P17-016,JEV-P17-012,JEV-P17-016,P17,0.2835,APROBADO (<0.50),Shingles compartidos: 269 de 949 totales en ventana 5-gram.
Par intra-pilar P17: JEV-P17-012 vs JEV-P17-017,JEV-P17-012,JEV-P17-017,P17,0.2883,APROBADO (<0.50),Shingles compartidos: 273 de 947 totales en ventana 5-gram.
Par intra-pilar P17: JEV-P17-012 vs JEV-P17-018,JEV-P17-012,JEV-P17-018,P17,0.2829,APROBADO (<0.50),Shingles compartidos: 269 de 951 totales en ventana 5-gram.
Par intra-pilar P17: JEV-P17-012 vs JEV-P17-019,JEV-P17-012,JEV-P17-019,P17,0.2841,APROBADO (<0.50),Shingles compartidos: 273 de 961 totales en ventana 5-gram.
Par intra-pilar P17: JEV-P17-012 vs JEV-P17-020,JEV-P17-012,JEV-P17-020,P17,0.2793,APROBADO (<0.50),Shingles compartidos: 269 de 963 totales en ventana 5-gram.
Par intra-pilar P17: JEV-P17-013 vs JEV-P17-014,JEV-P17-013,JEV-P17-014,P17,0.2857,APROBADO (<0.50),Shingles compartidos: 270 de 945 totales en ventana 5-gram.
Par intra-pilar P17: JEV-P17-013 vs JEV-P17-015,JEV-P17-013,JEV-P17-015,P17,0.2937,APROBADO (<0.50),Shingles compartidos: 272 de 926 totales en ventana 5-gram.
Par intra-pilar P17: JEV-P17-013 vs JEV-P17-016,JEV-P17-013,JEV-P17-016,P17,0.2934,APROBADO (<0.50),Shingles compartidos: 272 de 927 totales en ventana 5-gram.
Par intra-pilar P17: JEV-P17-013 vs JEV-P17-017,JEV-P17-013,JEV-P17-017,P17,0.2942,APROBADO (<0.50),Shingles compartidos: 273 de 928 totales en ventana 5-gram.
Par intra-pilar P17: JEV-P17-013 vs JEV-P17-018,JEV-P17-013,JEV-P17-018,P17,0.2914,APROBADO (<0.50),Shingles compartidos: 271 de 930 totales en ventana 5-gram.
Par intra-pilar P17: JEV-P17-013 vs JEV-P17-019,JEV-P17-013,JEV-P17-019,P17,0.2898,APROBADO (<0.50),Shingles compartidos: 273 de 942 totales en ventana 5-gram.
Par intra-pilar P17: JEV-P17-013 vs JEV-P17-020,JEV-P17-013,JEV-P17-020,P17,0.2877,APROBADO (<0.50),Shingles compartidos: 271 de 942 totales en ventana 5-gram.
Par intra-pilar P17: JEV-P17-014 vs JEV-P17-015,JEV-P17-014,JEV-P17-015,P17,0.2863,APROBADO (<0.50),Shingles compartidos: 270 de 943 totales en ventana 5-gram.
Par intra-pilar P17: JEV-P17-014 vs JEV-P17-016,JEV-P17-014,JEV-P17-016,P17,0.2915,APROBADO (<0.50),Shingles compartidos: 274 de 940 totales en ventana 5-gram.
Par intra-pilar P17: JEV-P17-014 vs JEV-P17-017,JEV-P17-014,JEV-P17-017,P17,0.2841,APROBADO (<0.50),Shingles compartidos: 269 de 947 totales en ventana 5-gram.
Par intra-pilar P17: JEV-P17-014 vs JEV-P17-018,JEV-P17-014,JEV-P17-018,P17,0.2909,APROBADO (<0.50),Shingles compartidos: 274 de 942 totales en ventana 5-gram.
Par intra-pilar P17: JEV-P17-014 vs JEV-P17-019,JEV-P17-014,JEV-P17-019,P17,0.2812,APROBADO (<0.50),Shingles compartidos: 270 de 960 totales en ventana 5-gram.
Par intra-pilar P17: JEV-P17-014 vs JEV-P17-020,JEV-P17-014,JEV-P17-020,P17,0.2859,APROBADO (<0.50),Shingles compartidos: 273 de 955 totales en ventana 5-gram.
Par intra-pilar P17: JEV-P17-015 vs JEV-P17-016,JEV-P17-015,JEV-P17-016,P17,0.2927,APROBADO (<0.50),Shingles compartidos: 271 de 926 totales en ventana 5-gram.
Par intra-pilar P17: JEV-P17-015 vs JEV-P17-017,JEV-P17-015,JEV-P17-017,P17,0.2976,APROBADO (<0.50),Shingles compartidos: 275 de 924 totales en ventana 5-gram.
Par intra-pilar P17: JEV-P17-015 vs JEV-P17-018,JEV-P17-015,JEV-P17-018,P17,0.2920,APROBADO (<0.50),Shingles compartidos: 271 de 928 totales en ventana 5-gram.
Par intra-pilar P17: JEV-P17-015 vs JEV-P17-019,JEV-P17-015,JEV-P17-019,P17,0.2904,APROBADO (<0.50),Shingles compartidos: 273 de 940 totales en ventana 5-gram.
Par intra-pilar P17: JEV-P17-015 vs JEV-P17-020,JEV-P17-015,JEV-P17-020,P17,0.2883,APROBADO (<0.50),Shingles compartidos: 271 de 940 totales en ventana 5-gram.
Par intra-pilar P17: JEV-P17-016 vs JEV-P17-017,JEV-P17-016,JEV-P17-017,P17,0.2903,APROBADO (<0.50),Shingles compartidos: 270 de 930 totales en ventana 5-gram.
Par intra-pilar P17: JEV-P17-016 vs JEV-P17-018,JEV-P17-016,JEV-P17-018,P17,0.2987,APROBADO (<0.50),Shingles compartidos: 276 de 924 totales en ventana 5-gram.
Par intra-pilar P17: JEV-P17-016 vs JEV-P17-019,JEV-P17-016,JEV-P17-019,P17,0.2860,APROBADO (<0.50),Shingles compartidos: 270 de 944 totales en ventana 5-gram.
Par intra-pilar P17: JEV-P17-016 vs JEV-P17-020,JEV-P17-016,JEV-P17-020,P17,0.2921,APROBADO (<0.50),Shingles compartidos: 274 de 938 totales en ventana 5-gram.
Par intra-pilar P17: JEV-P17-017 vs JEV-P17-018,JEV-P17-017,JEV-P17-018,P17,0.2897,APROBADO (<0.50),Shingles compartidos: 270 de 932 totales en ventana 5-gram.
Par intra-pilar P17: JEV-P17-017 vs JEV-P17-019,JEV-P17-017,JEV-P17-019,P17,0.2936,APROBADO (<0.50),Shingles compartidos: 276 de 940 totales en ventana 5-gram.
Par intra-pilar P17: JEV-P17-017 vs JEV-P17-020,JEV-P17-017,JEV-P17-020,P17,0.2874,APROBADO (<0.50),Shingles compartidos: 271 de 943 totales en ventana 5-gram.
Par intra-pilar P17: JEV-P17-018 vs JEV-P17-019,JEV-P17-018,JEV-P17-019,P17,0.2854,APROBADO (<0.50),Shingles compartidos: 270 de 946 totales en ventana 5-gram.
Par intra-pilar P17: JEV-P17-018 vs JEV-P17-020,JEV-P17-018,JEV-P17-020,P17,0.2942,APROBADO (<0.50),Shingles compartidos: 276 de 938 totales en ventana 5-gram.
Par intra-pilar P17: JEV-P17-019 vs JEV-P17-020,JEV-P17-019,JEV-P17-020,P17,0.2832,APROBADO (<0.50),Shingles compartidos: 271 de 957 totales en ventana 5-gram.
Par intra-pilar P18: JEV-P18-001 vs JEV-P18-002,JEV-P18-001,JEV-P18-002,P18,0.2942,APROBADO (<0.50),Shingles compartidos: 288 de 979 totales en ventana 5-gram.
Par intra-pilar P18: JEV-P18-001 vs JEV-P18-003,JEV-P18-001,JEV-P18-003,P18,0.2846,APROBADO (<0.50),Shingles compartidos: 288 de 1012 totales en ventana 5-gram.
Par intra-pilar P18: JEV-P18-001 vs JEV-P18-004,JEV-P18-001,JEV-P18-004,P18,0.2976,APROBADO (<0.50),Shingles compartidos: 289 de 971 totales en ventana 5-gram.
Par intra-pilar P18: JEV-P18-001 vs JEV-P18-005,JEV-P18-001,JEV-P18-005,P18,0.2899,APROBADO (<0.50),Shingles compartidos: 289 de 997 totales en ventana 5-gram.
Par intra-pilar P18: JEV-P18-001 vs JEV-P18-006,JEV-P18-001,JEV-P18-006,P18,0.3001,APROBADO (<0.50),Shingles compartidos: 289 de 963 totales en ventana 5-gram.
Par intra-pilar P18: JEV-P18-001 vs JEV-P18-007,JEV-P18-001,JEV-P18-007,P18,0.2339,APROBADO (<0.50),Shingles compartidos: 247 de 1056 totales en ventana 5-gram.
Par intra-pilar P18: JEV-P18-001 vs JEV-P18-008,JEV-P18-001,JEV-P18-008,P18,0.2915,APROBADO (<0.50),Shingles compartidos: 288 de 988 totales en ventana 5-gram.
Par intra-pilar P18: JEV-P18-001 vs JEV-P18-009,JEV-P18-001,JEV-P18-009,P18,0.2951,APROBADO (<0.50),Shingles compartidos: 288 de 976 totales en ventana 5-gram.
Par intra-pilar P18: JEV-P18-001 vs JEV-P18-010,JEV-P18-001,JEV-P18-010,P18,0.2426,APROBADO (<0.50),Shingles compartidos: 247 de 1018 totales en ventana 5-gram.
Par intra-pilar P18: JEV-P18-001 vs JEV-P18-011,JEV-P18-001,JEV-P18-011,P18,0.2901,APROBADO (<0.50),Shingles compartidos: 284 de 979 totales en ventana 5-gram.
Par intra-pilar P18: JEV-P18-001 vs JEV-P18-012,JEV-P18-001,JEV-P18-012,P18,0.2985,APROBADO (<0.50),Shingles compartidos: 291 de 975 totales en ventana 5-gram.
Par intra-pilar P18: JEV-P18-001 vs JEV-P18-013,JEV-P18-001,JEV-P18-013,P18,0.2907,APROBADO (<0.50),Shingles compartidos: 286 de 984 totales en ventana 5-gram.
Par intra-pilar P18: JEV-P18-001 vs JEV-P18-014,JEV-P18-001,JEV-P18-014,P18,0.2870,APROBADO (<0.50),Shingles compartidos: 287 de 1000 totales en ventana 5-gram.
Par intra-pilar P18: JEV-P18-001 vs JEV-P18-015,JEV-P18-001,JEV-P18-015,P18,0.2887,APROBADO (<0.50),Shingles compartidos: 287 de 994 totales en ventana 5-gram.
Par intra-pilar P18: JEV-P18-001 vs JEV-P18-016,JEV-P18-001,JEV-P18-016,P18,0.2930,APROBADO (<0.50),Shingles compartidos: 288 de 983 totales en ventana 5-gram.
Par intra-pilar P18: JEV-P18-001 vs JEV-P18-017,JEV-P18-001,JEV-P18-017,P18,0.2914,APROBADO (<0.50),Shingles compartidos: 287 de 985 totales en ventana 5-gram.
Par intra-pilar P18: JEV-P18-001 vs JEV-P18-018,JEV-P18-001,JEV-P18-018,P18,0.2912,APROBADO (<0.50),Shingles compartidos: 288 de 989 totales en ventana 5-gram.
Par intra-pilar P18: JEV-P18-001 vs JEV-P18-019,JEV-P18-001,JEV-P18-019,P18,0.2846,APROBADO (<0.50),Shingles compartidos: 288 de 1012 totales en ventana 5-gram.
Par intra-pilar P18: JEV-P18-001 vs JEV-P18-020,JEV-P18-001,JEV-P18-020,P18,0.2916,APROBADO (<0.50),Shingles compartidos: 291 de 998 totales en ventana 5-gram.
Par intra-pilar P18: JEV-P18-002 vs JEV-P18-003,JEV-P18-002,JEV-P18-003,P18,0.2820,APROBADO (<0.50),Shingles compartidos: 284 de 1007 totales en ventana 5-gram.
Par intra-pilar P18: JEV-P18-002 vs JEV-P18-004,JEV-P18-002,JEV-P18-004,P18,0.3004,APROBADO (<0.50),Shingles compartidos: 289 de 962 totales en ventana 5-gram.
Par intra-pilar P18: JEV-P18-002 vs JEV-P18-005,JEV-P18-002,JEV-P18-005,P18,0.2925,APROBADO (<0.50),Shingles compartidos: 289 de 988 totales en ventana 5-gram.
Par intra-pilar P18: JEV-P18-002 vs JEV-P18-006,JEV-P18-002,JEV-P18-006,P18,0.3016,APROBADO (<0.50),Shingles compartidos: 288 de 955 totales en ventana 5-gram.
Par intra-pilar P18: JEV-P18-002 vs JEV-P18-007,JEV-P18-002,JEV-P18-007,P18,0.2383,APROBADO (<0.50),Shingles compartidos: 249 de 1045 totales en ventana 5-gram.
Par intra-pilar P18: JEV-P18-002 vs JEV-P18-008,JEV-P18-002,JEV-P18-008,P18,0.2942,APROBADO (<0.50),Shingles compartidos: 288 de 979 totales en ventana 5-gram.
Par intra-pilar P18: JEV-P18-002 vs JEV-P18-009,JEV-P18-002,JEV-P18-009,P18,0.3005,APROBADO (<0.50),Shingles compartidos: 290 de 965 totales en ventana 5-gram.
Par intra-pilar P18: JEV-P18-002 vs JEV-P18-010,JEV-P18-002,JEV-P18-010,P18,0.2460,APROBADO (<0.50),Shingles compartidos: 248 de 1008 totales en ventana 5-gram.
Par intra-pilar P18: JEV-P18-002 vs JEV-P18-011,JEV-P18-002,JEV-P18-011,P18,0.2955,APROBADO (<0.50),Shingles compartidos: 286 de 968 totales en ventana 5-gram.
Par intra-pilar P18: JEV-P18-002 vs JEV-P18-012,JEV-P18-002,JEV-P18-012,P18,0.2972,APROBADO (<0.50),Shingles compartidos: 288 de 969 totales en ventana 5-gram.
Par intra-pilar P18: JEV-P18-002 vs JEV-P18-013,JEV-P18-002,JEV-P18-013,P18,0.2947,APROBADO (<0.50),Shingles compartidos: 287 de 974 totales en ventana 5-gram.
Par intra-pilar P18: JEV-P18-002 vs JEV-P18-014,JEV-P18-002,JEV-P18-014,P18,0.2935,APROBADO (<0.50),Shingles compartidos: 290 de 988 totales en ventana 5-gram.
Par intra-pilar P18: JEV-P18-002 vs JEV-P18-015,JEV-P18-002,JEV-P18-015,P18,0.2927,APROBADO (<0.50),Shingles compartidos: 288 de 984 totales en ventana 5-gram.
Par intra-pilar P18: JEV-P18-002 vs JEV-P18-016,JEV-P18-002,JEV-P18-016,P18,0.3024,APROBADO (<0.50),Shingles compartidos: 293 de 969 totales en ventana 5-gram.
Par intra-pilar P18: JEV-P18-002 vs JEV-P18-017,JEV-P18-002,JEV-P18-017,P18,0.2954,APROBADO (<0.50),Shingles compartidos: 288 de 975 totales en ventana 5-gram.
Par intra-pilar P18: JEV-P18-002 vs JEV-P18-018,JEV-P18-002,JEV-P18-018,P18,0.2952,APROBADO (<0.50),Shingles compartidos: 289 de 979 totales en ventana 5-gram.
Par intra-pilar P18: JEV-P18-002 vs JEV-P18-019,JEV-P18-002,JEV-P18-019,P18,0.2859,APROBADO (<0.50),Shingles compartidos: 287 de 1004 totales en ventana 5-gram.
Par intra-pilar P18: JEV-P18-002 vs JEV-P18-020,JEV-P18-002,JEV-P18-020,P18,0.2916,APROBADO (<0.50),Shingles compartidos: 289 de 991 totales en ventana 5-gram.
Par intra-pilar P18: JEV-P18-003 vs JEV-P18-004,JEV-P18-003,JEV-P18-004,P18,0.2879,APROBADO (<0.50),Shingles compartidos: 287 de 997 totales en ventana 5-gram.
Par intra-pilar P18: JEV-P18-003 vs JEV-P18-005,JEV-P18-003,JEV-P18-005,P18,0.2793,APROBADO (<0.50),Shingles compartidos: 286 de 1024 totales en ventana 5-gram.
Par intra-pilar P18: JEV-P18-003 vs JEV-P18-006,JEV-P18-003,JEV-P18-006,P18,0.2902,APROBADO (<0.50),Shingles compartidos: 287 de 989 totales en ventana 5-gram.
Par intra-pilar P18: JEV-P18-003 vs JEV-P18-007,JEV-P18-003,JEV-P18-007,P18,0.2276,APROBADO (<0.50),Shingles compartidos: 246 de 1081 totales en ventana 5-gram.
Par intra-pilar P18: JEV-P18-003 vs JEV-P18-008,JEV-P18-003,JEV-P18-008,P18,0.2821,APROBADO (<0.50),Shingles compartidos: 286 de 1014 totales en ventana 5-gram.
Par intra-pilar P18: JEV-P18-003 vs JEV-P18-009,JEV-P18-003,JEV-P18-009,P18,0.2867,APROBADO (<0.50),Shingles compartidos: 287 de 1001 totales en ventana 5-gram.
Par intra-pilar P18: JEV-P18-003 vs JEV-P18-010,JEV-P18-003,JEV-P18-010,P18,0.2370,APROBADO (<0.50),Shingles compartidos: 247 de 1042 totales en ventana 5-gram.
Par intra-pilar P18: JEV-P18-003 vs JEV-P18-011,JEV-P18-003,JEV-P18-011,P18,0.2922,APROBADO (<0.50),Shingles compartidos: 291 de 996 totales en ventana 5-gram.
Par intra-pilar P18: JEV-P18-003 vs JEV-P18-012,JEV-P18-003,JEV-P18-012,P18,0.2861,APROBADO (<0.50),Shingles compartidos: 287 de 1003 totales en ventana 5-gram.
Par intra-pilar P18: JEV-P18-003 vs JEV-P18-013,JEV-P18-003,JEV-P18-013,P18,0.2863,APROBADO (<0.50),Shingles compartidos: 288 de 1006 totales en ventana 5-gram.
Par intra-pilar P18: JEV-P18-003 vs JEV-P18-014,JEV-P18-003,JEV-P18-014,P18,0.2790,APROBADO (<0.50),Shingles compartidos: 286 de 1025 totales en ventana 5-gram.
Par intra-pilar P18: JEV-P18-003 vs JEV-P18-015,JEV-P18-003,JEV-P18-015,P18,0.2794,APROBADO (<0.50),Shingles compartidos: 285 de 1020 totales en ventana 5-gram.
Par intra-pilar P18: JEV-P18-003 vs JEV-P18-016,JEV-P18-003,JEV-P18-016,P18,0.2809,APROBADO (<0.50),Shingles compartidos: 284 de 1011 totales en ventana 5-gram.
Par intra-pilar P18: JEV-P18-003 vs JEV-P18-017,JEV-P18-003,JEV-P18-017,P18,0.2819,APROBADO (<0.50),Shingles compartidos: 285 de 1011 totales en ventana 5-gram.
Par intra-pilar P18: JEV-P18-003 vs JEV-P18-018,JEV-P18-003,JEV-P18-018,P18,0.2856,APROBADO (<0.50),Shingles compartidos: 289 de 1012 totales en ventana 5-gram.
Par intra-pilar P18: JEV-P18-003 vs JEV-P18-019,JEV-P18-003,JEV-P18-019,P18,0.2755,APROBADO (<0.50),Shingles compartidos: 286 de 1038 totales en ventana 5-gram.
Par intra-pilar P18: JEV-P18-003 vs JEV-P18-020,JEV-P18-003,JEV-P18-020,P18,0.2785,APROBADO (<0.50),Shingles compartidos: 286 de 1027 totales en ventana 5-gram.
Par intra-pilar P18: JEV-P18-004 vs JEV-P18-005,JEV-P18-004,JEV-P18-005,P18,0.2959,APROBADO (<0.50),Shingles compartidos: 290 de 980 totales en ventana 5-gram.
Par intra-pilar P18: JEV-P18-004 vs JEV-P18-006,JEV-P18-004,JEV-P18-006,P18,0.3079,APROBADO (<0.50),Shingles compartidos: 291 de 945 totales en ventana 5-gram.
Par intra-pilar P18: JEV-P18-004 vs JEV-P18-007,JEV-P18-004,JEV-P18-007,P18,0.2411,APROBADO (<0.50),Shingles compartidos: 250 de 1037 totales en ventana 5-gram.
Par intra-pilar P18: JEV-P18-004 vs JEV-P18-008,JEV-P18-004,JEV-P18-008,P18,0.2990,APROBADO (<0.50),Shingles compartidos: 290 de 970 totales en ventana 5-gram.
Par intra-pilar P18: JEV-P18-004 vs JEV-P18-009,JEV-P18-004,JEV-P18-009,P18,0.3027,APROBADO (<0.50),Shingles compartidos: 290 de 958 totales en ventana 5-gram.
Par intra-pilar P18: JEV-P18-004 vs JEV-P18-010,JEV-P18-004,JEV-P18-010,P18,0.2515,APROBADO (<0.50),Shingles compartidos: 251 de 998 totales en ventana 5-gram.
Par intra-pilar P18: JEV-P18-004 vs JEV-P18-011,JEV-P18-004,JEV-P18-011,P18,0.3017,APROBADO (<0.50),Shingles compartidos: 289 de 958 totales en ventana 5-gram.
Par intra-pilar P18: JEV-P18-004 vs JEV-P18-012,JEV-P18-004,JEV-P18-012,P18,0.3062,APROBADO (<0.50),Shingles compartidos: 293 de 957 totales en ventana 5-gram.
Par intra-pilar P18: JEV-P18-004 vs JEV-P18-013,JEV-P18-004,JEV-P18-013,P18,0.2981,APROBADO (<0.50),Shingles compartidos: 288 de 966 totales en ventana 5-gram.
Par intra-pilar P18: JEV-P18-004 vs JEV-P18-014,JEV-P18-004,JEV-P18-014,P18,0.3009,APROBADO (<0.50),Shingles compartidos: 294 de 977 totales en ventana 5-gram.
Par intra-pilar P18: JEV-P18-004 vs JEV-P18-015,JEV-P18-004,JEV-P18-015,P18,0.2974,APROBADO (<0.50),Shingles compartidos: 290 de 975 totales en ventana 5-gram.
Par intra-pilar P18: JEV-P18-004 vs JEV-P18-016,JEV-P18-004,JEV-P18-016,P18,0.2992,APROBADO (<0.50),Shingles compartidos: 289 de 966 totales en ventana 5-gram.
Par intra-pilar P18: JEV-P18-004 vs JEV-P18-017,JEV-P18-004,JEV-P18-017,P18,0.3029,APROBADO (<0.50),Shingles compartidos: 292 de 964 totales en ventana 5-gram.
Par intra-pilar P18: JEV-P18-004 vs JEV-P18-018,JEV-P18-004,JEV-P18-018,P18,0.2920,APROBADO (<0.50),Shingles compartidos: 285 de 976 totales en ventana 5-gram.
Par intra-pilar P18: JEV-P18-004 vs JEV-P18-019,JEV-P18-004,JEV-P18-019,P18,0.2970,APROBADO (<0.50),Shingles compartidos: 294 de 990 totales en ventana 5-gram.
Par intra-pilar P18: JEV-P18-004 vs JEV-P18-020,JEV-P18-004,JEV-P18-020,P18,0.2924,APROBADO (<0.50),Shingles compartidos: 288 de 985 totales en ventana 5-gram.
Par intra-pilar P18: JEV-P18-005 vs JEV-P18-006,JEV-P18-005,JEV-P18-006,P18,0.2957,APROBADO (<0.50),Shingles compartidos: 288 de 974 totales en ventana 5-gram.
Par intra-pilar P18: JEV-P18-005 vs JEV-P18-007,JEV-P18-005,JEV-P18-007,P18,0.2329,APROBADO (<0.50),Shingles compartidos: 248 de 1065 totales en ventana 5-gram.
Par intra-pilar P18: JEV-P18-005 vs JEV-P18-008,JEV-P18-005,JEV-P18-008,P18,0.2899,APROBADO (<0.50),Shingles compartidos: 289 de 997 totales en ventana 5-gram.
Par intra-pilar P18: JEV-P18-005 vs JEV-P18-009,JEV-P18-005,JEV-P18-009,P18,0.2908,APROBADO (<0.50),Shingles compartidos: 287 de 987 totales en ventana 5-gram.
Par intra-pilar P18: JEV-P18-005 vs JEV-P18-010,JEV-P18-005,JEV-P18-010,P18,0.2391,APROBADO (<0.50),Shingles compartidos: 246 de 1029 totales en ventana 5-gram.
Par intra-pilar P18: JEV-P18-005 vs JEV-P18-011,JEV-P18-005,JEV-P18-011,P18,0.2911,APROBADO (<0.50),Shingles compartidos: 287 de 986 totales en ventana 5-gram.
Par intra-pilar P18: JEV-P18-005 vs JEV-P18-012,JEV-P18-005,JEV-P18-012,P18,0.2954,APROBADO (<0.50),Shingles compartidos: 291 de 985 totales en ventana 5-gram.
Par intra-pilar P18: JEV-P18-005 vs JEV-P18-013,JEV-P18-005,JEV-P18-013,P18,0.2903,APROBADO (<0.50),Shingles compartidos: 288 de 992 totales en ventana 5-gram.
Par intra-pilar P18: JEV-P18-005 vs JEV-P18-014,JEV-P18-005,JEV-P18-014,P18,0.2867,APROBADO (<0.50),Shingles compartidos: 289 de 1008 totales en ventana 5-gram.
Par intra-pilar P18: JEV-P18-005 vs JEV-P18-015,JEV-P18-005,JEV-P18-015,P18,0.2910,APROBADO (<0.50),Shingles compartidos: 291 de 1000 totales en ventana 5-gram.
Par intra-pilar P18: JEV-P18-005 vs JEV-P18-016,JEV-P18-005,JEV-P18-016,P18,0.2913,APROBADO (<0.50),Shingles compartidos: 289 de 992 totales en ventana 5-gram.
Par intra-pilar P18: JEV-P18-005 vs JEV-P18-017,JEV-P18-005,JEV-P18-017,P18,0.2910,APROBADO (<0.50),Shingles compartidos: 289 de 993 totales en ventana 5-gram.
Par intra-pilar P18: JEV-P18-005 vs JEV-P18-018,JEV-P18-005,JEV-P18-018,P18,0.2857,APROBADO (<0.50),Shingles compartidos: 286 de 1001 totales en ventana 5-gram.
Par intra-pilar P18: JEV-P18-005 vs JEV-P18-019,JEV-P18-005,JEV-P18-019,P18,0.2831,APROBADO (<0.50),Shingles compartidos: 289 de 1021 totales en ventana 5-gram.
Par intra-pilar P18: JEV-P18-005 vs JEV-P18-020,JEV-P18-005,JEV-P18-020,P18,0.2861,APROBADO (<0.50),Shingles compartidos: 289 de 1010 totales en ventana 5-gram.
Par intra-pilar P18: JEV-P18-006 vs JEV-P18-007,JEV-P18-006,JEV-P18-007,P18,0.2393,APROBADO (<0.50),Shingles compartidos: 247 de 1032 totales en ventana 5-gram.
Par intra-pilar P18: JEV-P18-006 vs JEV-P18-008,JEV-P18-006,JEV-P18-008,P18,0.2974,APROBADO (<0.50),Shingles compartidos: 287 de 965 totales en ventana 5-gram.
Par intra-pilar P18: JEV-P18-006 vs JEV-P18-009,JEV-P18-006,JEV-P18-009,P18,0.3039,APROBADO (<0.50),Shingles compartidos: 289 de 951 totales en ventana 5-gram.
Par intra-pilar P18: JEV-P18-006 vs JEV-P18-010,JEV-P18-006,JEV-P18-010,P18,0.2523,APROBADO (<0.50),Shingles compartidos: 250 de 991 totales en ventana 5-gram.
Par intra-pilar P18: JEV-P18-006 vs JEV-P18-011,JEV-P18-006,JEV-P18-011,P18,0.2987,APROBADO (<0.50),Shingles compartidos: 285 de 954 totales en ventana 5-gram.
Par intra-pilar P18: JEV-P18-006 vs JEV-P18-012,JEV-P18-006,JEV-P18-012,P18,0.3033,APROBADO (<0.50),Shingles compartidos: 289 de 953 totales en ventana 5-gram.
Par intra-pilar P18: JEV-P18-006 vs JEV-P18-013,JEV-P18-006,JEV-P18-013,P18,0.2952,APROBADO (<0.50),Shingles compartidos: 284 de 962 totales en ventana 5-gram.
Par intra-pilar P18: JEV-P18-006 vs JEV-P18-014,JEV-P18-006,JEV-P18-014,P18,0.2994,APROBADO (<0.50),Shingles compartidos: 291 de 972 totales en ventana 5-gram.
Par intra-pilar P18: JEV-P18-006 vs JEV-P18-015,JEV-P18-006,JEV-P18-015,P18,0.2972,APROBADO (<0.50),Shingles compartidos: 288 de 969 totales en ventana 5-gram.
Par intra-pilar P18: JEV-P18-006 vs JEV-P18-016,JEV-P18-006,JEV-P18-016,P18,0.3017,APROBADO (<0.50),Shingles compartidos: 289 de 958 totales en ventana 5-gram.
Par intra-pilar P18: JEV-P18-006 vs JEV-P18-017,JEV-P18-006,JEV-P18-017,P18,0.2986,APROBADO (<0.50),Shingles compartidos: 287 de 961 totales en ventana 5-gram.
Par intra-pilar P18: JEV-P18-006 vs JEV-P18-018,JEV-P18-006,JEV-P18-018,P18,0.2958,APROBADO (<0.50),Shingles compartidos: 286 de 967 totales en ventana 5-gram.
Par intra-pilar P18: JEV-P18-006 vs JEV-P18-019,JEV-P18-006,JEV-P18-019,P18,0.2928,APROBADO (<0.50),Shingles compartidos: 289 de 987 totales en ventana 5-gram.
Par intra-pilar P18: JEV-P18-006 vs JEV-P18-020,JEV-P18-006,JEV-P18-020,P18,0.2948,APROBADO (<0.50),Shingles compartidos: 288 de 977 totales en ventana 5-gram.
Par intra-pilar P18: JEV-P18-007 vs JEV-P18-008,JEV-P18-007,JEV-P18-008,P18,0.2374,APROBADO (<0.50),Shingles compartidos: 250 de 1053 totales en ventana 5-gram.
Par intra-pilar P18: JEV-P18-007 vs JEV-P18-009,JEV-P18-007,JEV-P18-009,P18,0.2413,APROBADO (<0.50),Shingles compartidos: 251 de 1040 totales en ventana 5-gram.
Par intra-pilar P18: JEV-P18-007 vs JEV-P18-010,JEV-P18-007,JEV-P18-010,P18,0.2483,APROBADO (<0.50),Shingles compartidos: 257 de 1035 totales en ventana 5-gram.
Par intra-pilar P18: JEV-P18-007 vs JEV-P18-011,JEV-P18-007,JEV-P18-011,P18,0.2368,APROBADO (<0.50),Shingles compartidos: 247 de 1043 totales en ventana 5-gram.
Par intra-pilar P18: JEV-P18-007 vs JEV-P18-012,JEV-P18-007,JEV-P18-012,P18,0.2361,APROBADO (<0.50),Shingles compartidos: 247 de 1046 totales en ventana 5-gram.
Par intra-pilar P18: JEV-P18-007 vs JEV-P18-013,JEV-P18-007,JEV-P18-013,P18,0.2341,APROBADO (<0.50),Shingles compartidos: 246 de 1051 totales en ventana 5-gram.
Par intra-pilar P18: JEV-P18-007 vs JEV-P18-014,JEV-P18-007,JEV-P18-014,P18,0.2373,APROBADO (<0.50),Shingles compartidos: 252 de 1062 totales en ventana 5-gram.
Par intra-pilar P18: JEV-P18-007 vs JEV-P18-015,JEV-P18-007,JEV-P18-015,P18,0.2340,APROBADO (<0.50),Shingles compartidos: 248 de 1060 totales en ventana 5-gram.
Par intra-pilar P18: JEV-P18-007 vs JEV-P18-016,JEV-P18-007,JEV-P18-016,P18,0.2362,APROBADO (<0.50),Shingles compartidos: 248 de 1050 totales en ventana 5-gram.
Par intra-pilar P18: JEV-P18-007 vs JEV-P18-017,JEV-P18-007,JEV-P18-017,P18,0.2360,APROBADO (<0.50),Shingles compartidos: 248 de 1051 totales en ventana 5-gram.
Par intra-pilar P18: JEV-P18-007 vs JEV-P18-018,JEV-P18-007,JEV-P18-018,P18,0.2314,APROBADO (<0.50),Shingles compartidos: 245 de 1059 totales en ventana 5-gram.
Par intra-pilar P18: JEV-P18-007 vs JEV-P18-019,JEV-P18-007,JEV-P18-019,P18,0.2287,APROBADO (<0.50),Shingles compartidos: 247 de 1080 totales en ventana 5-gram.
Par intra-pilar P18: JEV-P18-007 vs JEV-P18-020,JEV-P18-007,JEV-P18-020,P18,0.2311,APROBADO (<0.50),Shingles compartidos: 247 de 1069 totales en ventana 5-gram.
Par intra-pilar P18: JEV-P18-008 vs JEV-P18-009,JEV-P18-008,JEV-P18-009,P18,0.2964,APROBADO (<0.50),Shingles compartidos: 289 de 975 totales en ventana 5-gram.
Par intra-pilar P18: JEV-P18-008 vs JEV-P18-010,JEV-P18-008,JEV-P18-010,P18,0.2439,APROBADO (<0.50),Shingles compartidos: 248 de 1017 totales en ventana 5-gram.
Par intra-pilar P18: JEV-P18-008 vs JEV-P18-011,JEV-P18-008,JEV-P18-011,P18,0.2941,APROBADO (<0.50),Shingles compartidos: 287 de 976 totales en ventana 5-gram.
Par intra-pilar P18: JEV-P18-008 vs JEV-P18-012,JEV-P18-008,JEV-P18-012,P18,0.2932,APROBADO (<0.50),Shingles compartidos: 287 de 979 totales en ventana 5-gram.
Par intra-pilar P18: JEV-P18-008 vs JEV-P18-013,JEV-P18-008,JEV-P18-013,P18,0.2907,APROBADO (<0.50),Shingles compartidos: 286 de 984 totales en ventana 5-gram.
Par intra-pilar P18: JEV-P18-008 vs JEV-P18-014,JEV-P18-008,JEV-P18-014,P18,0.2909,APROBADO (<0.50),Shingles compartidos: 290 de 997 totales en ventana 5-gram.
Par intra-pilar P18: JEV-P18-008 vs JEV-P18-015,JEV-P18-008,JEV-P18-015,P18,0.2900,APROBADO (<0.50),Shingles compartidos: 288 de 993 totales en ventana 5-gram.
Par intra-pilar P18: JEV-P18-008 vs JEV-P18-016,JEV-P18-008,JEV-P18-016,P18,0.2930,APROBADO (<0.50),Shingles compartidos: 288 de 983 totales en ventana 5-gram.
Par intra-pilar P18: JEV-P18-008 vs JEV-P18-017,JEV-P18-008,JEV-P18-017,P18,0.2927,APROBADO (<0.50),Shingles compartidos: 288 de 984 totales en ventana 5-gram.
Par intra-pilar P18: JEV-P18-008 vs JEV-P18-018,JEV-P18-008,JEV-P18-018,P18,0.2873,APROBADO (<0.50),Shingles compartidos: 285 de 992 totales en ventana 5-gram.
Par intra-pilar P18: JEV-P18-008 vs JEV-P18-019,JEV-P18-008,JEV-P18-019,P18,0.2833,APROBADO (<0.50),Shingles compartidos: 287 de 1013 totales en ventana 5-gram.
Par intra-pilar P18: JEV-P18-008 vs JEV-P18-020,JEV-P18-008,JEV-P18-020,P18,0.2864,APROBADO (<0.50),Shingles compartidos: 287 de 1002 totales en ventana 5-gram.
Par intra-pilar P18: JEV-P18-009 vs JEV-P18-010,JEV-P18-009,JEV-P18-010,P18,0.2505,APROBADO (<0.50),Shingles compartidos: 251 de 1002 totales en ventana 5-gram.
Par intra-pilar P18: JEV-P18-009 vs JEV-P18-011,JEV-P18-009,JEV-P18-011,P18,0.2964,APROBADO (<0.50),Shingles compartidos: 286 de 965 totales en ventana 5-gram.
Par intra-pilar P18: JEV-P18-009 vs JEV-P18-012,JEV-P18-009,JEV-P18-012,P18,0.2981,APROBADO (<0.50),Shingles compartidos: 288 de 966 totales en ventana 5-gram.
Par intra-pilar P18: JEV-P18-009 vs JEV-P18-013,JEV-P18-009,JEV-P18-013,P18,0.2929,APROBADO (<0.50),Shingles compartidos: 285 de 973 totales en ventana 5-gram.
Par intra-pilar P18: JEV-P18-009 vs JEV-P18-014,JEV-P18-009,JEV-P18-014,P18,0.2984,APROBADO (<0.50),Shingles compartidos: 293 de 982 totales en ventana 5-gram.
Par intra-pilar P18: JEV-P18-009 vs JEV-P18-015,JEV-P18-009,JEV-P18-015,P18,0.2923,APROBADO (<0.50),Shingles compartidos: 287 de 982 totales en ventana 5-gram.
Par intra-pilar P18: JEV-P18-009 vs JEV-P18-016,JEV-P18-009,JEV-P18-016,P18,0.2966,APROBADO (<0.50),Shingles compartidos: 288 de 971 totales en ventana 5-gram.
Par intra-pilar P18: JEV-P18-009 vs JEV-P18-017,JEV-P18-009,JEV-P18-017,P18,0.2950,APROBADO (<0.50),Shingles compartidos: 287 de 973 totales en ventana 5-gram.
Par intra-pilar P18: JEV-P18-009 vs JEV-P18-018,JEV-P18-009,JEV-P18-018,P18,0.2935,APROBADO (<0.50),Shingles compartidos: 287 de 978 totales en ventana 5-gram.
Par intra-pilar P18: JEV-P18-009 vs JEV-P18-019,JEV-P18-009,JEV-P18-019,P18,0.2880,APROBADO (<0.50),Shingles compartidos: 288 de 1000 totales en ventana 5-gram.
Par intra-pilar P18: JEV-P18-009 vs JEV-P18-020,JEV-P18-009,JEV-P18-020,P18,0.2925,APROBADO (<0.50),Shingles compartidos: 289 de 988 totales en ventana 5-gram.
Par intra-pilar P18: JEV-P18-010 vs JEV-P18-011,JEV-P18-010,JEV-P18-011,P18,0.2433,APROBADO (<0.50),Shingles compartidos: 245 de 1007 totales en ventana 5-gram.
Par intra-pilar P18: JEV-P18-010 vs JEV-P18-012,JEV-P18-010,JEV-P18-012,P18,0.2475,APROBADO (<0.50),Shingles compartidos: 249 de 1006 totales en ventana 5-gram.
Par intra-pilar P18: JEV-P18-010 vs JEV-P18-013,JEV-P18-010,JEV-P18-013,P18,0.2404,APROBADO (<0.50),Shingles compartidos: 244 de 1015 totales en ventana 5-gram.
Par intra-pilar P18: JEV-P18-010 vs JEV-P18-014,JEV-P18-010,JEV-P18-014,P18,0.2449,APROBADO (<0.50),Shingles compartidos: 251 de 1025 totales en ventana 5-gram.
Par intra-pilar P18: JEV-P18-010 vs JEV-P18-015,JEV-P18-010,JEV-P18-015,P18,0.2414,APROBADO (<0.50),Shingles compartidos: 247 de 1023 totales en ventana 5-gram.
Par intra-pilar P18: JEV-P18-010 vs JEV-P18-016,JEV-P18-010,JEV-P18-016,P18,0.2438,APROBADO (<0.50),Shingles compartidos: 247 de 1013 totales en ventana 5-gram.
Par intra-pilar P18: JEV-P18-010 vs JEV-P18-017,JEV-P18-010,JEV-P18-017,P18,0.2424,APROBADO (<0.50),Shingles compartidos: 246 de 1015 totales en ventana 5-gram.
Par intra-pilar P18: JEV-P18-010 vs JEV-P18-018,JEV-P18-010,JEV-P18-018,P18,0.2412,APROBADO (<0.50),Shingles compartidos: 246 de 1020 totales en ventana 5-gram.
Par intra-pilar P18: JEV-P18-010 vs JEV-P18-019,JEV-P18-010,JEV-P18-019,P18,0.2370,APROBADO (<0.50),Shingles compartidos: 247 de 1042 totales en ventana 5-gram.
Par intra-pilar P18: JEV-P18-010 vs JEV-P18-020,JEV-P18-010,JEV-P18-020,P18,0.2396,APROBADO (<0.50),Shingles compartidos: 247 de 1031 totales en ventana 5-gram.
Par intra-pilar P18: JEV-P18-011 vs JEV-P18-012,JEV-P18-011,JEV-P18-012,P18,0.2931,APROBADO (<0.50),Shingles compartidos: 284 de 969 totales en ventana 5-gram.
Par intra-pilar P18: JEV-P18-011 vs JEV-P18-013,JEV-P18-011,JEV-P18-013,P18,0.2972,APROBADO (<0.50),Shingles compartidos: 288 de 969 totales en ventana 5-gram.
Par intra-pilar P18: JEV-P18-011 vs JEV-P18-014,JEV-P18-011,JEV-P18-014,P18,0.2921,APROBADO (<0.50),Shingles compartidos: 288 de 986 totales en ventana 5-gram.
Par intra-pilar P18: JEV-P18-011 vs JEV-P18-015,JEV-P18-011,JEV-P18-015,P18,0.2926,APROBADO (<0.50),Shingles compartidos: 287 de 981 totales en ventana 5-gram.
Par intra-pilar P18: JEV-P18-011 vs JEV-P18-016,JEV-P18-011,JEV-P18-016,P18,0.2929,APROBADO (<0.50),Shingles compartidos: 285 de 973 totales en ventana 5-gram.
Par intra-pilar P18: JEV-P18-011 vs JEV-P18-017,JEV-P18-011,JEV-P18-017,P18,0.2953,APROBADO (<0.50),Shingles compartidos: 287 de 972 totales en ventana 5-gram.
Par intra-pilar P18: JEV-P18-011 vs JEV-P18-018,JEV-P18-011,JEV-P18-018,P18,0.2938,APROBADO (<0.50),Shingles compartidos: 287 de 977 totales en ventana 5-gram.
Par intra-pilar P18: JEV-P18-011 vs JEV-P18-019,JEV-P18-011,JEV-P18-019,P18,0.2844,APROBADO (<0.50),Shingles compartidos: 285 de 1002 totales en ventana 5-gram.
Par intra-pilar P18: JEV-P18-011 vs JEV-P18-020,JEV-P18-011,JEV-P18-020,P18,0.2863,APROBADO (<0.50),Shingles compartidos: 284 de 992 totales en ventana 5-gram.
Par intra-pilar P18: JEV-P18-012 vs JEV-P18-013,JEV-P18-012,JEV-P18-013,P18,0.2963,APROBADO (<0.50),Shingles compartidos: 288 de 972 totales en ventana 5-gram.
Par intra-pilar P18: JEV-P18-012 vs JEV-P18-014,JEV-P18-012,JEV-P18-014,P18,0.2912,APROBADO (<0.50),Shingles compartidos: 288 de 989 totales en ventana 5-gram.
Par intra-pilar P18: JEV-P18-012 vs JEV-P18-015,JEV-P18-012,JEV-P18-015,P18,0.2930,APROBADO (<0.50),Shingles compartidos: 288 de 983 totales en ventana 5-gram.
Par intra-pilar P18: JEV-P18-012 vs JEV-P18-016,JEV-P18-012,JEV-P18-016,P18,0.2960,APROBADO (<0.50),Shingles compartidos: 288 de 973 totales en ventana 5-gram.
Par intra-pilar P18: JEV-P18-012 vs JEV-P18-017,JEV-P18-012,JEV-P18-017,P18,0.2984,APROBADO (<0.50),Shingles compartidos: 290 de 972 totales en ventana 5-gram.
Par intra-pilar P18: JEV-P18-012 vs JEV-P18-018,JEV-P18-012,JEV-P18-018,P18,0.2942,APROBADO (<0.50),Shingles compartidos: 288 de 979 totales en ventana 5-gram.
Par intra-pilar P18: JEV-P18-012 vs JEV-P18-019,JEV-P18-012,JEV-P18-019,P18,0.2952,APROBADO (<0.50),Shingles compartidos: 294 de 996 totales en ventana 5-gram.
Par intra-pilar P18: JEV-P18-012 vs JEV-P18-020,JEV-P18-012,JEV-P18-020,P18,0.2945,APROBADO (<0.50),Shingles compartidos: 291 de 988 totales en ventana 5-gram.
Par intra-pilar P18: JEV-P18-013 vs JEV-P18-014,JEV-P18-013,JEV-P18-014,P18,0.2861,APROBADO (<0.50),Shingles compartidos: 285 de 996 totales en ventana 5-gram.
Par intra-pilar P18: JEV-P18-013 vs JEV-P18-015,JEV-P18-013,JEV-P18-015,P18,0.2879,APROBADO (<0.50),Shingles compartidos: 285 de 990 totales en ventana 5-gram.
Par intra-pilar P18: JEV-P18-013 vs JEV-P18-016,JEV-P18-013,JEV-P18-016,P18,0.2935,APROBADO (<0.50),Shingles compartidos: 287 de 978 totales en ventana 5-gram.
Par intra-pilar P18: JEV-P18-013 vs JEV-P18-017,JEV-P18-013,JEV-P18-017,P18,0.2932,APROBADO (<0.50),Shingles compartidos: 287 de 979 totales en ventana 5-gram.
Par intra-pilar P18: JEV-P18-013 vs JEV-P18-018,JEV-P18-013,JEV-P18-018,P18,0.2983,APROBADO (<0.50),Shingles compartidos: 292 de 979 totales en ventana 5-gram.
Par intra-pilar P18: JEV-P18-013 vs JEV-P18-019,JEV-P18-013,JEV-P18-019,P18,0.2850,APROBADO (<0.50),Shingles compartidos: 287 de 1007 totales en ventana 5-gram.
Par intra-pilar P18: JEV-P18-013 vs JEV-P18-020,JEV-P18-013,JEV-P18-020,P18,0.2856,APROBADO (<0.50),Shingles compartidos: 285 de 998 totales en ventana 5-gram.
Par intra-pilar P18: JEV-P18-014 vs JEV-P18-015,JEV-P18-014,JEV-P18-015,P18,0.2881,APROBADO (<0.50),Shingles compartidos: 289 de 1003 totales en ventana 5-gram.
Par intra-pilar P18: JEV-P18-014 vs JEV-P18-016,JEV-P18-014,JEV-P18-016,P18,0.2910,APROBADO (<0.50),Shingles compartidos: 289 de 993 totales en ventana 5-gram.
Par intra-pilar P18: JEV-P18-014 vs JEV-P18-017,JEV-P18-014,JEV-P18-017,P18,0.2894,APROBADO (<0.50),Shingles compartidos: 288 de 995 totales en ventana 5-gram.
Par intra-pilar P18: JEV-P18-014 vs JEV-P18-018,JEV-P18-014,JEV-P18-018,P18,0.2841,APROBADO (<0.50),Shingles compartidos: 285 de 1003 totales en ventana 5-gram.
Par intra-pilar P18: JEV-P18-014 vs JEV-P18-019,JEV-P18-014,JEV-P18-019,P18,0.2815,APROBADO (<0.50),Shingles compartidos: 288 de 1023 totales en ventana 5-gram.
Par intra-pilar P18: JEV-P18-014 vs JEV-P18-020,JEV-P18-014,JEV-P18-020,P18,0.2846,APROBADO (<0.50),Shingles compartidos: 288 de 1012 totales en ventana 5-gram.
Par intra-pilar P18: JEV-P18-015 vs JEV-P18-016,JEV-P18-015,JEV-P18-016,P18,0.2915,APROBADO (<0.50),Shingles compartidos: 288 de 988 totales en ventana 5-gram.
Par intra-pilar P18: JEV-P18-015 vs JEV-P18-017,JEV-P18-015,JEV-P18-017,P18,0.2925,APROBADO (<0.50),Shingles compartidos: 289 de 988 totales en ventana 5-gram.
Par intra-pilar P18: JEV-P18-015 vs JEV-P18-018,JEV-P18-015,JEV-P18-018,P18,0.2846,APROBADO (<0.50),Shingles compartidos: 284 de 998 totales en ventana 5-gram.
Par intra-pilar P18: JEV-P18-015 vs JEV-P18-019,JEV-P18-015,JEV-P18-019,P18,0.2832,APROBADO (<0.50),Shingles compartidos: 288 de 1017 totales en ventana 5-gram.
Par intra-pilar P18: JEV-P18-015 vs JEV-P18-020,JEV-P18-015,JEV-P18-020,P18,0.2850,APROBADO (<0.50),Shingles compartidos: 287 de 1007 totales en ventana 5-gram.
Par intra-pilar P18: JEV-P18-016 vs JEV-P18-017,JEV-P18-016,JEV-P18-017,P18,0.2942,APROBADO (<0.50),Shingles compartidos: 288 de 979 totales en ventana 5-gram.
Par intra-pilar P18: JEV-P18-016 vs JEV-P18-018,JEV-P18-016,JEV-P18-018,P18,0.2940,APROBADO (<0.50),Shingles compartidos: 289 de 983 totales en ventana 5-gram.
Par intra-pilar P18: JEV-P18-016 vs JEV-P18-019,JEV-P18-016,JEV-P18-019,P18,0.2847,APROBADO (<0.50),Shingles compartidos: 287 de 1008 totales en ventana 5-gram.
Par intra-pilar P18: JEV-P18-016 vs JEV-P18-020,JEV-P18-016,JEV-P18-020,P18,0.2892,APROBADO (<0.50),Shingles compartidos: 288 de 996 totales en ventana 5-gram.
Par intra-pilar P18: JEV-P18-017 vs JEV-P18-018,JEV-P18-017,JEV-P18-018,P18,0.2872,APROBADO (<0.50),Shingles compartidos: 284 de 989 totales en ventana 5-gram.
Par intra-pilar P18: JEV-P18-017 vs JEV-P18-019,JEV-P18-017,JEV-P18-019,P18,0.2896,APROBADO (<0.50),Shingles compartidos: 291 de 1005 totales en ventana 5-gram.
Par intra-pilar P18: JEV-P18-017 vs JEV-P18-020,JEV-P18-017,JEV-P18-020,P18,0.2876,APROBADO (<0.50),Shingles compartidos: 287 de 998 totales en ventana 5-gram.
Par intra-pilar P18: JEV-P18-018 vs JEV-P18-019,JEV-P18-018,JEV-P18-019,P18,0.2805,APROBADO (<0.50),Shingles compartidos: 285 de 1016 totales en ventana 5-gram.
Par intra-pilar P18: JEV-P18-018 vs JEV-P18-020,JEV-P18-018,JEV-P18-020,P18,0.2861,APROBADO (<0.50),Shingles compartidos: 287 de 1003 totales en ventana 5-gram.
Par intra-pilar P18: JEV-P18-019 vs JEV-P18-020,JEV-P18-019,JEV-P18-020,P18,0.2810,APROBADO (<0.50),Shingles compartidos: 288 de 1025 totales en ventana 5-gram.
Par intra-pilar X: JEV-X-001 vs JEV-X-002,JEV-X-001,JEV-X-002,X,0.2722,APROBADO (<0.50),Shingles compartidos: 282 de 1036 totales en ventana 5-gram.
Par intra-pilar X: JEV-X-001 vs JEV-X-003,JEV-X-001,JEV-X-003,X,0.2735,APROBADO (<0.50),Shingles compartidos: 279 de 1020 totales en ventana 5-gram.
Par intra-pilar X: JEV-X-001 vs JEV-X-004,JEV-X-001,JEV-X-004,X,0.2724,APROBADO (<0.50),Shingles compartidos: 280 de 1028 totales en ventana 5-gram.
Par intra-pilar X: JEV-X-001 vs JEV-X-005,JEV-X-001,JEV-X-005,X,0.2792,APROBADO (<0.50),Shingles compartidos: 280 de 1003 totales en ventana 5-gram.
Par intra-pilar X: JEV-X-001 vs JEV-X-006,JEV-X-001,JEV-X-006,X,0.2824,APROBADO (<0.50),Shingles compartidos: 281 de 995 totales en ventana 5-gram.
Par intra-pilar X: JEV-X-001 vs JEV-X-007,JEV-X-001,JEV-X-007,X,0.2778,APROBADO (<0.50),Shingles compartidos: 280 de 1008 totales en ventana 5-gram.
Par intra-pilar X: JEV-X-001 vs JEV-X-008,JEV-X-001,JEV-X-008,X,0.2733,APROBADO (<0.50),Shingles compartidos: 281 de 1028 totales en ventana 5-gram.
Par intra-pilar X: JEV-X-001 vs JEV-X-009,JEV-X-001,JEV-X-009,X,0.2764,APROBADO (<0.50),Shingles compartidos: 280 de 1013 totales en ventana 5-gram.
Par intra-pilar X: JEV-X-001 vs JEV-X-010,JEV-X-001,JEV-X-010,X,0.2734,APROBADO (<0.50),Shingles compartidos: 277 de 1013 totales en ventana 5-gram.
Par intra-pilar X: JEV-X-001 vs JEV-X-011,JEV-X-001,JEV-X-011,X,0.2748,APROBADO (<0.50),Shingles compartidos: 280 de 1019 totales en ventana 5-gram.
Par intra-pilar X: JEV-X-001 vs JEV-X-012,JEV-X-001,JEV-X-012,X,0.2781,APROBADO (<0.50),Shingles compartidos: 280 de 1007 totales en ventana 5-gram.
Par intra-pilar X: JEV-X-001 vs JEV-X-013,JEV-X-001,JEV-X-013,X,0.2772,APROBADO (<0.50),Shingles compartidos: 280 de 1010 totales en ventana 5-gram.
Par intra-pilar X: JEV-X-001 vs JEV-X-014,JEV-X-001,JEV-X-014,X,0.2719,APROBADO (<0.50),Shingles compartidos: 279 de 1026 totales en ventana 5-gram.
Par intra-pilar X: JEV-X-001 vs JEV-X-015,JEV-X-001,JEV-X-015,X,0.2720,APROBADO (<0.50),Shingles compartidos: 281 de 1033 totales en ventana 5-gram.
Par intra-pilar X: JEV-X-001 vs JEV-X-016,JEV-X-001,JEV-X-016,X,0.2740,APROBADO (<0.50),Shingles compartidos: 280 de 1022 totales en ventana 5-gram.
Par intra-pilar X: JEV-X-001 vs JEV-X-017,JEV-X-001,JEV-X-017,X,0.2736,APROBADO (<0.50),Shingles compartidos: 281 de 1027 totales en ventana 5-gram.
Par intra-pilar X: JEV-X-001 vs JEV-X-018,JEV-X-001,JEV-X-018,X,0.2776,APROBADO (<0.50),Shingles compartidos: 279 de 1005 totales en ventana 5-gram.
Par intra-pilar X: JEV-X-001 vs JEV-X-019,JEV-X-001,JEV-X-019,X,0.2840,APROBADO (<0.50),Shingles compartidos: 284 de 1000 totales en ventana 5-gram.
Par intra-pilar X: JEV-X-001 vs JEV-X-020,JEV-X-001,JEV-X-020,X,0.2717,APROBADO (<0.50),Shingles compartidos: 276 de 1016 totales en ventana 5-gram.
Par intra-pilar X: JEV-X-001 vs JEV-X-021,JEV-X-001,JEV-X-021,X,0.2750,APROBADO (<0.50),Shingles compartidos: 281 de 1022 totales en ventana 5-gram.
Par intra-pilar X: JEV-X-001 vs JEV-X-022,JEV-X-001,JEV-X-022,X,0.2792,APROBADO (<0.50),Shingles compartidos: 280 de 1003 totales en ventana 5-gram.
Par intra-pilar X: JEV-X-001 vs JEV-X-023,JEV-X-001,JEV-X-023,X,0.2808,APROBADO (<0.50),Shingles compartidos: 280 de 997 totales en ventana 5-gram.
Par intra-pilar X: JEV-X-001 vs JEV-X-024,JEV-X-001,JEV-X-024,X,0.2679,APROBADO (<0.50),Shingles compartidos: 280 de 1045 totales en ventana 5-gram.
Par intra-pilar X: JEV-X-002 vs JEV-X-003,JEV-X-002,JEV-X-003,X,0.2768,APROBADO (<0.50),Shingles compartidos: 279 de 1008 totales en ventana 5-gram.
Par intra-pilar X: JEV-X-002 vs JEV-X-004,JEV-X-002,JEV-X-004,X,0.2781,APROBADO (<0.50),Shingles compartidos: 282 de 1014 totales en ventana 5-gram.
Par intra-pilar X: JEV-X-002 vs JEV-X-005,JEV-X-002,JEV-X-005,X,0.2838,APROBADO (<0.50),Shingles compartidos: 281 de 990 totales en ventana 5-gram.
Par intra-pilar X: JEV-X-002 vs JEV-X-006,JEV-X-002,JEV-X-006,X,0.2898,APROBADO (<0.50),Shingles compartidos: 284 de 980 totales en ventana 5-gram.
Par intra-pilar X: JEV-X-002 vs JEV-X-007,JEV-X-002,JEV-X-007,X,0.2811,APROBADO (<0.50),Shingles compartidos: 280 de 996 totales en ventana 5-gram.
Par intra-pilar X: JEV-X-002 vs JEV-X-008,JEV-X-002,JEV-X-008,X,0.2778,APROBADO (<0.50),Shingles compartidos: 282 de 1015 totales en ventana 5-gram.
Par intra-pilar X: JEV-X-002 vs JEV-X-009,JEV-X-002,JEV-X-009,X,0.2810,APROBADO (<0.50),Shingles compartidos: 281 de 1000 totales en ventana 5-gram.
Par intra-pilar X: JEV-X-002 vs JEV-X-010,JEV-X-002,JEV-X-010,X,0.2793,APROBADO (<0.50),Shingles compartidos: 279 de 999 totales en ventana 5-gram.
Par intra-pilar X: JEV-X-002 vs JEV-X-011,JEV-X-002,JEV-X-011,X,0.2793,APROBADO (<0.50),Shingles compartidos: 281 de 1006 totales en ventana 5-gram.
Par intra-pilar X: JEV-X-002 vs JEV-X-012,JEV-X-002,JEV-X-012,X,0.2827,APROBADO (<0.50),Shingles compartidos: 281 de 994 totales en ventana 5-gram.
Par intra-pilar X: JEV-X-002 vs JEV-X-013,JEV-X-002,JEV-X-013,X,0.2831,APROBADO (<0.50),Shingles compartidos: 282 de 996 totales en ventana 5-gram.
Par intra-pilar X: JEV-X-002 vs JEV-X-014,JEV-X-002,JEV-X-014,X,0.2777,APROBADO (<0.50),Shingles compartidos: 281 de 1012 totales en ventana 5-gram.
Par intra-pilar X: JEV-X-002 vs JEV-X-015,JEV-X-002,JEV-X-015,X,0.2752,APROBADO (<0.50),Shingles compartidos: 281 de 1021 totales en ventana 5-gram.
Par intra-pilar X: JEV-X-002 vs JEV-X-016,JEV-X-002,JEV-X-016,X,0.2772,APROBADO (<0.50),Shingles compartidos: 280 de 1010 totales en ventana 5-gram.
Par intra-pilar X: JEV-X-002 vs JEV-X-017,JEV-X-002,JEV-X-017,X,0.2781,APROBADO (<0.50),Shingles compartidos: 282 de 1014 totales en ventana 5-gram.
Par intra-pilar X: JEV-X-002 vs JEV-X-018,JEV-X-002,JEV-X-018,X,0.2823,APROBADO (<0.50),Shingles compartidos: 280 de 992 totales en ventana 5-gram.
Par intra-pilar X: JEV-X-002 vs JEV-X-019,JEV-X-002,JEV-X-019,X,0.2901,APROBADO (<0.50),Shingles compartidos: 286 de 986 totales en ventana 5-gram.
Par intra-pilar X: JEV-X-002 vs JEV-X-020,JEV-X-002,JEV-X-020,X,0.2762,APROBADO (<0.50),Shingles compartidos: 277 de 1003 totales en ventana 5-gram.
Par intra-pilar X: JEV-X-002 vs JEV-X-021,JEV-X-002,JEV-X-021,X,0.2770,APROBADO (<0.50),Shingles compartidos: 280 de 1011 totales en ventana 5-gram.
Par intra-pilar X: JEV-X-002 vs JEV-X-022,JEV-X-002,JEV-X-022,X,0.2851,APROBADO (<0.50),Shingles compartidos: 282 de 989 totales en ventana 5-gram.
Par intra-pilar X: JEV-X-002 vs JEV-X-023,JEV-X-002,JEV-X-023,X,0.2882,APROBADO (<0.50),Shingles compartidos: 283 de 982 totales en ventana 5-gram.
Par intra-pilar X: JEV-X-002 vs JEV-X-024,JEV-X-002,JEV-X-024,X,0.2711,APROBADO (<0.50),Shingles compartidos: 280 de 1033 totales en ventana 5-gram.
Par intra-pilar X: JEV-X-003 vs JEV-X-004,JEV-X-003,JEV-X-004,X,0.2796,APROBADO (<0.50),Shingles compartidos: 279 de 998 totales en ventana 5-gram.
Par intra-pilar X: JEV-X-003 vs JEV-X-005,JEV-X-003,JEV-X-005,X,0.2867,APROBADO (<0.50),Shingles compartidos: 279 de 973 totales en ventana 5-gram.
Par intra-pilar X: JEV-X-003 vs JEV-X-006,JEV-X-003,JEV-X-006,X,0.2902,APROBADO (<0.50),Shingles compartidos: 280 de 965 totales en ventana 5-gram.
Par intra-pilar X: JEV-X-003 vs JEV-X-007,JEV-X-003,JEV-X-007,X,0.2853,APROBADO (<0.50),Shingles compartidos: 279 de 978 totales en ventana 5-gram.
Par intra-pilar X: JEV-X-003 vs JEV-X-008,JEV-X-003,JEV-X-008,X,0.2806,APROBADO (<0.50),Shingles compartidos: 280 de 998 totales en ventana 5-gram.
Par intra-pilar X: JEV-X-003 vs JEV-X-009,JEV-X-003,JEV-X-009,X,0.2851,APROBADO (<0.50),Shingles compartidos: 280 de 982 totales en ventana 5-gram.
Par intra-pilar X: JEV-X-003 vs JEV-X-010,JEV-X-003,JEV-X-010,X,0.2808,APROBADO (<0.50),Shingles compartidos: 276 de 983 totales en ventana 5-gram.
Par intra-pilar X: JEV-X-003 vs JEV-X-011,JEV-X-003,JEV-X-011,X,0.2821,APROBADO (<0.50),Shingles compartidos: 279 de 989 totales en ventana 5-gram.
Par intra-pilar X: JEV-X-003 vs JEV-X-012,JEV-X-003,JEV-X-012,X,0.2882,APROBADO (<0.50),Shingles compartidos: 281 de 975 totales en ventana 5-gram.
Par intra-pilar X: JEV-X-003 vs JEV-X-013,JEV-X-003,JEV-X-013,X,0.2847,APROBADO (<0.50),Shingles compartidos: 279 de 980 totales en ventana 5-gram.
Par intra-pilar X: JEV-X-003 vs JEV-X-014,JEV-X-003,JEV-X-014,X,0.2856,APROBADO (<0.50),Shingles compartidos: 283 de 991 totales en ventana 5-gram.
Par intra-pilar X: JEV-X-003 vs JEV-X-015,JEV-X-003,JEV-X-015,X,0.2779,APROBADO (<0.50),Shingles compartidos: 279 de 1004 totales en ventana 5-gram.
Par intra-pilar X: JEV-X-003 vs JEV-X-016,JEV-X-003,JEV-X-016,X,0.2825,APROBADO (<0.50),Shingles compartidos: 280 de 991 totales en ventana 5-gram.
Par intra-pilar X: JEV-X-003 vs JEV-X-017,JEV-X-003,JEV-X-017,X,0.2808,APROBADO (<0.50),Shingles compartidos: 280 de 997 totales en ventana 5-gram.
Par intra-pilar X: JEV-X-003 vs JEV-X-018,JEV-X-003,JEV-X-018,X,0.2878,APROBADO (<0.50),Shingles compartidos: 280 de 973 totales en ventana 5-gram.
Par intra-pilar X: JEV-X-003 vs JEV-X-019,JEV-X-003,JEV-X-019,X,0.2864,APROBADO (<0.50),Shingles compartidos: 279 de 974 totales en ventana 5-gram.
Par intra-pilar X: JEV-X-003 vs JEV-X-020,JEV-X-003,JEV-X-020,X,0.2815,APROBADO (<0.50),Shingles compartidos: 277 de 984 totales en ventana 5-gram.
Par intra-pilar X: JEV-X-003 vs JEV-X-021,JEV-X-003,JEV-X-021,X,0.2810,APROBADO (<0.50),Shingles compartidos: 279 de 993 totales en ventana 5-gram.
Par intra-pilar X: JEV-X-003 vs JEV-X-022,JEV-X-003,JEV-X-022,X,0.2867,APROBADO (<0.50),Shingles compartidos: 279 de 973 totales en ventana 5-gram.
Par intra-pilar X: JEV-X-003 vs JEV-X-023,JEV-X-003,JEV-X-023,X,0.2885,APROBADO (<0.50),Shingles compartidos: 279 de 967 totales en ventana 5-gram.
Par intra-pilar X: JEV-X-003 vs JEV-X-024,JEV-X-003,JEV-X-024,X,0.2761,APROBADO (<0.50),Shingles compartidos: 280 de 1014 totales en ventana 5-gram.
Par intra-pilar X: JEV-X-004 vs JEV-X-005,JEV-X-004,JEV-X-005,X,0.2867,APROBADO (<0.50),Shingles compartidos: 281 de 980 totales en ventana 5-gram.
Par intra-pilar X: JEV-X-004 vs JEV-X-006,JEV-X-004,JEV-X-006,X,0.2875,APROBADO (<0.50),Shingles compartidos: 280 de 974 totales en ventana 5-gram.
Par intra-pilar X: JEV-X-004 vs JEV-X-007,JEV-X-004,JEV-X-007,X,0.2853,APROBADO (<0.50),Shingles compartidos: 281 de 985 totales en ventana 5-gram.
Par intra-pilar X: JEV-X-004 vs JEV-X-008,JEV-X-004,JEV-X-008,X,0.2768,APROBADO (<0.50),Shingles compartidos: 279 de 1008 totales en ventana 5-gram.
Par intra-pilar X: JEV-X-004 vs JEV-X-009,JEV-X-004,JEV-X-009,X,0.2825,APROBADO (<0.50),Shingles compartidos: 280 de 991 totales en ventana 5-gram.
Par intra-pilar X: JEV-X-004 vs JEV-X-010,JEV-X-004,JEV-X-010,X,0.2834,APROBADO (<0.50),Shingles compartidos: 280 de 988 totales en ventana 5-gram.
Par intra-pilar X: JEV-X-004 vs JEV-X-011,JEV-X-004,JEV-X-011,X,0.2808,APROBADO (<0.50),Shingles compartidos: 280 de 997 totales en ventana 5-gram.
Par intra-pilar X: JEV-X-004 vs JEV-X-012,JEV-X-004,JEV-X-012,X,0.2843,APROBADO (<0.50),Shingles compartidos: 280 de 985 totales en ventana 5-gram.
Par intra-pilar X: JEV-X-004 vs JEV-X-013,JEV-X-004,JEV-X-013,X,0.2860,APROBADO (<0.50),Shingles compartidos: 282 de 986 totales en ventana 5-gram.
Par intra-pilar X: JEV-X-004 vs JEV-X-014,JEV-X-004,JEV-X-014,X,0.2830,APROBADO (<0.50),Shingles compartidos: 283 de 1000 totales en ventana 5-gram.
Par intra-pilar X: JEV-X-004 vs JEV-X-015,JEV-X-004,JEV-X-015,X,0.2792,APROBADO (<0.50),Shingles compartidos: 282 de 1010 totales en ventana 5-gram.
Par intra-pilar X: JEV-X-004 vs JEV-X-016,JEV-X-004,JEV-X-016,X,0.2851,APROBADO (<0.50),Shingles compartidos: 284 de 996 totales en ventana 5-gram.
Par intra-pilar X: JEV-X-004 vs JEV-X-017,JEV-X-004,JEV-X-017,X,0.2771,APROBADO (<0.50),Shingles compartidos: 279 de 1007 totales en ventana 5-gram.
Par intra-pilar X: JEV-X-004 vs JEV-X-018,JEV-X-004,JEV-X-018,X,0.2878,APROBADO (<0.50),Shingles compartidos: 282 de 980 totales en ventana 5-gram.
Par intra-pilar X: JEV-X-004 vs JEV-X-019,JEV-X-004,JEV-X-019,X,0.2851,APROBADO (<0.50),Shingles compartidos: 280 de 982 totales en ventana 5-gram.
Par intra-pilar X: JEV-X-004 vs JEV-X-020,JEV-X-004,JEV-X-020,X,0.2777,APROBADO (<0.50),Shingles compartidos: 276 de 994 totales en ventana 5-gram.
Par intra-pilar X: JEV-X-004 vs JEV-X-021,JEV-X-004,JEV-X-021,X,0.2797,APROBADO (<0.50),Shingles compartidos: 280 de 1001 totales en ventana 5-gram.
Par intra-pilar X: JEV-X-004 vs JEV-X-022,JEV-X-004,JEV-X-022,X,0.2854,APROBADO (<0.50),Shingles compartidos: 280 de 981 totales en ventana 5-gram.
Par intra-pilar X: JEV-X-004 vs JEV-X-023,JEV-X-004,JEV-X-023,X,0.2898,APROBADO (<0.50),Shingles compartidos: 282 de 973 totales en ventana 5-gram.
Par intra-pilar X: JEV-X-004 vs JEV-X-024,JEV-X-004,JEV-X-024,X,0.2725,APROBADO (<0.50),Shingles compartidos: 279 de 1024 totales en ventana 5-gram.
Par intra-pilar X: JEV-X-005 vs JEV-X-006,JEV-X-005,JEV-X-006,X,0.2964,APROBADO (<0.50),Shingles compartidos: 281 de 948 totales en ventana 5-gram.
Par intra-pilar X: JEV-X-005 vs JEV-X-007,JEV-X-005,JEV-X-007,X,0.2914,APROBADO (<0.50),Shingles compartidos: 280 de 961 totales en ventana 5-gram.
Par intra-pilar X: JEV-X-005 vs JEV-X-008,JEV-X-005,JEV-X-008,X,0.2851,APROBADO (<0.50),Shingles compartidos: 280 de 982 totales en ventana 5-gram.
Par intra-pilar X: JEV-X-005 vs JEV-X-009,JEV-X-005,JEV-X-009,X,0.2912,APROBADO (<0.50),Shingles compartidos: 281 de 965 totales en ventana 5-gram.
Par intra-pilar X: JEV-X-005 vs JEV-X-010,JEV-X-005,JEV-X-010,X,0.2934,APROBADO (<0.50),Shingles compartidos: 282 de 961 totales en ventana 5-gram.
Par intra-pilar X: JEV-X-005 vs JEV-X-011,JEV-X-005,JEV-X-011,X,0.2894,APROBADO (<0.50),Shingles compartidos: 281 de 971 totales en ventana 5-gram.
Par intra-pilar X: JEV-X-005 vs JEV-X-012,JEV-X-005,JEV-X-012,X,0.2930,APROBADO (<0.50),Shingles compartidos: 281 de 959 totales en ventana 5-gram.
Par intra-pilar X: JEV-X-005 vs JEV-X-013,JEV-X-005,JEV-X-013,X,0.2908,APROBADO (<0.50),Shingles compartidos: 280 de 963 totales en ventana 5-gram.
Par intra-pilar X: JEV-X-005 vs JEV-X-014,JEV-X-005,JEV-X-014,X,0.2850,APROBADO (<0.50),Shingles compartidos: 279 de 979 totales en ventana 5-gram.
Par intra-pilar X: JEV-X-005 vs JEV-X-015,JEV-X-005,JEV-X-015,X,0.2837,APROBADO (<0.50),Shingles compartidos: 280 de 987 totales en ventana 5-gram.
Par intra-pilar X: JEV-X-005 vs JEV-X-016,JEV-X-005,JEV-X-016,X,0.2898,APROBADO (<0.50),Shingles compartidos: 282 de 973 totales en ventana 5-gram.
Par intra-pilar X: JEV-X-005 vs JEV-X-017,JEV-X-005,JEV-X-017,X,0.2854,APROBADO (<0.50),Shingles compartidos: 280 de 981 totales en ventana 5-gram.
Par intra-pilar X: JEV-X-005 vs JEV-X-018,JEV-X-005,JEV-X-018,X,0.2966,APROBADO (<0.50),Shingles compartidos: 283 de 954 totales en ventana 5-gram.
Par intra-pilar X: JEV-X-005 vs JEV-X-019,JEV-X-005,JEV-X-019,X,0.2939,APROBADO (<0.50),Shingles compartidos: 281 de 956 totales en ventana 5-gram.
Par intra-pilar X: JEV-X-005 vs JEV-X-020,JEV-X-005,JEV-X-020,X,0.2875,APROBADO (<0.50),Shingles compartidos: 278 de 967 totales en ventana 5-gram.
Par intra-pilar X: JEV-X-005 vs JEV-X-021,JEV-X-005,JEV-X-021,X,0.2869,APROBADO (<0.50),Shingles compartidos: 280 de 976 totales en ventana 5-gram.
Par intra-pilar X: JEV-X-005 vs JEV-X-022,JEV-X-005,JEV-X-022,X,0.2942,APROBADO (<0.50),Shingles compartidos: 281 de 955 totales en ventana 5-gram.
Par intra-pilar X: JEV-X-005 vs JEV-X-023,JEV-X-005,JEV-X-023,X,0.2961,APROBADO (<0.50),Shingles compartidos: 281 de 949 totales en ventana 5-gram.
Par intra-pilar X: JEV-X-005 vs JEV-X-024,JEV-X-005,JEV-X-024,X,0.2806,APROBADO (<0.50),Shingles compartidos: 280 de 998 totales en ventana 5-gram.
Par intra-pilar X: JEV-X-006 vs JEV-X-007,JEV-X-006,JEV-X-007,X,0.2935,APROBADO (<0.50),Shingles compartidos: 280 de 954 totales en ventana 5-gram.
Par intra-pilar X: JEV-X-006 vs JEV-X-008,JEV-X-006,JEV-X-008,X,0.2912,APROBADO (<0.50),Shingles compartidos: 283 de 972 totales en ventana 5-gram.
Par intra-pilar X: JEV-X-006 vs JEV-X-009,JEV-X-006,JEV-X-009,X,0.2920,APROBADO (<0.50),Shingles compartidos: 280 de 959 totales en ventana 5-gram.
Par intra-pilar X: JEV-X-006 vs JEV-X-010,JEV-X-006,JEV-X-010,X,0.2875,APROBADO (<0.50),Shingles compartidos: 276 de 960 totales en ventana 5-gram.
Par intra-pilar X: JEV-X-006 vs JEV-X-011,JEV-X-006,JEV-X-011,X,0.2902,APROBADO (<0.50),Shingles compartidos: 280 de 965 totales en ventana 5-gram.
Par intra-pilar X: JEV-X-006 vs JEV-X-012,JEV-X-006,JEV-X-012,X,0.2979,APROBADO (<0.50),Shingles compartidos: 283 de 950 totales en ventana 5-gram.
Par intra-pilar X: JEV-X-006 vs JEV-X-013,JEV-X-006,JEV-X-013,X,0.2915,APROBADO (<0.50),Shingles compartidos: 279 de 957 totales en ventana 5-gram.
Par intra-pilar X: JEV-X-006 vs JEV-X-014,JEV-X-006,JEV-X-014,X,0.2884,APROBADO (<0.50),Shingles compartidos: 280 de 971 totales en ventana 5-gram.
Par intra-pilar X: JEV-X-006 vs JEV-X-015,JEV-X-006,JEV-X-015,X,0.2857,APROBADO (<0.50),Shingles compartidos: 280 de 980 totales en ventana 5-gram.
Par intra-pilar X: JEV-X-006 vs JEV-X-016,JEV-X-006,JEV-X-016,X,0.2893,APROBADO (<0.50),Shingles compartidos: 280 de 968 totales en ventana 5-gram.
Par intra-pilar X: JEV-X-006 vs JEV-X-017,JEV-X-006,JEV-X-017,X,0.2928,APROBADO (<0.50),Shingles compartidos: 284 de 970 totales en ventana 5-gram.
Par intra-pilar X: JEV-X-006 vs JEV-X-018,JEV-X-006,JEV-X-018,X,0.2975,APROBADO (<0.50),Shingles compartidos: 282 de 948 totales en ventana 5-gram.
Par intra-pilar X: JEV-X-006 vs JEV-X-019,JEV-X-006,JEV-X-019,X,0.2975,APROBADO (<0.50),Shingles compartidos: 282 de 948 totales en ventana 5-gram.
Par intra-pilar X: JEV-X-006 vs JEV-X-020,JEV-X-006,JEV-X-020,X,0.2936,APROBADO (<0.50),Shingles compartidos: 281 de 957 totales en ventana 5-gram.
Par intra-pilar X: JEV-X-006 vs JEV-X-021,JEV-X-006,JEV-X-021,X,0.2890,APROBADO (<0.50),Shingles compartidos: 280 de 969 totales en ventana 5-gram.
Par intra-pilar X: JEV-X-006 vs JEV-X-022,JEV-X-006,JEV-X-022,X,0.2950,APROBADO (<0.50),Shingles compartidos: 280 de 949 totales en ventana 5-gram.
Par intra-pilar X: JEV-X-006 vs JEV-X-023,JEV-X-006,JEV-X-023,X,0.2969,APROBADO (<0.50),Shingles compartidos: 280 de 943 totales en ventana 5-gram.
Par intra-pilar X: JEV-X-006 vs JEV-X-024,JEV-X-006,JEV-X-024,X,0.2838,APROBADO (<0.50),Shingles compartidos: 281 de 990 totales en ventana 5-gram.
Par intra-pilar X: JEV-X-007 vs JEV-X-008,JEV-X-007,JEV-X-008,X,0.2837,APROBADO (<0.50),Shingles compartidos: 280 de 987 totales en ventana 5-gram.
Par intra-pilar X: JEV-X-007 vs JEV-X-009,JEV-X-007,JEV-X-009,X,0.2910,APROBADO (<0.50),Shingles compartidos: 282 de 969 totales en ventana 5-gram.
Par intra-pilar X: JEV-X-007 vs JEV-X-010,JEV-X-007,JEV-X-010,X,0.2879,APROBADO (<0.50),Shingles compartidos: 279 de 969 totales en ventana 5-gram.
Par intra-pilar X: JEV-X-007 vs JEV-X-011,JEV-X-007,JEV-X-011,X,0.2906,APROBADO (<0.50),Shingles compartidos: 283 de 974 totales en ventana 5-gram.
Par intra-pilar X: JEV-X-007 vs JEV-X-012,JEV-X-007,JEV-X-012,X,0.2915,APROBADO (<0.50),Shingles compartidos: 281 de 964 totales en ventana 5-gram.
Par intra-pilar X: JEV-X-007 vs JEV-X-013,JEV-X-007,JEV-X-013,X,0.2893,APROBADO (<0.50),Shingles compartidos: 280 de 968 totales en ventana 5-gram.
Par intra-pilar X: JEV-X-007 vs JEV-X-014,JEV-X-007,JEV-X-014,X,0.2862,APROBADO (<0.50),Shingles compartidos: 281 de 982 totales en ventana 5-gram.
Par intra-pilar X: JEV-X-007 vs JEV-X-015,JEV-X-007,JEV-X-015,X,0.2861,APROBADO (<0.50),Shingles compartidos: 283 de 989 totales en ventana 5-gram.
Par intra-pilar X: JEV-X-007 vs JEV-X-016,JEV-X-007,JEV-X-016,X,0.2883,APROBADO (<0.50),Shingles compartidos: 282 de 978 totales en ventana 5-gram.
Par intra-pilar X: JEV-X-007 vs JEV-X-017,JEV-X-007,JEV-X-017,X,0.2879,APROBADO (<0.50),Shingles compartidos: 283 de 983 totales en ventana 5-gram.
Par intra-pilar X: JEV-X-007 vs JEV-X-018,JEV-X-007,JEV-X-018,X,0.2911,APROBADO (<0.50),Shingles compartidos: 280 de 962 totales en ventana 5-gram.
Par intra-pilar X: JEV-X-007 vs JEV-X-019,JEV-X-007,JEV-X-019,X,0.2911,APROBADO (<0.50),Shingles compartidos: 280 de 962 totales en ventana 5-gram.
Par intra-pilar X: JEV-X-007 vs JEV-X-020,JEV-X-007,JEV-X-020,X,0.2860,APROBADO (<0.50),Shingles compartidos: 278 de 972 totales en ventana 5-gram.
Par intra-pilar X: JEV-X-007 vs JEV-X-021,JEV-X-007,JEV-X-021,X,0.2880,APROBADO (<0.50),Shingles compartidos: 282 de 979 totales en ventana 5-gram.
Par intra-pilar X: JEV-X-007 vs JEV-X-022,JEV-X-007,JEV-X-022,X,0.2914,APROBADO (<0.50),Shingles compartidos: 280 de 961 totales en ventana 5-gram.
Par intra-pilar X: JEV-X-007 vs JEV-X-023,JEV-X-007,JEV-X-023,X,0.2945,APROBADO (<0.50),Shingles compartidos: 281 de 954 totales en ventana 5-gram.
Par intra-pilar X: JEV-X-007 vs JEV-X-024,JEV-X-007,JEV-X-024,X,0.2804,APROBADO (<0.50),Shingles compartidos: 281 de 1002 totales en ventana 5-gram.
Par intra-pilar X: JEV-X-008 vs JEV-X-009,JEV-X-008,JEV-X-009,X,0.2823,APROBADO (<0.50),Shingles compartidos: 280 de 992 totales en ventana 5-gram.
Par intra-pilar X: JEV-X-008 vs JEV-X-010,JEV-X-008,JEV-X-010,X,0.2792,APROBADO (<0.50),Shingles compartidos: 277 de 992 totales en ventana 5-gram.
Par intra-pilar X: JEV-X-008 vs JEV-X-011,JEV-X-008,JEV-X-011,X,0.2818,APROBADO (<0.50),Shingles compartidos: 281 de 997 totales en ventana 5-gram.
Par intra-pilar X: JEV-X-008 vs JEV-X-012,JEV-X-008,JEV-X-012,X,0.2840,APROBADO (<0.50),Shingles compartidos: 280 de 986 totales en ventana 5-gram.
Par intra-pilar X: JEV-X-008 vs JEV-X-013,JEV-X-008,JEV-X-013,X,0.2844,APROBADO (<0.50),Shingles compartidos: 281 de 988 totales en ventana 5-gram.
Par intra-pilar X: JEV-X-008 vs JEV-X-014,JEV-X-008,JEV-X-014,X,0.2814,APROBADO (<0.50),Shingles compartidos: 282 de 1002 totales en ventana 5-gram.
Par intra-pilar X: JEV-X-008 vs JEV-X-015,JEV-X-008,JEV-X-015,X,0.2764,APROBADO (<0.50),Shingles compartidos: 280 de 1013 totales en ventana 5-gram.
Par intra-pilar X: JEV-X-008 vs JEV-X-016,JEV-X-008,JEV-X-016,X,0.2797,APROBADO (<0.50),Shingles compartidos: 280 de 1001 totales en ventana 5-gram.
Par intra-pilar X: JEV-X-008 vs JEV-X-017,JEV-X-008,JEV-X-017,X,0.2819,APROBADO (<0.50),Shingles compartidos: 283 de 1004 totales en ventana 5-gram.
Par intra-pilar X: JEV-X-008 vs JEV-X-018,JEV-X-008,JEV-X-018,X,0.2862,APROBADO (<0.50),Shingles compartidos: 281 de 982 totales en ventana 5-gram.
Par intra-pilar X: JEV-X-008 vs JEV-X-019,JEV-X-008,JEV-X-019,X,0.2875,APROBADO (<0.50),Shingles compartidos: 282 de 981 totales en ventana 5-gram.
Par intra-pilar X: JEV-X-008 vs JEV-X-020,JEV-X-008,JEV-X-020,X,0.2800,APROBADO (<0.50),Shingles compartidos: 278 de 993 totales en ventana 5-gram.
Par intra-pilar X: JEV-X-008 vs JEV-X-021,JEV-X-008,JEV-X-021,X,0.2782,APROBADO (<0.50),Shingles compartidos: 279 de 1003 totales en ventana 5-gram.
Par intra-pilar X: JEV-X-008 vs JEV-X-022,JEV-X-008,JEV-X-022,X,0.2851,APROBADO (<0.50),Shingles compartidos: 280 de 982 totales en ventana 5-gram.
Par intra-pilar X: JEV-X-008 vs JEV-X-023,JEV-X-008,JEV-X-023,X,0.2869,APROBADO (<0.50),Shingles compartidos: 280 de 976 totales en ventana 5-gram.
Par intra-pilar X: JEV-X-008 vs JEV-X-024,JEV-X-008,JEV-X-024,X,0.2747,APROBADO (<0.50),Shingles compartidos: 281 de 1023 totales en ventana 5-gram.
Par intra-pilar X: JEV-X-009 vs JEV-X-010,JEV-X-009,JEV-X-010,X,0.2838,APROBADO (<0.50),Shingles compartidos: 277 de 976 totales en ventana 5-gram.
Par intra-pilar X: JEV-X-009 vs JEV-X-011,JEV-X-009,JEV-X-011,X,0.2878,APROBADO (<0.50),Shingles compartidos: 282 de 980 totales en ventana 5-gram.
Par intra-pilar X: JEV-X-009 vs JEV-X-012,JEV-X-009,JEV-X-012,X,0.2900,APROBADO (<0.50),Shingles compartidos: 281 de 969 totales en ventana 5-gram.
Par intra-pilar X: JEV-X-009 vs JEV-X-013,JEV-X-009,JEV-X-013,X,0.2878,APROBADO (<0.50),Shingles compartidos: 280 de 973 totales en ventana 5-gram.
Par intra-pilar X: JEV-X-009 vs JEV-X-014,JEV-X-009,JEV-X-014,X,0.2860,APROBADO (<0.50),Shingles compartidos: 282 de 986 totales en ventana 5-gram.
Par intra-pilar X: JEV-X-009 vs JEV-X-015,JEV-X-009,JEV-X-015,X,0.2808,APROBADO (<0.50),Shingles compartidos: 280 de 997 totales en ventana 5-gram.
Par intra-pilar X: JEV-X-009 vs JEV-X-016,JEV-X-009,JEV-X-016,X,0.2843,APROBADO (<0.50),Shingles compartidos: 280 de 985 totales en ventana 5-gram.
Par intra-pilar X: JEV-X-009 vs JEV-X-017,JEV-X-009,JEV-X-017,X,0.2851,APROBADO (<0.50),Shingles compartidos: 282 de 989 totales en ventana 5-gram.
Par intra-pilar X: JEV-X-009 vs JEV-X-018,JEV-X-009,JEV-X-018,X,0.2896,APROBADO (<0.50),Shingles compartidos: 280 de 967 totales en ventana 5-gram.
Par intra-pilar X: JEV-X-009 vs JEV-X-019,JEV-X-009,JEV-X-019,X,0.2909,APROBADO (<0.50),Shingles compartidos: 281 de 966 totales en ventana 5-gram.
Par intra-pilar X: JEV-X-009 vs JEV-X-020,JEV-X-009,JEV-X-020,X,0.2859,APROBADO (<0.50),Shingles compartidos: 279 de 976 totales en ventana 5-gram.
Par intra-pilar X: JEV-X-009 vs JEV-X-021,JEV-X-009,JEV-X-021,X,0.2853,APROBADO (<0.50),Shingles compartidos: 281 de 985 totales en ventana 5-gram.
Par intra-pilar X: JEV-X-009 vs JEV-X-022,JEV-X-009,JEV-X-022,X,0.2939,APROBADO (<0.50),Shingles compartidos: 283 de 963 totales en ventana 5-gram.
Par intra-pilar X: JEV-X-009 vs JEV-X-023,JEV-X-009,JEV-X-023,X,0.2944,APROBADO (<0.50),Shingles compartidos: 282 de 958 totales en ventana 5-gram.
Par intra-pilar X: JEV-X-009 vs JEV-X-024,JEV-X-009,JEV-X-024,X,0.2778,APROBADO (<0.50),Shingles compartidos: 280 de 1008 totales en ventana 5-gram.
Par intra-pilar X: JEV-X-010 vs JEV-X-011,JEV-X-010,JEV-X-011,X,0.2847,APROBADO (<0.50),Shingles compartidos: 279 de 980 totales en ventana 5-gram.
Par intra-pilar X: JEV-X-010 vs JEV-X-012,JEV-X-010,JEV-X-012,X,0.2856,APROBADO (<0.50),Shingles compartidos: 277 de 970 totales en ventana 5-gram.
Par intra-pilar X: JEV-X-010 vs JEV-X-013,JEV-X-010,JEV-X-013,X,0.2887,APROBADO (<0.50),Shingles compartidos: 280 de 970 totales en ventana 5-gram.
Par intra-pilar X: JEV-X-010 vs JEV-X-014,JEV-X-010,JEV-X-014,X,0.2804,APROBADO (<0.50),Shingles compartidos: 277 de 988 totales en ventana 5-gram.
Par intra-pilar X: JEV-X-010 vs JEV-X-015,JEV-X-010,JEV-X-015,X,0.2804,APROBADO (<0.50),Shingles compartidos: 279 de 995 totales en ventana 5-gram.
Par intra-pilar X: JEV-X-010 vs JEV-X-016,JEV-X-010,JEV-X-016,X,0.2838,APROBADO (<0.50),Shingles compartidos: 279 de 983 totales en ventana 5-gram.
Par intra-pilar X: JEV-X-010 vs JEV-X-017,JEV-X-010,JEV-X-017,X,0.2782,APROBADO (<0.50),Shingles compartidos: 276 de 992 totales en ventana 5-gram.
Par intra-pilar X: JEV-X-010 vs JEV-X-018,JEV-X-010,JEV-X-018,X,0.2851,APROBADO (<0.50),Shingles compartidos: 276 de 968 totales en ventana 5-gram.
Par intra-pilar X: JEV-X-010 vs JEV-X-019,JEV-X-010,JEV-X-019,X,0.2865,APROBADO (<0.50),Shingles compartidos: 277 de 967 totales en ventana 5-gram.
Par intra-pilar X: JEV-X-010 vs JEV-X-020,JEV-X-010,JEV-X-020,X,0.2867,APROBADO (<0.50),Shingles compartidos: 279 de 973 totales en ventana 5-gram.
Par intra-pilar X: JEV-X-010 vs JEV-X-021,JEV-X-010,JEV-X-021,X,0.2809,APROBADO (<0.50),Shingles compartidos: 277 de 986 totales en ventana 5-gram.
Par intra-pilar X: JEV-X-010 vs JEV-X-022,JEV-X-010,JEV-X-022,X,0.2867,APROBADO (<0.50),Shingles compartidos: 277 de 966 totales en ventana 5-gram.
Par intra-pilar X: JEV-X-010 vs JEV-X-023,JEV-X-010,JEV-X-023,X,0.2912,APROBADO (<0.50),Shingles compartidos: 279 de 958 totales en ventana 5-gram.
Par intra-pilar X: JEV-X-010 vs JEV-X-024,JEV-X-010,JEV-X-024,X,0.2735,APROBADO (<0.50),Shingles compartidos: 276 de 1009 totales en ventana 5-gram.
Par intra-pilar X: JEV-X-011 vs JEV-X-012,JEV-X-011,JEV-X-012,X,0.2882,APROBADO (<0.50),Shingles compartidos: 281 de 975 totales en ventana 5-gram.
Par intra-pilar X: JEV-X-011 vs JEV-X-013,JEV-X-011,JEV-X-013,X,0.2873,APROBADO (<0.50),Shingles compartidos: 281 de 978 totales en ventana 5-gram.
Par intra-pilar X: JEV-X-011 vs JEV-X-014,JEV-X-011,JEV-X-014,X,0.2804,APROBADO (<0.50),Shingles compartidos: 279 de 995 totales en ventana 5-gram.
Par intra-pilar X: JEV-X-011 vs JEV-X-015,JEV-X-011,JEV-X-015,X,0.2804,APROBADO (<0.50),Shingles compartidos: 281 de 1002 totales en ventana 5-gram.
Par intra-pilar X: JEV-X-011 vs JEV-X-016,JEV-X-011,JEV-X-016,X,0.2838,APROBADO (<0.50),Shingles compartidos: 281 de 990 totales en ventana 5-gram.
Par intra-pilar X: JEV-X-011 vs JEV-X-017,JEV-X-011,JEV-X-017,X,0.2834,APROBADO (<0.50),Shingles compartidos: 282 de 995 totales en ventana 5-gram.
Par intra-pilar X: JEV-X-011 vs JEV-X-018,JEV-X-011,JEV-X-018,X,0.2891,APROBADO (<0.50),Shingles compartidos: 281 de 972 totales en ventana 5-gram.
Par intra-pilar X: JEV-X-011 vs JEV-X-019,JEV-X-011,JEV-X-019,X,0.2918,APROBADO (<0.50),Shingles compartidos: 283 de 970 totales en ventana 5-gram.
Par intra-pilar X: JEV-X-011 vs JEV-X-020,JEV-X-011,JEV-X-020,X,0.2880,APROBADO (<0.50),Shingles compartidos: 282 de 979 totales en ventana 5-gram.
Par intra-pilar X: JEV-X-011 vs JEV-X-021,JEV-X-011,JEV-X-021,X,0.2823,APROBADO (<0.50),Shingles compartidos: 280 de 992 totales en ventana 5-gram.
Par intra-pilar X: JEV-X-011 vs JEV-X-022,JEV-X-011,JEV-X-022,X,0.2894,APROBADO (<0.50),Shingles compartidos: 281 de 971 totales en ventana 5-gram.
Par intra-pilar X: JEV-X-011 vs JEV-X-023,JEV-X-011,JEV-X-023,X,0.2912,APROBADO (<0.50),Shingles compartidos: 281 de 965 totales en ventana 5-gram.
Par intra-pilar X: JEV-X-011 vs JEV-X-024,JEV-X-011,JEV-X-024,X,0.2774,APROBADO (<0.50),Shingles compartidos: 281 de 1013 totales en ventana 5-gram.
Par intra-pilar X: JEV-X-012 vs JEV-X-013,JEV-X-012,JEV-X-013,X,0.2896,APROBADO (<0.50),Shingles compartidos: 280 de 967 totales en ventana 5-gram.
Par intra-pilar X: JEV-X-012 vs JEV-X-014,JEV-X-012,JEV-X-014,X,0.2838,APROBADO (<0.50),Shingles compartidos: 279 de 983 totales en ventana 5-gram.
Par intra-pilar X: JEV-X-012 vs JEV-X-015,JEV-X-012,JEV-X-015,X,0.2851,APROBADO (<0.50),Shingles compartidos: 282 de 989 totales en ventana 5-gram.
Par intra-pilar X: JEV-X-012 vs JEV-X-016,JEV-X-012,JEV-X-016,X,0.2873,APROBADO (<0.50),Shingles compartidos: 281 de 978 totales en ventana 5-gram.
Par intra-pilar X: JEV-X-012 vs JEV-X-017,JEV-X-012,JEV-X-017,X,0.2856,APROBADO (<0.50),Shingles compartidos: 281 de 984 totales en ventana 5-gram.
Par intra-pilar X: JEV-X-012 vs JEV-X-018,JEV-X-012,JEV-X-018,X,0.2914,APROBADO (<0.50),Shingles compartidos: 280 de 961 totales en ventana 5-gram.
Par intra-pilar X: JEV-X-012 vs JEV-X-019,JEV-X-012,JEV-X-019,X,0.2927,APROBADO (<0.50),Shingles compartidos: 281 de 960 totales en ventana 5-gram.
Par intra-pilar X: JEV-X-012 vs JEV-X-020,JEV-X-012,JEV-X-020,X,0.2863,APROBADO (<0.50),Shingles compartidos: 278 de 971 totales en ventana 5-gram.
Par intra-pilar X: JEV-X-012 vs JEV-X-021,JEV-X-012,JEV-X-021,X,0.2897,APROBADO (<0.50),Shingles compartidos: 283 de 977 totales en ventana 5-gram.
Par intra-pilar X: JEV-X-012 vs JEV-X-022,JEV-X-012,JEV-X-022,X,0.2944,APROBADO (<0.50),Shingles compartidos: 282 de 958 totales en ventana 5-gram.
Par intra-pilar X: JEV-X-012 vs JEV-X-023,JEV-X-012,JEV-X-023,X,0.2949,APROBADO (<0.50),Shingles compartidos: 281 de 953 totales en ventana 5-gram.
Par intra-pilar X: JEV-X-012 vs JEV-X-024,JEV-X-012,JEV-X-024,X,0.2794,APROBADO (<0.50),Shingles compartidos: 280 de 1002 totales en ventana 5-gram.
Par intra-pilar X: JEV-X-013 vs JEV-X-014,JEV-X-013,JEV-X-014,X,0.2830,APROBADO (<0.50),Shingles compartidos: 279 de 986 totales en ventana 5-gram.
Par intra-pilar X: JEV-X-013 vs JEV-X-015,JEV-X-013,JEV-X-015,X,0.2830,APROBADO (<0.50),Shingles compartidos: 281 de 993 totales en ventana 5-gram.
Par intra-pilar X: JEV-X-013 vs JEV-X-016,JEV-X-013,JEV-X-016,X,0.2864,APROBADO (<0.50),Shingles compartidos: 281 de 981 totales en ventana 5-gram.
Par intra-pilar X: JEV-X-013 vs JEV-X-017,JEV-X-013,JEV-X-017,X,0.2821,APROBADO (<0.50),Shingles compartidos: 279 de 989 totales en ventana 5-gram.
Par intra-pilar X: JEV-X-013 vs JEV-X-018,JEV-X-013,JEV-X-018,X,0.2891,APROBADO (<0.50),Shingles compartidos: 279 de 965 totales en ventana 5-gram.
Par intra-pilar X: JEV-X-013 vs JEV-X-019,JEV-X-013,JEV-X-019,X,0.2905,APROBADO (<0.50),Shingles compartidos: 280 de 964 totales en ventana 5-gram.
Par intra-pilar X: JEV-X-013 vs JEV-X-020,JEV-X-013,JEV-X-020,X,0.2828,APROBADO (<0.50),Shingles compartidos: 276 de 976 totales en ventana 5-gram.
Par intra-pilar X: JEV-X-013 vs JEV-X-021,JEV-X-013,JEV-X-021,X,0.2848,APROBADO (<0.50),Shingles compartidos: 280 de 983 totales en ventana 5-gram.
Par intra-pilar X: JEV-X-013 vs JEV-X-022,JEV-X-013,JEV-X-022,X,0.2908,APROBADO (<0.50),Shingles compartidos: 280 de 963 totales en ventana 5-gram.
Par intra-pilar X: JEV-X-013 vs JEV-X-023,JEV-X-013,JEV-X-023,X,0.2953,APROBADO (<0.50),Shingles compartidos: 282 de 955 totales en ventana 5-gram.
Par intra-pilar X: JEV-X-013 vs JEV-X-024,JEV-X-013,JEV-X-024,X,0.2799,APROBADO (<0.50),Shingles compartidos: 281 de 1004 totales en ventana 5-gram.
Par intra-pilar X: JEV-X-014 vs JEV-X-015,JEV-X-014,JEV-X-015,X,0.2775,APROBADO (<0.50),Shingles compartidos: 280 de 1009 totales en ventana 5-gram.
Par intra-pilar X: JEV-X-014 vs JEV-X-016,JEV-X-014,JEV-X-016,X,0.2847,APROBADO (<0.50),Shingles compartidos: 283 de 994 totales en ventana 5-gram.
Par intra-pilar X: JEV-X-014 vs JEV-X-017,JEV-X-014,JEV-X-017,X,0.2804,APROBADO (<0.50),Shingles compartidos: 281 de 1002 totales en ventana 5-gram.
Par intra-pilar X: JEV-X-014 vs JEV-X-018,JEV-X-014,JEV-X-018,X,0.2860,APROBADO (<0.50),Shingles compartidos: 280 de 979 totales en ventana 5-gram.
Par intra-pilar X: JEV-X-014 vs JEV-X-019,JEV-X-014,JEV-X-019,X,0.2847,APROBADO (<0.50),Shingles compartidos: 279 de 980 totales en ventana 5-gram.
Par intra-pilar X: JEV-X-014 vs JEV-X-020,JEV-X-014,JEV-X-020,X,0.2798,APROBADO (<0.50),Shingles compartidos: 277 de 990 totales en ventana 5-gram.
Par intra-pilar X: JEV-X-014 vs JEV-X-021,JEV-X-014,JEV-X-021,X,0.2806,APROBADO (<0.50),Shingles compartidos: 280 de 998 totales en ventana 5-gram.
Par intra-pilar X: JEV-X-014 vs JEV-X-022,JEV-X-014,JEV-X-022,X,0.2850,APROBADO (<0.50),Shingles compartidos: 279 de 979 totales en ventana 5-gram.
Par intra-pilar X: JEV-X-014 vs JEV-X-023,JEV-X-014,JEV-X-023,X,0.2881,APROBADO (<0.50),Shingles compartidos: 280 de 972 totales en ventana 5-gram.
Par intra-pilar X: JEV-X-014 vs JEV-X-024,JEV-X-014,JEV-X-024,X,0.2745,APROBADO (<0.50),Shingles compartidos: 280 de 1020 totales en ventana 5-gram.
Par intra-pilar X: JEV-X-015 vs JEV-X-016,JEV-X-015,JEV-X-016,X,0.2822,APROBADO (<0.50),Shingles compartidos: 283 de 1003 totales en ventana 5-gram.
Par intra-pilar X: JEV-X-015 vs JEV-X-017,JEV-X-015,JEV-X-017,X,0.2767,APROBADO (<0.50),Shingles compartidos: 280 de 1012 totales en ventana 5-gram.
Par intra-pilar X: JEV-X-015 vs JEV-X-018,JEV-X-015,JEV-X-018,X,0.2847,APROBADO (<0.50),Shingles compartidos: 281 de 987 totales en ventana 5-gram.
Par intra-pilar X: JEV-X-015 vs JEV-X-019,JEV-X-015,JEV-X-019,X,0.2847,APROBADO (<0.50),Shingles compartidos: 281 de 987 totales en ventana 5-gram.
Par intra-pilar X: JEV-X-015 vs JEV-X-020,JEV-X-015,JEV-X-020,X,0.2773,APROBADO (<0.50),Shingles compartidos: 277 de 999 totales en ventana 5-gram.
Par intra-pilar X: JEV-X-015 vs JEV-X-021,JEV-X-015,JEV-X-021,X,0.2819,APROBADO (<0.50),Shingles compartidos: 283 de 1004 totales en ventana 5-gram.
Par intra-pilar X: JEV-X-015 vs JEV-X-022,JEV-X-015,JEV-X-022,X,0.2850,APROBADO (<0.50),Shingles compartidos: 281 de 986 totales en ventana 5-gram.
Par intra-pilar X: JEV-X-015 vs JEV-X-023,JEV-X-015,JEV-X-023,X,0.2854,APROBADO (<0.50),Shingles compartidos: 280 de 981 totales en ventana 5-gram.
Par intra-pilar X: JEV-X-015 vs JEV-X-024,JEV-X-015,JEV-X-024,X,0.2721,APROBADO (<0.50),Shingles compartidos: 280 de 1029 totales en ventana 5-gram.
Par intra-pilar X: JEV-X-016 vs JEV-X-017,JEV-X-016,JEV-X-017,X,0.2800,APROBADO (<0.50),Shingles compartidos: 280 de 1000 totales en ventana 5-gram.
Par intra-pilar X: JEV-X-016 vs JEV-X-018,JEV-X-016,JEV-X-018,X,0.2856,APROBADO (<0.50),Shingles compartidos: 279 de 977 totales en ventana 5-gram.
Par intra-pilar X: JEV-X-016 vs JEV-X-019,JEV-X-016,JEV-X-019,X,0.2869,APROBADO (<0.50),Shingles compartidos: 280 de 976 totales en ventana 5-gram.
Par intra-pilar X: JEV-X-016 vs JEV-X-020,JEV-X-016,JEV-X-020,X,0.2819,APROBADO (<0.50),Shingles compartidos: 278 de 986 totales en ventana 5-gram.
Par intra-pilar X: JEV-X-016 vs JEV-X-021,JEV-X-016,JEV-X-021,X,0.2827,APROBADO (<0.50),Shingles compartidos: 281 de 994 totales en ventana 5-gram.
Par intra-pilar X: JEV-X-016 vs JEV-X-022,JEV-X-016,JEV-X-022,X,0.2872,APROBADO (<0.50),Shingles compartidos: 280 de 975 totales en ventana 5-gram.
Par intra-pilar X: JEV-X-016 vs JEV-X-023,JEV-X-016,JEV-X-023,X,0.2890,APROBADO (<0.50),Shingles compartidos: 280 de 969 totales en ventana 5-gram.
Par intra-pilar X: JEV-X-016 vs JEV-X-024,JEV-X-016,JEV-X-024,X,0.2741,APROBADO (<0.50),Shingles compartidos: 279 de 1018 totales en ventana 5-gram.
Par intra-pilar X: JEV-X-017 vs JEV-X-018,JEV-X-017,JEV-X-018,X,0.2864,APROBADO (<0.50),Shingles compartidos: 281 de 981 totales en ventana 5-gram.
Par intra-pilar X: JEV-X-017 vs JEV-X-019,JEV-X-017,JEV-X-019,X,0.2878,APROBADO (<0.50),Shingles compartidos: 282 de 980 totales en ventana 5-gram.
Par intra-pilar X: JEV-X-017 vs JEV-X-020,JEV-X-017,JEV-X-020,X,0.2828,APROBADO (<0.50),Shingles compartidos: 280 de 990 totales en ventana 5-gram.
Par intra-pilar X: JEV-X-017 vs JEV-X-021,JEV-X-017,JEV-X-021,X,0.2810,APROBADO (<0.50),Shingles compartidos: 281 de 1000 totales en ventana 5-gram.
Par intra-pilar X: JEV-X-017 vs JEV-X-022,JEV-X-017,JEV-X-022,X,0.2854,APROBADO (<0.50),Shingles compartidos: 280 de 981 totales en ventana 5-gram.
Par intra-pilar X: JEV-X-017 vs JEV-X-023,JEV-X-017,JEV-X-023,X,0.2885,APROBADO (<0.50),Shingles compartidos: 281 de 974 totales en ventana 5-gram.
Par intra-pilar X: JEV-X-017 vs JEV-X-024,JEV-X-017,JEV-X-024,X,0.2775,APROBADO (<0.50),Shingles compartidos: 283 de 1020 totales en ventana 5-gram.
Par intra-pilar X: JEV-X-018 vs JEV-X-019,JEV-X-018,JEV-X-019,X,0.2950,APROBADO (<0.50),Shingles compartidos: 282 de 956 totales en ventana 5-gram.
Par intra-pilar X: JEV-X-018 vs JEV-X-020,JEV-X-018,JEV-X-020,X,0.2872,APROBADO (<0.50),Shingles compartidos: 278 de 968 totales en ventana 5-gram.
Par intra-pilar X: JEV-X-018 vs JEV-X-021,JEV-X-018,JEV-X-021,X,0.2853,APROBADO (<0.50),Shingles compartidos: 279 de 978 totales en ventana 5-gram.
Par intra-pilar X: JEV-X-018 vs JEV-X-022,JEV-X-018,JEV-X-022,X,0.2926,APROBADO (<0.50),Shingles compartidos: 280 de 957 totales en ventana 5-gram.
Par intra-pilar X: JEV-X-018 vs JEV-X-023,JEV-X-018,JEV-X-023,X,0.2944,APROBADO (<0.50),Shingles compartidos: 280 de 951 totales en ventana 5-gram.
Par intra-pilar X: JEV-X-018 vs JEV-X-024,JEV-X-018,JEV-X-024,X,0.2841,APROBADO (<0.50),Shingles compartidos: 283 de 996 totales en ventana 5-gram.
Par intra-pilar X: JEV-X-019 vs JEV-X-020,JEV-X-019,JEV-X-020,X,0.2859,APROBADO (<0.50),Shingles compartidos: 277 de 969 totales en ventana 5-gram.
Par intra-pilar X: JEV-X-019 vs JEV-X-021,JEV-X-019,JEV-X-021,X,0.2866,APROBADO (<0.50),Shingles compartidos: 280 de 977 totales en ventana 5-gram.
Par intra-pilar X: JEV-X-019 vs JEV-X-022,JEV-X-019,JEV-X-022,X,0.2953,APROBADO (<0.50),Shingles compartidos: 282 de 955 totales en ventana 5-gram.
Par intra-pilar X: JEV-X-019 vs JEV-X-023,JEV-X-019,JEV-X-023,X,0.2958,APROBADO (<0.50),Shingles compartidos: 281 de 950 totales en ventana 5-gram.
Par intra-pilar X: JEV-X-019 vs JEV-X-024,JEV-X-019,JEV-X-024,X,0.2816,APROBADO (<0.50),Shingles compartidos: 281 de 998 totales en ventana 5-gram.
Par intra-pilar X: JEV-X-020 vs JEV-X-021,JEV-X-020,JEV-X-021,X,0.2804,APROBADO (<0.50),Shingles compartidos: 277 de 988 totales en ventana 5-gram.
Par intra-pilar X: JEV-X-020 vs JEV-X-022,JEV-X-020,JEV-X-022,X,0.2862,APROBADO (<0.50),Shingles compartidos: 277 de 968 totales en ventana 5-gram.
Par intra-pilar X: JEV-X-020 vs JEV-X-023,JEV-X-020,JEV-X-023,X,0.2879,APROBADO (<0.50),Shingles compartidos: 277 de 962 totales en ventana 5-gram.
Par intra-pilar X: JEV-X-020 vs JEV-X-024,JEV-X-020,JEV-X-024,X,0.2755,APROBADO (<0.50),Shingles compartidos: 278 de 1009 totales en ventana 5-gram.
Par intra-pilar X: JEV-X-021 vs JEV-X-022,JEV-X-021,JEV-X-022,X,0.2869,APROBADO (<0.50),Shingles compartidos: 280 de 976 totales en ventana 5-gram.
Par intra-pilar X: JEV-X-021 vs JEV-X-023,JEV-X-021,JEV-X-023,X,0.2900,APROBADO (<0.50),Shingles compartidos: 281 de 969 totales en ventana 5-gram.
Par intra-pilar X: JEV-X-021 vs JEV-X-024,JEV-X-021,JEV-X-024,X,0.2750,APROBADO (<0.50),Shingles compartidos: 280 de 1018 totales en ventana 5-gram.
Par intra-pilar X: JEV-X-022 vs JEV-X-023,JEV-X-022,JEV-X-023,X,0.2961,APROBADO (<0.50),Shingles compartidos: 281 de 949 totales en ventana 5-gram.
Par intra-pilar X: JEV-X-022 vs JEV-X-024,JEV-X-022,JEV-X-024,X,0.2806,APROBADO (<0.50),Shingles compartidos: 280 de 998 totales en ventana 5-gram.
Par intra-pilar X: JEV-X-023 vs JEV-X-024,JEV-X-023,JEV-X-024,X,0.2823,APROBADO (<0.50),Shingles compartidos: 280 de 992 totales en ventana 5-gram.
