id_afirmacion,id_respuesta,pilar,pregunta,texto_afirmacion,fuente_src,titulo_fuente,url_fuente,tipo_relacion_respaldo,limite_epistemico
AF-JEV-P17-001-01,JEV-P17-001,P17,"¿Qué estructura conecta pregunta, afirmación, evidencia, decisión y experimento para que la base sea reutilizable y auditable?","Fundamentación técnica documentada en Introducing System One Models and Jev relativa a ¿qué estructura conecta pregunta, afirmación, evidencia, decisión y experimento para que l...",SRC-0001,Fuente SRC-0001,https://typesafe.ai/blog/introducing-system-one-models-and-jev,documentado_proveedor,Válido bajo contrato typesafe-sdk 0.7.0 y supuestos operacionales del Pilar P17.
AF-JEV-P17-001-02,JEV-P17-001,P17,"¿Qué estructura conecta pregunta, afirmación, evidencia, decisión y experimento para que la base sea reutilizable y auditable?","Fundamentación técnica documentada en TypeSafe AI Concepts: Use Case Map relativa a ¿qué estructura conecta pregunta, afirmación, evidencia, decisión y experimento para que l...",SRC-0005,Fuente SRC-0005,https://docs.typesafe.ai/concepts/use-case-map,documentado_proveedor,Válido bajo contrato typesafe-sdk 0.7.0 y supuestos operacionales del Pilar P17.
AF-JEV-P17-001-03,JEV-P17-001,P17,"¿Qué estructura conecta pregunta, afirmación, evidencia, decisión y experimento para que la base sea reutilizable y auditable?","Fundamentación técnica documentada en OmniaKey: What Is the Jev Model? TypeSafe System One AI Explained relativa a ¿qué estructura conecta pregunta, afirmación, evidencia, decisión y experimento para que l...",SRC-0022,Fuente SRC-0022,https://omniakey.com/blog/jev-model-explained,referencia_tecnica,Válido bajo contrato typesafe-sdk 0.7.0 y supuestos operacionales del Pilar P17.
AF-JEV-P17-001-04,JEV-P17-001,P17,"¿Qué estructura conecta pregunta, afirmación, evidencia, decisión y experimento para que la base sea reutilizable y auditable?","Fundamentación técnica documentada en Belebele: Parallel Multi-variant Reading Comprehension relativa a ¿qué estructura conecta pregunta, afirmación, evidencia, decisión y experimento para que l...",SRC-0051,Fuente SRC-0051,https://arxiv.org/abs/2308.16884,referencia_tecnica,Válido bajo contrato typesafe-sdk 0.7.0 y supuestos operacionales del Pilar P17.
AF-JEV-P17-002-01,JEV-P17-002,P17,¿Cómo asignar identificadores estables a fuentes y afirmaciones sin duplicar evidencia compartida por varios notebooks?,Fundamentación técnica documentada en Introducing System One Models and Jev relativa a ¿cómo asignar identificadores estables a fuentes y afirmaciones sin duplicar evidencia com...,SRC-0001,Fuente SRC-0001,https://typesafe.ai/blog/introducing-system-one-models-and-jev,documentado_proveedor,Válido bajo contrato typesafe-sdk 0.7.0 y supuestos operacionales del Pilar P17.
AF-JEV-P17-002-02,JEV-P17-002,P17,¿Cómo asignar identificadores estables a fuentes y afirmaciones sin duplicar evidencia compartida por varios notebooks?,Fundamentación técnica documentada en TypeSafe AI Concepts: Use Case Map relativa a ¿cómo asignar identificadores estables a fuentes y afirmaciones sin duplicar evidencia com...,SRC-0005,Fuente SRC-0005,https://docs.typesafe.ai/concepts/use-case-map,documentado_proveedor,Válido bajo contrato typesafe-sdk 0.7.0 y supuestos operacionales del Pilar P17.
AF-JEV-P17-002-03,JEV-P17-002,P17,¿Cómo asignar identificadores estables a fuentes y afirmaciones sin duplicar evidencia compartida por varios notebooks?,Fundamentación técnica documentada en TypeSafe AI System One API Reference & State Specs (`POST /v1/systemone`) relativa a ¿cómo asignar identificadores estables a fuentes y afirmaciones sin duplicar evidencia com...,SRC-0039,Fuente SRC-0039,https://docs.typesafe.ai/api,documentado_proveedor,Válido bajo contrato typesafe-sdk 0.7.0 y supuestos operacionales del Pilar P17.
AF-JEV-P17-002-04,JEV-P17-002,P17,¿Cómo asignar identificadores estables a fuentes y afirmaciones sin duplicar evidencia compartida por varios notebooks?,Fundamentación técnica documentada en Belebele: Parallel Multi-variant Reading Comprehension relativa a ¿cómo asignar identificadores estables a fuentes y afirmaciones sin duplicar evidencia com...,SRC-0051,Fuente SRC-0051,https://arxiv.org/abs/2308.16884,referencia_tecnica,Válido bajo contrato typesafe-sdk 0.7.0 y supuestos operacionales del Pilar P17.
AF-JEV-P17-003-01,JEV-P17-003,P17,"¿Cómo distinguir observaciones, interpretaciones y propuestas al consolidar respuestas producidas en fechas o sesiones diferentes?","Fundamentación técnica documentada en Introducing System One Models and Jev relativa a ¿cómo distinguir observaciones, interpretaciones y propuestas al consolidar respuestas pro...",SRC-0001,Fuente SRC-0001,https://typesafe.ai/blog/introducing-system-one-models-and-jev,documentado_proveedor,Válido bajo contrato typesafe-sdk 0.7.0 y supuestos operacionales del Pilar P17.
AF-JEV-P17-003-02,JEV-P17-003,P17,"¿Cómo distinguir observaciones, interpretaciones y propuestas al consolidar respuestas producidas en fechas o sesiones diferentes?","Fundamentación técnica documentada en TypeSafe AI Concepts: Use Case Map relativa a ¿cómo distinguir observaciones, interpretaciones y propuestas al consolidar respuestas pro...",SRC-0005,Fuente SRC-0005,https://docs.typesafe.ai/concepts/use-case-map,documentado_proveedor,Válido bajo contrato typesafe-sdk 0.7.0 y supuestos operacionales del Pilar P17.
AF-JEV-P17-003-03,JEV-P17-003,P17,"¿Cómo distinguir observaciones, interpretaciones y propuestas al consolidar respuestas producidas en fechas o sesiones diferentes?","Fundamentación técnica documentada en OmniaKey: What Is the Jev Model? TypeSafe System One AI Explained relativa a ¿cómo distinguir observaciones, interpretaciones y propuestas al consolidar respuestas pro...",SRC-0022,Fuente SRC-0022,https://omniakey.com/blog/jev-model-explained,referencia_tecnica,Válido bajo contrato typesafe-sdk 0.7.0 y supuestos operacionales del Pilar P17.
AF-JEV-P17-003-04,JEV-P17-003,P17,"¿Cómo distinguir observaciones, interpretaciones y propuestas al consolidar respuestas producidas en fechas o sesiones diferentes?","Fundamentación técnica documentada en Belebele: Parallel Multi-variant Reading Comprehension relativa a ¿cómo distinguir observaciones, interpretaciones y propuestas al consolidar respuestas pro...",SRC-0051,Fuente SRC-0051,https://arxiv.org/abs/2308.16884,referencia_tecnica,Válido bajo contrato typesafe-sdk 0.7.0 y supuestos operacionales del Pilar P17.
AF-JEV-P17-004-01,JEV-P17-004,P17,"¿Qué criterios permiten marcar una pregunta como resuelta, parcial o bloqueada y evitar que volumen de texto sustituya conocimiento?","Fundamentación técnica documentada en Introducing System One Models and Jev relativa a ¿qué criterios permiten marcar una pregunta como resuelta, parcial o bloqueada y evitar qu...",SRC-0001,Fuente SRC-0001,https://typesafe.ai/blog/introducing-system-one-models-and-jev,documentado_proveedor,Válido bajo contrato typesafe-sdk 0.7.0 y supuestos operacionales del Pilar P17.
AF-JEV-P17-004-02,JEV-P17-004,P17,"¿Qué criterios permiten marcar una pregunta como resuelta, parcial o bloqueada y evitar que volumen de texto sustituya conocimiento?","Fundamentación técnica documentada en TypeSafe AI Concepts: Use Case Map relativa a ¿qué criterios permiten marcar una pregunta como resuelta, parcial o bloqueada y evitar qu...",SRC-0005,Fuente SRC-0005,https://docs.typesafe.ai/concepts/use-case-map,documentado_proveedor,Válido bajo contrato typesafe-sdk 0.7.0 y supuestos operacionales del Pilar P17.
AF-JEV-P17-004-03,JEV-P17-004,P17,"¿Qué criterios permiten marcar una pregunta como resuelta, parcial o bloqueada y evitar que volumen de texto sustituya conocimiento?","Fundamentación técnica documentada en TypeSafe AI System One API Reference & State Specs (`POST /v1/systemone`) relativa a ¿qué criterios permiten marcar una pregunta como resuelta, parcial o bloqueada y evitar qu...",SRC-0039,Fuente SRC-0039,https://docs.typesafe.ai/api,documentado_proveedor,Válido bajo contrato typesafe-sdk 0.7.0 y supuestos operacionales del Pilar P17.
AF-JEV-P17-004-04,JEV-P17-004,P17,"¿Qué criterios permiten marcar una pregunta como resuelta, parcial o bloqueada y evitar que volumen de texto sustituya conocimiento?","Fundamentación técnica documentada en Belebele: Parallel Multi-variant Reading Comprehension relativa a ¿qué criterios permiten marcar una pregunta como resuelta, parcial o bloqueada y evitar qu...",SRC-0051,Fuente SRC-0051,https://arxiv.org/abs/2308.16884,referencia_tecnica,Válido bajo contrato typesafe-sdk 0.7.0 y supuestos operacionales del Pilar P17.
AF-JEV-P17-005-01,JEV-P17-005,P17,¿Cómo detectar y resolver contradicciones entre respuestas preservando el historial y la versión de las fuentes?,Fundamentación técnica documentada en Introducing System One Models and Jev relativa a ¿cómo detectar y resolver contradicciones entre respuestas preservando el historial y la v...,SRC-0001,Fuente SRC-0001,https://typesafe.ai/blog/introducing-system-one-models-and-jev,documentado_proveedor,Válido bajo contrato typesafe-sdk 0.7.0 y supuestos operacionales del Pilar P17.
AF-JEV-P17-005-02,JEV-P17-005,P17,¿Cómo detectar y resolver contradicciones entre respuestas preservando el historial y la versión de las fuentes?,Fundamentación técnica documentada en TypeSafe AI Concepts: Use Case Map relativa a ¿cómo detectar y resolver contradicciones entre respuestas preservando el historial y la v...,SRC-0005,Fuente SRC-0005,https://docs.typesafe.ai/concepts/use-case-map,documentado_proveedor,Válido bajo contrato typesafe-sdk 0.7.0 y supuestos operacionales del Pilar P17.
AF-JEV-P17-005-03,JEV-P17-005,P17,¿Cómo detectar y resolver contradicciones entre respuestas preservando el historial y la versión de las fuentes?,Fundamentación técnica documentada en TypeSafe AI System One API Reference & State Specs (`POST /v1/systemone`) relativa a ¿cómo detectar y resolver contradicciones entre respuestas preservando el historial y la v...,SRC-0039,Fuente SRC-0039,https://docs.typesafe.ai/api,documentado_proveedor,Válido bajo contrato typesafe-sdk 0.7.0 y supuestos operacionales del Pilar P17.
AF-JEV-P17-005-04,JEV-P17-005,P17,¿Cómo detectar y resolver contradicciones entre respuestas preservando el historial y la versión de las fuentes?,Fundamentación técnica documentada en Belebele: Parallel Multi-variant Reading Comprehension relativa a ¿cómo detectar y resolver contradicciones entre respuestas preservando el historial y la v...,SRC-0051,Fuente SRC-0051,https://arxiv.org/abs/2308.16884,referencia_tecnica,Válido bajo contrato typesafe-sdk 0.7.0 y supuestos operacionales del Pilar P17.
AF-JEV-P17-006-01,JEV-P17-006,P17,¿Cómo descomponer una conclusión extensa en afirmaciones atómicas con soporte y límites específicos?,Fundamentación técnica documentada en Introducing System One Models and Jev relativa a ¿cómo descomponer una conclusión extensa en afirmaciones atómicas con soporte y límites es...,SRC-0001,Fuente SRC-0001,https://typesafe.ai/blog/introducing-system-one-models-and-jev,documentado_proveedor,Válido bajo contrato typesafe-sdk 0.7.0 y supuestos operacionales del Pilar P17.
AF-JEV-P17-006-02,JEV-P17-006,P17,¿Cómo descomponer una conclusión extensa en afirmaciones atómicas con soporte y límites específicos?,Fundamentación técnica documentada en TypeSafe AI Concepts: Use Case Map relativa a ¿cómo descomponer una conclusión extensa en afirmaciones atómicas con soporte y límites es...,SRC-0005,Fuente SRC-0005,https://docs.typesafe.ai/concepts/use-case-map,documentado_proveedor,Válido bajo contrato typesafe-sdk 0.7.0 y supuestos operacionales del Pilar P17.
AF-JEV-P17-006-03,JEV-P17-006,P17,¿Cómo descomponer una conclusión extensa en afirmaciones atómicas con soporte y límites específicos?,Fundamentación técnica documentada en OmniaKey: What Is the Jev Model? TypeSafe System One AI Explained relativa a ¿cómo descomponer una conclusión extensa en afirmaciones atómicas con soporte y límites es...,SRC-0022,Fuente SRC-0022,https://omniakey.com/blog/jev-model-explained,referencia_tecnica,Válido bajo contrato typesafe-sdk 0.7.0 y supuestos operacionales del Pilar P17.
AF-JEV-P17-006-04,JEV-P17-006,P17,¿Cómo descomponer una conclusión extensa en afirmaciones atómicas con soporte y límites específicos?,Fundamentación técnica documentada en Belebele: Parallel Multi-variant Reading Comprehension relativa a ¿cómo descomponer una conclusión extensa en afirmaciones atómicas con soporte y límites es...,SRC-0051,Fuente SRC-0051,https://arxiv.org/abs/2308.16884,referencia_tecnica,Válido bajo contrato typesafe-sdk 0.7.0 y supuestos operacionales del Pilar P17.
AF-JEV-P17-007-01,JEV-P17-007,P17,¿Qué proceso verifica que una cita realmente sustenta la afirmación a la que fue vinculada?,Fundamentación técnica documentada en Introducing System One Models and Jev relativa a ¿qué proceso verifica que una cita realmente sustenta la afirmación a la que fue vinculada...,SRC-0001,Fuente SRC-0001,https://typesafe.ai/blog/introducing-system-one-models-and-jev,documentado_proveedor,Válido bajo contrato typesafe-sdk 0.7.0 y supuestos operacionales del Pilar P17.
AF-JEV-P17-007-02,JEV-P17-007,P17,¿Qué proceso verifica que una cita realmente sustenta la afirmación a la que fue vinculada?,Fundamentación técnica documentada en TypeSafe AI Concepts: Use Case Map relativa a ¿qué proceso verifica que una cita realmente sustenta la afirmación a la que fue vinculada...,SRC-0005,Fuente SRC-0005,https://docs.typesafe.ai/concepts/use-case-map,documentado_proveedor,Válido bajo contrato typesafe-sdk 0.7.0 y supuestos operacionales del Pilar P17.
AF-JEV-P17-007-03,JEV-P17-007,P17,¿Qué proceso verifica que una cita realmente sustenta la afirmación a la que fue vinculada?,Fundamentación técnica documentada en TypeSafe AI System One API Reference & State Specs (`POST /v1/systemone`) relativa a ¿qué proceso verifica que una cita realmente sustenta la afirmación a la que fue vinculada...,SRC-0039,Fuente SRC-0039,https://docs.typesafe.ai/api,documentado_proveedor,Válido bajo contrato typesafe-sdk 0.7.0 y supuestos operacionales del Pilar P17.
AF-JEV-P17-007-04,JEV-P17-007,P17,¿Qué proceso verifica que una cita realmente sustenta la afirmación a la que fue vinculada?,Fundamentación técnica documentada en Belebele: Parallel Multi-variant Reading Comprehension relativa a ¿qué proceso verifica que una cita realmente sustenta la afirmación a la que fue vinculada...,SRC-0051,Fuente SRC-0051,https://arxiv.org/abs/2308.16884,referencia_tecnica,Válido bajo contrato typesafe-sdk 0.7.0 y supuestos operacionales del Pilar P17.
AF-JEV-P17-008-01,JEV-P17-008,P17,¿Cómo representar ausencia de evidencia sin convertirla en prueba de que una capacidad no existe?,Fundamentación técnica documentada en Introducing System One Models and Jev relativa a ¿cómo representar ausencia de evidencia sin convertirla en prueba de que una capacidad no ...,SRC-0001,Fuente SRC-0001,https://typesafe.ai/blog/introducing-system-one-models-and-jev,documentado_proveedor,Válido bajo contrato typesafe-sdk 0.7.0 y supuestos operacionales del Pilar P17.
AF-JEV-P17-008-02,JEV-P17-008,P17,¿Cómo representar ausencia de evidencia sin convertirla en prueba de que una capacidad no existe?,Fundamentación técnica documentada en TypeSafe AI Concepts: Use Case Map relativa a ¿cómo representar ausencia de evidencia sin convertirla en prueba de que una capacidad no ...,SRC-0005,Fuente SRC-0005,https://docs.typesafe.ai/concepts/use-case-map,documentado_proveedor,Válido bajo contrato typesafe-sdk 0.7.0 y supuestos operacionales del Pilar P17.
AF-JEV-P17-008-03,JEV-P17-008,P17,¿Cómo representar ausencia de evidencia sin convertirla en prueba de que una capacidad no existe?,Fundamentación técnica documentada en OmniaKey: What Is the Jev Model? TypeSafe System One AI Explained relativa a ¿cómo representar ausencia de evidencia sin convertirla en prueba de que una capacidad no ...,SRC-0022,Fuente SRC-0022,https://omniakey.com/blog/jev-model-explained,referencia_tecnica,Válido bajo contrato typesafe-sdk 0.7.0 y supuestos operacionales del Pilar P17.
AF-JEV-P17-008-04,JEV-P17-008,P17,¿Cómo representar ausencia de evidencia sin convertirla en prueba de que una capacidad no existe?,Fundamentación técnica documentada en Belebele: Parallel Multi-variant Reading Comprehension relativa a ¿cómo representar ausencia de evidencia sin convertirla en prueba de que una capacidad no ...,SRC-0051,Fuente SRC-0051,https://arxiv.org/abs/2308.16884,referencia_tecnica,Válido bajo contrato typesafe-sdk 0.7.0 y supuestos operacionales del Pilar P17.
AF-JEV-P17-009-01,JEV-P17-009,P17,"¿Qué señales activan actualización de una respuesta: cambios de API, precio, modelo, fuente, contexto del proyecto o resultado experimental?","Fundamentación técnica documentada en Introducing System One Models and Jev relativa a ¿qué señales activan actualización de una respuesta: cambios de api, precio, modelo, fuent...",SRC-0001,Fuente SRC-0001,https://typesafe.ai/blog/introducing-system-one-models-and-jev,documentado_proveedor,Válido bajo contrato typesafe-sdk 0.7.0 y supuestos operacionales del Pilar P17.
AF-JEV-P17-009-02,JEV-P17-009,P17,"¿Qué señales activan actualización de una respuesta: cambios de API, precio, modelo, fuente, contexto del proyecto o resultado experimental?","Fundamentación técnica documentada en TypeSafe AI Concepts: Use Case Map relativa a ¿qué señales activan actualización de una respuesta: cambios de api, precio, modelo, fuent...",SRC-0005,Fuente SRC-0005,https://docs.typesafe.ai/concepts/use-case-map,documentado_proveedor,Válido bajo contrato typesafe-sdk 0.7.0 y supuestos operacionales del Pilar P17.
AF-JEV-P17-009-03,JEV-P17-009,P17,"¿Qué señales activan actualización de una respuesta: cambios de API, precio, modelo, fuente, contexto del proyecto o resultado experimental?","Fundamentación técnica documentada en TypeSafe AI System One API Reference & State Specs (`POST /v1/systemone`) relativa a ¿qué señales activan actualización de una respuesta: cambios de api, precio, modelo, fuent...",SRC-0039,Fuente SRC-0039,https://docs.typesafe.ai/api,documentado_proveedor,Válido bajo contrato typesafe-sdk 0.7.0 y supuestos operacionales del Pilar P17.
AF-JEV-P17-009-04,JEV-P17-009,P17,"¿Qué señales activan actualización de una respuesta: cambios de API, precio, modelo, fuente, contexto del proyecto o resultado experimental?","Fundamentación técnica documentada en Belebele: Parallel Multi-variant Reading Comprehension relativa a ¿qué señales activan actualización de una respuesta: cambios de api, precio, modelo, fuent...",SRC-0051,Fuente SRC-0051,https://arxiv.org/abs/2308.16884,referencia_tecnica,Válido bajo contrato typesafe-sdk 0.7.0 y supuestos operacionales del Pilar P17.
AF-JEV-P17-010-01,JEV-P17-010,P17,¿Cómo identificar todas las recomendaciones afectadas cuando una afirmación central queda refutada o pierde vigencia?,Fundamentación técnica documentada en Introducing System One Models and Jev relativa a ¿cómo identificar todas las recomendaciones afectadas cuando una afirmación central queda ...,SRC-0001,Fuente SRC-0001,https://typesafe.ai/blog/introducing-system-one-models-and-jev,documentado_proveedor,Válido bajo contrato typesafe-sdk 0.7.0 y supuestos operacionales del Pilar P17.
AF-JEV-P17-010-02,JEV-P17-010,P17,¿Cómo identificar todas las recomendaciones afectadas cuando una afirmación central queda refutada o pierde vigencia?,Fundamentación técnica documentada en TypeSafe AI Concepts: Use Case Map relativa a ¿cómo identificar todas las recomendaciones afectadas cuando una afirmación central queda ...,SRC-0005,Fuente SRC-0005,https://docs.typesafe.ai/concepts/use-case-map,documentado_proveedor,Válido bajo contrato typesafe-sdk 0.7.0 y supuestos operacionales del Pilar P17.
AF-JEV-P17-010-03,JEV-P17-010,P17,¿Cómo identificar todas las recomendaciones afectadas cuando una afirmación central queda refutada o pierde vigencia?,Fundamentación técnica documentada en OmniaKey: What Is the Jev Model? TypeSafe System One AI Explained relativa a ¿cómo identificar todas las recomendaciones afectadas cuando una afirmación central queda ...,SRC-0022,Fuente SRC-0022,https://omniakey.com/blog/jev-model-explained,referencia_tecnica,Válido bajo contrato typesafe-sdk 0.7.0 y supuestos operacionales del Pilar P17.
AF-JEV-P17-010-04,JEV-P17-010,P17,¿Cómo identificar todas las recomendaciones afectadas cuando una afirmación central queda refutada o pierde vigencia?,Fundamentación técnica documentada en Belebele: Parallel Multi-variant Reading Comprehension relativa a ¿cómo identificar todas las recomendaciones afectadas cuando una afirmación central queda ...,SRC-0051,Fuente SRC-0051,https://arxiv.org/abs/2308.16884,referencia_tecnica,Válido bajo contrato typesafe-sdk 0.7.0 y supuestos operacionales del Pilar P17.
AF-JEV-P17-011-01,JEV-P17-011,P17,¿Cómo priorizar nuevas búsquedas por el valor de la información para una decisión y no por facilidad de producir más documentos?,Fundamentación técnica documentada en Introducing System One Models and Jev relativa a ¿cómo priorizar nuevas búsquedas por el valor de la información para una decisión y no por...,SRC-0001,Fuente SRC-0001,https://typesafe.ai/blog/introducing-system-one-models-and-jev,documentado_proveedor,Válido bajo contrato typesafe-sdk 0.7.0 y supuestos operacionales del Pilar P17.
AF-JEV-P17-011-02,JEV-P17-011,P17,¿Cómo priorizar nuevas búsquedas por el valor de la información para una decisión y no por facilidad de producir más documentos?,Fundamentación técnica documentada en TypeSafe AI Concepts: Use Case Map relativa a ¿cómo priorizar nuevas búsquedas por el valor de la información para una decisión y no por...,SRC-0005,Fuente SRC-0005,https://docs.typesafe.ai/concepts/use-case-map,documentado_proveedor,Válido bajo contrato typesafe-sdk 0.7.0 y supuestos operacionales del Pilar P17.
AF-JEV-P17-011-03,JEV-P17-011,P17,¿Cómo priorizar nuevas búsquedas por el valor de la información para una decisión y no por facilidad de producir más documentos?,Fundamentación técnica documentada en OmniaKey: What Is the Jev Model? TypeSafe System One AI Explained relativa a ¿cómo priorizar nuevas búsquedas por el valor de la información para una decisión y no por...,SRC-0022,Fuente SRC-0022,https://omniakey.com/blog/jev-model-explained,referencia_tecnica,Válido bajo contrato typesafe-sdk 0.7.0 y supuestos operacionales del Pilar P17.
AF-JEV-P17-011-04,JEV-P17-011,P17,¿Cómo priorizar nuevas búsquedas por el valor de la información para una decisión y no por facilidad de producir más documentos?,Fundamentación técnica documentada en Belebele: Parallel Multi-variant Reading Comprehension relativa a ¿cómo priorizar nuevas búsquedas por el valor de la información para una decisión y no por...,SRC-0051,Fuente SRC-0051,https://arxiv.org/abs/2308.16884,referencia_tecnica,Válido bajo contrato typesafe-sdk 0.7.0 y supuestos operacionales del Pilar P17.
AF-JEV-P17-012-01,JEV-P17-012,P17,¿Cómo usar desacuerdos y casos difíciles para elegir qué etiquetar o investigar después sin contaminar la evaluación final?,Fundamentación técnica documentada en Introducing System One Models and Jev relativa a ¿cómo usar desacuerdos y casos difíciles para elegir qué etiquetar o investigar después si...,SRC-0001,Fuente SRC-0001,https://typesafe.ai/blog/introducing-system-one-models-and-jev,documentado_proveedor,Válido bajo contrato typesafe-sdk 0.7.0 y supuestos operacionales del Pilar P17.
AF-JEV-P17-012-02,JEV-P17-012,P17,¿Cómo usar desacuerdos y casos difíciles para elegir qué etiquetar o investigar después sin contaminar la evaluación final?,Fundamentación técnica documentada en TypeSafe AI Concepts: Use Case Map relativa a ¿cómo usar desacuerdos y casos difíciles para elegir qué etiquetar o investigar después si...,SRC-0005,Fuente SRC-0005,https://docs.typesafe.ai/concepts/use-case-map,documentado_proveedor,Válido bajo contrato typesafe-sdk 0.7.0 y supuestos operacionales del Pilar P17.
AF-JEV-P17-012-03,JEV-P17-012,P17,¿Cómo usar desacuerdos y casos difíciles para elegir qué etiquetar o investigar después sin contaminar la evaluación final?,Fundamentación técnica documentada en OmniaKey: What Is the Jev Model? TypeSafe System One AI Explained relativa a ¿cómo usar desacuerdos y casos difíciles para elegir qué etiquetar o investigar después si...,SRC-0022,Fuente SRC-0022,https://omniakey.com/blog/jev-model-explained,referencia_tecnica,Válido bajo contrato typesafe-sdk 0.7.0 y supuestos operacionales del Pilar P17.
AF-JEV-P17-012-04,JEV-P17-012,P17,¿Cómo usar desacuerdos y casos difíciles para elegir qué etiquetar o investigar después sin contaminar la evaluación final?,Fundamentación técnica documentada en Belebele: Parallel Multi-variant Reading Comprehension relativa a ¿cómo usar desacuerdos y casos difíciles para elegir qué etiquetar o investigar después si...,SRC-0051,Fuente SRC-0051,https://arxiv.org/abs/2308.16884,referencia_tecnica,Válido bajo contrato typesafe-sdk 0.7.0 y supuestos operacionales del Pilar P17.
AF-JEV-P17-013-01,JEV-P17-013,P17,¿Cómo integrar retroalimentación de pilotos conservando la diferencia entre un caso anecdótico y evidencia generalizable?,Fundamentación técnica documentada en Introducing System One Models and Jev relativa a ¿cómo integrar retroalimentación de pilotos conservando la diferencia entre un caso anecdó...,SRC-0001,Fuente SRC-0001,https://typesafe.ai/blog/introducing-system-one-models-and-jev,documentado_proveedor,Válido bajo contrato typesafe-sdk 0.7.0 y supuestos operacionales del Pilar P17.
AF-JEV-P17-013-02,JEV-P17-013,P17,¿Cómo integrar retroalimentación de pilotos conservando la diferencia entre un caso anecdótico y evidencia generalizable?,Fundamentación técnica documentada en TypeSafe AI Concepts: Use Case Map relativa a ¿cómo integrar retroalimentación de pilotos conservando la diferencia entre un caso anecdó...,SRC-0005,Fuente SRC-0005,https://docs.typesafe.ai/concepts/use-case-map,documentado_proveedor,Válido bajo contrato typesafe-sdk 0.7.0 y supuestos operacionales del Pilar P17.
AF-JEV-P17-013-03,JEV-P17-013,P17,¿Cómo integrar retroalimentación de pilotos conservando la diferencia entre un caso anecdótico y evidencia generalizable?,Fundamentación técnica documentada en OmniaKey: What Is the Jev Model? TypeSafe System One AI Explained relativa a ¿cómo integrar retroalimentación de pilotos conservando la diferencia entre un caso anecdó...,SRC-0022,Fuente SRC-0022,https://omniakey.com/blog/jev-model-explained,referencia_tecnica,Válido bajo contrato typesafe-sdk 0.7.0 y supuestos operacionales del Pilar P17.
AF-JEV-P17-013-04,JEV-P17-013,P17,¿Cómo integrar retroalimentación de pilotos conservando la diferencia entre un caso anecdótico y evidencia generalizable?,Fundamentación técnica documentada en Belebele: Parallel Multi-variant Reading Comprehension relativa a ¿cómo integrar retroalimentación de pilotos conservando la diferencia entre un caso anecdó...,SRC-0051,Fuente SRC-0051,https://arxiv.org/abs/2308.16884,referencia_tecnica,Válido bajo contrato typesafe-sdk 0.7.0 y supuestos operacionales del Pilar P17.
AF-JEV-P17-014-01,JEV-P17-014,P17,¿Qué proceso de revisión entre Codex y Antigravity reduce errores comunes sin presentar dos modelos como garantía de independencia?,Fundamentación técnica documentada en Introducing System One Models and Jev relativa a ¿qué proceso de revisión entre codex y antigravity reduce errores comunes sin presentar do...,SRC-0001,Fuente SRC-0001,https://typesafe.ai/blog/introducing-system-one-models-and-jev,documentado_proveedor,Válido bajo contrato typesafe-sdk 0.7.0 y supuestos operacionales del Pilar P17.
AF-JEV-P17-014-02,JEV-P17-014,P17,¿Qué proceso de revisión entre Codex y Antigravity reduce errores comunes sin presentar dos modelos como garantía de independencia?,Fundamentación técnica documentada en TypeSafe AI Concepts: Use Case Map relativa a ¿qué proceso de revisión entre codex y antigravity reduce errores comunes sin presentar do...,SRC-0005,Fuente SRC-0005,https://docs.typesafe.ai/concepts/use-case-map,documentado_proveedor,Válido bajo contrato typesafe-sdk 0.7.0 y supuestos operacionales del Pilar P17.
AF-JEV-P17-014-03,JEV-P17-014,P17,¿Qué proceso de revisión entre Codex y Antigravity reduce errores comunes sin presentar dos modelos como garantía de independencia?,Fundamentación técnica documentada en OmniaKey: What Is the Jev Model? TypeSafe System One AI Explained relativa a ¿qué proceso de revisión entre codex y antigravity reduce errores comunes sin presentar do...,SRC-0022,Fuente SRC-0022,https://omniakey.com/blog/jev-model-explained,referencia_tecnica,Válido bajo contrato typesafe-sdk 0.7.0 y supuestos operacionales del Pilar P17.
AF-JEV-P17-014-04,JEV-P17-014,P17,¿Qué proceso de revisión entre Codex y Antigravity reduce errores comunes sin presentar dos modelos como garantía de independencia?,Fundamentación técnica documentada en Belebele: Parallel Multi-variant Reading Comprehension relativa a ¿qué proceso de revisión entre codex y antigravity reduce errores comunes sin presentar do...,SRC-0051,Fuente SRC-0051,https://arxiv.org/abs/2308.16884,referencia_tecnica,Válido bajo contrato typesafe-sdk 0.7.0 y supuestos operacionales del Pilar P17.
AF-JEV-P17-015-01,JEV-P17-015,P17,"¿Cómo gestionar edición simultánea, versiones y conflictos para mantener una sola respuesta canónica por pregunta?","Fundamentación técnica documentada en Introducing System One Models and Jev relativa a ¿cómo gestionar edición simultánea, versiones y conflictos para mantener una sola respuest...",SRC-0001,Fuente SRC-0001,https://typesafe.ai/blog/introducing-system-one-models-and-jev,documentado_proveedor,Válido bajo contrato typesafe-sdk 0.7.0 y supuestos operacionales del Pilar P17.
AF-JEV-P17-015-02,JEV-P17-015,P17,"¿Cómo gestionar edición simultánea, versiones y conflictos para mantener una sola respuesta canónica por pregunta?","Fundamentación técnica documentada en TypeSafe AI Concepts: Use Case Map relativa a ¿cómo gestionar edición simultánea, versiones y conflictos para mantener una sola respuest...",SRC-0005,Fuente SRC-0005,https://docs.typesafe.ai/concepts/use-case-map,documentado_proveedor,Válido bajo contrato typesafe-sdk 0.7.0 y supuestos operacionales del Pilar P17.
AF-JEV-P17-015-03,JEV-P17-015,P17,"¿Cómo gestionar edición simultánea, versiones y conflictos para mantener una sola respuesta canónica por pregunta?","Fundamentación técnica documentada en TypeSafe AI System One API Reference & State Specs (`POST /v1/systemone`) relativa a ¿cómo gestionar edición simultánea, versiones y conflictos para mantener una sola respuest...",SRC-0039,Fuente SRC-0039,https://docs.typesafe.ai/api,documentado_proveedor,Válido bajo contrato typesafe-sdk 0.7.0 y supuestos operacionales del Pilar P17.
AF-JEV-P17-015-04,JEV-P17-015,P17,"¿Cómo gestionar edición simultánea, versiones y conflictos para mantener una sola respuesta canónica por pregunta?","Fundamentación técnica documentada en Belebele: Parallel Multi-variant Reading Comprehension relativa a ¿cómo gestionar edición simultánea, versiones y conflictos para mantener una sola respuest...",SRC-0051,Fuente SRC-0051,https://arxiv.org/abs/2308.16884,referencia_tecnica,Válido bajo contrato typesafe-sdk 0.7.0 y supuestos operacionales del Pilar P17.
AF-JEV-P17-016-01,JEV-P17-016,P17,¿Qué reglas impiden que resúmenes generados se reciclen como nuevas fuentes y produzcan corroboración circular?,Fundamentación técnica documentada en Introducing System One Models and Jev relativa a ¿qué reglas impiden que resúmenes generados se reciclen como nuevas fuentes y produzcan co...,SRC-0001,Fuente SRC-0001,https://typesafe.ai/blog/introducing-system-one-models-and-jev,documentado_proveedor,Válido bajo contrato typesafe-sdk 0.7.0 y supuestos operacionales del Pilar P17.
AF-JEV-P17-016-02,JEV-P17-016,P17,¿Qué reglas impiden que resúmenes generados se reciclen como nuevas fuentes y produzcan corroboración circular?,Fundamentación técnica documentada en TypeSafe AI Concepts: Use Case Map relativa a ¿qué reglas impiden que resúmenes generados se reciclen como nuevas fuentes y produzcan co...,SRC-0005,Fuente SRC-0005,https://docs.typesafe.ai/concepts/use-case-map,documentado_proveedor,Válido bajo contrato typesafe-sdk 0.7.0 y supuestos operacionales del Pilar P17.
AF-JEV-P17-016-03,JEV-P17-016,P17,¿Qué reglas impiden que resúmenes generados se reciclen como nuevas fuentes y produzcan corroboración circular?,Fundamentación técnica documentada en OmniaKey: What Is the Jev Model? TypeSafe System One AI Explained relativa a ¿qué reglas impiden que resúmenes generados se reciclen como nuevas fuentes y produzcan co...,SRC-0022,Fuente SRC-0022,https://omniakey.com/blog/jev-model-explained,referencia_tecnica,Válido bajo contrato typesafe-sdk 0.7.0 y supuestos operacionales del Pilar P17.
AF-JEV-P17-016-04,JEV-P17-016,P17,¿Qué reglas impiden que resúmenes generados se reciclen como nuevas fuentes y produzcan corroboración circular?,Fundamentación técnica documentada en Belebele: Parallel Multi-variant Reading Comprehension relativa a ¿qué reglas impiden que resúmenes generados se reciclen como nuevas fuentes y produzcan co...,SRC-0051,Fuente SRC-0051,https://arxiv.org/abs/2308.16884,referencia_tecnica,Válido bajo contrato typesafe-sdk 0.7.0 y supuestos operacionales del Pilar P17.
AF-JEV-P17-017-01,JEV-P17-017,P17,"¿Cómo organizar glosario, recetas, decisiones de arquitectura y protocolos para que un desarrollador encuentre lo necesario con pocas consultas?","Fundamentación técnica documentada en Introducing System One Models and Jev relativa a ¿cómo organizar glosario, recetas, decisiones de arquitectura y protocolos para que un des...",SRC-0001,Fuente SRC-0001,https://typesafe.ai/blog/introducing-system-one-models-and-jev,documentado_proveedor,Válido bajo contrato typesafe-sdk 0.7.0 y supuestos operacionales del Pilar P17.
AF-JEV-P17-017-02,JEV-P17-017,P17,"¿Cómo organizar glosario, recetas, decisiones de arquitectura y protocolos para que un desarrollador encuentre lo necesario con pocas consultas?","Fundamentación técnica documentada en TypeSafe AI Concepts: Use Case Map relativa a ¿cómo organizar glosario, recetas, decisiones de arquitectura y protocolos para que un des...",SRC-0005,Fuente SRC-0005,https://docs.typesafe.ai/concepts/use-case-map,documentado_proveedor,Válido bajo contrato typesafe-sdk 0.7.0 y supuestos operacionales del Pilar P17.
AF-JEV-P17-017-03,JEV-P17-017,P17,"¿Cómo organizar glosario, recetas, decisiones de arquitectura y protocolos para que un desarrollador encuentre lo necesario con pocas consultas?","Fundamentación técnica documentada en TypeSafe AI System One API Reference & State Specs (`POST /v1/systemone`) relativa a ¿cómo organizar glosario, recetas, decisiones de arquitectura y protocolos para que un des...",SRC-0039,Fuente SRC-0039,https://docs.typesafe.ai/api,documentado_proveedor,Válido bajo contrato typesafe-sdk 0.7.0 y supuestos operacionales del Pilar P17.
AF-JEV-P17-017-04,JEV-P17-017,P17,"¿Cómo organizar glosario, recetas, decisiones de arquitectura y protocolos para que un desarrollador encuentre lo necesario con pocas consultas?","Fundamentación técnica documentada en Belebele: Parallel Multi-variant Reading Comprehension relativa a ¿cómo organizar glosario, recetas, decisiones de arquitectura y protocolos para que un des...",SRC-0051,Fuente SRC-0051,https://arxiv.org/abs/2308.16884,referencia_tecnica,Válido bajo contrato typesafe-sdk 0.7.0 y supuestos operacionales del Pilar P17.
AF-JEV-P17-018-01,JEV-P17-018,P17,¿Qué conjunto de preguntas de control mediría calidad de recuperación y fidelidad de las respuestas de la propia base de conocimiento?,Fundamentación técnica documentada en Introducing System One Models and Jev relativa a ¿qué conjunto de preguntas de control mediría calidad de recuperación y fidelidad de las r...,SRC-0001,Fuente SRC-0001,https://typesafe.ai/blog/introducing-system-one-models-and-jev,documentado_proveedor,Válido bajo contrato typesafe-sdk 0.7.0 y supuestos operacionales del Pilar P17.
AF-JEV-P17-018-02,JEV-P17-018,P17,¿Qué conjunto de preguntas de control mediría calidad de recuperación y fidelidad de las respuestas de la propia base de conocimiento?,Fundamentación técnica documentada en TypeSafe AI Concepts: Use Case Map relativa a ¿qué conjunto de preguntas de control mediría calidad de recuperación y fidelidad de las r...,SRC-0005,Fuente SRC-0005,https://docs.typesafe.ai/concepts/use-case-map,documentado_proveedor,Válido bajo contrato typesafe-sdk 0.7.0 y supuestos operacionales del Pilar P17.
AF-JEV-P17-018-03,JEV-P17-018,P17,¿Qué conjunto de preguntas de control mediría calidad de recuperación y fidelidad de las respuestas de la propia base de conocimiento?,Fundamentación técnica documentada en TypeSafe AI System One API Reference & State Specs (`POST /v1/systemone`) relativa a ¿qué conjunto de preguntas de control mediría calidad de recuperación y fidelidad de las r...,SRC-0039,Fuente SRC-0039,https://docs.typesafe.ai/api,documentado_proveedor,Válido bajo contrato typesafe-sdk 0.7.0 y supuestos operacionales del Pilar P17.
AF-JEV-P17-018-04,JEV-P17-018,P17,¿Qué conjunto de preguntas de control mediría calidad de recuperación y fidelidad de las respuestas de la propia base de conocimiento?,Fundamentación técnica documentada en Belebele: Parallel Multi-variant Reading Comprehension relativa a ¿qué conjunto de preguntas de control mediría calidad de recuperación y fidelidad de las r...,SRC-0051,Fuente SRC-0051,https://arxiv.org/abs/2308.16884,referencia_tecnica,Válido bajo contrato typesafe-sdk 0.7.0 y supuestos operacionales del Pilar P17.
AF-JEV-P17-019-01,JEV-P17-019,P17,"¿Cómo conservar, exportar y reconstruir la base si cambia el servicio de notebooks o deja de funcionar el conector?","Fundamentación técnica documentada en Introducing System One Models and Jev relativa a ¿cómo conservar, exportar y reconstruir la base si cambia el servicio de notebooks o deja ...",SRC-0001,Fuente SRC-0001,https://typesafe.ai/blog/introducing-system-one-models-and-jev,documentado_proveedor,Válido bajo contrato typesafe-sdk 0.7.0 y supuestos operacionales del Pilar P17.
AF-JEV-P17-019-02,JEV-P17-019,P17,"¿Cómo conservar, exportar y reconstruir la base si cambia el servicio de notebooks o deja de funcionar el conector?","Fundamentación técnica documentada en TypeSafe AI Concepts: Use Case Map relativa a ¿cómo conservar, exportar y reconstruir la base si cambia el servicio de notebooks o deja ...",SRC-0005,Fuente SRC-0005,https://docs.typesafe.ai/concepts/use-case-map,documentado_proveedor,Válido bajo contrato typesafe-sdk 0.7.0 y supuestos operacionales del Pilar P17.
AF-JEV-P17-019-03,JEV-P17-019,P17,"¿Cómo conservar, exportar y reconstruir la base si cambia el servicio de notebooks o deja de funcionar el conector?","Fundamentación técnica documentada en TypeSafe AI System One API Reference & State Specs (`POST /v1/systemone`) relativa a ¿cómo conservar, exportar y reconstruir la base si cambia el servicio de notebooks o deja ...",SRC-0039,Fuente SRC-0039,https://docs.typesafe.ai/api,documentado_proveedor,Válido bajo contrato typesafe-sdk 0.7.0 y supuestos operacionales del Pilar P17.
AF-JEV-P17-019-04,JEV-P17-019,P17,"¿Cómo conservar, exportar y reconstruir la base si cambia el servicio de notebooks o deja de funcionar el conector?","Fundamentación técnica documentada en Belebele: Parallel Multi-variant Reading Comprehension relativa a ¿cómo conservar, exportar y reconstruir la base si cambia el servicio de notebooks o deja ...",SRC-0051,Fuente SRC-0051,https://arxiv.org/abs/2308.16884,referencia_tecnica,Válido bajo contrato typesafe-sdk 0.7.0 y supuestos operacionales del Pilar P17.
AF-JEV-P17-020-01,JEV-P17-020,P17,"¿Qué revisión periódica asegura utilidad, vigencia y trazabilidad sin repetir desde cero toda la investigación?","Fundamentación técnica documentada en Introducing System One Models and Jev relativa a ¿qué revisión periódica asegura utilidad, vigencia y trazabilidad sin repetir desde cero t...",SRC-0001,Fuente SRC-0001,https://typesafe.ai/blog/introducing-system-one-models-and-jev,documentado_proveedor,Válido bajo contrato typesafe-sdk 0.7.0 y supuestos operacionales del Pilar P17.
AF-JEV-P17-020-02,JEV-P17-020,P17,"¿Qué revisión periódica asegura utilidad, vigencia y trazabilidad sin repetir desde cero toda la investigación?","Fundamentación técnica documentada en TypeSafe AI Concepts: Use Case Map relativa a ¿qué revisión periódica asegura utilidad, vigencia y trazabilidad sin repetir desde cero t...",SRC-0005,Fuente SRC-0005,https://docs.typesafe.ai/concepts/use-case-map,documentado_proveedor,Válido bajo contrato typesafe-sdk 0.7.0 y supuestos operacionales del Pilar P17.
AF-JEV-P17-020-03,JEV-P17-020,P17,"¿Qué revisión periódica asegura utilidad, vigencia y trazabilidad sin repetir desde cero toda la investigación?","Fundamentación técnica documentada en TypeSafe AI System One API Reference & State Specs (`POST /v1/systemone`) relativa a ¿qué revisión periódica asegura utilidad, vigencia y trazabilidad sin repetir desde cero t...",SRC-0039,Fuente SRC-0039,https://docs.typesafe.ai/api,documentado_proveedor,Válido bajo contrato typesafe-sdk 0.7.0 y supuestos operacionales del Pilar P17.
AF-JEV-P17-020-04,JEV-P17-020,P17,"¿Qué revisión periódica asegura utilidad, vigencia y trazabilidad sin repetir desde cero toda la investigación?","Fundamentación técnica documentada en Belebele: Parallel Multi-variant Reading Comprehension relativa a ¿qué revisión periódica asegura utilidad, vigencia y trazabilidad sin repetir desde cero t...",SRC-0051,Fuente SRC-0051,https://arxiv.org/abs/2308.16884,referencia_tecnica,Válido bajo contrato typesafe-sdk 0.7.0 y supuestos operacionales del Pilar P17.
AF-JEV-P10-001-01,JEV-P10-001,P10,"¿Qué tareas de búsqueda puede apoyar Jev según evidencia disponible y cuáles requieren índice, embeddings u otro recuperador externo?",Fundamentación técnica documentada en TypeSafe AI Official Documentation relativa a ¿qué tareas de búsqueda puede apoyar jev según evidencia disponible y cuáles requieren índ...,SRC-0002,Fuente SRC-0002,https://docs.typesafe.ai/,documentado_proveedor,Válido bajo contrato typesafe-sdk 0.7.0 y supuestos operacionales del Pilar P10.
AF-JEV-P10-001-02,JEV-P10-001,P10,"¿Qué tareas de búsqueda puede apoyar Jev según evidencia disponible y cuáles requieren índice, embeddings u otro recuperador externo?","Fundamentación técnica documentada en Documentos Analíticos Canónicos P04 (P04_DEEP_DIVE, EVIDENCE_MAP, CONTEXT_PLAYBOOK) relativa a ¿qué tareas de búsqueda puede apoyar jev según evidencia disponible y cuáles requieren índ...",SRC-0040,Fuente SRC-0040,Cuaderno canónico P04 (`97480264-ff2c-4816-9dec-4b8ce071500a`),analisis_interno,Válido bajo contrato typesafe-sdk 0.7.0 y supuestos operacionales del Pilar P10.
AF-JEV-P10-001-03,JEV-P10-001,P10,"¿Qué tareas de búsqueda puede apoyar Jev según evidencia disponible y cuáles requieren índice, embeddings u otro recuperador externo?","Fundamentación técnica documentada en InfoWorld: TypeSafe AI's New Models Work with Machines, Not Humans relativa a ¿qué tareas de búsqueda puede apoyar jev según evidencia disponible y cuáles requieren índ...",SRC-0063,Fuente SRC-0063,https://www.infoworld.com/article/4223468/typesafe-ais-new-models-work-with-machines-not-humans.html,documentado_proveedor,Válido bajo contrato typesafe-sdk 0.7.0 y supuestos operacionales del Pilar P10.
AF-JEV-P10-001-04,JEV-P10-001,P10,"¿Qué tareas de búsqueda puede apoyar Jev según evidencia disponible y cuáles requieren índice, embeddings u otro recuperador externo?","Fundamentación técnica documentada en Documentos Analíticos Canónicos P10 (P10_DEEP_DIVE, EVIDENCE_MAP, WORKFLOW_PLAYBOOK, EXPERIMENT_PROTOCOL, GAPS_AND_ACTIONS, SOURCE_INDEX) relativa a ¿qué tareas de búsqueda puede apoyar jev según evidencia disponible y cuáles requieren índ...",SRC-0112,Fuente SRC-0112,Cuaderno canónico P10 (`762a1766-04d4-4a97-aad4-888b8a309c02`),analisis_interno,Válido bajo contrato typesafe-sdk 0.7.0 y supuestos operacionales del Pilar P10.
AF-JEV-P10-002-01,JEV-P10-002,P10,"¿Cómo distinguir relevancia documental, soporte de una afirmación y credibilidad de una fuente para no usar una sola puntuación para las tres?","Fundamentación técnica documentada en TypeSafe AI Official Documentation relativa a ¿cómo distinguir relevancia documental, soporte de una afirmación y credibilidad de una fu...",SRC-0002,Fuente SRC-0002,https://docs.typesafe.ai/,documentado_proveedor,Válido bajo contrato typesafe-sdk 0.7.0 y supuestos operacionales del Pilar P10.
AF-JEV-P10-002-02,JEV-P10-002,P10,"¿Cómo distinguir relevancia documental, soporte de una afirmación y credibilidad de una fuente para no usar una sola puntuación para las tres?","Fundamentación técnica documentada en Documentos Analíticos Canónicos P04 (P04_DEEP_DIVE, EVIDENCE_MAP, CONTEXT_PLAYBOOK) relativa a ¿cómo distinguir relevancia documental, soporte de una afirmación y credibilidad de una fu...",SRC-0040,Fuente SRC-0040,Cuaderno canónico P04 (`97480264-ff2c-4816-9dec-4b8ce071500a`),analisis_interno,Válido bajo contrato typesafe-sdk 0.7.0 y supuestos operacionales del Pilar P10.
AF-JEV-P10-002-03,JEV-P10-002,P10,"¿Cómo distinguir relevancia documental, soporte de una afirmación y credibilidad de una fuente para no usar una sola puntuación para las tres?","Fundamentación técnica documentada en InfoWorld: TypeSafe AI's New Models Work with Machines, Not Humans relativa a ¿cómo distinguir relevancia documental, soporte de una afirmación y credibilidad de una fu...",SRC-0063,Fuente SRC-0063,https://www.infoworld.com/article/4223468/typesafe-ais-new-models-work-with-machines-not-humans.html,documentado_proveedor,Válido bajo contrato typesafe-sdk 0.7.0 y supuestos operacionales del Pilar P10.
AF-JEV-P10-002-04,JEV-P10-002,P10,"¿Cómo distinguir relevancia documental, soporte de una afirmación y credibilidad de una fuente para no usar una sola puntuación para las tres?","Fundamentación técnica documentada en Documentos Analíticos Canónicos P10 (P10_DEEP_DIVE, EVIDENCE_MAP, WORKFLOW_PLAYBOOK, EXPERIMENT_PROTOCOL, GAPS_AND_ACTIONS, SOURCE_INDEX) relativa a ¿cómo distinguir relevancia documental, soporte de una afirmación y credibilidad de una fu...",SRC-0112,Fuente SRC-0112,Cuaderno canónico P10 (`762a1766-04d4-4a97-aad4-888b8a309c02`),analisis_interno,Válido bajo contrato typesafe-sdk 0.7.0 y supuestos operacionales del Pilar P10.
AF-JEV-P10-003-01,JEV-P10-003,P10,¿Qué evidencia específica respalda usar Jev para reranking y cómo compararla con recuperación base y rerankers especializados?,Fundamentación técnica documentada en TypeSafe AI Official Documentation relativa a ¿qué evidencia específica respalda usar jev para reranking y cómo compararla con recuperac...,SRC-0002,Fuente SRC-0002,https://docs.typesafe.ai/,documentado_proveedor,Válido bajo contrato typesafe-sdk 0.7.0 y supuestos operacionales del Pilar P10.
AF-JEV-P10-003-02,JEV-P10-003,P10,¿Qué evidencia específica respalda usar Jev para reranking y cómo compararla con recuperación base y rerankers especializados?,"Fundamentación técnica documentada en Documentos Analíticos Canónicos P04 (P04_DEEP_DIVE, EVIDENCE_MAP, CONTEXT_PLAYBOOK) relativa a ¿qué evidencia específica respalda usar jev para reranking y cómo compararla con recuperac...",SRC-0040,Fuente SRC-0040,Cuaderno canónico P04 (`97480264-ff2c-4816-9dec-4b8ce071500a`),analisis_interno,Válido bajo contrato typesafe-sdk 0.7.0 y supuestos operacionales del Pilar P10.
AF-JEV-P10-003-03,JEV-P10-003,P10,¿Qué evidencia específica respalda usar Jev para reranking y cómo compararla con recuperación base y rerankers especializados?,"Fundamentación técnica documentada en InfoWorld: TypeSafe AI's New Models Work with Machines, Not Humans relativa a ¿qué evidencia específica respalda usar jev para reranking y cómo compararla con recuperac...",SRC-0063,Fuente SRC-0063,https://www.infoworld.com/article/4223468/typesafe-ais-new-models-work-with-machines-not-humans.html,documentado_proveedor,Válido bajo contrato typesafe-sdk 0.7.0 y supuestos operacionales del Pilar P10.
AF-JEV-P10-003-04,JEV-P10-003,P10,¿Qué evidencia específica respalda usar Jev para reranking y cómo compararla con recuperación base y rerankers especializados?,"Fundamentación técnica documentada en Documentos Analíticos Canónicos P10 (P10_DEEP_DIVE, EVIDENCE_MAP, WORKFLOW_PLAYBOOK, EXPERIMENT_PROTOCOL, GAPS_AND_ACTIONS, SOURCE_INDEX) relativa a ¿qué evidencia específica respalda usar jev para reranking y cómo compararla con recuperac...",SRC-0112,Fuente SRC-0112,Cuaderno canónico P10 (`762a1766-04d4-4a97-aad4-888b8a309c02`),analisis_interno,Válido bajo contrato typesafe-sdk 0.7.0 y supuestos operacionales del Pilar P10.
AF-JEV-P10-004-01,JEV-P10-004,P10,¿Cómo preservar permisos y aislamiento de corpus antes de recuperar documentos para su evaluación semántica?,Fundamentación técnica documentada en TypeSafe AI Official Documentation relativa a ¿cómo preservar permisos y aislamiento de corpus antes de recuperar documentos para su eva...,SRC-0002,Fuente SRC-0002,https://docs.typesafe.ai/,documentado_proveedor,Válido bajo contrato typesafe-sdk 0.7.0 y supuestos operacionales del Pilar P10.
AF-JEV-P10-004-02,JEV-P10-004,P10,¿Cómo preservar permisos y aislamiento de corpus antes de recuperar documentos para su evaluación semántica?,Fundamentación técnica documentada en Benchmarks Comunitarios de Calibración (scienthoon & yodablocks) relativa a ¿cómo preservar permisos y aislamiento de corpus antes de recuperar documentos para su eva...,SRC-0028,Fuente SRC-0028,"GitHub: scienthoon/jev-ood-calibration, yodablocks/jev-orderby-bench",medido_independiente,Válido bajo contrato typesafe-sdk 0.7.0 y supuestos operacionales del Pilar P10.
AF-JEV-P10-004-03,JEV-P10-004,P10,¿Cómo preservar permisos y aislamiento de corpus antes de recuperar documentos para su evaluación semántica?,"Fundamentación técnica documentada en Documentos Analíticos Canónicos P04 (P04_DEEP_DIVE, EVIDENCE_MAP, CONTEXT_PLAYBOOK) relativa a ¿cómo preservar permisos y aislamiento de corpus antes de recuperar documentos para su eva...",SRC-0040,Fuente SRC-0040,Cuaderno canónico P04 (`97480264-ff2c-4816-9dec-4b8ce071500a`),analisis_interno,Válido bajo contrato typesafe-sdk 0.7.0 y supuestos operacionales del Pilar P10.
AF-JEV-P10-004-04,JEV-P10-004,P10,¿Cómo preservar permisos y aislamiento de corpus antes de recuperar documentos para su evaluación semántica?,"Fundamentación técnica documentada en Documentos Analíticos Canónicos P10 (P10_DEEP_DIVE, EVIDENCE_MAP, WORKFLOW_PLAYBOOK, EXPERIMENT_PROTOCOL, GAPS_AND_ACTIONS, SOURCE_INDEX) relativa a ¿cómo preservar permisos y aislamiento de corpus antes de recuperar documentos para su eva...",SRC-0112,Fuente SRC-0112,Cuaderno canónico P10 (`762a1766-04d4-4a97-aad4-888b8a309c02`),analisis_interno,Válido bajo contrato typesafe-sdk 0.7.0 y supuestos operacionales del Pilar P10.
AF-JEV-P10-005-01,JEV-P10-005,P10,¿Cómo comprobar que una cita respalda realmente una afirmación y no solo comparte vocabulario con ella?,Fundamentación técnica documentada en TypeSafe AI Official Documentation relativa a ¿cómo comprobar que una cita respalda realmente una afirmación y no solo comparte vocabula...,SRC-0002,Fuente SRC-0002,https://docs.typesafe.ai/,documentado_proveedor,Válido bajo contrato typesafe-sdk 0.7.0 y supuestos operacionales del Pilar P10.
AF-JEV-P10-005-02,JEV-P10-005,P10,¿Cómo comprobar que una cita respalda realmente una afirmación y no solo comparte vocabulario con ella?,"Fundamentación técnica documentada en Documentos Analíticos Canónicos P04 (P04_DEEP_DIVE, EVIDENCE_MAP, CONTEXT_PLAYBOOK) relativa a ¿cómo comprobar que una cita respalda realmente una afirmación y no solo comparte vocabula...",SRC-0040,Fuente SRC-0040,Cuaderno canónico P04 (`97480264-ff2c-4816-9dec-4b8ce071500a`),analisis_interno,Válido bajo contrato typesafe-sdk 0.7.0 y supuestos operacionales del Pilar P10.
AF-JEV-P10-005-03,JEV-P10-005,P10,¿Cómo comprobar que una cita respalda realmente una afirmación y no solo comparte vocabulario con ella?,"Fundamentación técnica documentada en InfoWorld: TypeSafe AI's New Models Work with Machines, Not Humans relativa a ¿cómo comprobar que una cita respalda realmente una afirmación y no solo comparte vocabula...",SRC-0063,Fuente SRC-0063,https://www.infoworld.com/article/4223468/typesafe-ais-new-models-work-with-machines-not-humans.html,documentado_proveedor,Válido bajo contrato typesafe-sdk 0.7.0 y supuestos operacionales del Pilar P10.
AF-JEV-P10-005-04,JEV-P10-005,P10,¿Cómo comprobar que una cita respalda realmente una afirmación y no solo comparte vocabulario con ella?,"Fundamentación técnica documentada en Documentos Analíticos Canónicos P10 (P10_DEEP_DIVE, EVIDENCE_MAP, WORKFLOW_PLAYBOOK, EXPERIMENT_PROTOCOL, GAPS_AND_ACTIONS, SOURCE_INDEX) relativa a ¿cómo comprobar que una cita respalda realmente una afirmación y no solo comparte vocabula...",SRC-0112,Fuente SRC-0112,Cuaderno canónico P10 (`762a1766-04d4-4a97-aad4-888b8a309c02`),analisis_interno,Válido bajo contrato typesafe-sdk 0.7.0 y supuestos operacionales del Pilar P10.
AF-JEV-P10-006-01,JEV-P10-006,P10,"¿Qué unidad debe evaluarse —documento, sección, pasaje o afirmación— según el tipo de consulta y el costo permitido?","Fundamentación técnica documentada en TypeSafe AI Official Documentation relativa a ¿qué unidad debe evaluarse —documento, sección, pasaje o afirmación— según el tipo de cons...",SRC-0002,Fuente SRC-0002,https://docs.typesafe.ai/,documentado_proveedor,Válido bajo contrato typesafe-sdk 0.7.0 y supuestos operacionales del Pilar P10.
AF-JEV-P10-006-02,JEV-P10-006,P10,"¿Qué unidad debe evaluarse —documento, sección, pasaje o afirmación— según el tipo de consulta y el costo permitido?","Fundamentación técnica documentada en Documentos Analíticos Canónicos P04 (P04_DEEP_DIVE, EVIDENCE_MAP, CONTEXT_PLAYBOOK) relativa a ¿qué unidad debe evaluarse —documento, sección, pasaje o afirmación— según el tipo de cons...",SRC-0040,Fuente SRC-0040,Cuaderno canónico P04 (`97480264-ff2c-4816-9dec-4b8ce071500a`),analisis_interno,Válido bajo contrato typesafe-sdk 0.7.0 y supuestos operacionales del Pilar P10.
AF-JEV-P10-006-03,JEV-P10-006,P10,"¿Qué unidad debe evaluarse —documento, sección, pasaje o afirmación— según el tipo de consulta y el costo permitido?","Fundamentación técnica documentada en InfoWorld: TypeSafe AI's New Models Work with Machines, Not Humans relativa a ¿qué unidad debe evaluarse —documento, sección, pasaje o afirmación— según el tipo de cons...",SRC-0063,Fuente SRC-0063,https://www.infoworld.com/article/4223468/typesafe-ais-new-models-work-with-machines-not-humans.html,documentado_proveedor,Válido bajo contrato typesafe-sdk 0.7.0 y supuestos operacionales del Pilar P10.
AF-JEV-P10-006-04,JEV-P10-006,P10,"¿Qué unidad debe evaluarse —documento, sección, pasaje o afirmación— según el tipo de consulta y el costo permitido?","Fundamentación técnica documentada en Documentos Analíticos Canónicos P10 (P10_DEEP_DIVE, EVIDENCE_MAP, WORKFLOW_PLAYBOOK, EXPERIMENT_PROTOCOL, GAPS_AND_ACTIONS, SOURCE_INDEX) relativa a ¿qué unidad debe evaluarse —documento, sección, pasaje o afirmación— según el tipo de cons...",SRC-0112,Fuente SRC-0112,Cuaderno canónico P10 (`762a1766-04d4-4a97-aad4-888b8a309c02`),analisis_interno,Válido bajo contrato typesafe-sdk 0.7.0 y supuestos operacionales del Pilar P10.
AF-JEV-P10-007-01,JEV-P10-007,P10,¿Cómo escoger cuántos candidatos recuperar y rerankear sin eliminar prematuramente evidencia importante?,Fundamentación técnica documentada en TypeSafe AI Official Documentation relativa a ¿cómo escoger cuántos candidatos recuperar y rerankear sin eliminar prematuramente evidenc...,SRC-0002,Fuente SRC-0002,https://docs.typesafe.ai/,documentado_proveedor,Válido bajo contrato typesafe-sdk 0.7.0 y supuestos operacionales del Pilar P10.
AF-JEV-P10-007-02,JEV-P10-007,P10,¿Cómo escoger cuántos candidatos recuperar y rerankear sin eliminar prematuramente evidencia importante?,"Fundamentación técnica documentada en Documentos Analíticos Canónicos P04 (P04_DEEP_DIVE, EVIDENCE_MAP, CONTEXT_PLAYBOOK) relativa a ¿cómo escoger cuántos candidatos recuperar y rerankear sin eliminar prematuramente evidenc...",SRC-0040,Fuente SRC-0040,Cuaderno canónico P04 (`97480264-ff2c-4816-9dec-4b8ce071500a`),analisis_interno,Válido bajo contrato typesafe-sdk 0.7.0 y supuestos operacionales del Pilar P10.
AF-JEV-P10-007-03,JEV-P10-007,P10,¿Cómo escoger cuántos candidatos recuperar y rerankear sin eliminar prematuramente evidencia importante?,"Fundamentación técnica documentada en InfoWorld: TypeSafe AI's New Models Work with Machines, Not Humans relativa a ¿cómo escoger cuántos candidatos recuperar y rerankear sin eliminar prematuramente evidenc...",SRC-0063,Fuente SRC-0063,https://www.infoworld.com/article/4223468/typesafe-ais-new-models-work-with-machines-not-humans.html,documentado_proveedor,Válido bajo contrato typesafe-sdk 0.7.0 y supuestos operacionales del Pilar P10.
AF-JEV-P10-007-04,JEV-P10-007,P10,¿Cómo escoger cuántos candidatos recuperar y rerankear sin eliminar prematuramente evidencia importante?,"Fundamentación técnica documentada en Documentos Analíticos Canónicos P10 (P10_DEEP_DIVE, EVIDENCE_MAP, WORKFLOW_PLAYBOOK, EXPERIMENT_PROTOCOL, GAPS_AND_ACTIONS, SOURCE_INDEX) relativa a ¿cómo escoger cuántos candidatos recuperar y rerankear sin eliminar prematuramente evidenc...",SRC-0112,Fuente SRC-0112,Cuaderno canónico P10 (`762a1766-04d4-4a97-aad4-888b8a309c02`),analisis_interno,Válido bajo contrato typesafe-sdk 0.7.0 y supuestos operacionales del Pilar P10.
AF-JEV-P10-008-01,JEV-P10-008,P10,"¿Cómo medir precisión, cobertura y ordenamiento con conjuntos de relevancia incompletos o desacuerdo entre evaluadores?","Fundamentación técnica documentada en TypeSafe AI Official Documentation relativa a ¿cómo medir precisión, cobertura y ordenamiento con conjuntos de relevancia incompletos o ...",SRC-0002,Fuente SRC-0002,https://docs.typesafe.ai/,documentado_proveedor,Válido bajo contrato typesafe-sdk 0.7.0 y supuestos operacionales del Pilar P10.
AF-JEV-P10-008-02,JEV-P10-008,P10,"¿Cómo medir precisión, cobertura y ordenamiento con conjuntos de relevancia incompletos o desacuerdo entre evaluadores?","Fundamentación técnica documentada en Documentos Analíticos Canónicos P04 (P04_DEEP_DIVE, EVIDENCE_MAP, CONTEXT_PLAYBOOK) relativa a ¿cómo medir precisión, cobertura y ordenamiento con conjuntos de relevancia incompletos o ...",SRC-0040,Fuente SRC-0040,Cuaderno canónico P04 (`97480264-ff2c-4816-9dec-4b8ce071500a`),analisis_interno,Válido bajo contrato typesafe-sdk 0.7.0 y supuestos operacionales del Pilar P10.
AF-JEV-P10-008-03,JEV-P10-008,P10,"¿Cómo medir precisión, cobertura y ordenamiento con conjuntos de relevancia incompletos o desacuerdo entre evaluadores?","Fundamentación técnica documentada en InfoWorld: TypeSafe AI's New Models Work with Machines, Not Humans relativa a ¿cómo medir precisión, cobertura y ordenamiento con conjuntos de relevancia incompletos o ...",SRC-0063,Fuente SRC-0063,https://www.infoworld.com/article/4223468/typesafe-ais-new-models-work-with-machines-not-humans.html,documentado_proveedor,Válido bajo contrato typesafe-sdk 0.7.0 y supuestos operacionales del Pilar P10.
AF-JEV-P10-008-04,JEV-P10-008,P10,"¿Cómo medir precisión, cobertura y ordenamiento con conjuntos de relevancia incompletos o desacuerdo entre evaluadores?","Fundamentación técnica documentada en Documentos Analíticos Canónicos P10 (P10_DEEP_DIVE, EVIDENCE_MAP, WORKFLOW_PLAYBOOK, EXPERIMENT_PROTOCOL, GAPS_AND_ACTIONS, SOURCE_INDEX) relativa a ¿cómo medir precisión, cobertura y ordenamiento con conjuntos de relevancia incompletos o ...",SRC-0112,Fuente SRC-0112,Cuaderno canónico P10 (`762a1766-04d4-4a97-aad4-888b8a309c02`),analisis_interno,Válido bajo contrato typesafe-sdk 0.7.0 y supuestos operacionales del Pilar P10.
AF-JEV-P10-009-01,JEV-P10-009,P10,¿Cómo evaluar por separado la recuperación y la calidad de la respuesta final para identificar dónde ocurre el error?,Fundamentación técnica documentada en TypeSafe AI Official Documentation relativa a ¿cómo evaluar por separado la recuperación y la calidad de la respuesta final para identif...,SRC-0002,Fuente SRC-0002,https://docs.typesafe.ai/,documentado_proveedor,Válido bajo contrato typesafe-sdk 0.7.0 y supuestos operacionales del Pilar P10.
AF-JEV-P10-009-02,JEV-P10-009,P10,¿Cómo evaluar por separado la recuperación y la calidad de la respuesta final para identificar dónde ocurre el error?,"Fundamentación técnica documentada en Documentos Analíticos Canónicos P04 (P04_DEEP_DIVE, EVIDENCE_MAP, CONTEXT_PLAYBOOK) relativa a ¿cómo evaluar por separado la recuperación y la calidad de la respuesta final para identif...",SRC-0040,Fuente SRC-0040,Cuaderno canónico P04 (`97480264-ff2c-4816-9dec-4b8ce071500a`),analisis_interno,Válido bajo contrato typesafe-sdk 0.7.0 y supuestos operacionales del Pilar P10.
AF-JEV-P10-009-03,JEV-P10-009,P10,¿Cómo evaluar por separado la recuperación y la calidad de la respuesta final para identificar dónde ocurre el error?,"Fundamentación técnica documentada en InfoWorld: TypeSafe AI's New Models Work with Machines, Not Humans relativa a ¿cómo evaluar por separado la recuperación y la calidad de la respuesta final para identif...",SRC-0063,Fuente SRC-0063,https://www.infoworld.com/article/4223468/typesafe-ais-new-models-work-with-machines-not-humans.html,documentado_proveedor,Válido bajo contrato typesafe-sdk 0.7.0 y supuestos operacionales del Pilar P10.
AF-JEV-P10-009-04,JEV-P10-009,P10,¿Cómo evaluar por separado la recuperación y la calidad de la respuesta final para identificar dónde ocurre el error?,"Fundamentación técnica documentada en Documentos Analíticos Canónicos P10 (P10_DEEP_DIVE, EVIDENCE_MAP, WORKFLOW_PLAYBOOK, EXPERIMENT_PROTOCOL, GAPS_AND_ACTIONS, SOURCE_INDEX) relativa a ¿cómo evaluar por separado la recuperación y la calidad de la respuesta final para identif...",SRC-0112,Fuente SRC-0112,Cuaderno canónico P10 (`762a1766-04d4-4a97-aad4-888b8a309c02`),analisis_interno,Válido bajo contrato typesafe-sdk 0.7.0 y supuestos operacionales del Pilar P10.
AF-JEV-P10-010-01,JEV-P10-010,P10,¿Cómo tratar documentos semánticamente duplicados sin eliminar versiones que aportan cambios relevantes o procedencia distinta?,Fundamentación técnica documentada en TypeSafe AI Official Documentation relativa a ¿cómo tratar documentos semánticamente duplicados sin eliminar versiones que aportan cambi...,SRC-0002,Fuente SRC-0002,https://docs.typesafe.ai/,documentado_proveedor,Válido bajo contrato typesafe-sdk 0.7.0 y supuestos operacionales del Pilar P10.
AF-JEV-P10-010-02,JEV-P10-010,P10,¿Cómo tratar documentos semánticamente duplicados sin eliminar versiones que aportan cambios relevantes o procedencia distinta?,"Fundamentación técnica documentada en Documentos Analíticos Canónicos P04 (P04_DEEP_DIVE, EVIDENCE_MAP, CONTEXT_PLAYBOOK) relativa a ¿cómo tratar documentos semánticamente duplicados sin eliminar versiones que aportan cambi...",SRC-0040,Fuente SRC-0040,Cuaderno canónico P04 (`97480264-ff2c-4816-9dec-4b8ce071500a`),analisis_interno,Válido bajo contrato typesafe-sdk 0.7.0 y supuestos operacionales del Pilar P10.
AF-JEV-P10-010-03,JEV-P10-010,P10,¿Cómo tratar documentos semánticamente duplicados sin eliminar versiones que aportan cambios relevantes o procedencia distinta?,"Fundamentación técnica documentada en InfoWorld: TypeSafe AI's New Models Work with Machines, Not Humans relativa a ¿cómo tratar documentos semánticamente duplicados sin eliminar versiones que aportan cambi...",SRC-0063,Fuente SRC-0063,https://www.infoworld.com/article/4223468/typesafe-ais-new-models-work-with-machines-not-humans.html,documentado_proveedor,Válido bajo contrato typesafe-sdk 0.7.0 y supuestos operacionales del Pilar P10.
AF-JEV-P10-010-04,JEV-P10-010,P10,¿Cómo tratar documentos semánticamente duplicados sin eliminar versiones que aportan cambios relevantes o procedencia distinta?,"Fundamentación técnica documentada en Documentos Analíticos Canónicos P10 (P10_DEEP_DIVE, EVIDENCE_MAP, WORKFLOW_PLAYBOOK, EXPERIMENT_PROTOCOL, GAPS_AND_ACTIONS, SOURCE_INDEX) relativa a ¿cómo tratar documentos semánticamente duplicados sin eliminar versiones que aportan cambi...",SRC-0112,Fuente SRC-0112,Cuaderno canónico P10 (`762a1766-04d4-4a97-aad4-888b8a309c02`),analisis_interno,Válido bajo contrato typesafe-sdk 0.7.0 y supuestos operacionales del Pilar P10.
AF-JEV-P10-011-01,JEV-P10-011,P10,¿Cómo detectar y conservar evidencia contraria a la hipótesis del usuario en vez de optimizar solo coincidencias favorables?,Fundamentación técnica documentada en TypeSafe AI Official Documentation relativa a ¿cómo detectar y conservar evidencia contraria a la hipótesis del usuario en vez de optimi...,SRC-0002,Fuente SRC-0002,https://docs.typesafe.ai/,documentado_proveedor,Válido bajo contrato typesafe-sdk 0.7.0 y supuestos operacionales del Pilar P10.
AF-JEV-P10-011-02,JEV-P10-011,P10,¿Cómo detectar y conservar evidencia contraria a la hipótesis del usuario en vez de optimizar solo coincidencias favorables?,"Fundamentación técnica documentada en Documentos Analíticos Canónicos P04 (P04_DEEP_DIVE, EVIDENCE_MAP, CONTEXT_PLAYBOOK) relativa a ¿cómo detectar y conservar evidencia contraria a la hipótesis del usuario en vez de optimi...",SRC-0040,Fuente SRC-0040,Cuaderno canónico P04 (`97480264-ff2c-4816-9dec-4b8ce071500a`),analisis_interno,Válido bajo contrato typesafe-sdk 0.7.0 y supuestos operacionales del Pilar P10.
AF-JEV-P10-011-03,JEV-P10-011,P10,¿Cómo detectar y conservar evidencia contraria a la hipótesis del usuario en vez de optimizar solo coincidencias favorables?,"Fundamentación técnica documentada en InfoWorld: TypeSafe AI's New Models Work with Machines, Not Humans relativa a ¿cómo detectar y conservar evidencia contraria a la hipótesis del usuario en vez de optimi...",SRC-0063,Fuente SRC-0063,https://www.infoworld.com/article/4223468/typesafe-ais-new-models-work-with-machines-not-humans.html,documentado_proveedor,Válido bajo contrato typesafe-sdk 0.7.0 y supuestos operacionales del Pilar P10.
AF-JEV-P10-011-04,JEV-P10-011,P10,¿Cómo detectar y conservar evidencia contraria a la hipótesis del usuario en vez de optimizar solo coincidencias favorables?,"Fundamentación técnica documentada en Documentos Analíticos Canónicos P10 (P10_DEEP_DIVE, EVIDENCE_MAP, WORKFLOW_PLAYBOOK, EXPERIMENT_PROTOCOL, GAPS_AND_ACTIONS, SOURCE_INDEX) relativa a ¿cómo detectar y conservar evidencia contraria a la hipótesis del usuario en vez de optimi...",SRC-0112,Fuente SRC-0112,Cuaderno canónico P10 (`762a1766-04d4-4a97-aad4-888b8a309c02`),analisis_interno,Válido bajo contrato typesafe-sdk 0.7.0 y supuestos operacionales del Pilar P10.
AF-JEV-P10-012-01,JEV-P10-012,P10,¿Qué estrategia resuelve consultas cuya respuesta exige combinar varias fuentes sin atribuir a una sola lo que surge de la síntesis?,Fundamentación técnica documentada en TypeSafe AI Official Documentation relativa a ¿qué estrategia resuelve consultas cuya respuesta exige combinar varias fuentes sin atribu...,SRC-0002,Fuente SRC-0002,https://docs.typesafe.ai/,documentado_proveedor,Válido bajo contrato typesafe-sdk 0.7.0 y supuestos operacionales del Pilar P10.
AF-JEV-P10-012-02,JEV-P10-012,P10,¿Qué estrategia resuelve consultas cuya respuesta exige combinar varias fuentes sin atribuir a una sola lo que surge de la síntesis?,"Fundamentación técnica documentada en Documentos Analíticos Canónicos P04 (P04_DEEP_DIVE, EVIDENCE_MAP, CONTEXT_PLAYBOOK) relativa a ¿qué estrategia resuelve consultas cuya respuesta exige combinar varias fuentes sin atribu...",SRC-0040,Fuente SRC-0040,Cuaderno canónico P04 (`97480264-ff2c-4816-9dec-4b8ce071500a`),analisis_interno,Válido bajo contrato typesafe-sdk 0.7.0 y supuestos operacionales del Pilar P10.
AF-JEV-P10-012-03,JEV-P10-012,P10,¿Qué estrategia resuelve consultas cuya respuesta exige combinar varias fuentes sin atribuir a una sola lo que surge de la síntesis?,"Fundamentación técnica documentada en InfoWorld: TypeSafe AI's New Models Work with Machines, Not Humans relativa a ¿qué estrategia resuelve consultas cuya respuesta exige combinar varias fuentes sin atribu...",SRC-0063,Fuente SRC-0063,https://www.infoworld.com/article/4223468/typesafe-ais-new-models-work-with-machines-not-humans.html,documentado_proveedor,Válido bajo contrato typesafe-sdk 0.7.0 y supuestos operacionales del Pilar P10.
AF-JEV-P10-012-04,JEV-P10-012,P10,¿Qué estrategia resuelve consultas cuya respuesta exige combinar varias fuentes sin atribuir a una sola lo que surge de la síntesis?,"Fundamentación técnica documentada en Documentos Analíticos Canónicos P10 (P10_DEEP_DIVE, EVIDENCE_MAP, WORKFLOW_PLAYBOOK, EXPERIMENT_PROTOCOL, GAPS_AND_ACTIONS, SOURCE_INDEX) relativa a ¿qué estrategia resuelve consultas cuya respuesta exige combinar varias fuentes sin atribu...",SRC-0112,Fuente SRC-0112,Cuaderno canónico P10 (`762a1766-04d4-4a97-aad4-888b8a309c02`),analisis_interno,Válido bajo contrato typesafe-sdk 0.7.0 y supuestos operacionales del Pilar P10.
AF-JEV-P10-013-01,JEV-P10-013,P10,¿Cómo incorporar fecha y versión a la recuperación para responder preguntas históricas y preguntas sobre el estado actual?,Fundamentación técnica documentada en TypeSafe AI Official Documentation relativa a ¿cómo incorporar fecha y versión a la recuperación para responder preguntas históricas y p...,SRC-0002,Fuente SRC-0002,https://docs.typesafe.ai/,documentado_proveedor,Válido bajo contrato typesafe-sdk 0.7.0 y supuestos operacionales del Pilar P10.
AF-JEV-P10-013-02,JEV-P10-013,P10,¿Cómo incorporar fecha y versión a la recuperación para responder preguntas históricas y preguntas sobre el estado actual?,"Fundamentación técnica documentada en Documentos Analíticos Canónicos P04 (P04_DEEP_DIVE, EVIDENCE_MAP, CONTEXT_PLAYBOOK) relativa a ¿cómo incorporar fecha y versión a la recuperación para responder preguntas históricas y p...",SRC-0040,Fuente SRC-0040,Cuaderno canónico P04 (`97480264-ff2c-4816-9dec-4b8ce071500a`),analisis_interno,Válido bajo contrato typesafe-sdk 0.7.0 y supuestos operacionales del Pilar P10.
AF-JEV-P10-013-03,JEV-P10-013,P10,¿Cómo incorporar fecha y versión a la recuperación para responder preguntas históricas y preguntas sobre el estado actual?,"Fundamentación técnica documentada en InfoWorld: TypeSafe AI's New Models Work with Machines, Not Humans relativa a ¿cómo incorporar fecha y versión a la recuperación para responder preguntas históricas y p...",SRC-0063,Fuente SRC-0063,https://www.infoworld.com/article/4223468/typesafe-ais-new-models-work-with-machines-not-humans.html,documentado_proveedor,Válido bajo contrato typesafe-sdk 0.7.0 y supuestos operacionales del Pilar P10.
AF-JEV-P10-013-04,JEV-P10-013,P10,¿Cómo incorporar fecha y versión a la recuperación para responder preguntas históricas y preguntas sobre el estado actual?,"Fundamentación técnica documentada en Documentos Analíticos Canónicos P10 (P10_DEEP_DIVE, EVIDENCE_MAP, WORKFLOW_PLAYBOOK, EXPERIMENT_PROTOCOL, GAPS_AND_ACTIONS, SOURCE_INDEX) relativa a ¿cómo incorporar fecha y versión a la recuperación para responder preguntas históricas y p...",SRC-0112,Fuente SRC-0112,Cuaderno canónico P10 (`762a1766-04d4-4a97-aad4-888b8a309c02`),analisis_interno,Válido bajo contrato typesafe-sdk 0.7.0 y supuestos operacionales del Pilar P10.
AF-JEV-P10-014-01,JEV-P10-014,P10,¿Qué señales permiten abstenerse cuando el corpus carece de respuesta aunque existan pasajes superficialmente relevantes?,Fundamentación técnica documentada en TypeSafe AI Official Documentation relativa a ¿qué señales permiten abstenerse cuando el corpus carece de respuesta aunque existan pasaj...,SRC-0002,Fuente SRC-0002,https://docs.typesafe.ai/,documentado_proveedor,Válido bajo contrato typesafe-sdk 0.7.0 y supuestos operacionales del Pilar P10.
AF-JEV-P10-014-02,JEV-P10-014,P10,¿Qué señales permiten abstenerse cuando el corpus carece de respuesta aunque existan pasajes superficialmente relevantes?,"Fundamentación técnica documentada en Documentos Analíticos Canónicos P04 (P04_DEEP_DIVE, EVIDENCE_MAP, CONTEXT_PLAYBOOK) relativa a ¿qué señales permiten abstenerse cuando el corpus carece de respuesta aunque existan pasaj...",SRC-0040,Fuente SRC-0040,Cuaderno canónico P04 (`97480264-ff2c-4816-9dec-4b8ce071500a`),analisis_interno,Válido bajo contrato typesafe-sdk 0.7.0 y supuestos operacionales del Pilar P10.
AF-JEV-P10-014-03,JEV-P10-014,P10,¿Qué señales permiten abstenerse cuando el corpus carece de respuesta aunque existan pasajes superficialmente relevantes?,"Fundamentación técnica documentada en InfoWorld: TypeSafe AI's New Models Work with Machines, Not Humans relativa a ¿qué señales permiten abstenerse cuando el corpus carece de respuesta aunque existan pasaj...",SRC-0063,Fuente SRC-0063,https://www.infoworld.com/article/4223468/typesafe-ais-new-models-work-with-machines-not-humans.html,documentado_proveedor,Válido bajo contrato typesafe-sdk 0.7.0 y supuestos operacionales del Pilar P10.
AF-JEV-P10-014-04,JEV-P10-014,P10,¿Qué señales permiten abstenerse cuando el corpus carece de respuesta aunque existan pasajes superficialmente relevantes?,"Fundamentación técnica documentada en Documentos Analíticos Canónicos P10 (P10_DEEP_DIVE, EVIDENCE_MAP, WORKFLOW_PLAYBOOK, EXPERIMENT_PROTOCOL, GAPS_AND_ACTIONS, SOURCE_INDEX) relativa a ¿qué señales permiten abstenerse cuando el corpus carece de respuesta aunque existan pasaj...",SRC-0112,Fuente SRC-0112,Cuaderno canónico P10 (`762a1766-04d4-4a97-aad4-888b8a309c02`),analisis_interno,Válido bajo contrato typesafe-sdk 0.7.0 y supuestos operacionales del Pilar P10.
AF-JEV-P10-015-01,JEV-P10-015,P10,¿Cómo evaluar recuperación multilingüe y terminología sectorial sin traducir de manera que se pierda el significado original?,Fundamentación técnica documentada en TypeSafe AI Official Documentation relativa a ¿cómo evaluar recuperación multilingüe y terminología sectorial sin traducir de manera que...,SRC-0002,Fuente SRC-0002,https://docs.typesafe.ai/,documentado_proveedor,Válido bajo contrato typesafe-sdk 0.7.0 y supuestos operacionales del Pilar P10.
AF-JEV-P10-015-02,JEV-P10-015,P10,¿Cómo evaluar recuperación multilingüe y terminología sectorial sin traducir de manera que se pierda el significado original?,"Fundamentación técnica documentada en Documentos Analíticos Canónicos P04 (P04_DEEP_DIVE, EVIDENCE_MAP, CONTEXT_PLAYBOOK) relativa a ¿cómo evaluar recuperación multilingüe y terminología sectorial sin traducir de manera que...",SRC-0040,Fuente SRC-0040,Cuaderno canónico P04 (`97480264-ff2c-4816-9dec-4b8ce071500a`),analisis_interno,Válido bajo contrato typesafe-sdk 0.7.0 y supuestos operacionales del Pilar P10.
AF-JEV-P10-015-03,JEV-P10-015,P10,¿Cómo evaluar recuperación multilingüe y terminología sectorial sin traducir de manera que se pierda el significado original?,Fundamentación técnica documentada en Mitchell et al. (2019): Model Cards for Model Reporting relativa a ¿cómo evaluar recuperación multilingüe y terminología sectorial sin traducir de manera que...,SRC-0047,Fuente SRC-0047,https://arxiv.org/abs/1810.03993,referencia_tecnica,Válido bajo contrato typesafe-sdk 0.7.0 y supuestos operacionales del Pilar P10.
AF-JEV-P10-015-04,JEV-P10-015,P10,¿Cómo evaluar recuperación multilingüe y terminología sectorial sin traducir de manera que se pierda el significado original?,"Fundamentación técnica documentada en Documentos Analíticos Canónicos P10 (P10_DEEP_DIVE, EVIDENCE_MAP, WORKFLOW_PLAYBOOK, EXPERIMENT_PROTOCOL, GAPS_AND_ACTIONS, SOURCE_INDEX) relativa a ¿cómo evaluar recuperación multilingüe y terminología sectorial sin traducir de manera que...",SRC-0112,Fuente SRC-0112,Cuaderno canónico P10 (`762a1766-04d4-4a97-aad4-888b8a309c02`),analisis_interno,Válido bajo contrato typesafe-sdk 0.7.0 y supuestos operacionales del Pilar P10.
AF-JEV-P10-016-01,JEV-P10-016,P10,"¿Cómo estructurar un grafo de entidades, afirmaciones y fuentes evitando que relaciones inferidas aparezcan como hechos extraídos?","Fundamentación técnica documentada en TypeSafe AI Official Documentation relativa a ¿cómo estructurar un grafo de entidades, afirmaciones y fuentes evitando que relaciones in...",SRC-0002,Fuente SRC-0002,https://docs.typesafe.ai/,documentado_proveedor,Válido bajo contrato typesafe-sdk 0.7.0 y supuestos operacionales del Pilar P10.
AF-JEV-P10-016-02,JEV-P10-016,P10,"¿Cómo estructurar un grafo de entidades, afirmaciones y fuentes evitando que relaciones inferidas aparezcan como hechos extraídos?","Fundamentación técnica documentada en Documentos Analíticos Canónicos P04 (P04_DEEP_DIVE, EVIDENCE_MAP, CONTEXT_PLAYBOOK) relativa a ¿cómo estructurar un grafo de entidades, afirmaciones y fuentes evitando que relaciones in...",SRC-0040,Fuente SRC-0040,Cuaderno canónico P04 (`97480264-ff2c-4816-9dec-4b8ce071500a`),analisis_interno,Válido bajo contrato typesafe-sdk 0.7.0 y supuestos operacionales del Pilar P10.
AF-JEV-P10-016-03,JEV-P10-016,P10,"¿Cómo estructurar un grafo de entidades, afirmaciones y fuentes evitando que relaciones inferidas aparezcan como hechos extraídos?","Fundamentación técnica documentada en InfoWorld: TypeSafe AI's New Models Work with Machines, Not Humans relativa a ¿cómo estructurar un grafo de entidades, afirmaciones y fuentes evitando que relaciones in...",SRC-0063,Fuente SRC-0063,https://www.infoworld.com/article/4223468/typesafe-ais-new-models-work-with-machines-not-humans.html,documentado_proveedor,Válido bajo contrato typesafe-sdk 0.7.0 y supuestos operacionales del Pilar P10.
AF-JEV-P10-016-04,JEV-P10-016,P10,"¿Cómo estructurar un grafo de entidades, afirmaciones y fuentes evitando que relaciones inferidas aparezcan como hechos extraídos?","Fundamentación técnica documentada en Documentos Analíticos Canónicos P10 (P10_DEEP_DIVE, EVIDENCE_MAP, WORKFLOW_PLAYBOOK, EXPERIMENT_PROTOCOL, GAPS_AND_ACTIONS, SOURCE_INDEX) relativa a ¿cómo estructurar un grafo de entidades, afirmaciones y fuentes evitando que relaciones in...",SRC-0112,Fuente SRC-0112,Cuaderno canónico P10 (`762a1766-04d4-4a97-aad4-888b8a309c02`),analisis_interno,Válido bajo contrato typesafe-sdk 0.7.0 y supuestos operacionales del Pilar P10.
AF-JEV-P10-017-01,JEV-P10-017,P10,"¿Qué pruebas detectarían sesgo hacia fuentes extensas, populares o repetidas al seleccionar evidencia para una respuesta?","Fundamentación técnica documentada en TypeSafe AI Official Documentation relativa a ¿qué pruebas detectarían sesgo hacia fuentes extensas, populares o repetidas al selecciona...",SRC-0002,Fuente SRC-0002,https://docs.typesafe.ai/,documentado_proveedor,Válido bajo contrato typesafe-sdk 0.7.0 y supuestos operacionales del Pilar P10.
AF-JEV-P10-017-02,JEV-P10-017,P10,"¿Qué pruebas detectarían sesgo hacia fuentes extensas, populares o repetidas al seleccionar evidencia para una respuesta?","Fundamentación técnica documentada en Documentos Analíticos Canónicos P04 (P04_DEEP_DIVE, EVIDENCE_MAP, CONTEXT_PLAYBOOK) relativa a ¿qué pruebas detectarían sesgo hacia fuentes extensas, populares o repetidas al selecciona...",SRC-0040,Fuente SRC-0040,Cuaderno canónico P04 (`97480264-ff2c-4816-9dec-4b8ce071500a`),analisis_interno,Válido bajo contrato typesafe-sdk 0.7.0 y supuestos operacionales del Pilar P10.
AF-JEV-P10-017-03,JEV-P10-017,P10,"¿Qué pruebas detectarían sesgo hacia fuentes extensas, populares o repetidas al seleccionar evidencia para una respuesta?","Fundamentación técnica documentada en InfoWorld: TypeSafe AI's New Models Work with Machines, Not Humans relativa a ¿qué pruebas detectarían sesgo hacia fuentes extensas, populares o repetidas al selecciona...",SRC-0063,Fuente SRC-0063,https://www.infoworld.com/article/4223468/typesafe-ais-new-models-work-with-machines-not-humans.html,documentado_proveedor,Válido bajo contrato typesafe-sdk 0.7.0 y supuestos operacionales del Pilar P10.
AF-JEV-P10-017-04,JEV-P10-017,P10,"¿Qué pruebas detectarían sesgo hacia fuentes extensas, populares o repetidas al seleccionar evidencia para una respuesta?","Fundamentación técnica documentada en Documentos Analíticos Canónicos P10 (P10_DEEP_DIVE, EVIDENCE_MAP, WORKFLOW_PLAYBOOK, EXPERIMENT_PROTOCOL, GAPS_AND_ACTIONS, SOURCE_INDEX) relativa a ¿qué pruebas detectarían sesgo hacia fuentes extensas, populares o repetidas al selecciona...",SRC-0112,Fuente SRC-0112,Cuaderno canónico P10 (`762a1766-04d4-4a97-aad4-888b8a309c02`),analisis_interno,Válido bajo contrato typesafe-sdk 0.7.0 y supuestos operacionales del Pilar P10.
AF-JEV-P10-018-01,JEV-P10-018,P10,"¿Cómo invalidar índices, resúmenes y decisiones de relevancia cuando una fuente cambia o deja de estar accesible?","Fundamentación técnica documentada en TypeSafe AI Official Documentation relativa a ¿cómo invalidar índices, resúmenes y decisiones de relevancia cuando una fuente cambia o d...",SRC-0002,Fuente SRC-0002,https://docs.typesafe.ai/,documentado_proveedor,Válido bajo contrato typesafe-sdk 0.7.0 y supuestos operacionales del Pilar P10.
AF-JEV-P10-018-02,JEV-P10-018,P10,"¿Cómo invalidar índices, resúmenes y decisiones de relevancia cuando una fuente cambia o deja de estar accesible?","Fundamentación técnica documentada en Documentos Analíticos Canónicos P04 (P04_DEEP_DIVE, EVIDENCE_MAP, CONTEXT_PLAYBOOK) relativa a ¿cómo invalidar índices, resúmenes y decisiones de relevancia cuando una fuente cambia o d...",SRC-0040,Fuente SRC-0040,Cuaderno canónico P04 (`97480264-ff2c-4816-9dec-4b8ce071500a`),analisis_interno,Válido bajo contrato typesafe-sdk 0.7.0 y supuestos operacionales del Pilar P10.
AF-JEV-P10-018-03,JEV-P10-018,P10,"¿Cómo invalidar índices, resúmenes y decisiones de relevancia cuando una fuente cambia o deja de estar accesible?","Fundamentación técnica documentada en InfoWorld: TypeSafe AI's New Models Work with Machines, Not Humans relativa a ¿cómo invalidar índices, resúmenes y decisiones de relevancia cuando una fuente cambia o d...",SRC-0063,Fuente SRC-0063,https://www.infoworld.com/article/4223468/typesafe-ais-new-models-work-with-machines-not-humans.html,documentado_proveedor,Válido bajo contrato typesafe-sdk 0.7.0 y supuestos operacionales del Pilar P10.
AF-JEV-P10-018-04,JEV-P10-018,P10,"¿Cómo invalidar índices, resúmenes y decisiones de relevancia cuando una fuente cambia o deja de estar accesible?","Fundamentación técnica documentada en Documentos Analíticos Canónicos P10 (P10_DEEP_DIVE, EVIDENCE_MAP, WORKFLOW_PLAYBOOK, EXPERIMENT_PROTOCOL, GAPS_AND_ACTIONS, SOURCE_INDEX) relativa a ¿cómo invalidar índices, resúmenes y decisiones de relevancia cuando una fuente cambia o d...",SRC-0112,Fuente SRC-0112,Cuaderno canónico P10 (`762a1766-04d4-4a97-aad4-888b8a309c02`),analisis_interno,Válido bajo contrato typesafe-sdk 0.7.0 y supuestos operacionales del Pilar P10.
AF-JEV-P10-019-01,JEV-P10-019,P10,¿Qué arquitectura de consulta entre los 18 notebooks permitiría síntesis trazable sin copiar indiscriminadamente todo el corpus a cada consulta?,Fundamentación técnica documentada en TypeSafe AI Official Documentation relativa a ¿qué arquitectura de consulta entre los 18 notebooks permitiría síntesis trazable sin copi...,SRC-0002,Fuente SRC-0002,https://docs.typesafe.ai/,documentado_proveedor,Válido bajo contrato typesafe-sdk 0.7.0 y supuestos operacionales del Pilar P10.
AF-JEV-P10-019-02,JEV-P10-019,P10,¿Qué arquitectura de consulta entre los 18 notebooks permitiría síntesis trazable sin copiar indiscriminadamente todo el corpus a cada consulta?,"Fundamentación técnica documentada en Documentos Analíticos Canónicos P04 (P04_DEEP_DIVE, EVIDENCE_MAP, CONTEXT_PLAYBOOK) relativa a ¿qué arquitectura de consulta entre los 18 notebooks permitiría síntesis trazable sin copi...",SRC-0040,Fuente SRC-0040,Cuaderno canónico P04 (`97480264-ff2c-4816-9dec-4b8ce071500a`),analisis_interno,Válido bajo contrato typesafe-sdk 0.7.0 y supuestos operacionales del Pilar P10.
AF-JEV-P10-019-03,JEV-P10-019,P10,¿Qué arquitectura de consulta entre los 18 notebooks permitiría síntesis trazable sin copiar indiscriminadamente todo el corpus a cada consulta?,"Fundamentación técnica documentada en InfoWorld: TypeSafe AI's New Models Work with Machines, Not Humans relativa a ¿qué arquitectura de consulta entre los 18 notebooks permitiría síntesis trazable sin copi...",SRC-0063,Fuente SRC-0063,https://www.infoworld.com/article/4223468/typesafe-ais-new-models-work-with-machines-not-humans.html,documentado_proveedor,Válido bajo contrato typesafe-sdk 0.7.0 y supuestos operacionales del Pilar P10.
AF-JEV-P10-019-04,JEV-P10-019,P10,¿Qué arquitectura de consulta entre los 18 notebooks permitiría síntesis trazable sin copiar indiscriminadamente todo el corpus a cada consulta?,"Fundamentación técnica documentada en Documentos Analíticos Canónicos P10 (P10_DEEP_DIVE, EVIDENCE_MAP, WORKFLOW_PLAYBOOK, EXPERIMENT_PROTOCOL, GAPS_AND_ACTIONS, SOURCE_INDEX) relativa a ¿qué arquitectura de consulta entre los 18 notebooks permitiría síntesis trazable sin copi...",SRC-0112,Fuente SRC-0112,Cuaderno canónico P10 (`762a1766-04d4-4a97-aad4-888b8a309c02`),analisis_interno,Válido bajo contrato typesafe-sdk 0.7.0 y supuestos operacionales del Pilar P10.
AF-JEV-P10-020-01,JEV-P10-020,P10,¿Qué piloto de búsqueda sobre documentación pública mediría valor incremental de Jev y establecería condiciones para mantenerlo o retirarlo?,Fundamentación técnica documentada en TypeSafe AI Official Documentation relativa a ¿qué piloto de búsqueda sobre documentación pública mediría valor incremental de jev y est...,SRC-0002,Fuente SRC-0002,https://docs.typesafe.ai/,documentado_proveedor,Válido bajo contrato typesafe-sdk 0.7.0 y supuestos operacionales del Pilar P10.
AF-JEV-P10-020-02,JEV-P10-020,P10,¿Qué piloto de búsqueda sobre documentación pública mediría valor incremental de Jev y establecería condiciones para mantenerlo o retirarlo?,"Fundamentación técnica documentada en Documentos Analíticos Canónicos P04 (P04_DEEP_DIVE, EVIDENCE_MAP, CONTEXT_PLAYBOOK) relativa a ¿qué piloto de búsqueda sobre documentación pública mediría valor incremental de jev y est...",SRC-0040,Fuente SRC-0040,Cuaderno canónico P04 (`97480264-ff2c-4816-9dec-4b8ce071500a`),analisis_interno,Válido bajo contrato typesafe-sdk 0.7.0 y supuestos operacionales del Pilar P10.
AF-JEV-P10-020-03,JEV-P10-020,P10,¿Qué piloto de búsqueda sobre documentación pública mediría valor incremental de Jev y establecería condiciones para mantenerlo o retirarlo?,"Fundamentación técnica documentada en InfoWorld: TypeSafe AI's New Models Work with Machines, Not Humans relativa a ¿qué piloto de búsqueda sobre documentación pública mediría valor incremental de jev y est...",SRC-0063,Fuente SRC-0063,https://www.infoworld.com/article/4223468/typesafe-ais-new-models-work-with-machines-not-humans.html,documentado_proveedor,Válido bajo contrato typesafe-sdk 0.7.0 y supuestos operacionales del Pilar P10.
AF-JEV-P10-020-04,JEV-P10-020,P10,¿Qué piloto de búsqueda sobre documentación pública mediría valor incremental de Jev y establecería condiciones para mantenerlo o retirarlo?,"Fundamentación técnica documentada en Documentos Analíticos Canónicos P10 (P10_DEEP_DIVE, EVIDENCE_MAP, WORKFLOW_PLAYBOOK, EXPERIMENT_PROTOCOL, GAPS_AND_ACTIONS, SOURCE_INDEX) relativa a ¿qué piloto de búsqueda sobre documentación pública mediría valor incremental de jev y est...",SRC-0112,Fuente SRC-0112,Cuaderno canónico P10 (`762a1766-04d4-4a97-aad4-888b8a309c02`),analisis_interno,Válido bajo contrato typesafe-sdk 0.7.0 y supuestos operacionales del Pilar P10.
AF-JEV-P11-001-01,JEV-P11-001,P11,"¿Qué activos, actores, entradas y fronteras de confianza define el modelo de amenazas de una integración de Jev?","Fundamentación técnica documentada en TypeSafe AI Official Documentation relativa a ¿qué activos, actores, entradas y fronteras de confianza define el modelo de amenazas de u...",SRC-0002,Fuente SRC-0002,https://docs.typesafe.ai/,documentado_proveedor,Válido bajo contrato typesafe-sdk 0.7.0 y supuestos operacionales del Pilar P11.
AF-JEV-P11-001-02,JEV-P11-001,P11,"¿Qué activos, actores, entradas y fronteras de confianza define el modelo de amenazas de una integración de Jev?","Fundamentación técnica documentada en Benchmarks Comunitarios de Calibración (scienthoon & yodablocks) relativa a ¿qué activos, actores, entradas y fronteras de confianza define el modelo de amenazas de u...",SRC-0028,Fuente SRC-0028,"GitHub: scienthoon/jev-ood-calibration, yodablocks/jev-orderby-bench",medido_independiente,Válido bajo contrato typesafe-sdk 0.7.0 y supuestos operacionales del Pilar P11.
AF-JEV-P11-001-03,JEV-P11-001,P11,"¿Qué activos, actores, entradas y fronteras de confianza define el modelo de amenazas de una integración de Jev?","Fundamentación técnica documentada en Documentos Analíticos Canónicos P05 (P05_DEEP_DIVE, EVIDENCE_MAP, CALIBRATION_PLAYBOOK) relativa a ¿qué activos, actores, entradas y fronteras de confianza define el modelo de amenazas de u...",SRC-0041,Fuente SRC-0041,Cuaderno canónico P05 (`d65c48bf-c7d3-44d4-b0cf-79842f3df7dc`),analisis_interno,Válido bajo contrato typesafe-sdk 0.7.0 y supuestos operacionales del Pilar P11.
AF-JEV-P11-001-04,JEV-P11-001,P11,"¿Qué activos, actores, entradas y fronteras de confianza define el modelo de amenazas de una integración de Jev?","Fundamentación técnica documentada en Documentos Analíticos Canónicos P11 (P11_DEEP_DIVE, EVIDENCE_MAP, WORKFLOW_PLAYBOOK, EXPERIMENT_PROTOCOL, GAPS_AND_ACTIONS, SOURCE_INDEX) relativa a ¿qué activos, actores, entradas y fronteras de confianza define el modelo de amenazas de u...",SRC-0113,Fuente SRC-0113,Cuaderno canónico P11 (`703b4f94-7e0f-46e4-8fa1-7df6cb846fa0`),analisis_interno,Válido bajo contrato typesafe-sdk 0.7.0 y supuestos operacionales del Pilar P11.
AF-JEV-P11-002-01,JEV-P11-002,P11,¿Qué ataques documentados contra clasificadores o verificadores son pertinentes y cuáles todavía son hipótesis no comprobadas para Jev?,Fundamentación técnica documentada en TypeSafe AI Official Documentation relativa a ¿qué ataques documentados contra clasificadores o verificadores son pertinentes y cuáles t...,SRC-0002,Fuente SRC-0002,https://docs.typesafe.ai/,documentado_proveedor,Válido bajo contrato typesafe-sdk 0.7.0 y supuestos operacionales del Pilar P11.
AF-JEV-P11-002-02,JEV-P11-002,P11,¿Qué ataques documentados contra clasificadores o verificadores son pertinentes y cuáles todavía son hipótesis no comprobadas para Jev?,Fundamentación técnica documentada en Benchmarks Comunitarios de Calibración (scienthoon & yodablocks) relativa a ¿qué ataques documentados contra clasificadores o verificadores son pertinentes y cuáles t...,SRC-0028,Fuente SRC-0028,"GitHub: scienthoon/jev-ood-calibration, yodablocks/jev-orderby-bench",medido_independiente,Válido bajo contrato typesafe-sdk 0.7.0 y supuestos operacionales del Pilar P11.
AF-JEV-P11-002-03,JEV-P11-002,P11,¿Qué ataques documentados contra clasificadores o verificadores son pertinentes y cuáles todavía son hipótesis no comprobadas para Jev?,"Fundamentación técnica documentada en Documentos Analíticos Canónicos P05 (P05_DEEP_DIVE, EVIDENCE_MAP, CALIBRATION_PLAYBOOK) relativa a ¿qué ataques documentados contra clasificadores o verificadores son pertinentes y cuáles t...",SRC-0041,Fuente SRC-0041,Cuaderno canónico P05 (`d65c48bf-c7d3-44d4-b0cf-79842f3df7dc`),analisis_interno,Válido bajo contrato typesafe-sdk 0.7.0 y supuestos operacionales del Pilar P11.
AF-JEV-P11-002-04,JEV-P11-002,P11,¿Qué ataques documentados contra clasificadores o verificadores son pertinentes y cuáles todavía son hipótesis no comprobadas para Jev?,"Fundamentación técnica documentada en Documentos Analíticos Canónicos P11 (P11_DEEP_DIVE, EVIDENCE_MAP, WORKFLOW_PLAYBOOK, EXPERIMENT_PROTOCOL, GAPS_AND_ACTIONS, SOURCE_INDEX) relativa a ¿qué ataques documentados contra clasificadores o verificadores son pertinentes y cuáles t...",SRC-0113,Fuente SRC-0113,Cuaderno canónico P11 (`703b4f94-7e0f-46e4-8fa1-7df6cb846fa0`),analisis_interno,Válido bajo contrato typesafe-sdk 0.7.0 y supuestos operacionales del Pilar P11.
AF-JEV-P11-003-01,JEV-P11-003,P11,¿Qué controles de autorización deben ejecutarse fuera del modelo aunque su decisión indique que una acción es segura?,Fundamentación técnica documentada en TypeSafe AI Official Documentation relativa a ¿qué controles de autorización deben ejecutarse fuera del modelo aunque su decisión indiqu...,SRC-0002,Fuente SRC-0002,https://docs.typesafe.ai/,documentado_proveedor,Válido bajo contrato typesafe-sdk 0.7.0 y supuestos operacionales del Pilar P11.
AF-JEV-P11-003-02,JEV-P11-003,P11,¿Qué controles de autorización deben ejecutarse fuera del modelo aunque su decisión indique que una acción es segura?,Fundamentación técnica documentada en Benchmarks Comunitarios de Calibración (scienthoon & yodablocks) relativa a ¿qué controles de autorización deben ejecutarse fuera del modelo aunque su decisión indiqu...,SRC-0028,Fuente SRC-0028,"GitHub: scienthoon/jev-ood-calibration, yodablocks/jev-orderby-bench",medido_independiente,Válido bajo contrato typesafe-sdk 0.7.0 y supuestos operacionales del Pilar P11.
AF-JEV-P11-003-03,JEV-P11-003,P11,¿Qué controles de autorización deben ejecutarse fuera del modelo aunque su decisión indique que una acción es segura?,"Fundamentación técnica documentada en Documentos Analíticos Canónicos P05 (P05_DEEP_DIVE, EVIDENCE_MAP, CALIBRATION_PLAYBOOK) relativa a ¿qué controles de autorización deben ejecutarse fuera del modelo aunque su decisión indiqu...",SRC-0041,Fuente SRC-0041,Cuaderno canónico P05 (`d65c48bf-c7d3-44d4-b0cf-79842f3df7dc`),analisis_interno,Válido bajo contrato typesafe-sdk 0.7.0 y supuestos operacionales del Pilar P11.
AF-JEV-P11-003-04,JEV-P11-003,P11,¿Qué controles de autorización deben ejecutarse fuera del modelo aunque su decisión indique que una acción es segura?,"Fundamentación técnica documentada en Documentos Analíticos Canónicos P11 (P11_DEEP_DIVE, EVIDENCE_MAP, WORKFLOW_PLAYBOOK, EXPERIMENT_PROTOCOL, GAPS_AND_ACTIONS, SOURCE_INDEX) relativa a ¿qué controles de autorización deben ejecutarse fuera del modelo aunque su decisión indiqu...",SRC-0113,Fuente SRC-0113,Cuaderno canónico P11 (`703b4f94-7e0f-46e4-8fa1-7df6cb846fa0`),analisis_interno,Válido bajo contrato typesafe-sdk 0.7.0 y supuestos operacionales del Pilar P11.
AF-JEV-P11-004-01,JEV-P11-004,P11,¿Cómo diferenciar instrucciones del usuario y texto de una fuente que intenta alterar el objetivo o las reglas de la investigación?,Fundamentación técnica documentada en TypeSafe AI Official Documentation relativa a ¿cómo diferenciar instrucciones del usuario y texto de una fuente que intenta alterar el o...,SRC-0002,Fuente SRC-0002,https://docs.typesafe.ai/,documentado_proveedor,Válido bajo contrato typesafe-sdk 0.7.0 y supuestos operacionales del Pilar P11.
AF-JEV-P11-004-02,JEV-P11-004,P11,¿Cómo diferenciar instrucciones del usuario y texto de una fuente que intenta alterar el objetivo o las reglas de la investigación?,Fundamentación técnica documentada en Benchmarks Comunitarios de Calibración (scienthoon & yodablocks) relativa a ¿cómo diferenciar instrucciones del usuario y texto de una fuente que intenta alterar el o...,SRC-0028,Fuente SRC-0028,"GitHub: scienthoon/jev-ood-calibration, yodablocks/jev-orderby-bench",medido_independiente,Válido bajo contrato typesafe-sdk 0.7.0 y supuestos operacionales del Pilar P11.
AF-JEV-P11-004-03,JEV-P11-004,P11,¿Cómo diferenciar instrucciones del usuario y texto de una fuente que intenta alterar el objetivo o las reglas de la investigación?,"Fundamentación técnica documentada en Documentos Analíticos Canónicos P05 (P05_DEEP_DIVE, EVIDENCE_MAP, CALIBRATION_PLAYBOOK) relativa a ¿cómo diferenciar instrucciones del usuario y texto de una fuente que intenta alterar el o...",SRC-0041,Fuente SRC-0041,Cuaderno canónico P05 (`d65c48bf-c7d3-44d4-b0cf-79842f3df7dc`),analisis_interno,Válido bajo contrato typesafe-sdk 0.7.0 y supuestos operacionales del Pilar P11.
AF-JEV-P11-004-04,JEV-P11-004,P11,¿Cómo diferenciar instrucciones del usuario y texto de una fuente que intenta alterar el objetivo o las reglas de la investigación?,"Fundamentación técnica documentada en Documentos Analíticos Canónicos P11 (P11_DEEP_DIVE, EVIDENCE_MAP, WORKFLOW_PLAYBOOK, EXPERIMENT_PROTOCOL, GAPS_AND_ACTIONS, SOURCE_INDEX) relativa a ¿cómo diferenciar instrucciones del usuario y texto de una fuente que intenta alterar el o...",SRC-0113,Fuente SRC-0113,Cuaderno canónico P11 (`703b4f94-7e0f-46e4-8fa1-7df6cb846fa0`),analisis_interno,Válido bajo contrato typesafe-sdk 0.7.0 y supuestos operacionales del Pilar P11.
AF-JEV-P11-005-01,JEV-P11-005,P11,"¿Cómo garantizar que credenciales, datos personales y documentos privados no entren accidentalmente en solicitudes o notebooks públicos?","Fundamentación técnica documentada en TypeSafe AI Official Documentation relativa a ¿cómo garantizar que credenciales, datos personales y documentos privados no entren accide...",SRC-0002,Fuente SRC-0002,https://docs.typesafe.ai/,documentado_proveedor,Válido bajo contrato typesafe-sdk 0.7.0 y supuestos operacionales del Pilar P11.
AF-JEV-P11-005-02,JEV-P11-005,P11,"¿Cómo garantizar que credenciales, datos personales y documentos privados no entren accidentalmente en solicitudes o notebooks públicos?","Fundamentación técnica documentada en Benchmarks Comunitarios de Calibración (scienthoon & yodablocks) relativa a ¿cómo garantizar que credenciales, datos personales y documentos privados no entren accide...",SRC-0028,Fuente SRC-0028,"GitHub: scienthoon/jev-ood-calibration, yodablocks/jev-orderby-bench",medido_independiente,Válido bajo contrato typesafe-sdk 0.7.0 y supuestos operacionales del Pilar P11.
AF-JEV-P11-005-03,JEV-P11-005,P11,"¿Cómo garantizar que credenciales, datos personales y documentos privados no entren accidentalmente en solicitudes o notebooks públicos?","Fundamentación técnica documentada en Documentos Analíticos Canónicos P05 (P05_DEEP_DIVE, EVIDENCE_MAP, CALIBRATION_PLAYBOOK) relativa a ¿cómo garantizar que credenciales, datos personales y documentos privados no entren accide...",SRC-0041,Fuente SRC-0041,Cuaderno canónico P05 (`d65c48bf-c7d3-44d4-b0cf-79842f3df7dc`),analisis_interno,Válido bajo contrato typesafe-sdk 0.7.0 y supuestos operacionales del Pilar P11.
AF-JEV-P11-005-04,JEV-P11-005,P11,"¿Cómo garantizar que credenciales, datos personales y documentos privados no entren accidentalmente en solicitudes o notebooks públicos?","Fundamentación técnica documentada en Documentos Analíticos Canónicos P11 (P11_DEEP_DIVE, EVIDENCE_MAP, WORKFLOW_PLAYBOOK, EXPERIMENT_PROTOCOL, GAPS_AND_ACTIONS, SOURCE_INDEX) relativa a ¿cómo garantizar que credenciales, datos personales y documentos privados no entren accide...",SRC-0113,Fuente SRC-0113,Cuaderno canónico P11 (`703b4f94-7e0f-46e4-8fa1-7df6cb846fa0`),analisis_interno,Válido bajo contrato typesafe-sdk 0.7.0 y supuestos operacionales del Pilar P11.
AF-JEV-P11-006-01,JEV-P11-006,P11,¿Cómo evaluar ataques de inyección directa e indirecta mediante ejemplos sintéticos que no activen herramientas reales?,Fundamentación técnica documentada en TypeSafe AI Official Documentation relativa a ¿cómo evaluar ataques de inyección directa e indirecta mediante ejemplos sintéticos que no...,SRC-0002,Fuente SRC-0002,https://docs.typesafe.ai/,documentado_proveedor,Válido bajo contrato typesafe-sdk 0.7.0 y supuestos operacionales del Pilar P11.
AF-JEV-P11-006-02,JEV-P11-006,P11,¿Cómo evaluar ataques de inyección directa e indirecta mediante ejemplos sintéticos que no activen herramientas reales?,Fundamentación técnica documentada en Benchmarks Comunitarios de Calibración (scienthoon & yodablocks) relativa a ¿cómo evaluar ataques de inyección directa e indirecta mediante ejemplos sintéticos que no...,SRC-0028,Fuente SRC-0028,"GitHub: scienthoon/jev-ood-calibration, yodablocks/jev-orderby-bench",medido_independiente,Válido bajo contrato typesafe-sdk 0.7.0 y supuestos operacionales del Pilar P11.
AF-JEV-P11-006-03,JEV-P11-006,P11,¿Cómo evaluar ataques de inyección directa e indirecta mediante ejemplos sintéticos que no activen herramientas reales?,"Fundamentación técnica documentada en Documentos Analíticos Canónicos P05 (P05_DEEP_DIVE, EVIDENCE_MAP, CALIBRATION_PLAYBOOK) relativa a ¿cómo evaluar ataques de inyección directa e indirecta mediante ejemplos sintéticos que no...",SRC-0041,Fuente SRC-0041,Cuaderno canónico P05 (`d65c48bf-c7d3-44d4-b0cf-79842f3df7dc`),analisis_interno,Válido bajo contrato typesafe-sdk 0.7.0 y supuestos operacionales del Pilar P11.
AF-JEV-P11-006-04,JEV-P11-006,P11,¿Cómo evaluar ataques de inyección directa e indirecta mediante ejemplos sintéticos que no activen herramientas reales?,"Fundamentación técnica documentada en Documentos Analíticos Canónicos P11 (P11_DEEP_DIVE, EVIDENCE_MAP, WORKFLOW_PLAYBOOK, EXPERIMENT_PROTOCOL, GAPS_AND_ACTIONS, SOURCE_INDEX) relativa a ¿cómo evaluar ataques de inyección directa e indirecta mediante ejemplos sintéticos que no...",SRC-0113,Fuente SRC-0113,Cuaderno canónico P11 (`703b4f94-7e0f-46e4-8fa1-7df6cb846fa0`),analisis_interno,Válido bajo contrato typesafe-sdk 0.7.0 y supuestos operacionales del Pilar P11.
AF-JEV-P11-007-01,JEV-P11-007,P11,"¿Qué falsos positivos y negativos produce un guardrail semántico, y cómo se traduce cada uno en daño o costo operativo?","Fundamentación técnica documentada en TypeSafe AI Official Documentation relativa a ¿qué falsos positivos y negativos produce un guardrail semántico, y cómo se traduce cada u...",SRC-0002,Fuente SRC-0002,https://docs.typesafe.ai/,documentado_proveedor,Válido bajo contrato typesafe-sdk 0.7.0 y supuestos operacionales del Pilar P11.
AF-JEV-P11-007-02,JEV-P11-007,P11,"¿Qué falsos positivos y negativos produce un guardrail semántico, y cómo se traduce cada uno en daño o costo operativo?","Fundamentación técnica documentada en Benchmarks Comunitarios de Calibración (scienthoon & yodablocks) relativa a ¿qué falsos positivos y negativos produce un guardrail semántico, y cómo se traduce cada u...",SRC-0028,Fuente SRC-0028,"GitHub: scienthoon/jev-ood-calibration, yodablocks/jev-orderby-bench",medido_independiente,Válido bajo contrato typesafe-sdk 0.7.0 y supuestos operacionales del Pilar P11.
AF-JEV-P11-007-03,JEV-P11-007,P11,"¿Qué falsos positivos y negativos produce un guardrail semántico, y cómo se traduce cada uno en daño o costo operativo?","Fundamentación técnica documentada en Documentos Analíticos Canónicos P05 (P05_DEEP_DIVE, EVIDENCE_MAP, CALIBRATION_PLAYBOOK) relativa a ¿qué falsos positivos y negativos produce un guardrail semántico, y cómo se traduce cada u...",SRC-0041,Fuente SRC-0041,Cuaderno canónico P05 (`d65c48bf-c7d3-44d4-b0cf-79842f3df7dc`),analisis_interno,Válido bajo contrato typesafe-sdk 0.7.0 y supuestos operacionales del Pilar P11.
AF-JEV-P11-007-04,JEV-P11-007,P11,"¿Qué falsos positivos y negativos produce un guardrail semántico, y cómo se traduce cada uno en daño o costo operativo?","Fundamentación técnica documentada en Documentos Analíticos Canónicos P11 (P11_DEEP_DIVE, EVIDENCE_MAP, WORKFLOW_PLAYBOOK, EXPERIMENT_PROTOCOL, GAPS_AND_ACTIONS, SOURCE_INDEX) relativa a ¿qué falsos positivos y negativos produce un guardrail semántico, y cómo se traduce cada u...",SRC-0113,Fuente SRC-0113,Cuaderno canónico P11 (`703b4f94-7e0f-46e4-8fa1-7df6cb846fa0`),analisis_interno,Válido bajo contrato typesafe-sdk 0.7.0 y supuestos operacionales del Pilar P11.
AF-JEV-P11-008-01,JEV-P11-008,P11,¿Qué riesgo aparece cuando el modelo que propone una acción y el que la verifica comparten sesgos o fuentes contaminadas?,Fundamentación técnica documentada en TypeSafe AI Official Documentation relativa a ¿qué riesgo aparece cuando el modelo que propone una acción y el que la verifica comparten...,SRC-0002,Fuente SRC-0002,https://docs.typesafe.ai/,documentado_proveedor,Válido bajo contrato typesafe-sdk 0.7.0 y supuestos operacionales del Pilar P11.
AF-JEV-P11-008-02,JEV-P11-008,P11,¿Qué riesgo aparece cuando el modelo que propone una acción y el que la verifica comparten sesgos o fuentes contaminadas?,Fundamentación técnica documentada en Benchmarks Comunitarios de Calibración (scienthoon & yodablocks) relativa a ¿qué riesgo aparece cuando el modelo que propone una acción y el que la verifica comparten...,SRC-0028,Fuente SRC-0028,"GitHub: scienthoon/jev-ood-calibration, yodablocks/jev-orderby-bench",medido_independiente,Válido bajo contrato typesafe-sdk 0.7.0 y supuestos operacionales del Pilar P11.
AF-JEV-P11-008-03,JEV-P11-008,P11,¿Qué riesgo aparece cuando el modelo que propone una acción y el que la verifica comparten sesgos o fuentes contaminadas?,"Fundamentación técnica documentada en Documentos Analíticos Canónicos P05 (P05_DEEP_DIVE, EVIDENCE_MAP, CALIBRATION_PLAYBOOK) relativa a ¿qué riesgo aparece cuando el modelo que propone una acción y el que la verifica comparten...",SRC-0041,Fuente SRC-0041,Cuaderno canónico P05 (`d65c48bf-c7d3-44d4-b0cf-79842f3df7dc`),analisis_interno,Válido bajo contrato typesafe-sdk 0.7.0 y supuestos operacionales del Pilar P11.
AF-JEV-P11-008-04,JEV-P11-008,P11,¿Qué riesgo aparece cuando el modelo que propone una acción y el que la verifica comparten sesgos o fuentes contaminadas?,"Fundamentación técnica documentada en Documentos Analíticos Canónicos P11 (P11_DEEP_DIVE, EVIDENCE_MAP, WORKFLOW_PLAYBOOK, EXPERIMENT_PROTOCOL, GAPS_AND_ACTIONS, SOURCE_INDEX) relativa a ¿qué riesgo aparece cuando el modelo que propone una acción y el que la verifica comparten...",SRC-0113,Fuente SRC-0113,Cuaderno canónico P11 (`703b4f94-7e0f-46e4-8fa1-7df6cb846fa0`),analisis_interno,Válido bajo contrato typesafe-sdk 0.7.0 y supuestos operacionales del Pilar P11.
AF-JEV-P11-009-01,JEV-P11-009,P11,¿Cómo impedir que contenido malicioso se presente como una regla de negocio de mayor prioridad dentro del contexto?,Fundamentación técnica documentada en TypeSafe AI Official Documentation relativa a ¿cómo impedir que contenido malicioso se presente como una regla de negocio de mayor prior...,SRC-0002,Fuente SRC-0002,https://docs.typesafe.ai/,documentado_proveedor,Válido bajo contrato typesafe-sdk 0.7.0 y supuestos operacionales del Pilar P11.
AF-JEV-P11-009-02,JEV-P11-009,P11,¿Cómo impedir que contenido malicioso se presente como una regla de negocio de mayor prioridad dentro del contexto?,Fundamentación técnica documentada en Benchmarks Comunitarios de Calibración (scienthoon & yodablocks) relativa a ¿cómo impedir que contenido malicioso se presente como una regla de negocio de mayor prior...,SRC-0028,Fuente SRC-0028,"GitHub: scienthoon/jev-ood-calibration, yodablocks/jev-orderby-bench",medido_independiente,Válido bajo contrato typesafe-sdk 0.7.0 y supuestos operacionales del Pilar P11.
AF-JEV-P11-009-03,JEV-P11-009,P11,¿Cómo impedir que contenido malicioso se presente como una regla de negocio de mayor prioridad dentro del contexto?,"Fundamentación técnica documentada en Documentos Analíticos Canónicos P05 (P05_DEEP_DIVE, EVIDENCE_MAP, CALIBRATION_PLAYBOOK) relativa a ¿cómo impedir que contenido malicioso se presente como una regla de negocio de mayor prior...",SRC-0041,Fuente SRC-0041,Cuaderno canónico P05 (`d65c48bf-c7d3-44d4-b0cf-79842f3df7dc`),analisis_interno,Válido bajo contrato typesafe-sdk 0.7.0 y supuestos operacionales del Pilar P11.
AF-JEV-P11-009-04,JEV-P11-009,P11,¿Cómo impedir que contenido malicioso se presente como una regla de negocio de mayor prioridad dentro del contexto?,"Fundamentación técnica documentada en Documentos Analíticos Canónicos P11 (P11_DEEP_DIVE, EVIDENCE_MAP, WORKFLOW_PLAYBOOK, EXPERIMENT_PROTOCOL, GAPS_AND_ACTIONS, SOURCE_INDEX) relativa a ¿cómo impedir que contenido malicioso se presente como una regla de negocio de mayor prior...",SRC-0113,Fuente SRC-0113,Cuaderno canónico P11 (`703b4f94-7e0f-46e4-8fa1-7df6cb846fa0`),analisis_interno,Válido bajo contrato typesafe-sdk 0.7.0 y supuestos operacionales del Pilar P11.
AF-JEV-P11-010-01,JEV-P11-010,P11,"¿Qué amenazas de exfiltración por argumentos de herramientas, enlaces o registros deben analizarse en un flujo con MCP?","Fundamentación técnica documentada en TypeSafe AI Official Documentation relativa a ¿qué amenazas de exfiltración por argumentos de herramientas, enlaces o registros deben an...",SRC-0002,Fuente SRC-0002,https://docs.typesafe.ai/,documentado_proveedor,Válido bajo contrato typesafe-sdk 0.7.0 y supuestos operacionales del Pilar P11.
AF-JEV-P11-010-02,JEV-P11-010,P11,"¿Qué amenazas de exfiltración por argumentos de herramientas, enlaces o registros deben analizarse en un flujo con MCP?","Fundamentación técnica documentada en Benchmarks Comunitarios de Calibración (scienthoon & yodablocks) relativa a ¿qué amenazas de exfiltración por argumentos de herramientas, enlaces o registros deben an...",SRC-0028,Fuente SRC-0028,"GitHub: scienthoon/jev-ood-calibration, yodablocks/jev-orderby-bench",medido_independiente,Válido bajo contrato typesafe-sdk 0.7.0 y supuestos operacionales del Pilar P11.
AF-JEV-P11-010-03,JEV-P11-010,P11,"¿Qué amenazas de exfiltración por argumentos de herramientas, enlaces o registros deben analizarse en un flujo con MCP?","Fundamentación técnica documentada en GitHub: typesafe-ai/typesafe-sdk-python — SDK Oficial y Especificación de Tipos relativa a ¿qué amenazas de exfiltración por argumentos de herramientas, enlaces o registros deben an...",SRC-0062,Fuente SRC-0062,https://github.com/typesafe-ai/typesafe-sdk-python,medido_independiente,Válido bajo contrato typesafe-sdk 0.7.0 y supuestos operacionales del Pilar P11.
AF-JEV-P11-010-04,JEV-P11-010,P11,"¿Qué amenazas de exfiltración por argumentos de herramientas, enlaces o registros deben analizarse en un flujo con MCP?","Fundamentación técnica documentada en Documentos Analíticos Canónicos P11 (P11_DEEP_DIVE, EVIDENCE_MAP, WORKFLOW_PLAYBOOK, EXPERIMENT_PROTOCOL, GAPS_AND_ACTIONS, SOURCE_INDEX) relativa a ¿qué amenazas de exfiltración por argumentos de herramientas, enlaces o registros deben an...",SRC-0113,Fuente SRC-0113,Cuaderno canónico P11 (`703b4f94-7e0f-46e4-8fa1-7df6cb846fa0`),analisis_interno,Válido bajo contrato typesafe-sdk 0.7.0 y supuestos operacionales del Pilar P11.
AF-JEV-P11-011-01,JEV-P11-011,P11,¿Cómo limitar el conjunto de herramientas y parámetros permitidos sin depender de que el modelo interprete correctamente una prohibición textual?,Fundamentación técnica documentada en TypeSafe AI Official Documentation relativa a ¿cómo limitar el conjunto de herramientas y parámetros permitidos sin depender de que el m...,SRC-0002,Fuente SRC-0002,https://docs.typesafe.ai/,documentado_proveedor,Válido bajo contrato typesafe-sdk 0.7.0 y supuestos operacionales del Pilar P11.
AF-JEV-P11-011-02,JEV-P11-011,P11,¿Cómo limitar el conjunto de herramientas y parámetros permitidos sin depender de que el modelo interprete correctamente una prohibición textual?,Fundamentación técnica documentada en Benchmarks Comunitarios de Calibración (scienthoon & yodablocks) relativa a ¿cómo limitar el conjunto de herramientas y parámetros permitidos sin depender de que el m...,SRC-0028,Fuente SRC-0028,"GitHub: scienthoon/jev-ood-calibration, yodablocks/jev-orderby-bench",medido_independiente,Válido bajo contrato typesafe-sdk 0.7.0 y supuestos operacionales del Pilar P11.
AF-JEV-P11-011-03,JEV-P11-011,P11,¿Cómo limitar el conjunto de herramientas y parámetros permitidos sin depender de que el modelo interprete correctamente una prohibición textual?,Fundamentación técnica documentada en GitHub: typesafe-ai/typesafe-sdk-python — SDK Oficial y Especificación de Tipos relativa a ¿cómo limitar el conjunto de herramientas y parámetros permitidos sin depender de que el m...,SRC-0062,Fuente SRC-0062,https://github.com/typesafe-ai/typesafe-sdk-python,medido_independiente,Válido bajo contrato typesafe-sdk 0.7.0 y supuestos operacionales del Pilar P11.
AF-JEV-P11-011-04,JEV-P11-011,P11,¿Cómo limitar el conjunto de herramientas y parámetros permitidos sin depender de que el modelo interprete correctamente una prohibición textual?,"Fundamentación técnica documentada en Documentos Analíticos Canónicos P11 (P11_DEEP_DIVE, EVIDENCE_MAP, WORKFLOW_PLAYBOOK, EXPERIMENT_PROTOCOL, GAPS_AND_ACTIONS, SOURCE_INDEX) relativa a ¿cómo limitar el conjunto de herramientas y parámetros permitidos sin depender de que el m...",SRC-0113,Fuente SRC-0113,Cuaderno canónico P11 (`703b4f94-7e0f-46e4-8fa1-7df6cb846fa0`),analisis_interno,Válido bajo contrato typesafe-sdk 0.7.0 y supuestos operacionales del Pilar P11.
AF-JEV-P11-012-01,JEV-P11-012,P11,"¿Qué controles protegen contra contaminación del corpus, fuentes falsas y cambios maliciosos en documentos previamente confiables?","Fundamentación técnica documentada en TypeSafe AI Official Documentation relativa a ¿qué controles protegen contra contaminación del corpus, fuentes falsas y cambios malicios...",SRC-0002,Fuente SRC-0002,https://docs.typesafe.ai/,documentado_proveedor,Válido bajo contrato typesafe-sdk 0.7.0 y supuestos operacionales del Pilar P11.
AF-JEV-P11-012-02,JEV-P11-012,P11,"¿Qué controles protegen contra contaminación del corpus, fuentes falsas y cambios maliciosos en documentos previamente confiables?","Fundamentación técnica documentada en Benchmarks Comunitarios de Calibración (scienthoon & yodablocks) relativa a ¿qué controles protegen contra contaminación del corpus, fuentes falsas y cambios malicios...",SRC-0028,Fuente SRC-0028,"GitHub: scienthoon/jev-ood-calibration, yodablocks/jev-orderby-bench",medido_independiente,Válido bajo contrato typesafe-sdk 0.7.0 y supuestos operacionales del Pilar P11.
AF-JEV-P11-012-03,JEV-P11-012,P11,"¿Qué controles protegen contra contaminación del corpus, fuentes falsas y cambios maliciosos en documentos previamente confiables?","Fundamentación técnica documentada en Documentos Analíticos Canónicos P05 (P05_DEEP_DIVE, EVIDENCE_MAP, CALIBRATION_PLAYBOOK) relativa a ¿qué controles protegen contra contaminación del corpus, fuentes falsas y cambios malicios...",SRC-0041,Fuente SRC-0041,Cuaderno canónico P05 (`d65c48bf-c7d3-44d4-b0cf-79842f3df7dc`),analisis_interno,Válido bajo contrato typesafe-sdk 0.7.0 y supuestos operacionales del Pilar P11.
AF-JEV-P11-012-04,JEV-P11-012,P11,"¿Qué controles protegen contra contaminación del corpus, fuentes falsas y cambios maliciosos en documentos previamente confiables?","Fundamentación técnica documentada en Documentos Analíticos Canónicos P11 (P11_DEEP_DIVE, EVIDENCE_MAP, WORKFLOW_PLAYBOOK, EXPERIMENT_PROTOCOL, GAPS_AND_ACTIONS, SOURCE_INDEX) relativa a ¿qué controles protegen contra contaminación del corpus, fuentes falsas y cambios malicios...",SRC-0113,Fuente SRC-0113,Cuaderno canónico P11 (`703b4f94-7e0f-46e4-8fa1-7df6cb846fa0`),analisis_interno,Válido bajo contrato typesafe-sdk 0.7.0 y supuestos operacionales del Pilar P11.
AF-JEV-P11-013-01,JEV-P11-013,P11,"¿Cómo prevenir filtraciones entre usuarios, clientes o proyectos al compartir infraestructura, cachés y bases de conocimiento?","Fundamentación técnica documentada en TypeSafe AI Official Documentation relativa a ¿cómo prevenir filtraciones entre usuarios, clientes o proyectos al compartir infraestruct...",SRC-0002,Fuente SRC-0002,https://docs.typesafe.ai/,documentado_proveedor,Válido bajo contrato typesafe-sdk 0.7.0 y supuestos operacionales del Pilar P11.
AF-JEV-P11-013-02,JEV-P11-013,P11,"¿Cómo prevenir filtraciones entre usuarios, clientes o proyectos al compartir infraestructura, cachés y bases de conocimiento?","Fundamentación técnica documentada en Benchmarks Comunitarios de Calibración (scienthoon & yodablocks) relativa a ¿cómo prevenir filtraciones entre usuarios, clientes o proyectos al compartir infraestruct...",SRC-0028,Fuente SRC-0028,"GitHub: scienthoon/jev-ood-calibration, yodablocks/jev-orderby-bench",medido_independiente,Válido bajo contrato typesafe-sdk 0.7.0 y supuestos operacionales del Pilar P11.
AF-JEV-P11-013-03,JEV-P11-013,P11,"¿Cómo prevenir filtraciones entre usuarios, clientes o proyectos al compartir infraestructura, cachés y bases de conocimiento?","Fundamentación técnica documentada en Documentos Analíticos Canónicos P05 (P05_DEEP_DIVE, EVIDENCE_MAP, CALIBRATION_PLAYBOOK) relativa a ¿cómo prevenir filtraciones entre usuarios, clientes o proyectos al compartir infraestruct...",SRC-0041,Fuente SRC-0041,Cuaderno canónico P05 (`d65c48bf-c7d3-44d4-b0cf-79842f3df7dc`),analisis_interno,Válido bajo contrato typesafe-sdk 0.7.0 y supuestos operacionales del Pilar P11.
AF-JEV-P11-013-04,JEV-P11-013,P11,"¿Cómo prevenir filtraciones entre usuarios, clientes o proyectos al compartir infraestructura, cachés y bases de conocimiento?","Fundamentación técnica documentada en Documentos Analíticos Canónicos P11 (P11_DEEP_DIVE, EVIDENCE_MAP, WORKFLOW_PLAYBOOK, EXPERIMENT_PROTOCOL, GAPS_AND_ACTIONS, SOURCE_INDEX) relativa a ¿cómo prevenir filtraciones entre usuarios, clientes o proyectos al compartir infraestruct...",SRC-0113,Fuente SRC-0113,Cuaderno canónico P11 (`703b4f94-7e0f-46e4-8fa1-7df6cb846fa0`),analisis_interno,Válido bajo contrato typesafe-sdk 0.7.0 y supuestos operacionales del Pilar P11.
AF-JEV-P11-014-01,JEV-P11-014,P11,"¿Qué información sensible puede persistir en prompts, trazas, mensajes de error y copias de seguridad, y cómo minimizarla?","Fundamentación técnica documentada en TypeSafe AI Official Documentation relativa a ¿qué información sensible puede persistir en prompts, trazas, mensajes de error y copias d...",SRC-0002,Fuente SRC-0002,https://docs.typesafe.ai/,documentado_proveedor,Válido bajo contrato typesafe-sdk 0.7.0 y supuestos operacionales del Pilar P11.
AF-JEV-P11-014-02,JEV-P11-014,P11,"¿Qué información sensible puede persistir en prompts, trazas, mensajes de error y copias de seguridad, y cómo minimizarla?","Fundamentación técnica documentada en Benchmarks Comunitarios de Calibración (scienthoon & yodablocks) relativa a ¿qué información sensible puede persistir en prompts, trazas, mensajes de error y copias d...",SRC-0028,Fuente SRC-0028,"GitHub: scienthoon/jev-ood-calibration, yodablocks/jev-orderby-bench",medido_independiente,Válido bajo contrato typesafe-sdk 0.7.0 y supuestos operacionales del Pilar P11.
AF-JEV-P11-014-03,JEV-P11-014,P11,"¿Qué información sensible puede persistir en prompts, trazas, mensajes de error y copias de seguridad, y cómo minimizarla?","Fundamentación técnica documentada en Documentos Analíticos Canónicos P05 (P05_DEEP_DIVE, EVIDENCE_MAP, CALIBRATION_PLAYBOOK) relativa a ¿qué información sensible puede persistir en prompts, trazas, mensajes de error y copias d...",SRC-0041,Fuente SRC-0041,Cuaderno canónico P05 (`d65c48bf-c7d3-44d4-b0cf-79842f3df7dc`),analisis_interno,Válido bajo contrato typesafe-sdk 0.7.0 y supuestos operacionales del Pilar P11.
AF-JEV-P11-014-04,JEV-P11-014,P11,"¿Qué información sensible puede persistir en prompts, trazas, mensajes de error y copias de seguridad, y cómo minimizarla?","Fundamentación técnica documentada en Documentos Analíticos Canónicos P11 (P11_DEEP_DIVE, EVIDENCE_MAP, WORKFLOW_PLAYBOOK, EXPERIMENT_PROTOCOL, GAPS_AND_ACTIONS, SOURCE_INDEX) relativa a ¿qué información sensible puede persistir en prompts, trazas, mensajes de error y copias d...",SRC-0113,Fuente SRC-0113,Cuaderno canónico P11 (`703b4f94-7e0f-46e4-8fa1-7df6cb846fa0`),analisis_interno,Válido bajo contrato typesafe-sdk 0.7.0 y supuestos operacionales del Pilar P11.
AF-JEV-P11-015-01,JEV-P11-015,P11,"¿Cómo revisar un conector comunitario respecto de permisos, dependencias y rutas de salida antes de proponer su uso?","Fundamentación técnica documentada en TypeSafe AI Official Documentation relativa a ¿cómo revisar un conector comunitario respecto de permisos, dependencias y rutas de salida...",SRC-0002,Fuente SRC-0002,https://docs.typesafe.ai/,documentado_proveedor,Válido bajo contrato typesafe-sdk 0.7.0 y supuestos operacionales del Pilar P11.
AF-JEV-P11-015-02,JEV-P11-015,P11,"¿Cómo revisar un conector comunitario respecto de permisos, dependencias y rutas de salida antes de proponer su uso?","Fundamentación técnica documentada en Benchmarks Comunitarios de Calibración (scienthoon & yodablocks) relativa a ¿cómo revisar un conector comunitario respecto de permisos, dependencias y rutas de salida...",SRC-0028,Fuente SRC-0028,"GitHub: scienthoon/jev-ood-calibration, yodablocks/jev-orderby-bench",medido_independiente,Válido bajo contrato typesafe-sdk 0.7.0 y supuestos operacionales del Pilar P11.
AF-JEV-P11-015-03,JEV-P11-015,P11,"¿Cómo revisar un conector comunitario respecto de permisos, dependencias y rutas de salida antes de proponer su uso?","Fundamentación técnica documentada en GitHub: typesafe-ai/typesafe-sdk-python — SDK Oficial y Especificación de Tipos relativa a ¿cómo revisar un conector comunitario respecto de permisos, dependencias y rutas de salida...",SRC-0062,Fuente SRC-0062,https://github.com/typesafe-ai/typesafe-sdk-python,medido_independiente,Válido bajo contrato typesafe-sdk 0.7.0 y supuestos operacionales del Pilar P11.
AF-JEV-P11-015-04,JEV-P11-015,P11,"¿Cómo revisar un conector comunitario respecto de permisos, dependencias y rutas de salida antes de proponer su uso?","Fundamentación técnica documentada en Documentos Analíticos Canónicos P11 (P11_DEEP_DIVE, EVIDENCE_MAP, WORKFLOW_PLAYBOOK, EXPERIMENT_PROTOCOL, GAPS_AND_ACTIONS, SOURCE_INDEX) relativa a ¿cómo revisar un conector comunitario respecto de permisos, dependencias y rutas de salida...",SRC-0113,Fuente SRC-0113,Cuaderno canónico P11 (`703b4f94-7e0f-46e4-8fa1-7df6cb846fa0`),analisis_interno,Válido bajo contrato typesafe-sdk 0.7.0 y supuestos operacionales del Pilar P11.
AF-JEV-P11-016-01,JEV-P11-016,P11,¿Qué controles deterministas pueden complementar una evaluación de seguridad sin crear una falsa sensación de cobertura total?,Fundamentación técnica documentada en TypeSafe AI Official Documentation relativa a ¿qué controles deterministas pueden complementar una evaluación de seguridad sin crear una...,SRC-0002,Fuente SRC-0002,https://docs.typesafe.ai/,documentado_proveedor,Válido bajo contrato typesafe-sdk 0.7.0 y supuestos operacionales del Pilar P11.
AF-JEV-P11-016-02,JEV-P11-016,P11,¿Qué controles deterministas pueden complementar una evaluación de seguridad sin crear una falsa sensación de cobertura total?,Fundamentación técnica documentada en Benchmarks Comunitarios de Calibración (scienthoon & yodablocks) relativa a ¿qué controles deterministas pueden complementar una evaluación de seguridad sin crear una...,SRC-0028,Fuente SRC-0028,"GitHub: scienthoon/jev-ood-calibration, yodablocks/jev-orderby-bench",medido_independiente,Válido bajo contrato typesafe-sdk 0.7.0 y supuestos operacionales del Pilar P11.
AF-JEV-P11-016-03,JEV-P11-016,P11,¿Qué controles deterministas pueden complementar una evaluación de seguridad sin crear una falsa sensación de cobertura total?,"Fundamentación técnica documentada en Documentos Analíticos Canónicos P05 (P05_DEEP_DIVE, EVIDENCE_MAP, CALIBRATION_PLAYBOOK) relativa a ¿qué controles deterministas pueden complementar una evaluación de seguridad sin crear una...",SRC-0041,Fuente SRC-0041,Cuaderno canónico P05 (`d65c48bf-c7d3-44d4-b0cf-79842f3df7dc`),analisis_interno,Válido bajo contrato typesafe-sdk 0.7.0 y supuestos operacionales del Pilar P11.
AF-JEV-P11-016-04,JEV-P11-016,P11,¿Qué controles deterministas pueden complementar una evaluación de seguridad sin crear una falsa sensación de cobertura total?,"Fundamentación técnica documentada en Documentos Analíticos Canónicos P11 (P11_DEEP_DIVE, EVIDENCE_MAP, WORKFLOW_PLAYBOOK, EXPERIMENT_PROTOCOL, GAPS_AND_ACTIONS, SOURCE_INDEX) relativa a ¿qué controles deterministas pueden complementar una evaluación de seguridad sin crear una...",SRC-0113,Fuente SRC-0113,Cuaderno canónico P11 (`703b4f94-7e0f-46e4-8fa1-7df6cb846fa0`),analisis_interno,Válido bajo contrato typesafe-sdk 0.7.0 y supuestos operacionales del Pilar P11.
AF-JEV-P11-017-01,JEV-P11-017,P11,¿Cómo construir una batería de casos adversariales y benignos con criterios previos de aceptación y escalamiento?,Fundamentación técnica documentada en TypeSafe AI Official Documentation relativa a ¿cómo construir una batería de casos adversariales y benignos con criterios previos de ace...,SRC-0002,Fuente SRC-0002,https://docs.typesafe.ai/,documentado_proveedor,Válido bajo contrato typesafe-sdk 0.7.0 y supuestos operacionales del Pilar P11.
AF-JEV-P11-017-02,JEV-P11-017,P11,¿Cómo construir una batería de casos adversariales y benignos con criterios previos de aceptación y escalamiento?,Fundamentación técnica documentada en Benchmarks Comunitarios de Calibración (scienthoon & yodablocks) relativa a ¿cómo construir una batería de casos adversariales y benignos con criterios previos de ace...,SRC-0028,Fuente SRC-0028,"GitHub: scienthoon/jev-ood-calibration, yodablocks/jev-orderby-bench",medido_independiente,Válido bajo contrato typesafe-sdk 0.7.0 y supuestos operacionales del Pilar P11.
AF-JEV-P11-017-03,JEV-P11-017,P11,¿Cómo construir una batería de casos adversariales y benignos con criterios previos de aceptación y escalamiento?,"Fundamentación técnica documentada en Documentos Analíticos Canónicos P05 (P05_DEEP_DIVE, EVIDENCE_MAP, CALIBRATION_PLAYBOOK) relativa a ¿cómo construir una batería de casos adversariales y benignos con criterios previos de ace...",SRC-0041,Fuente SRC-0041,Cuaderno canónico P05 (`d65c48bf-c7d3-44d4-b0cf-79842f3df7dc`),analisis_interno,Válido bajo contrato typesafe-sdk 0.7.0 y supuestos operacionales del Pilar P11.
AF-JEV-P11-017-04,JEV-P11-017,P11,¿Cómo construir una batería de casos adversariales y benignos con criterios previos de aceptación y escalamiento?,"Fundamentación técnica documentada en Documentos Analíticos Canónicos P11 (P11_DEEP_DIVE, EVIDENCE_MAP, WORKFLOW_PLAYBOOK, EXPERIMENT_PROTOCOL, GAPS_AND_ACTIONS, SOURCE_INDEX) relativa a ¿cómo construir una batería de casos adversariales y benignos con criterios previos de ace...",SRC-0113,Fuente SRC-0113,Cuaderno canónico P11 (`703b4f94-7e0f-46e4-8fa1-7df6cb846fa0`),analisis_interno,Válido bajo contrato typesafe-sdk 0.7.0 y supuestos operacionales del Pilar P11.
AF-JEV-P11-018-01,JEV-P11-018,P11,¿Qué eventos deben detener automáticamente un flujo y qué evidencia necesita la persona que decide reanudarlo?,Fundamentación técnica documentada en TypeSafe AI Official Documentation relativa a ¿qué eventos deben detener automáticamente un flujo y qué evidencia necesita la persona qu...,SRC-0002,Fuente SRC-0002,https://docs.typesafe.ai/,documentado_proveedor,Válido bajo contrato typesafe-sdk 0.7.0 y supuestos operacionales del Pilar P11.
AF-JEV-P11-018-02,JEV-P11-018,P11,¿Qué eventos deben detener automáticamente un flujo y qué evidencia necesita la persona que decide reanudarlo?,Fundamentación técnica documentada en Benchmarks Comunitarios de Calibración (scienthoon & yodablocks) relativa a ¿qué eventos deben detener automáticamente un flujo y qué evidencia necesita la persona qu...,SRC-0028,Fuente SRC-0028,"GitHub: scienthoon/jev-ood-calibration, yodablocks/jev-orderby-bench",medido_independiente,Válido bajo contrato typesafe-sdk 0.7.0 y supuestos operacionales del Pilar P11.
AF-JEV-P11-018-03,JEV-P11-018,P11,¿Qué eventos deben detener automáticamente un flujo y qué evidencia necesita la persona que decide reanudarlo?,"Fundamentación técnica documentada en Documentos Analíticos Canónicos P05 (P05_DEEP_DIVE, EVIDENCE_MAP, CALIBRATION_PLAYBOOK) relativa a ¿qué eventos deben detener automáticamente un flujo y qué evidencia necesita la persona qu...",SRC-0041,Fuente SRC-0041,Cuaderno canónico P05 (`d65c48bf-c7d3-44d4-b0cf-79842f3df7dc`),analisis_interno,Válido bajo contrato typesafe-sdk 0.7.0 y supuestos operacionales del Pilar P11.
AF-JEV-P11-018-04,JEV-P11-018,P11,¿Qué eventos deben detener automáticamente un flujo y qué evidencia necesita la persona que decide reanudarlo?,"Fundamentación técnica documentada en Documentos Analíticos Canónicos P11 (P11_DEEP_DIVE, EVIDENCE_MAP, WORKFLOW_PLAYBOOK, EXPERIMENT_PROTOCOL, GAPS_AND_ACTIONS, SOURCE_INDEX) relativa a ¿qué eventos deben detener automáticamente un flujo y qué evidencia necesita la persona qu...",SRC-0113,Fuente SRC-0113,Cuaderno canónico P11 (`703b4f94-7e0f-46e4-8fa1-7df6cb846fa0`),analisis_interno,Válido bajo contrato typesafe-sdk 0.7.0 y supuestos operacionales del Pilar P11.
AF-JEV-P11-019-01,JEV-P11-019,P11,"¿Cómo documentar riesgos residuales de forma comprensible para quien adopta el sistema, incluidos los límites del propio verificador?","Fundamentación técnica documentada en TypeSafe AI Official Documentation relativa a ¿cómo documentar riesgos residuales de forma comprensible para quien adopta el sistema, in...",SRC-0002,Fuente SRC-0002,https://docs.typesafe.ai/,documentado_proveedor,Válido bajo contrato typesafe-sdk 0.7.0 y supuestos operacionales del Pilar P11.
AF-JEV-P11-019-02,JEV-P11-019,P11,"¿Cómo documentar riesgos residuales de forma comprensible para quien adopta el sistema, incluidos los límites del propio verificador?","Fundamentación técnica documentada en Benchmarks Comunitarios de Calibración (scienthoon & yodablocks) relativa a ¿cómo documentar riesgos residuales de forma comprensible para quien adopta el sistema, in...",SRC-0028,Fuente SRC-0028,"GitHub: scienthoon/jev-ood-calibration, yodablocks/jev-orderby-bench",medido_independiente,Válido bajo contrato typesafe-sdk 0.7.0 y supuestos operacionales del Pilar P11.
AF-JEV-P11-019-03,JEV-P11-019,P11,"¿Cómo documentar riesgos residuales de forma comprensible para quien adopta el sistema, incluidos los límites del propio verificador?","Fundamentación técnica documentada en Documentos Analíticos Canónicos P05 (P05_DEEP_DIVE, EVIDENCE_MAP, CALIBRATION_PLAYBOOK) relativa a ¿cómo documentar riesgos residuales de forma comprensible para quien adopta el sistema, in...",SRC-0041,Fuente SRC-0041,Cuaderno canónico P05 (`d65c48bf-c7d3-44d4-b0cf-79842f3df7dc`),analisis_interno,Válido bajo contrato typesafe-sdk 0.7.0 y supuestos operacionales del Pilar P11.
AF-JEV-P11-019-04,JEV-P11-019,P11,"¿Cómo documentar riesgos residuales de forma comprensible para quien adopta el sistema, incluidos los límites del propio verificador?","Fundamentación técnica documentada en Documentos Analíticos Canónicos P11 (P11_DEEP_DIVE, EVIDENCE_MAP, WORKFLOW_PLAYBOOK, EXPERIMENT_PROTOCOL, GAPS_AND_ACTIONS, SOURCE_INDEX) relativa a ¿cómo documentar riesgos residuales de forma comprensible para quien adopta el sistema, in...",SRC-0113,Fuente SRC-0113,Cuaderno canónico P11 (`703b4f94-7e0f-46e4-8fa1-7df6cb846fa0`),analisis_interno,Válido bajo contrato typesafe-sdk 0.7.0 y supuestos operacionales del Pilar P11.
AF-JEV-P11-020-01,JEV-P11-020,P11,"¿Qué procedimiento de incidente permitiría contener, auditar y corregir una decisión dañina sin divulgar más datos durante la investigación?","Fundamentación técnica documentada en TypeSafe AI Official Documentation relativa a ¿qué procedimiento de incidente permitiría contener, auditar y corregir una decisión dañin...",SRC-0002,Fuente SRC-0002,https://docs.typesafe.ai/,documentado_proveedor,Válido bajo contrato typesafe-sdk 0.7.0 y supuestos operacionales del Pilar P11.
AF-JEV-P11-020-02,JEV-P11-020,P11,"¿Qué procedimiento de incidente permitiría contener, auditar y corregir una decisión dañina sin divulgar más datos durante la investigación?","Fundamentación técnica documentada en Benchmarks Comunitarios de Calibración (scienthoon & yodablocks) relativa a ¿qué procedimiento de incidente permitiría contener, auditar y corregir una decisión dañin...",SRC-0028,Fuente SRC-0028,"GitHub: scienthoon/jev-ood-calibration, yodablocks/jev-orderby-bench",medido_independiente,Válido bajo contrato typesafe-sdk 0.7.0 y supuestos operacionales del Pilar P11.
AF-JEV-P11-020-03,JEV-P11-020,P11,"¿Qué procedimiento de incidente permitiría contener, auditar y corregir una decisión dañina sin divulgar más datos durante la investigación?","Fundamentación técnica documentada en Documentos Analíticos Canónicos P05 (P05_DEEP_DIVE, EVIDENCE_MAP, CALIBRATION_PLAYBOOK) relativa a ¿qué procedimiento de incidente permitiría contener, auditar y corregir una decisión dañin...",SRC-0041,Fuente SRC-0041,Cuaderno canónico P05 (`d65c48bf-c7d3-44d4-b0cf-79842f3df7dc`),analisis_interno,Válido bajo contrato typesafe-sdk 0.7.0 y supuestos operacionales del Pilar P11.
AF-JEV-P11-020-04,JEV-P11-020,P11,"¿Qué procedimiento de incidente permitiría contener, auditar y corregir una decisión dañina sin divulgar más datos durante la investigación?","Fundamentación técnica documentada en Documentos Analíticos Canónicos P11 (P11_DEEP_DIVE, EVIDENCE_MAP, WORKFLOW_PLAYBOOK, EXPERIMENT_PROTOCOL, GAPS_AND_ACTIONS, SOURCE_INDEX) relativa a ¿qué procedimiento de incidente permitiría contener, auditar y corregir una decisión dañin...",SRC-0113,Fuente SRC-0113,Cuaderno canónico P11 (`703b4f94-7e0f-46e4-8fa1-7df6cb846fa0`),analisis_interno,Válido bajo contrato typesafe-sdk 0.7.0 y supuestos operacionales del Pilar P11.
AF-JEV-P16-001-01,JEV-P16-001,P16,"¿Qué procesos, usuarios, datos y restricciones de Wheelwork deben confirmarse antes de recomendar una integración específica?","Fundamentación técnica documentada en Introducing System One Models and Jev relativa a ¿qué procesos, usuarios, datos y restricciones de wheelwork deben confirmarse antes de rec...",SRC-0001,Fuente SRC-0001,https://typesafe.ai/blog/introducing-system-one-models-and-jev,documentado_proveedor,Válido bajo contrato typesafe-sdk 0.7.0 y supuestos operacionales del Pilar P16.
AF-JEV-P16-001-02,JEV-P16-001,P16,"¿Qué procesos, usuarios, datos y restricciones de Wheelwork deben confirmarse antes de recomendar una integración específica?","Fundamentación técnica documentada en Documentos Analíticos Canónicos P06 (P06_DEEP_DIVE, EVIDENCE_MAP, EVALUATION_PLAYBOOK) relativa a ¿qué procesos, usuarios, datos y restricciones de wheelwork deben confirmarse antes de rec...",SRC-0046,Fuente SRC-0046,Cuaderno canónico P06 (`9b87f42f-e3f9-49ca-afb4-affe7c6259da`),analisis_interno,Válido bajo contrato typesafe-sdk 0.7.0 y supuestos operacionales del Pilar P16.
AF-JEV-P16-001-03,JEV-P16-001,P16,"¿Qué procesos, usuarios, datos y restricciones de Wheelwork deben confirmarse antes de recomendar una integración específica?","Fundamentación técnica documentada en Corrective Retrieval Augmented Generation (CRAG - Yan et al.) relativa a ¿qué procesos, usuarios, datos y restricciones de wheelwork deben confirmarse antes de rec...",SRC-0068,Fuente SRC-0068,https://arxiv.org/abs/2402.16840,referencia_tecnica,Válido bajo contrato typesafe-sdk 0.7.0 y supuestos operacionales del Pilar P16.
AF-JEV-P16-001-04,JEV-P16-001,P16,"¿Qué procesos, usuarios, datos y restricciones de Wheelwork deben confirmarse antes de recomendar una integración específica?","Fundamentación técnica documentada en Documentos Analíticos Canónicos P16 (P16_DEEP_DIVE, EVIDENCE_MAP, WORKFLOW_PLAYBOOK, EXPERIMENT_PROTOCOL, GAPS_AND_ACTIONS, SOURCE_INDEX) relativa a ¿qué procesos, usuarios, datos y restricciones de wheelwork deben confirmarse antes de rec...",SRC-0118,Fuente SRC-0118,Cuaderno canónico P16 (`a4f0e05a-2aff-4ea4-a6c3-2126782e9d9e`),analisis_interno,Válido bajo contrato typesafe-sdk 0.7.0 y supuestos operacionales del Pilar P16.
AF-JEV-P16-002-01,JEV-P16-002,P16,"¿Qué tareas documentales o administrativas podrían mejorar sin automatizar decisiones de contratación, descarte o evaluación de personas?",Fundamentación técnica documentada en Introducing System One Models and Jev relativa a ¿qué tareas documentales o administrativas podrían mejorar sin automatizar decisiones de c...,SRC-0001,Fuente SRC-0001,https://typesafe.ai/blog/introducing-system-one-models-and-jev,documentado_proveedor,Válido bajo contrato typesafe-sdk 0.7.0 y supuestos operacionales del Pilar P16.
AF-JEV-P16-002-02,JEV-P16-002,P16,"¿Qué tareas documentales o administrativas podrían mejorar sin automatizar decisiones de contratación, descarte o evaluación de personas?","Fundamentación técnica documentada en Documentos Analíticos Canónicos P06 (P06_DEEP_DIVE, EVIDENCE_MAP, EVALUATION_PLAYBOOK) relativa a ¿qué tareas documentales o administrativas podrían mejorar sin automatizar decisiones de c...",SRC-0046,Fuente SRC-0046,Cuaderno canónico P06 (`9b87f42f-e3f9-49ca-afb4-affe7c6259da`),analisis_interno,Válido bajo contrato typesafe-sdk 0.7.0 y supuestos operacionales del Pilar P16.
AF-JEV-P16-002-03,JEV-P16-002,P16,"¿Qué tareas documentales o administrativas podrían mejorar sin automatizar decisiones de contratación, descarte o evaluación de personas?",Fundamentación técnica documentada en Corrective Retrieval Augmented Generation (CRAG - Yan et al.) relativa a ¿qué tareas documentales o administrativas podrían mejorar sin automatizar decisiones de c...,SRC-0068,Fuente SRC-0068,https://arxiv.org/abs/2402.16840,referencia_tecnica,Válido bajo contrato typesafe-sdk 0.7.0 y supuestos operacionales del Pilar P16.
AF-JEV-P16-002-04,JEV-P16-002,P16,"¿Qué tareas documentales o administrativas podrían mejorar sin automatizar decisiones de contratación, descarte o evaluación de personas?","Fundamentación técnica documentada en Documentos Analíticos Canónicos P16 (P16_DEEP_DIVE, EVIDENCE_MAP, WORKFLOW_PLAYBOOK, EXPERIMENT_PROTOCOL, GAPS_AND_ACTIONS, SOURCE_INDEX) relativa a ¿qué tareas documentales o administrativas podrían mejorar sin automatizar decisiones de c...",SRC-0118,Fuente SRC-0118,Cuaderno canónico P16 (`a4f0e05a-2aff-4ea4-a6c3-2126782e9d9e`),analisis_interno,Válido bajo contrato typesafe-sdk 0.7.0 y supuestos operacionales del Pilar P16.
AF-JEV-P16-003-01,JEV-P16-003,P16,"¿Qué tres pilotos con perfiles, vacantes y mensajes sintéticos permitirían medir utilidad con bajo riesgo y resultados reversibles?","Fundamentación técnica documentada en Introducing System One Models and Jev relativa a ¿qué tres pilotos con perfiles, vacantes y mensajes sintéticos permitirían medir utilidad ...",SRC-0001,Fuente SRC-0001,https://typesafe.ai/blog/introducing-system-one-models-and-jev,documentado_proveedor,Válido bajo contrato typesafe-sdk 0.7.0 y supuestos operacionales del Pilar P16.
AF-JEV-P16-003-02,JEV-P16-003,P16,"¿Qué tres pilotos con perfiles, vacantes y mensajes sintéticos permitirían medir utilidad con bajo riesgo y resultados reversibles?","Fundamentación técnica documentada en Documentos Analíticos Canónicos P06 (P06_DEEP_DIVE, EVIDENCE_MAP, EVALUATION_PLAYBOOK) relativa a ¿qué tres pilotos con perfiles, vacantes y mensajes sintéticos permitirían medir utilidad ...",SRC-0046,Fuente SRC-0046,Cuaderno canónico P06 (`9b87f42f-e3f9-49ca-afb4-affe7c6259da`),analisis_interno,Válido bajo contrato typesafe-sdk 0.7.0 y supuestos operacionales del Pilar P16.
AF-JEV-P16-003-03,JEV-P16-003,P16,"¿Qué tres pilotos con perfiles, vacantes y mensajes sintéticos permitirían medir utilidad con bajo riesgo y resultados reversibles?","Fundamentación técnica documentada en Corrective Retrieval Augmented Generation (CRAG - Yan et al.) relativa a ¿qué tres pilotos con perfiles, vacantes y mensajes sintéticos permitirían medir utilidad ...",SRC-0068,Fuente SRC-0068,https://arxiv.org/abs/2402.16840,referencia_tecnica,Válido bajo contrato typesafe-sdk 0.7.0 y supuestos operacionales del Pilar P16.
AF-JEV-P16-003-04,JEV-P16-003,P16,"¿Qué tres pilotos con perfiles, vacantes y mensajes sintéticos permitirían medir utilidad con bajo riesgo y resultados reversibles?","Fundamentación técnica documentada en Documentos Analíticos Canónicos P16 (P16_DEEP_DIVE, EVIDENCE_MAP, WORKFLOW_PLAYBOOK, EXPERIMENT_PROTOCOL, GAPS_AND_ACTIONS, SOURCE_INDEX) relativa a ¿qué tres pilotos con perfiles, vacantes y mensajes sintéticos permitirían medir utilidad ...",SRC-0118,Fuente SRC-0118,Cuaderno canónico P16 (`a4f0e05a-2aff-4ea4-a6c3-2126782e9d9e`),analisis_interno,Válido bajo contrato typesafe-sdk 0.7.0 y supuestos operacionales del Pilar P16.
AF-JEV-P16-004-01,JEV-P16-004,P16,¿Cómo distinguir coincidencia textual de evidencia suficiente de una competencia o experiencia pertinente para una vacante?,Fundamentación técnica documentada en Introducing System One Models and Jev relativa a ¿cómo distinguir coincidencia textual de evidencia suficiente de una competencia o experie...,SRC-0001,Fuente SRC-0001,https://typesafe.ai/blog/introducing-system-one-models-and-jev,documentado_proveedor,Válido bajo contrato typesafe-sdk 0.7.0 y supuestos operacionales del Pilar P16.
AF-JEV-P16-004-02,JEV-P16-004,P16,¿Cómo distinguir coincidencia textual de evidencia suficiente de una competencia o experiencia pertinente para una vacante?,"Fundamentación técnica documentada en Documentos Analíticos Canónicos P06 (P06_DEEP_DIVE, EVIDENCE_MAP, EVALUATION_PLAYBOOK) relativa a ¿cómo distinguir coincidencia textual de evidencia suficiente de una competencia o experie...",SRC-0046,Fuente SRC-0046,Cuaderno canónico P06 (`9b87f42f-e3f9-49ca-afb4-affe7c6259da`),analisis_interno,Válido bajo contrato typesafe-sdk 0.7.0 y supuestos operacionales del Pilar P16.
AF-JEV-P16-004-03,JEV-P16-004,P16,¿Cómo distinguir coincidencia textual de evidencia suficiente de una competencia o experiencia pertinente para una vacante?,Fundamentación técnica documentada en Corrective Retrieval Augmented Generation (CRAG - Yan et al.) relativa a ¿cómo distinguir coincidencia textual de evidencia suficiente de una competencia o experie...,SRC-0068,Fuente SRC-0068,https://arxiv.org/abs/2402.16840,referencia_tecnica,Válido bajo contrato typesafe-sdk 0.7.0 y supuestos operacionales del Pilar P16.
AF-JEV-P16-004-04,JEV-P16-004,P16,¿Cómo distinguir coincidencia textual de evidencia suficiente de una competencia o experiencia pertinente para una vacante?,"Fundamentación técnica documentada en Documentos Analíticos Canónicos P16 (P16_DEEP_DIVE, EVIDENCE_MAP, WORKFLOW_PLAYBOOK, EXPERIMENT_PROTOCOL, GAPS_AND_ACTIONS, SOURCE_INDEX) relativa a ¿cómo distinguir coincidencia textual de evidencia suficiente de una competencia o experie...",SRC-0118,Fuente SRC-0118,Cuaderno canónico P16 (`a4f0e05a-2aff-4ea4-a6c3-2126782e9d9e`),analisis_interno,Válido bajo contrato typesafe-sdk 0.7.0 y supuestos operacionales del Pilar P16.
AF-JEV-P16-005-01,JEV-P16-005,P16,"¿Qué criterios, controles y revisiones humanas impiden usar una puntuación como decisión automática sobre una persona?","Fundamentación técnica documentada en Introducing System One Models and Jev relativa a ¿qué criterios, controles y revisiones humanas impiden usar una puntuación como decisión a...",SRC-0001,Fuente SRC-0001,https://typesafe.ai/blog/introducing-system-one-models-and-jev,documentado_proveedor,Válido bajo contrato typesafe-sdk 0.7.0 y supuestos operacionales del Pilar P16.
AF-JEV-P16-005-02,JEV-P16-005,P16,"¿Qué criterios, controles y revisiones humanas impiden usar una puntuación como decisión automática sobre una persona?","Fundamentación técnica documentada en Documentos Analíticos Canónicos P06 (P06_DEEP_DIVE, EVIDENCE_MAP, EVALUATION_PLAYBOOK) relativa a ¿qué criterios, controles y revisiones humanas impiden usar una puntuación como decisión a...",SRC-0046,Fuente SRC-0046,Cuaderno canónico P06 (`9b87f42f-e3f9-49ca-afb4-affe7c6259da`),analisis_interno,Válido bajo contrato typesafe-sdk 0.7.0 y supuestos operacionales del Pilar P16.
AF-JEV-P16-005-03,JEV-P16-005,P16,"¿Qué criterios, controles y revisiones humanas impiden usar una puntuación como decisión automática sobre una persona?","Fundamentación técnica documentada en Mitchell et al. (2019): Model Cards for Model Reporting relativa a ¿qué criterios, controles y revisiones humanas impiden usar una puntuación como decisión a...",SRC-0047,Fuente SRC-0047,https://arxiv.org/abs/1810.03993,referencia_tecnica,Válido bajo contrato typesafe-sdk 0.7.0 y supuestos operacionales del Pilar P16.
AF-JEV-P16-005-04,JEV-P16-005,P16,"¿Qué criterios, controles y revisiones humanas impiden usar una puntuación como decisión automática sobre una persona?","Fundamentación técnica documentada en Documentos Analíticos Canónicos P16 (P16_DEEP_DIVE, EVIDENCE_MAP, WORKFLOW_PLAYBOOK, EXPERIMENT_PROTOCOL, GAPS_AND_ACTIONS, SOURCE_INDEX) relativa a ¿qué criterios, controles y revisiones humanas impiden usar una puntuación como decisión a...",SRC-0118,Fuente SRC-0118,Cuaderno canónico P16 (`a4f0e05a-2aff-4ea4-a6c3-2126782e9d9e`),analisis_interno,Válido bajo contrato typesafe-sdk 0.7.0 y supuestos operacionales del Pilar P16.
AF-JEV-P16-006-01,JEV-P16-006,P16,"¿Cómo normalizar requisitos de una vacante distinguiendo indispensables, deseables, ambiguos y potencialmente injustificados?","Fundamentación técnica documentada en Introducing System One Models and Jev relativa a ¿cómo normalizar requisitos de una vacante distinguiendo indispensables, deseables, ambigu...",SRC-0001,Fuente SRC-0001,https://typesafe.ai/blog/introducing-system-one-models-and-jev,documentado_proveedor,Válido bajo contrato typesafe-sdk 0.7.0 y supuestos operacionales del Pilar P16.
AF-JEV-P16-006-02,JEV-P16-006,P16,"¿Cómo normalizar requisitos de una vacante distinguiendo indispensables, deseables, ambiguos y potencialmente injustificados?","Fundamentación técnica documentada en Documentos Analíticos Canónicos P06 (P06_DEEP_DIVE, EVIDENCE_MAP, EVALUATION_PLAYBOOK) relativa a ¿cómo normalizar requisitos de una vacante distinguiendo indispensables, deseables, ambigu...",SRC-0046,Fuente SRC-0046,Cuaderno canónico P06 (`9b87f42f-e3f9-49ca-afb4-affe7c6259da`),analisis_interno,Válido bajo contrato typesafe-sdk 0.7.0 y supuestos operacionales del Pilar P16.
AF-JEV-P16-006-03,JEV-P16-006,P16,"¿Cómo normalizar requisitos de una vacante distinguiendo indispensables, deseables, ambiguos y potencialmente injustificados?","Fundamentación técnica documentada en Corrective Retrieval Augmented Generation (CRAG - Yan et al.) relativa a ¿cómo normalizar requisitos de una vacante distinguiendo indispensables, deseables, ambigu...",SRC-0068,Fuente SRC-0068,https://arxiv.org/abs/2402.16840,referencia_tecnica,Válido bajo contrato typesafe-sdk 0.7.0 y supuestos operacionales del Pilar P16.
AF-JEV-P16-006-04,JEV-P16-006,P16,"¿Cómo normalizar requisitos de una vacante distinguiendo indispensables, deseables, ambiguos y potencialmente injustificados?","Fundamentación técnica documentada en Documentos Analíticos Canónicos P16 (P16_DEEP_DIVE, EVIDENCE_MAP, WORKFLOW_PLAYBOOK, EXPERIMENT_PROTOCOL, GAPS_AND_ACTIONS, SOURCE_INDEX) relativa a ¿cómo normalizar requisitos de una vacante distinguiendo indispensables, deseables, ambigu...",SRC-0118,Fuente SRC-0118,Cuaderno canónico P16 (`a4f0e05a-2aff-4ea4-a6c3-2126782e9d9e`),analisis_interno,Válido bajo contrato typesafe-sdk 0.7.0 y supuestos operacionales del Pilar P16.
AF-JEV-P16-007-01,JEV-P16-007,P16,¿Cómo mapear competencias entre descripciones heterogéneas conservando el fragmento del perfil que respalda cada correspondencia?,Fundamentación técnica documentada en Introducing System One Models and Jev relativa a ¿cómo mapear competencias entre descripciones heterogéneas conservando el fragmento del pe...,SRC-0001,Fuente SRC-0001,https://typesafe.ai/blog/introducing-system-one-models-and-jev,documentado_proveedor,Válido bajo contrato typesafe-sdk 0.7.0 y supuestos operacionales del Pilar P16.
AF-JEV-P16-007-02,JEV-P16-007,P16,¿Cómo mapear competencias entre descripciones heterogéneas conservando el fragmento del perfil que respalda cada correspondencia?,"Fundamentación técnica documentada en Documentos Analíticos Canónicos P06 (P06_DEEP_DIVE, EVIDENCE_MAP, EVALUATION_PLAYBOOK) relativa a ¿cómo mapear competencias entre descripciones heterogéneas conservando el fragmento del pe...",SRC-0046,Fuente SRC-0046,Cuaderno canónico P06 (`9b87f42f-e3f9-49ca-afb4-affe7c6259da`),analisis_interno,Válido bajo contrato typesafe-sdk 0.7.0 y supuestos operacionales del Pilar P16.
AF-JEV-P16-007-03,JEV-P16-007,P16,¿Cómo mapear competencias entre descripciones heterogéneas conservando el fragmento del perfil que respalda cada correspondencia?,Fundamentación técnica documentada en Corrective Retrieval Augmented Generation (CRAG - Yan et al.) relativa a ¿cómo mapear competencias entre descripciones heterogéneas conservando el fragmento del pe...,SRC-0068,Fuente SRC-0068,https://arxiv.org/abs/2402.16840,referencia_tecnica,Válido bajo contrato typesafe-sdk 0.7.0 y supuestos operacionales del Pilar P16.
AF-JEV-P16-007-04,JEV-P16-007,P16,¿Cómo mapear competencias entre descripciones heterogéneas conservando el fragmento del perfil que respalda cada correspondencia?,"Fundamentación técnica documentada en Documentos Analíticos Canónicos P16 (P16_DEEP_DIVE, EVIDENCE_MAP, WORKFLOW_PLAYBOOK, EXPERIMENT_PROTOCOL, GAPS_AND_ACTIONS, SOURCE_INDEX) relativa a ¿cómo mapear competencias entre descripciones heterogéneas conservando el fragmento del pe...",SRC-0118,Fuente SRC-0118,Cuaderno canónico P16 (`a4f0e05a-2aff-4ea4-a6c3-2126782e9d9e`),analisis_interno,Válido bajo contrato typesafe-sdk 0.7.0 y supuestos operacionales del Pilar P16.
AF-JEV-P16-008-01,JEV-P16-008,P16,"¿Cómo tratar experiencia no convencional, períodos sin información y diferencias de formato sin inferir falta de capacidad?","Fundamentación técnica documentada en Introducing System One Models and Jev relativa a ¿cómo tratar experiencia no convencional, períodos sin información y diferencias de format...",SRC-0001,Fuente SRC-0001,https://typesafe.ai/blog/introducing-system-one-models-and-jev,documentado_proveedor,Válido bajo contrato typesafe-sdk 0.7.0 y supuestos operacionales del Pilar P16.
AF-JEV-P16-008-02,JEV-P16-008,P16,"¿Cómo tratar experiencia no convencional, períodos sin información y diferencias de formato sin inferir falta de capacidad?","Fundamentación técnica documentada en Documentos Analíticos Canónicos P06 (P06_DEEP_DIVE, EVIDENCE_MAP, EVALUATION_PLAYBOOK) relativa a ¿cómo tratar experiencia no convencional, períodos sin información y diferencias de format...",SRC-0046,Fuente SRC-0046,Cuaderno canónico P06 (`9b87f42f-e3f9-49ca-afb4-affe7c6259da`),analisis_interno,Válido bajo contrato typesafe-sdk 0.7.0 y supuestos operacionales del Pilar P16.
AF-JEV-P16-008-03,JEV-P16-008,P16,"¿Cómo tratar experiencia no convencional, períodos sin información y diferencias de formato sin inferir falta de capacidad?","Fundamentación técnica documentada en Corrective Retrieval Augmented Generation (CRAG - Yan et al.) relativa a ¿cómo tratar experiencia no convencional, períodos sin información y diferencias de format...",SRC-0068,Fuente SRC-0068,https://arxiv.org/abs/2402.16840,referencia_tecnica,Válido bajo contrato typesafe-sdk 0.7.0 y supuestos operacionales del Pilar P16.
AF-JEV-P16-008-04,JEV-P16-008,P16,"¿Cómo tratar experiencia no convencional, períodos sin información y diferencias de formato sin inferir falta de capacidad?","Fundamentación técnica documentada en Documentos Analíticos Canónicos P16 (P16_DEEP_DIVE, EVIDENCE_MAP, WORKFLOW_PLAYBOOK, EXPERIMENT_PROTOCOL, GAPS_AND_ACTIONS, SOURCE_INDEX) relativa a ¿cómo tratar experiencia no convencional, períodos sin información y diferencias de format...",SRC-0118,Fuente SRC-0118,Cuaderno canónico P16 (`a4f0e05a-2aff-4ea4-a6c3-2126782e9d9e`),analisis_interno,Válido bajo contrato typesafe-sdk 0.7.0 y supuestos operacionales del Pilar P16.
AF-JEV-P16-009-01,JEV-P16-009,P16,¿Qué atributos sensibles y variables proxy deben excluirse del criterio de evaluación y cómo comprobar sesgos residuales?,Fundamentación técnica documentada en Introducing System One Models and Jev relativa a ¿qué atributos sensibles y variables proxy deben excluirse del criterio de evaluación y có...,SRC-0001,Fuente SRC-0001,https://typesafe.ai/blog/introducing-system-one-models-and-jev,documentado_proveedor,Válido bajo contrato typesafe-sdk 0.7.0 y supuestos operacionales del Pilar P16.
AF-JEV-P16-009-02,JEV-P16-009,P16,¿Qué atributos sensibles y variables proxy deben excluirse del criterio de evaluación y cómo comprobar sesgos residuales?,"Fundamentación técnica documentada en Documentos Analíticos Canónicos P06 (P06_DEEP_DIVE, EVIDENCE_MAP, EVALUATION_PLAYBOOK) relativa a ¿qué atributos sensibles y variables proxy deben excluirse del criterio de evaluación y có...",SRC-0046,Fuente SRC-0046,Cuaderno canónico P06 (`9b87f42f-e3f9-49ca-afb4-affe7c6259da`),analisis_interno,Válido bajo contrato typesafe-sdk 0.7.0 y supuestos operacionales del Pilar P16.
AF-JEV-P16-009-03,JEV-P16-009,P16,¿Qué atributos sensibles y variables proxy deben excluirse del criterio de evaluación y cómo comprobar sesgos residuales?,Fundamentación técnica documentada en Mitchell et al. (2019): Model Cards for Model Reporting relativa a ¿qué atributos sensibles y variables proxy deben excluirse del criterio de evaluación y có...,SRC-0047,Fuente SRC-0047,https://arxiv.org/abs/1810.03993,referencia_tecnica,Válido bajo contrato typesafe-sdk 0.7.0 y supuestos operacionales del Pilar P16.
AF-JEV-P16-009-04,JEV-P16-009,P16,¿Qué atributos sensibles y variables proxy deben excluirse del criterio de evaluación y cómo comprobar sesgos residuales?,"Fundamentación técnica documentada en Documentos Analíticos Canónicos P16 (P16_DEEP_DIVE, EVIDENCE_MAP, WORKFLOW_PLAYBOOK, EXPERIMENT_PROTOCOL, GAPS_AND_ACTIONS, SOURCE_INDEX) relativa a ¿qué atributos sensibles y variables proxy deben excluirse del criterio de evaluación y có...",SRC-0118,Fuente SRC-0118,Cuaderno canónico P16 (`a4f0e05a-2aff-4ea4-a6c3-2126782e9d9e`),analisis_interno,Válido bajo contrato typesafe-sdk 0.7.0 y supuestos operacionales del Pilar P16.
AF-JEV-P16-010-01,JEV-P16-010,P16,¿Cómo diseñar pruebas contrafactuales con perfiles equivalentes que difieran solo en atributos no pertinentes para la tarea?,Fundamentación técnica documentada en Introducing System One Models and Jev relativa a ¿cómo diseñar pruebas contrafactuales con perfiles equivalentes que difieran solo en atrib...,SRC-0001,Fuente SRC-0001,https://typesafe.ai/blog/introducing-system-one-models-and-jev,documentado_proveedor,Válido bajo contrato typesafe-sdk 0.7.0 y supuestos operacionales del Pilar P16.
AF-JEV-P16-010-02,JEV-P16-010,P16,¿Cómo diseñar pruebas contrafactuales con perfiles equivalentes que difieran solo en atributos no pertinentes para la tarea?,"Fundamentación técnica documentada en Documentos Analíticos Canónicos P06 (P06_DEEP_DIVE, EVIDENCE_MAP, EVALUATION_PLAYBOOK) relativa a ¿cómo diseñar pruebas contrafactuales con perfiles equivalentes que difieran solo en atrib...",SRC-0046,Fuente SRC-0046,Cuaderno canónico P06 (`9b87f42f-e3f9-49ca-afb4-affe7c6259da`),analisis_interno,Válido bajo contrato typesafe-sdk 0.7.0 y supuestos operacionales del Pilar P16.
AF-JEV-P16-010-03,JEV-P16-010,P16,¿Cómo diseñar pruebas contrafactuales con perfiles equivalentes que difieran solo en atributos no pertinentes para la tarea?,Fundamentación técnica documentada en Mitchell et al. (2019): Model Cards for Model Reporting relativa a ¿cómo diseñar pruebas contrafactuales con perfiles equivalentes que difieran solo en atrib...,SRC-0047,Fuente SRC-0047,https://arxiv.org/abs/1810.03993,referencia_tecnica,Válido bajo contrato typesafe-sdk 0.7.0 y supuestos operacionales del Pilar P16.
AF-JEV-P16-010-04,JEV-P16-010,P16,¿Cómo diseñar pruebas contrafactuales con perfiles equivalentes que difieran solo en atributos no pertinentes para la tarea?,"Fundamentación técnica documentada en Documentos Analíticos Canónicos P16 (P16_DEEP_DIVE, EVIDENCE_MAP, WORKFLOW_PLAYBOOK, EXPERIMENT_PROTOCOL, GAPS_AND_ACTIONS, SOURCE_INDEX) relativa a ¿cómo diseñar pruebas contrafactuales con perfiles equivalentes que difieran solo en atrib...",SRC-0118,Fuente SRC-0118,Cuaderno canónico P16 (`a4f0e05a-2aff-4ea4-a6c3-2126782e9d9e`),analisis_interno,Válido bajo contrato typesafe-sdk 0.7.0 y supuestos operacionales del Pilar P16.
AF-JEV-P16-011-01,JEV-P16-011,P16,"¿Cómo separar calidad de redacción de evidencia de competencia para evitar penalizar estilo, idioma o contexto socioeducativo?",Fundamentación técnica documentada en Introducing System One Models and Jev relativa a ¿cómo separar calidad de redacción de evidencia de competencia para evitar penalizar estil...,SRC-0001,Fuente SRC-0001,https://typesafe.ai/blog/introducing-system-one-models-and-jev,documentado_proveedor,Válido bajo contrato typesafe-sdk 0.7.0 y supuestos operacionales del Pilar P16.
AF-JEV-P16-011-02,JEV-P16-011,P16,"¿Cómo separar calidad de redacción de evidencia de competencia para evitar penalizar estilo, idioma o contexto socioeducativo?","Fundamentación técnica documentada en Documentos Analíticos Canónicos P06 (P06_DEEP_DIVE, EVIDENCE_MAP, EVALUATION_PLAYBOOK) relativa a ¿cómo separar calidad de redacción de evidencia de competencia para evitar penalizar estil...",SRC-0046,Fuente SRC-0046,Cuaderno canónico P06 (`9b87f42f-e3f9-49ca-afb4-affe7c6259da`),analisis_interno,Válido bajo contrato typesafe-sdk 0.7.0 y supuestos operacionales del Pilar P16.
AF-JEV-P16-011-03,JEV-P16-011,P16,"¿Cómo separar calidad de redacción de evidencia de competencia para evitar penalizar estilo, idioma o contexto socioeducativo?",Fundamentación técnica documentada en Corrective Retrieval Augmented Generation (CRAG - Yan et al.) relativa a ¿cómo separar calidad de redacción de evidencia de competencia para evitar penalizar estil...,SRC-0068,Fuente SRC-0068,https://arxiv.org/abs/2402.16840,referencia_tecnica,Válido bajo contrato typesafe-sdk 0.7.0 y supuestos operacionales del Pilar P16.
AF-JEV-P16-011-04,JEV-P16-011,P16,"¿Cómo separar calidad de redacción de evidencia de competencia para evitar penalizar estilo, idioma o contexto socioeducativo?","Fundamentación técnica documentada en Documentos Analíticos Canónicos P16 (P16_DEEP_DIVE, EVIDENCE_MAP, WORKFLOW_PLAYBOOK, EXPERIMENT_PROTOCOL, GAPS_AND_ACTIONS, SOURCE_INDEX) relativa a ¿cómo separar calidad de redacción de evidencia de competencia para evitar penalizar estil...",SRC-0118,Fuente SRC-0118,Cuaderno canónico P16 (`a4f0e05a-2aff-4ea4-a6c3-2126782e9d9e`),analisis_interno,Válido bajo contrato typesafe-sdk 0.7.0 y supuestos operacionales del Pilar P16.
AF-JEV-P16-012-01,JEV-P16-012,P16,¿Cómo priorizar solicitudes comerciales sintéticas por ajuste con servicios sin utilizar información personal irrelevante ni crear compromisos automáticos?,Fundamentación técnica documentada en Introducing System One Models and Jev relativa a ¿cómo priorizar solicitudes comerciales sintéticas por ajuste con servicios sin utilizar i...,SRC-0001,Fuente SRC-0001,https://typesafe.ai/blog/introducing-system-one-models-and-jev,documentado_proveedor,Válido bajo contrato typesafe-sdk 0.7.0 y supuestos operacionales del Pilar P16.
AF-JEV-P16-012-02,JEV-P16-012,P16,¿Cómo priorizar solicitudes comerciales sintéticas por ajuste con servicios sin utilizar información personal irrelevante ni crear compromisos automáticos?,"Fundamentación técnica documentada en Documentos Analíticos Canónicos P06 (P06_DEEP_DIVE, EVIDENCE_MAP, EVALUATION_PLAYBOOK) relativa a ¿cómo priorizar solicitudes comerciales sintéticas por ajuste con servicios sin utilizar i...",SRC-0046,Fuente SRC-0046,Cuaderno canónico P06 (`9b87f42f-e3f9-49ca-afb4-affe7c6259da`),analisis_interno,Válido bajo contrato typesafe-sdk 0.7.0 y supuestos operacionales del Pilar P16.
AF-JEV-P16-012-03,JEV-P16-012,P16,¿Cómo priorizar solicitudes comerciales sintéticas por ajuste con servicios sin utilizar información personal irrelevante ni crear compromisos automáticos?,Fundamentación técnica documentada en Corrective Retrieval Augmented Generation (CRAG - Yan et al.) relativa a ¿cómo priorizar solicitudes comerciales sintéticas por ajuste con servicios sin utilizar i...,SRC-0068,Fuente SRC-0068,https://arxiv.org/abs/2402.16840,referencia_tecnica,Válido bajo contrato typesafe-sdk 0.7.0 y supuestos operacionales del Pilar P16.
AF-JEV-P16-012-04,JEV-P16-012,P16,¿Cómo priorizar solicitudes comerciales sintéticas por ajuste con servicios sin utilizar información personal irrelevante ni crear compromisos automáticos?,"Fundamentación técnica documentada en Documentos Analíticos Canónicos P16 (P16_DEEP_DIVE, EVIDENCE_MAP, WORKFLOW_PLAYBOOK, EXPERIMENT_PROTOCOL, GAPS_AND_ACTIONS, SOURCE_INDEX) relativa a ¿cómo priorizar solicitudes comerciales sintéticas por ajuste con servicios sin utilizar i...",SRC-0118,Fuente SRC-0118,Cuaderno canónico P16 (`a4f0e05a-2aff-4ea4-a6c3-2126782e9d9e`),analisis_interno,Válido bajo contrato typesafe-sdk 0.7.0 y supuestos operacionales del Pilar P16.
AF-JEV-P16-013-01,JEV-P16-013,P16,¿Cómo detectar información faltante y proponer preguntas de aclaración sin rellenar datos del cliente o candidato mediante inferencias?,Fundamentación técnica documentada en Introducing System One Models and Jev relativa a ¿cómo detectar información faltante y proponer preguntas de aclaración sin rellenar datos ...,SRC-0001,Fuente SRC-0001,https://typesafe.ai/blog/introducing-system-one-models-and-jev,documentado_proveedor,Válido bajo contrato typesafe-sdk 0.7.0 y supuestos operacionales del Pilar P16.
AF-JEV-P16-013-02,JEV-P16-013,P16,¿Cómo detectar información faltante y proponer preguntas de aclaración sin rellenar datos del cliente o candidato mediante inferencias?,"Fundamentación técnica documentada en Documentos Analíticos Canónicos P06 (P06_DEEP_DIVE, EVIDENCE_MAP, EVALUATION_PLAYBOOK) relativa a ¿cómo detectar información faltante y proponer preguntas de aclaración sin rellenar datos ...",SRC-0046,Fuente SRC-0046,Cuaderno canónico P06 (`9b87f42f-e3f9-49ca-afb4-affe7c6259da`),analisis_interno,Válido bajo contrato typesafe-sdk 0.7.0 y supuestos operacionales del Pilar P16.
AF-JEV-P16-013-03,JEV-P16-013,P16,¿Cómo detectar información faltante y proponer preguntas de aclaración sin rellenar datos del cliente o candidato mediante inferencias?,Fundamentación técnica documentada en Corrective Retrieval Augmented Generation (CRAG - Yan et al.) relativa a ¿cómo detectar información faltante y proponer preguntas de aclaración sin rellenar datos ...,SRC-0068,Fuente SRC-0068,https://arxiv.org/abs/2402.16840,referencia_tecnica,Válido bajo contrato typesafe-sdk 0.7.0 y supuestos operacionales del Pilar P16.
AF-JEV-P16-013-04,JEV-P16-013,P16,¿Cómo detectar información faltante y proponer preguntas de aclaración sin rellenar datos del cliente o candidato mediante inferencias?,"Fundamentación técnica documentada en Documentos Analíticos Canónicos P16 (P16_DEEP_DIVE, EVIDENCE_MAP, WORKFLOW_PLAYBOOK, EXPERIMENT_PROTOCOL, GAPS_AND_ACTIONS, SOURCE_INDEX) relativa a ¿cómo detectar información faltante y proponer preguntas de aclaración sin rellenar datos ...",SRC-0118,Fuente SRC-0118,Cuaderno canónico P16 (`a4f0e05a-2aff-4ea4-a6c3-2126782e9d9e`),analisis_interno,Válido bajo contrato typesafe-sdk 0.7.0 y supuestos operacionales del Pilar P16.
AF-JEV-P16-014-01,JEV-P16-014,P16,"¿Qué flujo permitiría clasificar feedback cualitativo distinguiendo hechos relatados, opiniones y criterios no sustentados?","Fundamentación técnica documentada en Introducing System One Models and Jev relativa a ¿qué flujo permitiría clasificar feedback cualitativo distinguiendo hechos relatados, opin...",SRC-0001,Fuente SRC-0001,https://typesafe.ai/blog/introducing-system-one-models-and-jev,documentado_proveedor,Válido bajo contrato typesafe-sdk 0.7.0 y supuestos operacionales del Pilar P16.
AF-JEV-P16-014-02,JEV-P16-014,P16,"¿Qué flujo permitiría clasificar feedback cualitativo distinguiendo hechos relatados, opiniones y criterios no sustentados?","Fundamentación técnica documentada en Documentos Analíticos Canónicos P06 (P06_DEEP_DIVE, EVIDENCE_MAP, EVALUATION_PLAYBOOK) relativa a ¿qué flujo permitiría clasificar feedback cualitativo distinguiendo hechos relatados, opin...",SRC-0046,Fuente SRC-0046,Cuaderno canónico P06 (`9b87f42f-e3f9-49ca-afb4-affe7c6259da`),analisis_interno,Válido bajo contrato typesafe-sdk 0.7.0 y supuestos operacionales del Pilar P16.
AF-JEV-P16-014-03,JEV-P16-014,P16,"¿Qué flujo permitiría clasificar feedback cualitativo distinguiendo hechos relatados, opiniones y criterios no sustentados?","Fundamentación técnica documentada en Corrective Retrieval Augmented Generation (CRAG - Yan et al.) relativa a ¿qué flujo permitiría clasificar feedback cualitativo distinguiendo hechos relatados, opin...",SRC-0068,Fuente SRC-0068,https://arxiv.org/abs/2402.16840,referencia_tecnica,Válido bajo contrato typesafe-sdk 0.7.0 y supuestos operacionales del Pilar P16.
AF-JEV-P16-014-04,JEV-P16-014,P16,"¿Qué flujo permitiría clasificar feedback cualitativo distinguiendo hechos relatados, opiniones y criterios no sustentados?","Fundamentación técnica documentada en Documentos Analíticos Canónicos P16 (P16_DEEP_DIVE, EVIDENCE_MAP, WORKFLOW_PLAYBOOK, EXPERIMENT_PROTOCOL, GAPS_AND_ACTIONS, SOURCE_INDEX) relativa a ¿qué flujo permitiría clasificar feedback cualitativo distinguiendo hechos relatados, opin...",SRC-0118,Fuente SRC-0118,Cuaderno canónico P16 (`a4f0e05a-2aff-4ea4-a6c3-2126782e9d9e`),analisis_interno,Válido bajo contrato typesafe-sdk 0.7.0 y supuestos operacionales del Pilar P16.
AF-JEV-P16-015-01,JEV-P16-015,P16,¿Cómo evaluar consistencia de criterios entre personas revisoras antes de atribuir sus desacuerdos al modelo?,Fundamentación técnica documentada en Introducing System One Models and Jev relativa a ¿cómo evaluar consistencia de criterios entre personas revisoras antes de atribuir sus des...,SRC-0001,Fuente SRC-0001,https://typesafe.ai/blog/introducing-system-one-models-and-jev,documentado_proveedor,Válido bajo contrato typesafe-sdk 0.7.0 y supuestos operacionales del Pilar P16.
AF-JEV-P16-015-02,JEV-P16-015,P16,¿Cómo evaluar consistencia de criterios entre personas revisoras antes de atribuir sus desacuerdos al modelo?,"Fundamentación técnica documentada en Documentos Analíticos Canónicos P06 (P06_DEEP_DIVE, EVIDENCE_MAP, EVALUATION_PLAYBOOK) relativa a ¿cómo evaluar consistencia de criterios entre personas revisoras antes de atribuir sus des...",SRC-0046,Fuente SRC-0046,Cuaderno canónico P06 (`9b87f42f-e3f9-49ca-afb4-affe7c6259da`),analisis_interno,Válido bajo contrato typesafe-sdk 0.7.0 y supuestos operacionales del Pilar P16.
AF-JEV-P16-015-03,JEV-P16-015,P16,¿Cómo evaluar consistencia de criterios entre personas revisoras antes de atribuir sus desacuerdos al modelo?,Fundamentación técnica documentada en Corrective Retrieval Augmented Generation (CRAG - Yan et al.) relativa a ¿cómo evaluar consistencia de criterios entre personas revisoras antes de atribuir sus des...,SRC-0068,Fuente SRC-0068,https://arxiv.org/abs/2402.16840,referencia_tecnica,Válido bajo contrato typesafe-sdk 0.7.0 y supuestos operacionales del Pilar P16.
AF-JEV-P16-015-04,JEV-P16-015,P16,¿Cómo evaluar consistencia de criterios entre personas revisoras antes de atribuir sus desacuerdos al modelo?,"Fundamentación técnica documentada en Documentos Analíticos Canónicos P16 (P16_DEEP_DIVE, EVIDENCE_MAP, WORKFLOW_PLAYBOOK, EXPERIMENT_PROTOCOL, GAPS_AND_ACTIONS, SOURCE_INDEX) relativa a ¿cómo evaluar consistencia de criterios entre personas revisoras antes de atribuir sus des...",SRC-0118,Fuente SRC-0118,Cuaderno canónico P16 (`a4f0e05a-2aff-4ea4-a6c3-2126782e9d9e`),analisis_interno,Válido bajo contrato typesafe-sdk 0.7.0 y supuestos operacionales del Pilar P16.
AF-JEV-P16-016-01,JEV-P16-016,P16,¿Cómo mostrar evidencia y limitaciones de una recomendación permitiendo corrección y revisión del proceso?,Fundamentación técnica documentada en Introducing System One Models and Jev relativa a ¿cómo mostrar evidencia y limitaciones de una recomendación permitiendo corrección y revis...,SRC-0001,Fuente SRC-0001,https://typesafe.ai/blog/introducing-system-one-models-and-jev,documentado_proveedor,Válido bajo contrato typesafe-sdk 0.7.0 y supuestos operacionales del Pilar P16.
AF-JEV-P16-016-02,JEV-P16-016,P16,¿Cómo mostrar evidencia y limitaciones de una recomendación permitiendo corrección y revisión del proceso?,"Fundamentación técnica documentada en Documentos Analíticos Canónicos P06 (P06_DEEP_DIVE, EVIDENCE_MAP, EVALUATION_PLAYBOOK) relativa a ¿cómo mostrar evidencia y limitaciones de una recomendación permitiendo corrección y revis...",SRC-0046,Fuente SRC-0046,Cuaderno canónico P06 (`9b87f42f-e3f9-49ca-afb4-affe7c6259da`),analisis_interno,Válido bajo contrato typesafe-sdk 0.7.0 y supuestos operacionales del Pilar P16.
AF-JEV-P16-016-03,JEV-P16-016,P16,¿Cómo mostrar evidencia y limitaciones de una recomendación permitiendo corrección y revisión del proceso?,Fundamentación técnica documentada en Corrective Retrieval Augmented Generation (CRAG - Yan et al.) relativa a ¿cómo mostrar evidencia y limitaciones de una recomendación permitiendo corrección y revis...,SRC-0068,Fuente SRC-0068,https://arxiv.org/abs/2402.16840,referencia_tecnica,Válido bajo contrato typesafe-sdk 0.7.0 y supuestos operacionales del Pilar P16.
AF-JEV-P16-016-04,JEV-P16-016,P16,¿Cómo mostrar evidencia y limitaciones de una recomendación permitiendo corrección y revisión del proceso?,"Fundamentación técnica documentada en Documentos Analíticos Canónicos P16 (P16_DEEP_DIVE, EVIDENCE_MAP, WORKFLOW_PLAYBOOK, EXPERIMENT_PROTOCOL, GAPS_AND_ACTIONS, SOURCE_INDEX) relativa a ¿cómo mostrar evidencia y limitaciones de una recomendación permitiendo corrección y revis...",SRC-0118,Fuente SRC-0118,Cuaderno canónico P16 (`a4f0e05a-2aff-4ea4-a6c3-2126782e9d9e`),analisis_interno,Válido bajo contrato typesafe-sdk 0.7.0 y supuestos operacionales del Pilar P16.
AF-JEV-P16-017-01,JEV-P16-017,P16,"¿Qué requisitos de privacidad, retención, consentimiento y normativa aplicable necesitan comprobación especializada antes de utilizar datos reales?","Fundamentación técnica documentada en Introducing System One Models and Jev relativa a ¿qué requisitos de privacidad, retención, consentimiento y normativa aplicable necesitan c...",SRC-0001,Fuente SRC-0001,https://typesafe.ai/blog/introducing-system-one-models-and-jev,documentado_proveedor,Válido bajo contrato typesafe-sdk 0.7.0 y supuestos operacionales del Pilar P16.
AF-JEV-P16-017-02,JEV-P16-017,P16,"¿Qué requisitos de privacidad, retención, consentimiento y normativa aplicable necesitan comprobación especializada antes de utilizar datos reales?","Fundamentación técnica documentada en Documentos Analíticos Canónicos P06 (P06_DEEP_DIVE, EVIDENCE_MAP, EVALUATION_PLAYBOOK) relativa a ¿qué requisitos de privacidad, retención, consentimiento y normativa aplicable necesitan c...",SRC-0046,Fuente SRC-0046,Cuaderno canónico P06 (`9b87f42f-e3f9-49ca-afb4-affe7c6259da`),analisis_interno,Válido bajo contrato typesafe-sdk 0.7.0 y supuestos operacionales del Pilar P16.
AF-JEV-P16-017-03,JEV-P16-017,P16,"¿Qué requisitos de privacidad, retención, consentimiento y normativa aplicable necesitan comprobación especializada antes de utilizar datos reales?","Fundamentación técnica documentada en Mitchell et al. (2019): Model Cards for Model Reporting relativa a ¿qué requisitos de privacidad, retención, consentimiento y normativa aplicable necesitan c...",SRC-0047,Fuente SRC-0047,https://arxiv.org/abs/1810.03993,referencia_tecnica,Válido bajo contrato typesafe-sdk 0.7.0 y supuestos operacionales del Pilar P16.
AF-JEV-P16-017-04,JEV-P16-017,P16,"¿Qué requisitos de privacidad, retención, consentimiento y normativa aplicable necesitan comprobación especializada antes de utilizar datos reales?","Fundamentación técnica documentada en Documentos Analíticos Canónicos P16 (P16_DEEP_DIVE, EVIDENCE_MAP, WORKFLOW_PLAYBOOK, EXPERIMENT_PROTOCOL, GAPS_AND_ACTIONS, SOURCE_INDEX) relativa a ¿qué requisitos de privacidad, retención, consentimiento y normativa aplicable necesitan c...",SRC-0118,Fuente SRC-0118,Cuaderno canónico P16 (`a4f0e05a-2aff-4ea4-a6c3-2126782e9d9e`),analisis_interno,Válido bajo contrato typesafe-sdk 0.7.0 y supuestos operacionales del Pilar P16.
AF-JEV-P16-018-01,JEV-P16-018,P16,¿Cómo diseñar adaptación a CRM o ATS sin presuponer una plataforma existente ni autorizar escrituras por una simple recomendación?,Fundamentación técnica documentada en Introducing System One Models and Jev relativa a ¿cómo diseñar adaptación a crm o ats sin presuponer una plataforma existente ni autorizar ...,SRC-0001,Fuente SRC-0001,https://typesafe.ai/blog/introducing-system-one-models-and-jev,documentado_proveedor,Válido bajo contrato typesafe-sdk 0.7.0 y supuestos operacionales del Pilar P16.
AF-JEV-P16-018-02,JEV-P16-018,P16,¿Cómo diseñar adaptación a CRM o ATS sin presuponer una plataforma existente ni autorizar escrituras por una simple recomendación?,"Fundamentación técnica documentada en Documentos Analíticos Canónicos P06 (P06_DEEP_DIVE, EVIDENCE_MAP, EVALUATION_PLAYBOOK) relativa a ¿cómo diseñar adaptación a crm o ats sin presuponer una plataforma existente ni autorizar ...",SRC-0046,Fuente SRC-0046,Cuaderno canónico P06 (`9b87f42f-e3f9-49ca-afb4-affe7c6259da`),analisis_interno,Válido bajo contrato typesafe-sdk 0.7.0 y supuestos operacionales del Pilar P16.
AF-JEV-P16-018-03,JEV-P16-018,P16,¿Cómo diseñar adaptación a CRM o ATS sin presuponer una plataforma existente ni autorizar escrituras por una simple recomendación?,Fundamentación técnica documentada en Corrective Retrieval Augmented Generation (CRAG - Yan et al.) relativa a ¿cómo diseñar adaptación a crm o ats sin presuponer una plataforma existente ni autorizar ...,SRC-0068,Fuente SRC-0068,https://arxiv.org/abs/2402.16840,referencia_tecnica,Válido bajo contrato typesafe-sdk 0.7.0 y supuestos operacionales del Pilar P16.
AF-JEV-P16-018-04,JEV-P16-018,P16,¿Cómo diseñar adaptación a CRM o ATS sin presuponer una plataforma existente ni autorizar escrituras por una simple recomendación?,"Fundamentación técnica documentada en Documentos Analíticos Canónicos P16 (P16_DEEP_DIVE, EVIDENCE_MAP, WORKFLOW_PLAYBOOK, EXPERIMENT_PROTOCOL, GAPS_AND_ACTIONS, SOURCE_INDEX) relativa a ¿cómo diseñar adaptación a crm o ats sin presuponer una plataforma existente ni autorizar ...",SRC-0118,Fuente SRC-0118,Cuaderno canónico P16 (`a4f0e05a-2aff-4ea4-a6c3-2126782e9d9e`),analisis_interno,Válido bajo contrato typesafe-sdk 0.7.0 y supuestos operacionales del Pilar P16.
AF-JEV-P16-019-01,JEV-P16-019,P16,"¿Qué métricas de tiempo, calidad, equidad y retrabajo permitirían evaluar el piloto sin premiar únicamente velocidad o volumen?","Fundamentación técnica documentada en Introducing System One Models and Jev relativa a ¿qué métricas de tiempo, calidad, equidad y retrabajo permitirían evaluar el piloto sin pr...",SRC-0001,Fuente SRC-0001,https://typesafe.ai/blog/introducing-system-one-models-and-jev,documentado_proveedor,Válido bajo contrato typesafe-sdk 0.7.0 y supuestos operacionales del Pilar P16.
AF-JEV-P16-019-02,JEV-P16-019,P16,"¿Qué métricas de tiempo, calidad, equidad y retrabajo permitirían evaluar el piloto sin premiar únicamente velocidad o volumen?","Fundamentación técnica documentada en Documentos Analíticos Canónicos P06 (P06_DEEP_DIVE, EVIDENCE_MAP, EVALUATION_PLAYBOOK) relativa a ¿qué métricas de tiempo, calidad, equidad y retrabajo permitirían evaluar el piloto sin pr...",SRC-0046,Fuente SRC-0046,Cuaderno canónico P06 (`9b87f42f-e3f9-49ca-afb4-affe7c6259da`),analisis_interno,Válido bajo contrato typesafe-sdk 0.7.0 y supuestos operacionales del Pilar P16.
AF-JEV-P16-019-03,JEV-P16-019,P16,"¿Qué métricas de tiempo, calidad, equidad y retrabajo permitirían evaluar el piloto sin premiar únicamente velocidad o volumen?","Fundamentación técnica documentada en Corrective Retrieval Augmented Generation (CRAG - Yan et al.) relativa a ¿qué métricas de tiempo, calidad, equidad y retrabajo permitirían evaluar el piloto sin pr...",SRC-0068,Fuente SRC-0068,https://arxiv.org/abs/2402.16840,referencia_tecnica,Válido bajo contrato typesafe-sdk 0.7.0 y supuestos operacionales del Pilar P16.
AF-JEV-P16-019-04,JEV-P16-019,P16,"¿Qué métricas de tiempo, calidad, equidad y retrabajo permitirían evaluar el piloto sin premiar únicamente velocidad o volumen?","Fundamentación técnica documentada en Documentos Analíticos Canónicos P16 (P16_DEEP_DIVE, EVIDENCE_MAP, WORKFLOW_PLAYBOOK, EXPERIMENT_PROTOCOL, GAPS_AND_ACTIONS, SOURCE_INDEX) relativa a ¿qué métricas de tiempo, calidad, equidad y retrabajo permitirían evaluar el piloto sin pr...",SRC-0118,Fuente SRC-0118,Cuaderno canónico P16 (`a4f0e05a-2aff-4ea4-a6c3-2126782e9d9e`),analisis_interno,Válido bajo contrato typesafe-sdk 0.7.0 y supuestos operacionales del Pilar P16.
AF-JEV-P16-020-01,JEV-P16-020,P16,¿Qué condiciones obligarían a abandonar o limitar un caso de Wheelwork aunque aparentemente redujera costos administrativos?,Fundamentación técnica documentada en Introducing System One Models and Jev relativa a ¿qué condiciones obligarían a abandonar o limitar un caso de wheelwork aunque aparentement...,SRC-0001,Fuente SRC-0001,https://typesafe.ai/blog/introducing-system-one-models-and-jev,documentado_proveedor,Válido bajo contrato typesafe-sdk 0.7.0 y supuestos operacionales del Pilar P16.
AF-JEV-P16-020-02,JEV-P16-020,P16,¿Qué condiciones obligarían a abandonar o limitar un caso de Wheelwork aunque aparentemente redujera costos administrativos?,"Fundamentación técnica documentada en Documentos Analíticos Canónicos P06 (P06_DEEP_DIVE, EVIDENCE_MAP, EVALUATION_PLAYBOOK) relativa a ¿qué condiciones obligarían a abandonar o limitar un caso de wheelwork aunque aparentement...",SRC-0046,Fuente SRC-0046,Cuaderno canónico P06 (`9b87f42f-e3f9-49ca-afb4-affe7c6259da`),analisis_interno,Válido bajo contrato typesafe-sdk 0.7.0 y supuestos operacionales del Pilar P16.
AF-JEV-P16-020-03,JEV-P16-020,P16,¿Qué condiciones obligarían a abandonar o limitar un caso de Wheelwork aunque aparentemente redujera costos administrativos?,Fundamentación técnica documentada en Corrective Retrieval Augmented Generation (CRAG - Yan et al.) relativa a ¿qué condiciones obligarían a abandonar o limitar un caso de wheelwork aunque aparentement...,SRC-0068,Fuente SRC-0068,https://arxiv.org/abs/2402.16840,referencia_tecnica,Válido bajo contrato typesafe-sdk 0.7.0 y supuestos operacionales del Pilar P16.
AF-JEV-P16-020-04,JEV-P16-020,P16,¿Qué condiciones obligarían a abandonar o limitar un caso de Wheelwork aunque aparentemente redujera costos administrativos?,"Fundamentación técnica documentada en Documentos Analíticos Canónicos P16 (P16_DEEP_DIVE, EVIDENCE_MAP, WORKFLOW_PLAYBOOK, EXPERIMENT_PROTOCOL, GAPS_AND_ACTIONS, SOURCE_INDEX) relativa a ¿qué condiciones obligarían a abandonar o limitar un caso de wheelwork aunque aparentement...",SRC-0118,Fuente SRC-0118,Cuaderno canónico P16 (`a4f0e05a-2aff-4ea4-a6c3-2126782e9d9e`),analisis_interno,Válido bajo contrato typesafe-sdk 0.7.0 y supuestos operacionales del Pilar P16.
AF-JEV-P18-001-01,JEV-P18-001,P18,¿Qué capacidades verificadas abren oportunidades distintas de usar un LLM genérico y cuáles son solo formas nuevas de describir tareas existentes?,Fundamentación técnica documentada en Introducing System One Models and Jev relativa a ¿qué capacidades verificadas abren oportunidades distintas de usar un llm genérico y cuále...,SRC-0001,Fuente SRC-0001,https://typesafe.ai/blog/introducing-system-one-models-and-jev,documentado_proveedor,Válido bajo contrato typesafe-sdk 0.7.0 y supuestos operacionales del Pilar P18.
AF-JEV-P18-001-02,JEV-P18-001,P18,¿Qué capacidades verificadas abren oportunidades distintas de usar un LLM genérico y cuáles son solo formas nuevas de describir tareas existentes?,Fundamentación técnica documentada en DataCamp: Jev — TypeSafe's System One Model Explained relativa a ¿qué capacidades verificadas abren oportunidades distintas de usar un llm genérico y cuále...,SRC-0010,Fuente SRC-0010,https://www.datacamp.com/blog/system-one-models-jev,referencia_tecnica,Válido bajo contrato typesafe-sdk 0.7.0 y supuestos operacionales del Pilar P18.
AF-JEV-P18-001-03,JEV-P18-001,P18,¿Qué capacidades verificadas abren oportunidades distintas de usar un LLM genérico y cuáles son solo formas nuevas de describir tareas existentes?,Fundamentación técnica documentada en TypeSafe AI System One API Reference & State Specs (`POST /v1/systemone`) relativa a ¿qué capacidades verificadas abren oportunidades distintas de usar un llm genérico y cuále...,SRC-0039,Fuente SRC-0039,https://docs.typesafe.ai/api,documentado_proveedor,Válido bajo contrato typesafe-sdk 0.7.0 y supuestos operacionales del Pilar P18.
AF-JEV-P18-001-04,JEV-P18-001,P18,¿Qué capacidades verificadas abren oportunidades distintas de usar un LLM genérico y cuáles son solo formas nuevas de describir tareas existentes?,"Fundamentación técnica documentada en CloudZero: Groq Pricing In 2026 — Model, Tier, and Cost Compared relativa a ¿qué capacidades verificadas abren oportunidades distintas de usar un llm genérico y cuále...",SRC-0095,Fuente SRC-0095,https://www.cloudzero.com/blog/groq-pricing/,referencia_tecnica,Válido bajo contrato typesafe-sdk 0.7.0 y supuestos operacionales del Pilar P18.
AF-JEV-P18-002-01,JEV-P18-002,P18,"¿Qué problemas frecuentes, medibles y acotados podrían beneficiarse de decisiones semánticas rápidas sin exigir generación de contenido?","Fundamentación técnica documentada en Introducing System One Models and Jev relativa a ¿qué problemas frecuentes, medibles y acotados podrían beneficiarse de decisiones semántic...",SRC-0001,Fuente SRC-0001,https://typesafe.ai/blog/introducing-system-one-models-and-jev,documentado_proveedor,Válido bajo contrato typesafe-sdk 0.7.0 y supuestos operacionales del Pilar P18.
AF-JEV-P18-002-02,JEV-P18-002,P18,"¿Qué problemas frecuentes, medibles y acotados podrían beneficiarse de decisiones semánticas rápidas sin exigir generación de contenido?","Fundamentación técnica documentada en DataCamp: Jev — TypeSafe's System One Model Explained relativa a ¿qué problemas frecuentes, medibles y acotados podrían beneficiarse de decisiones semántic...",SRC-0010,Fuente SRC-0010,https://www.datacamp.com/blog/system-one-models-jev,referencia_tecnica,Válido bajo contrato typesafe-sdk 0.7.0 y supuestos operacionales del Pilar P18.
AF-JEV-P18-002-03,JEV-P18-002,P18,"¿Qué problemas frecuentes, medibles y acotados podrían beneficiarse de decisiones semánticas rápidas sin exigir generación de contenido?","Fundamentación técnica documentada en Documentos Analíticos Canónicos P06 (P06_DEEP_DIVE, EVIDENCE_MAP, EVALUATION_PLAYBOOK) relativa a ¿qué problemas frecuentes, medibles y acotados podrían beneficiarse de decisiones semántic...",SRC-0046,Fuente SRC-0046,Cuaderno canónico P06 (`9b87f42f-e3f9-49ca-afb4-affe7c6259da`),analisis_interno,Válido bajo contrato typesafe-sdk 0.7.0 y supuestos operacionales del Pilar P18.
AF-JEV-P18-002-04,JEV-P18-002,P18,"¿Qué problemas frecuentes, medibles y acotados podrían beneficiarse de decisiones semánticas rápidas sin exigir generación de contenido?","Fundamentación técnica documentada en CloudZero: Groq Pricing In 2026 — Model, Tier, and Cost Compared relativa a ¿qué problemas frecuentes, medibles y acotados podrían beneficiarse de decisiones semántic...",SRC-0095,Fuente SRC-0095,https://www.cloudzero.com/blog/groq-pricing/,referencia_tecnica,Válido bajo contrato typesafe-sdk 0.7.0 y supuestos operacionales del Pilar P18.
AF-JEV-P18-003-01,JEV-P18-003,P18,"¿Cómo identificar el usuario, la decisión problemática y la alternativa actual antes de diseñar un producto alrededor de Jev?","Fundamentación técnica documentada en Introducing System One Models and Jev relativa a ¿cómo identificar el usuario, la decisión problemática y la alternativa actual antes de di...",SRC-0001,Fuente SRC-0001,https://typesafe.ai/blog/introducing-system-one-models-and-jev,documentado_proveedor,Válido bajo contrato typesafe-sdk 0.7.0 y supuestos operacionales del Pilar P18.
AF-JEV-P18-003-02,JEV-P18-003,P18,"¿Cómo identificar el usuario, la decisión problemática y la alternativa actual antes de diseñar un producto alrededor de Jev?","Fundamentación técnica documentada en TypeSafe AI Concepts: Use Case Map relativa a ¿cómo identificar el usuario, la decisión problemática y la alternativa actual antes de di...",SRC-0005,Fuente SRC-0005,https://docs.typesafe.ai/concepts/use-case-map,documentado_proveedor,Válido bajo contrato typesafe-sdk 0.7.0 y supuestos operacionales del Pilar P18.
AF-JEV-P18-003-03,JEV-P18-003,P18,"¿Cómo identificar el usuario, la decisión problemática y la alternativa actual antes de diseñar un producto alrededor de Jev?","Fundamentación técnica documentada en DataCamp: Jev — TypeSafe's System One Model Explained relativa a ¿cómo identificar el usuario, la decisión problemática y la alternativa actual antes de di...",SRC-0010,Fuente SRC-0010,https://www.datacamp.com/blog/system-one-models-jev,referencia_tecnica,Válido bajo contrato typesafe-sdk 0.7.0 y supuestos operacionales del Pilar P18.
AF-JEV-P18-003-04,JEV-P18-003,P18,"¿Cómo identificar el usuario, la decisión problemática y la alternativa actual antes de diseñar un producto alrededor de Jev?","Fundamentación técnica documentada en CloudZero: Groq Pricing In 2026 — Model, Tier, and Cost Compared relativa a ¿cómo identificar el usuario, la decisión problemática y la alternativa actual antes de di...",SRC-0095,Fuente SRC-0095,https://www.cloudzero.com/blog/groq-pricing/,referencia_tecnica,Válido bajo contrato typesafe-sdk 0.7.0 y supuestos operacionales del Pilar P18.
AF-JEV-P18-004-01,JEV-P18-004,P18,"¿Qué criterio prioriza oportunidades por valor, factibilidad, calidad de evidencia, riesgo y costo de validación?","Fundamentación técnica documentada en Introducing System One Models and Jev relativa a ¿qué criterio prioriza oportunidades por valor, factibilidad, calidad de evidencia, riesgo...",SRC-0001,Fuente SRC-0001,https://typesafe.ai/blog/introducing-system-one-models-and-jev,documentado_proveedor,Válido bajo contrato typesafe-sdk 0.7.0 y supuestos operacionales del Pilar P18.
AF-JEV-P18-004-02,JEV-P18-004,P18,"¿Qué criterio prioriza oportunidades por valor, factibilidad, calidad de evidencia, riesgo y costo de validación?","Fundamentación técnica documentada en DataCamp: Jev — TypeSafe's System One Model Explained relativa a ¿qué criterio prioriza oportunidades por valor, factibilidad, calidad de evidencia, riesgo...",SRC-0010,Fuente SRC-0010,https://www.datacamp.com/blog/system-one-models-jev,referencia_tecnica,Válido bajo contrato typesafe-sdk 0.7.0 y supuestos operacionales del Pilar P18.
AF-JEV-P18-004-03,JEV-P18-004,P18,"¿Qué criterio prioriza oportunidades por valor, factibilidad, calidad de evidencia, riesgo y costo de validación?","Fundamentación técnica documentada en Documentos Analíticos Canónicos P06 (P06_DEEP_DIVE, EVIDENCE_MAP, EVALUATION_PLAYBOOK) relativa a ¿qué criterio prioriza oportunidades por valor, factibilidad, calidad de evidencia, riesgo...",SRC-0046,Fuente SRC-0046,Cuaderno canónico P06 (`9b87f42f-e3f9-49ca-afb4-affe7c6259da`),analisis_interno,Válido bajo contrato typesafe-sdk 0.7.0 y supuestos operacionales del Pilar P18.
AF-JEV-P18-004-04,JEV-P18-004,P18,"¿Qué criterio prioriza oportunidades por valor, factibilidad, calidad de evidencia, riesgo y costo de validación?","Fundamentación técnica documentada en CloudZero: Groq Pricing In 2026 — Model, Tier, and Cost Compared relativa a ¿qué criterio prioriza oportunidades por valor, factibilidad, calidad de evidencia, riesgo...",SRC-0095,Fuente SRC-0095,https://www.cloudzero.com/blog/groq-pricing/,referencia_tecnica,Válido bajo contrato typesafe-sdk 0.7.0 y supuestos operacionales del Pilar P18.
AF-JEV-P18-005-01,JEV-P18-005,P18,¿Qué experimento mínimo de demanda y utilidad podría refutar una oportunidad antes de construir su integración completa?,Fundamentación técnica documentada en Introducing System One Models and Jev relativa a ¿qué experimento mínimo de demanda y utilidad podría refutar una oportunidad antes de cons...,SRC-0001,Fuente SRC-0001,https://typesafe.ai/blog/introducing-system-one-models-and-jev,documentado_proveedor,Válido bajo contrato typesafe-sdk 0.7.0 y supuestos operacionales del Pilar P18.
AF-JEV-P18-005-02,JEV-P18-005,P18,¿Qué experimento mínimo de demanda y utilidad podría refutar una oportunidad antes de construir su integración completa?,Fundamentación técnica documentada en DataCamp: Jev — TypeSafe's System One Model Explained relativa a ¿qué experimento mínimo de demanda y utilidad podría refutar una oportunidad antes de cons...,SRC-0010,Fuente SRC-0010,https://www.datacamp.com/blog/system-one-models-jev,referencia_tecnica,Válido bajo contrato typesafe-sdk 0.7.0 y supuestos operacionales del Pilar P18.
AF-JEV-P18-005-03,JEV-P18-005,P18,¿Qué experimento mínimo de demanda y utilidad podría refutar una oportunidad antes de construir su integración completa?,Fundamentación técnica documentada en TypeSafe AI System One API Reference & State Specs (`POST /v1/systemone`) relativa a ¿qué experimento mínimo de demanda y utilidad podría refutar una oportunidad antes de cons...,SRC-0039,Fuente SRC-0039,https://docs.typesafe.ai/api,documentado_proveedor,Válido bajo contrato typesafe-sdk 0.7.0 y supuestos operacionales del Pilar P18.
AF-JEV-P18-005-04,JEV-P18-005,P18,¿Qué experimento mínimo de demanda y utilidad podría refutar una oportunidad antes de construir su integración completa?,"Fundamentación técnica documentada en CloudZero: Groq Pricing In 2026 — Model, Tier, and Cost Compared relativa a ¿qué experimento mínimo de demanda y utilidad podría refutar una oportunidad antes de cons...",SRC-0095,Fuente SRC-0095,https://www.cloudzero.com/blog/groq-pricing/,referencia_tecnica,Válido bajo contrato typesafe-sdk 0.7.0 y supuestos operacionales del Pilar P18.
AF-JEV-P18-006-01,JEV-P18-006,P18,¿Qué servicio de control de evidencia o calidad documental podría diseñarse sin prometer veracidad absoluta ni seguridad universal?,Fundamentación técnica documentada en Introducing System One Models and Jev relativa a ¿qué servicio de control de evidencia o calidad documental podría diseñarse sin prometer v...,SRC-0001,Fuente SRC-0001,https://typesafe.ai/blog/introducing-system-one-models-and-jev,documentado_proveedor,Válido bajo contrato typesafe-sdk 0.7.0 y supuestos operacionales del Pilar P18.
AF-JEV-P18-006-02,JEV-P18-006,P18,¿Qué servicio de control de evidencia o calidad documental podría diseñarse sin prometer veracidad absoluta ni seguridad universal?,Fundamentación técnica documentada en TypeSafe AI Concepts: Use Case Map relativa a ¿qué servicio de control de evidencia o calidad documental podría diseñarse sin prometer v...,SRC-0005,Fuente SRC-0005,https://docs.typesafe.ai/concepts/use-case-map,documentado_proveedor,Válido bajo contrato typesafe-sdk 0.7.0 y supuestos operacionales del Pilar P18.
AF-JEV-P18-006-03,JEV-P18-006,P18,¿Qué servicio de control de evidencia o calidad documental podría diseñarse sin prometer veracidad absoluta ni seguridad universal?,Fundamentación técnica documentada en TypeSafe AI System One API Reference & State Specs (`POST /v1/systemone`) relativa a ¿qué servicio de control de evidencia o calidad documental podría diseñarse sin prometer v...,SRC-0039,Fuente SRC-0039,https://docs.typesafe.ai/api,documentado_proveedor,Válido bajo contrato typesafe-sdk 0.7.0 y supuestos operacionales del Pilar P18.
AF-JEV-P18-006-04,JEV-P18-006,P18,¿Qué servicio de control de evidencia o calidad documental podría diseñarse sin prometer veracidad absoluta ni seguridad universal?,"Fundamentación técnica documentada en CloudZero: Groq Pricing In 2026 — Model, Tier, and Cost Compared relativa a ¿qué servicio de control de evidencia o calidad documental podría diseñarse sin prometer v...",SRC-0095,Fuente SRC-0095,https://www.cloudzero.com/blog/groq-pricing/,referencia_tecnica,Válido bajo contrato typesafe-sdk 0.7.0 y supuestos operacionales del Pilar P18.
AF-JEV-P18-007-01,JEV-P18-007,P18,¿Qué oportunidad existe en enrutamiento de trabajo o modelos y qué ahorro incremental debería demostrarse para justificar un producto?,Fundamentación técnica documentada en Introducing System One Models and Jev relativa a ¿qué oportunidad existe en enrutamiento de trabajo o modelos y qué ahorro incremental debe...,SRC-0001,Fuente SRC-0001,https://typesafe.ai/blog/introducing-system-one-models-and-jev,documentado_proveedor,Válido bajo contrato typesafe-sdk 0.7.0 y supuestos operacionales del Pilar P18.
AF-JEV-P18-007-02,JEV-P18-007,P18,¿Qué oportunidad existe en enrutamiento de trabajo o modelos y qué ahorro incremental debería demostrarse para justificar un producto?,Fundamentación técnica documentada en DataCamp: Jev — TypeSafe's System One Model Explained relativa a ¿qué oportunidad existe en enrutamiento de trabajo o modelos y qué ahorro incremental debe...,SRC-0010,Fuente SRC-0010,https://www.datacamp.com/blog/system-one-models-jev,referencia_tecnica,Válido bajo contrato typesafe-sdk 0.7.0 y supuestos operacionales del Pilar P18.
AF-JEV-P18-007-03,JEV-P18-007,P18,¿Qué oportunidad existe en enrutamiento de trabajo o modelos y qué ahorro incremental debería demostrarse para justificar un producto?,Fundamentación técnica documentada en TypeSafe AI System One API Reference & State Specs (`POST /v1/systemone`) relativa a ¿qué oportunidad existe en enrutamiento de trabajo o modelos y qué ahorro incremental debe...,SRC-0039,Fuente SRC-0039,https://docs.typesafe.ai/api,documentado_proveedor,Válido bajo contrato typesafe-sdk 0.7.0 y supuestos operacionales del Pilar P18.
AF-JEV-P18-007-04,JEV-P18-007,P18,¿Qué oportunidad existe en enrutamiento de trabajo o modelos y qué ahorro incremental debería demostrarse para justificar un producto?,"Fundamentación técnica documentada en CloudZero: Groq Pricing In 2026 — Model, Tier, and Cost Compared relativa a ¿qué oportunidad existe en enrutamiento de trabajo o modelos y qué ahorro incremental debe...",SRC-0095,Fuente SRC-0095,https://www.cloudzero.com/blog/groq-pricing/,referencia_tecnica,Válido bajo contrato typesafe-sdk 0.7.0 y supuestos operacionales del Pilar P18.
AF-JEV-P18-008-01,JEV-P18-008,P18,"¿Qué solución de limpieza, clasificación o enriquecimiento documental aporta algo que reglas y búsqueda no resuelven suficientemente bien?","Fundamentación técnica documentada en Introducing System One Models and Jev relativa a ¿qué solución de limpieza, clasificación o enriquecimiento documental aporta algo que regl...",SRC-0001,Fuente SRC-0001,https://typesafe.ai/blog/introducing-system-one-models-and-jev,documentado_proveedor,Válido bajo contrato typesafe-sdk 0.7.0 y supuestos operacionales del Pilar P18.
AF-JEV-P18-008-02,JEV-P18-008,P18,"¿Qué solución de limpieza, clasificación o enriquecimiento documental aporta algo que reglas y búsqueda no resuelven suficientemente bien?","Fundamentación técnica documentada en DataCamp: Jev — TypeSafe's System One Model Explained relativa a ¿qué solución de limpieza, clasificación o enriquecimiento documental aporta algo que regl...",SRC-0010,Fuente SRC-0010,https://www.datacamp.com/blog/system-one-models-jev,referencia_tecnica,Válido bajo contrato typesafe-sdk 0.7.0 y supuestos operacionales del Pilar P18.
AF-JEV-P18-008-03,JEV-P18-008,P18,"¿Qué solución de limpieza, clasificación o enriquecimiento documental aporta algo que reglas y búsqueda no resuelven suficientemente bien?","Fundamentación técnica documentada en Documentos Analíticos Canónicos P06 (P06_DEEP_DIVE, EVIDENCE_MAP, EVALUATION_PLAYBOOK) relativa a ¿qué solución de limpieza, clasificación o enriquecimiento documental aporta algo que regl...",SRC-0046,Fuente SRC-0046,Cuaderno canónico P06 (`9b87f42f-e3f9-49ca-afb4-affe7c6259da`),analisis_interno,Válido bajo contrato typesafe-sdk 0.7.0 y supuestos operacionales del Pilar P18.
AF-JEV-P18-008-04,JEV-P18-008,P18,"¿Qué solución de limpieza, clasificación o enriquecimiento documental aporta algo que reglas y búsqueda no resuelven suficientemente bien?","Fundamentación técnica documentada en CloudZero: Groq Pricing In 2026 — Model, Tier, and Cost Compared relativa a ¿qué solución de limpieza, clasificación o enriquecimiento documental aporta algo que regl...",SRC-0095,Fuente SRC-0095,https://www.cloudzero.com/blog/groq-pricing/,referencia_tecnica,Válido bajo contrato typesafe-sdk 0.7.0 y supuestos operacionales del Pilar P18.
AF-JEV-P18-009-01,JEV-P18-009,P18,"¿Qué funciones de revisión de requisitos, incidencias o documentación de software podrían integrarse en herramientas de desarrollo con valor medible?","Fundamentación técnica documentada en Introducing System One Models and Jev relativa a ¿qué funciones de revisión de requisitos, incidencias o documentación de software podrían ...",SRC-0001,Fuente SRC-0001,https://typesafe.ai/blog/introducing-system-one-models-and-jev,documentado_proveedor,Válido bajo contrato typesafe-sdk 0.7.0 y supuestos operacionales del Pilar P18.
AF-JEV-P18-009-02,JEV-P18-009,P18,"¿Qué funciones de revisión de requisitos, incidencias o documentación de software podrían integrarse en herramientas de desarrollo con valor medible?","Fundamentación técnica documentada en DataCamp: Jev — TypeSafe's System One Model Explained relativa a ¿qué funciones de revisión de requisitos, incidencias o documentación de software podrían ...",SRC-0010,Fuente SRC-0010,https://www.datacamp.com/blog/system-one-models-jev,referencia_tecnica,Válido bajo contrato typesafe-sdk 0.7.0 y supuestos operacionales del Pilar P18.
AF-JEV-P18-009-03,JEV-P18-009,P18,"¿Qué funciones de revisión de requisitos, incidencias o documentación de software podrían integrarse en herramientas de desarrollo con valor medible?","Fundamentación técnica documentada en TypeSafe AI System One API Reference & State Specs (`POST /v1/systemone`) relativa a ¿qué funciones de revisión de requisitos, incidencias o documentación de software podrían ...",SRC-0039,Fuente SRC-0039,https://docs.typesafe.ai/api,documentado_proveedor,Válido bajo contrato typesafe-sdk 0.7.0 y supuestos operacionales del Pilar P18.
AF-JEV-P18-009-04,JEV-P18-009,P18,"¿Qué funciones de revisión de requisitos, incidencias o documentación de software podrían integrarse en herramientas de desarrollo con valor medible?","Fundamentación técnica documentada en CloudZero: Groq Pricing In 2026 — Model, Tier, and Cost Compared relativa a ¿qué funciones de revisión de requisitos, incidencias o documentación de software podrían ...",SRC-0095,Fuente SRC-0095,https://www.cloudzero.com/blog/groq-pricing/,referencia_tecnica,Válido bajo contrato typesafe-sdk 0.7.0 y supuestos operacionales del Pilar P18.
AF-JEV-P18-010-01,JEV-P18-010,P18,¿Qué oportunidades de aprendizaje personalizado requieren solo decisiones sobre contenidos y cuáles necesitan capacidades adicionales no demostradas?,Fundamentación técnica documentada en Introducing System One Models and Jev relativa a ¿qué oportunidades de aprendizaje personalizado requieren solo decisiones sobre contenidos...,SRC-0001,Fuente SRC-0001,https://typesafe.ai/blog/introducing-system-one-models-and-jev,documentado_proveedor,Válido bajo contrato typesafe-sdk 0.7.0 y supuestos operacionales del Pilar P18.
AF-JEV-P18-010-02,JEV-P18-010,P18,¿Qué oportunidades de aprendizaje personalizado requieren solo decisiones sobre contenidos y cuáles necesitan capacidades adicionales no demostradas?,Fundamentación técnica documentada en TypeSafe AI Official Documentation relativa a ¿qué oportunidades de aprendizaje personalizado requieren solo decisiones sobre contenidos...,SRC-0002,Fuente SRC-0002,https://docs.typesafe.ai/,documentado_proveedor,Válido bajo contrato typesafe-sdk 0.7.0 y supuestos operacionales del Pilar P18.
AF-JEV-P18-010-03,JEV-P18-010,P18,¿Qué oportunidades de aprendizaje personalizado requieren solo decisiones sobre contenidos y cuáles necesitan capacidades adicionales no demostradas?,"Fundamentación técnica documentada en Documentos Analíticos Canónicos P06 (P06_DEEP_DIVE, EVIDENCE_MAP, EVALUATION_PLAYBOOK) relativa a ¿qué oportunidades de aprendizaje personalizado requieren solo decisiones sobre contenidos...",SRC-0046,Fuente SRC-0046,Cuaderno canónico P06 (`9b87f42f-e3f9-49ca-afb4-affe7c6259da`),analisis_interno,Válido bajo contrato typesafe-sdk 0.7.0 y supuestos operacionales del Pilar P18.
AF-JEV-P18-011-01,JEV-P18-011,P18,¿Cómo convertir una receta interna exitosa de QRT o Wheelwork en una hipótesis de producto sin generalizar prematuramente desde un único caso?,Fundamentación técnica documentada en Introducing System One Models and Jev relativa a ¿cómo convertir una receta interna exitosa de qrt o wheelwork en una hipótesis de producto...,SRC-0001,Fuente SRC-0001,https://typesafe.ai/blog/introducing-system-one-models-and-jev,documentado_proveedor,Válido bajo contrato typesafe-sdk 0.7.0 y supuestos operacionales del Pilar P18.
AF-JEV-P18-011-02,JEV-P18-011,P18,¿Cómo convertir una receta interna exitosa de QRT o Wheelwork en una hipótesis de producto sin generalizar prematuramente desde un único caso?,Fundamentación técnica documentada en DataCamp: Jev — TypeSafe's System One Model Explained relativa a ¿cómo convertir una receta interna exitosa de qrt o wheelwork en una hipótesis de producto...,SRC-0010,Fuente SRC-0010,https://www.datacamp.com/blog/system-one-models-jev,referencia_tecnica,Válido bajo contrato typesafe-sdk 0.7.0 y supuestos operacionales del Pilar P18.
AF-JEV-P18-011-03,JEV-P18-011,P18,¿Cómo convertir una receta interna exitosa de QRT o Wheelwork en una hipótesis de producto sin generalizar prematuramente desde un único caso?,Fundamentación técnica documentada en TypeSafe AI System One API Reference & State Specs (`POST /v1/systemone`) relativa a ¿cómo convertir una receta interna exitosa de qrt o wheelwork en una hipótesis de producto...,SRC-0039,Fuente SRC-0039,https://docs.typesafe.ai/api,documentado_proveedor,Válido bajo contrato typesafe-sdk 0.7.0 y supuestos operacionales del Pilar P18.
AF-JEV-P18-011-04,JEV-P18-011,P18,¿Cómo convertir una receta interna exitosa de QRT o Wheelwork en una hipótesis de producto sin generalizar prematuramente desde un único caso?,"Fundamentación técnica documentada en CloudZero: Groq Pricing In 2026 — Model, Tier, and Cost Compared relativa a ¿cómo convertir una receta interna exitosa de qrt o wheelwork en una hipótesis de producto...",SRC-0095,Fuente SRC-0095,https://www.cloudzero.com/blog/groq-pricing/,referencia_tecnica,Válido bajo contrato typesafe-sdk 0.7.0 y supuestos operacionales del Pilar P18.
AF-JEV-P18-012-01,JEV-P18-012,P18,"¿Qué datos, etiquetas, procesos o experiencia de dominio podrían formar una ventaja sostenible más allá de acceder al mismo modelo que otros?","Fundamentación técnica documentada en Introducing System One Models and Jev relativa a ¿qué datos, etiquetas, procesos o experiencia de dominio podrían formar una ventaja sosten...",SRC-0001,Fuente SRC-0001,https://typesafe.ai/blog/introducing-system-one-models-and-jev,documentado_proveedor,Válido bajo contrato typesafe-sdk 0.7.0 y supuestos operacionales del Pilar P18.
AF-JEV-P18-012-02,JEV-P18-012,P18,"¿Qué datos, etiquetas, procesos o experiencia de dominio podrían formar una ventaja sostenible más allá de acceder al mismo modelo que otros?","Fundamentación técnica documentada en DataCamp: Jev — TypeSafe's System One Model Explained relativa a ¿qué datos, etiquetas, procesos o experiencia de dominio podrían formar una ventaja sosten...",SRC-0010,Fuente SRC-0010,https://www.datacamp.com/blog/system-one-models-jev,referencia_tecnica,Válido bajo contrato typesafe-sdk 0.7.0 y supuestos operacionales del Pilar P18.
AF-JEV-P18-012-03,JEV-P18-012,P18,"¿Qué datos, etiquetas, procesos o experiencia de dominio podrían formar una ventaja sostenible más allá de acceder al mismo modelo que otros?","Fundamentación técnica documentada en TypeSafe AI System One API Reference & State Specs (`POST /v1/systemone`) relativa a ¿qué datos, etiquetas, procesos o experiencia de dominio podrían formar una ventaja sosten...",SRC-0039,Fuente SRC-0039,https://docs.typesafe.ai/api,documentado_proveedor,Válido bajo contrato typesafe-sdk 0.7.0 y supuestos operacionales del Pilar P18.
AF-JEV-P18-012-04,JEV-P18-012,P18,"¿Qué datos, etiquetas, procesos o experiencia de dominio podrían formar una ventaja sostenible más allá de acceder al mismo modelo que otros?","Fundamentación técnica documentada en CloudZero: Groq Pricing In 2026 — Model, Tier, and Cost Compared relativa a ¿qué datos, etiquetas, procesos o experiencia de dominio podrían formar una ventaja sosten...",SRC-0095,Fuente SRC-0095,https://www.cloudzero.com/blog/groq-pricing/,referencia_tecnica,Válido bajo contrato typesafe-sdk 0.7.0 y supuestos operacionales del Pilar P18.
AF-JEV-P18-013-01,JEV-P18-013,P18,¿Cómo diseñar un producto que permita cambiar de proveedor conservando su propuesta de valor y sin ocultar diferencias de calidad?,Fundamentación técnica documentada en Introducing System One Models and Jev relativa a ¿cómo diseñar un producto que permita cambiar de proveedor conservando su propuesta de val...,SRC-0001,Fuente SRC-0001,https://typesafe.ai/blog/introducing-system-one-models-and-jev,documentado_proveedor,Válido bajo contrato typesafe-sdk 0.7.0 y supuestos operacionales del Pilar P18.
AF-JEV-P18-013-02,JEV-P18-013,P18,¿Cómo diseñar un producto que permita cambiar de proveedor conservando su propuesta de valor y sin ocultar diferencias de calidad?,Fundamentación técnica documentada en DataCamp: Jev — TypeSafe's System One Model Explained relativa a ¿cómo diseñar un producto que permita cambiar de proveedor conservando su propuesta de val...,SRC-0010,Fuente SRC-0010,https://www.datacamp.com/blog/system-one-models-jev,referencia_tecnica,Válido bajo contrato typesafe-sdk 0.7.0 y supuestos operacionales del Pilar P18.
AF-JEV-P18-013-03,JEV-P18-013,P18,¿Cómo diseñar un producto que permita cambiar de proveedor conservando su propuesta de valor y sin ocultar diferencias de calidad?,Fundamentación técnica documentada en TypeSafe AI System One API Reference & State Specs (`POST /v1/systemone`) relativa a ¿cómo diseñar un producto que permita cambiar de proveedor conservando su propuesta de val...,SRC-0039,Fuente SRC-0039,https://docs.typesafe.ai/api,documentado_proveedor,Válido bajo contrato typesafe-sdk 0.7.0 y supuestos operacionales del Pilar P18.
AF-JEV-P18-013-04,JEV-P18-013,P18,¿Cómo diseñar un producto que permita cambiar de proveedor conservando su propuesta de valor y sin ocultar diferencias de calidad?,"Fundamentación técnica documentada en CloudZero: Groq Pricing In 2026 — Model, Tier, and Cost Compared relativa a ¿cómo diseñar un producto que permita cambiar de proveedor conservando su propuesta de val...",SRC-0095,Fuente SRC-0095,https://www.cloudzero.com/blog/groq-pricing/,referencia_tecnica,Válido bajo contrato typesafe-sdk 0.7.0 y supuestos operacionales del Pilar P18.
AF-JEV-P18-014-01,JEV-P18-014,P18,¿Qué esquema de precio tendría relación con el valor entregado y cómo comprobar su viabilidad sin asumir disposición a pagar?,Fundamentación técnica documentada en Introducing System One Models and Jev relativa a ¿qué esquema de precio tendría relación con el valor entregado y cómo comprobar su viabili...,SRC-0001,Fuente SRC-0001,https://typesafe.ai/blog/introducing-system-one-models-and-jev,documentado_proveedor,Válido bajo contrato typesafe-sdk 0.7.0 y supuestos operacionales del Pilar P18.
AF-JEV-P18-014-02,JEV-P18-014,P18,¿Qué esquema de precio tendría relación con el valor entregado y cómo comprobar su viabilidad sin asumir disposición a pagar?,Fundamentación técnica documentada en DataCamp: Jev — TypeSafe's System One Model Explained relativa a ¿qué esquema de precio tendría relación con el valor entregado y cómo comprobar su viabili...,SRC-0010,Fuente SRC-0010,https://www.datacamp.com/blog/system-one-models-jev,referencia_tecnica,Válido bajo contrato typesafe-sdk 0.7.0 y supuestos operacionales del Pilar P18.
AF-JEV-P18-014-03,JEV-P18-014,P18,¿Qué esquema de precio tendría relación con el valor entregado y cómo comprobar su viabilidad sin asumir disposición a pagar?,Fundamentación técnica documentada en TypeSafe AI System One API Reference & State Specs (`POST /v1/systemone`) relativa a ¿qué esquema de precio tendría relación con el valor entregado y cómo comprobar su viabili...,SRC-0039,Fuente SRC-0039,https://docs.typesafe.ai/api,documentado_proveedor,Válido bajo contrato typesafe-sdk 0.7.0 y supuestos operacionales del Pilar P18.
AF-JEV-P18-014-04,JEV-P18-014,P18,¿Qué esquema de precio tendría relación con el valor entregado y cómo comprobar su viabilidad sin asumir disposición a pagar?,"Fundamentación técnica documentada en CloudZero: Groq Pricing In 2026 — Model, Tier, and Cost Compared relativa a ¿qué esquema de precio tendría relación con el valor entregado y cómo comprobar su viabili...",SRC-0095,Fuente SRC-0095,https://www.cloudzero.com/blog/groq-pricing/,referencia_tecnica,Válido bajo contrato typesafe-sdk 0.7.0 y supuestos operacionales del Pilar P18.
AF-JEV-P18-015-01,JEV-P18-015,P18,"¿Qué riesgos de privacidad, equidad y responsabilidad harían inadecuada una oportunidad aunque su factibilidad técnica fuese alta?","Fundamentación técnica documentada en Introducing System One Models and Jev relativa a ¿qué riesgos de privacidad, equidad y responsabilidad harían inadecuada una oportunidad au...",SRC-0001,Fuente SRC-0001,https://typesafe.ai/blog/introducing-system-one-models-and-jev,documentado_proveedor,Válido bajo contrato typesafe-sdk 0.7.0 y supuestos operacionales del Pilar P18.
AF-JEV-P18-015-02,JEV-P18-015,P18,"¿Qué riesgos de privacidad, equidad y responsabilidad harían inadecuada una oportunidad aunque su factibilidad técnica fuese alta?","Fundamentación técnica documentada en DataCamp: Jev — TypeSafe's System One Model Explained relativa a ¿qué riesgos de privacidad, equidad y responsabilidad harían inadecuada una oportunidad au...",SRC-0010,Fuente SRC-0010,https://www.datacamp.com/blog/system-one-models-jev,referencia_tecnica,Válido bajo contrato typesafe-sdk 0.7.0 y supuestos operacionales del Pilar P18.
AF-JEV-P18-015-03,JEV-P18-015,P18,"¿Qué riesgos de privacidad, equidad y responsabilidad harían inadecuada una oportunidad aunque su factibilidad técnica fuese alta?","Fundamentación técnica documentada en Documentos Analíticos Canónicos P06 (P06_DEEP_DIVE, EVIDENCE_MAP, EVALUATION_PLAYBOOK) relativa a ¿qué riesgos de privacidad, equidad y responsabilidad harían inadecuada una oportunidad au...",SRC-0046,Fuente SRC-0046,Cuaderno canónico P06 (`9b87f42f-e3f9-49ca-afb4-affe7c6259da`),analisis_interno,Válido bajo contrato typesafe-sdk 0.7.0 y supuestos operacionales del Pilar P18.
AF-JEV-P18-015-04,JEV-P18-015,P18,"¿Qué riesgos de privacidad, equidad y responsabilidad harían inadecuada una oportunidad aunque su factibilidad técnica fuese alta?","Fundamentación técnica documentada en CloudZero: Groq Pricing In 2026 — Model, Tier, and Cost Compared relativa a ¿qué riesgos de privacidad, equidad y responsabilidad harían inadecuada una oportunidad au...",SRC-0095,Fuente SRC-0095,https://www.cloudzero.com/blog/groq-pricing/,referencia_tecnica,Válido bajo contrato typesafe-sdk 0.7.0 y supuestos operacionales del Pilar P18.
AF-JEV-P18-016-01,JEV-P18-016,P18,¿Qué requisitos de experiencia de usuario permiten revisar y corregir decisiones sin exigir conocer probabilidades o detalles del modelo?,Fundamentación técnica documentada en Introducing System One Models and Jev relativa a ¿qué requisitos de experiencia de usuario permiten revisar y corregir decisiones sin exigi...,SRC-0001,Fuente SRC-0001,https://typesafe.ai/blog/introducing-system-one-models-and-jev,documentado_proveedor,Válido bajo contrato typesafe-sdk 0.7.0 y supuestos operacionales del Pilar P18.
AF-JEV-P18-016-02,JEV-P18-016,P18,¿Qué requisitos de experiencia de usuario permiten revisar y corregir decisiones sin exigir conocer probabilidades o detalles del modelo?,Fundamentación técnica documentada en TypeSafe AI Concepts: Use Case Map relativa a ¿qué requisitos de experiencia de usuario permiten revisar y corregir decisiones sin exigi...,SRC-0005,Fuente SRC-0005,https://docs.typesafe.ai/concepts/use-case-map,documentado_proveedor,Válido bajo contrato typesafe-sdk 0.7.0 y supuestos operacionales del Pilar P18.
AF-JEV-P18-016-03,JEV-P18-016,P18,¿Qué requisitos de experiencia de usuario permiten revisar y corregir decisiones sin exigir conocer probabilidades o detalles del modelo?,Fundamentación técnica documentada en DataCamp: Jev — TypeSafe's System One Model Explained relativa a ¿qué requisitos de experiencia de usuario permiten revisar y corregir decisiones sin exigi...,SRC-0010,Fuente SRC-0010,https://www.datacamp.com/blog/system-one-models-jev,referencia_tecnica,Válido bajo contrato typesafe-sdk 0.7.0 y supuestos operacionales del Pilar P18.
AF-JEV-P18-016-04,JEV-P18-016,P18,¿Qué requisitos de experiencia de usuario permiten revisar y corregir decisiones sin exigir conocer probabilidades o detalles del modelo?,"Fundamentación técnica documentada en CloudZero: Groq Pricing In 2026 — Model, Tier, and Cost Compared relativa a ¿qué requisitos de experiencia de usuario permiten revisar y corregir decisiones sin exigi...",SRC-0095,Fuente SRC-0095,https://www.cloudzero.com/blog/groq-pricing/,referencia_tecnica,Válido bajo contrato typesafe-sdk 0.7.0 y supuestos operacionales del Pilar P18.
AF-JEV-P18-017-01,JEV-P18-017,P18,"¿Qué señales revelarían que una oportunidad necesita generación, cálculo, percepción o planificación en vez de un juicio semántico acotado?","Fundamentación técnica documentada en Introducing System One Models and Jev relativa a ¿qué señales revelarían que una oportunidad necesita generación, cálculo, percepción o pla...",SRC-0001,Fuente SRC-0001,https://typesafe.ai/blog/introducing-system-one-models-and-jev,documentado_proveedor,Válido bajo contrato typesafe-sdk 0.7.0 y supuestos operacionales del Pilar P18.
AF-JEV-P18-017-02,JEV-P18-017,P18,"¿Qué señales revelarían que una oportunidad necesita generación, cálculo, percepción o planificación en vez de un juicio semántico acotado?","Fundamentación técnica documentada en DataCamp: Jev — TypeSafe's System One Model Explained relativa a ¿qué señales revelarían que una oportunidad necesita generación, cálculo, percepción o pla...",SRC-0010,Fuente SRC-0010,https://www.datacamp.com/blog/system-one-models-jev,referencia_tecnica,Válido bajo contrato typesafe-sdk 0.7.0 y supuestos operacionales del Pilar P18.
AF-JEV-P18-017-03,JEV-P18-017,P18,"¿Qué señales revelarían que una oportunidad necesita generación, cálculo, percepción o planificación en vez de un juicio semántico acotado?","Fundamentación técnica documentada en TypeSafe AI System One API Reference & State Specs (`POST /v1/systemone`) relativa a ¿qué señales revelarían que una oportunidad necesita generación, cálculo, percepción o pla...",SRC-0039,Fuente SRC-0039,https://docs.typesafe.ai/api,documentado_proveedor,Válido bajo contrato typesafe-sdk 0.7.0 y supuestos operacionales del Pilar P18.
AF-JEV-P18-017-04,JEV-P18-017,P18,"¿Qué señales revelarían que una oportunidad necesita generación, cálculo, percepción o planificación en vez de un juicio semántico acotado?","Fundamentación técnica documentada en CloudZero: Groq Pricing In 2026 — Model, Tier, and Cost Compared relativa a ¿qué señales revelarían que una oportunidad necesita generación, cálculo, percepción o pla...",SRC-0095,Fuente SRC-0095,https://www.cloudzero.com/blog/groq-pricing/,referencia_tecnica,Válido bajo contrato typesafe-sdk 0.7.0 y supuestos operacionales del Pilar P18.
AF-JEV-P18-018-01,JEV-P18-018,P18,"¿Cómo preparar fichas comparables para al menos diez oportunidades incluyendo alternativa actual, evidencia, piloto y condición de descarte?",Fundamentación técnica documentada en Introducing System One Models and Jev relativa a ¿cómo preparar fichas comparables para al menos diez oportunidades incluyendo alternativa ...,SRC-0001,Fuente SRC-0001,https://typesafe.ai/blog/introducing-system-one-models-and-jev,documentado_proveedor,Válido bajo contrato typesafe-sdk 0.7.0 y supuestos operacionales del Pilar P18.
AF-JEV-P18-018-02,JEV-P18-018,P18,"¿Cómo preparar fichas comparables para al menos diez oportunidades incluyendo alternativa actual, evidencia, piloto y condición de descarte?",Fundamentación técnica documentada en DataCamp: Jev — TypeSafe's System One Model Explained relativa a ¿cómo preparar fichas comparables para al menos diez oportunidades incluyendo alternativa ...,SRC-0010,Fuente SRC-0010,https://www.datacamp.com/blog/system-one-models-jev,referencia_tecnica,Válido bajo contrato typesafe-sdk 0.7.0 y supuestos operacionales del Pilar P18.
AF-JEV-P18-018-03,JEV-P18-018,P18,"¿Cómo preparar fichas comparables para al menos diez oportunidades incluyendo alternativa actual, evidencia, piloto y condición de descarte?",Fundamentación técnica documentada en TypeSafe AI System One API Reference & State Specs (`POST /v1/systemone`) relativa a ¿cómo preparar fichas comparables para al menos diez oportunidades incluyendo alternativa ...,SRC-0039,Fuente SRC-0039,https://docs.typesafe.ai/api,documentado_proveedor,Válido bajo contrato typesafe-sdk 0.7.0 y supuestos operacionales del Pilar P18.
AF-JEV-P18-018-04,JEV-P18-018,P18,"¿Cómo preparar fichas comparables para al menos diez oportunidades incluyendo alternativa actual, evidencia, piloto y condición de descarte?","Fundamentación técnica documentada en CloudZero: Groq Pricing In 2026 — Model, Tier, and Cost Compared relativa a ¿cómo preparar fichas comparables para al menos diez oportunidades incluyendo alternativa ...",SRC-0095,Fuente SRC-0095,https://www.cloudzero.com/blog/groq-pricing/,referencia_tecnica,Válido bajo contrato typesafe-sdk 0.7.0 y supuestos operacionales del Pilar P18.
AF-JEV-P18-019-01,JEV-P18-019,P18,"¿Qué cartera de experimentos combina mejoras inmediatas, exploración de mayor incertidumbre y límites explícitos de inversión?","Fundamentación técnica documentada en Introducing System One Models and Jev relativa a ¿qué cartera de experimentos combina mejoras inmediatas, exploración de mayor incertidumbr...",SRC-0001,Fuente SRC-0001,https://typesafe.ai/blog/introducing-system-one-models-and-jev,documentado_proveedor,Válido bajo contrato typesafe-sdk 0.7.0 y supuestos operacionales del Pilar P18.
AF-JEV-P18-019-02,JEV-P18-019,P18,"¿Qué cartera de experimentos combina mejoras inmediatas, exploración de mayor incertidumbre y límites explícitos de inversión?","Fundamentación técnica documentada en DataCamp: Jev — TypeSafe's System One Model Explained relativa a ¿qué cartera de experimentos combina mejoras inmediatas, exploración de mayor incertidumbr...",SRC-0010,Fuente SRC-0010,https://www.datacamp.com/blog/system-one-models-jev,referencia_tecnica,Válido bajo contrato typesafe-sdk 0.7.0 y supuestos operacionales del Pilar P18.
AF-JEV-P18-019-03,JEV-P18-019,P18,"¿Qué cartera de experimentos combina mejoras inmediatas, exploración de mayor incertidumbre y límites explícitos de inversión?","Fundamentación técnica documentada en TypeSafe AI System One API Reference & State Specs (`POST /v1/systemone`) relativa a ¿qué cartera de experimentos combina mejoras inmediatas, exploración de mayor incertidumbr...",SRC-0039,Fuente SRC-0039,https://docs.typesafe.ai/api,documentado_proveedor,Válido bajo contrato typesafe-sdk 0.7.0 y supuestos operacionales del Pilar P18.
AF-JEV-P18-019-04,JEV-P18-019,P18,"¿Qué cartera de experimentos combina mejoras inmediatas, exploración de mayor incertidumbre y límites explícitos de inversión?","Fundamentación técnica documentada en CloudZero: Groq Pricing In 2026 — Model, Tier, and Cost Compared relativa a ¿qué cartera de experimentos combina mejoras inmediatas, exploración de mayor incertidumbr...",SRC-0095,Fuente SRC-0095,https://www.cloudzero.com/blog/groq-pricing/,referencia_tecnica,Válido bajo contrato typesafe-sdk 0.7.0 y supuestos operacionales del Pilar P18.
AF-JEV-P18-020-01,JEV-P18-020,P18,¿Qué cambios tecnológicos o resultados nuevos justificarían revisar una oportunidad descartada sin mantenerla indefinidamente por entusiasmo inicial?,Fundamentación técnica documentada en Introducing System One Models and Jev relativa a ¿qué cambios tecnológicos o resultados nuevos justificarían revisar una oportunidad descar...,SRC-0001,Fuente SRC-0001,https://typesafe.ai/blog/introducing-system-one-models-and-jev,documentado_proveedor,Válido bajo contrato typesafe-sdk 0.7.0 y supuestos operacionales del Pilar P18.
AF-JEV-P18-020-02,JEV-P18-020,P18,¿Qué cambios tecnológicos o resultados nuevos justificarían revisar una oportunidad descartada sin mantenerla indefinidamente por entusiasmo inicial?,Fundamentación técnica documentada en DataCamp: Jev — TypeSafe's System One Model Explained relativa a ¿qué cambios tecnológicos o resultados nuevos justificarían revisar una oportunidad descar...,SRC-0010,Fuente SRC-0010,https://www.datacamp.com/blog/system-one-models-jev,referencia_tecnica,Válido bajo contrato typesafe-sdk 0.7.0 y supuestos operacionales del Pilar P18.
AF-JEV-P18-020-03,JEV-P18-020,P18,¿Qué cambios tecnológicos o resultados nuevos justificarían revisar una oportunidad descartada sin mantenerla indefinidamente por entusiasmo inicial?,Fundamentación técnica documentada en TypeSafe AI System One API Reference & State Specs (`POST /v1/systemone`) relativa a ¿qué cambios tecnológicos o resultados nuevos justificarían revisar una oportunidad descar...,SRC-0039,Fuente SRC-0039,https://docs.typesafe.ai/api,documentado_proveedor,Válido bajo contrato typesafe-sdk 0.7.0 y supuestos operacionales del Pilar P18.
AF-JEV-P18-020-04,JEV-P18-020,P18,¿Qué cambios tecnológicos o resultados nuevos justificarían revisar una oportunidad descartada sin mantenerla indefinidamente por entusiasmo inicial?,"Fundamentación técnica documentada en CloudZero: Groq Pricing In 2026 — Model, Tier, and Cost Compared relativa a ¿qué cambios tecnológicos o resultados nuevos justificarían revisar una oportunidad descar...",SRC-0095,Fuente SRC-0095,https://www.cloudzero.com/blog/groq-pricing/,referencia_tecnica,Válido bajo contrato typesafe-sdk 0.7.0 y supuestos operacionales del Pilar P18.
AF-JEV-P05-001-01,JEV-P05-001,P05,"¿Qué significan exactamente las probabilidades y confidence devueltos por Jev, y cuál es su relación documentada con la corrección de una decisión?","Fundamentación técnica documentada en TypeSafe AI Official Documentation relativa a ¿qué significan exactamente las probabilidades y confidence devueltos por jev, y cuál es s...",SRC-0002,Fuente SRC-0002,https://docs.typesafe.ai/,documentado_proveedor,Válido bajo contrato typesafe-sdk 0.7.0 y supuestos operacionales del Pilar P05.
AF-JEV-P05-001-02,JEV-P05-001,P05,"¿Qué significan exactamente las probabilidades y confidence devueltos por Jev, y cuál es su relación documentada con la corrección de una decisión?","Fundamentación técnica documentada en TypeSafe AI: Confidence & Calibration relativa a ¿qué significan exactamente las probabilidades y confidence devueltos por jev, y cuál es s...",SRC-0003,Fuente SRC-0003,https://docs.typesafe.ai/confidence,documentado_proveedor,Válido bajo contrato typesafe-sdk 0.7.0 y supuestos operacionales del Pilar P05.
AF-JEV-P05-001-03,JEV-P05-001,P05,"¿Qué significan exactamente las probabilidades y confidence devueltos por Jev, y cuál es su relación documentada con la corrección de una decisión?","Fundamentación técnica documentada en Benchmarks Comunitarios de Calibración (scienthoon & yodablocks) relativa a ¿qué significan exactamente las probabilidades y confidence devueltos por jev, y cuál es s...",SRC-0028,Fuente SRC-0028,"GitHub: scienthoon/jev-ood-calibration, yodablocks/jev-orderby-bench",medido_independiente,Válido bajo contrato typesafe-sdk 0.7.0 y supuestos operacionales del Pilar P05.
AF-JEV-P05-001-04,JEV-P05-001,P05,"¿Qué significan exactamente las probabilidades y confidence devueltos por Jev, y cuál es su relación documentada con la corrección de una decisión?","Fundamentación técnica documentada en Guo et al. (2017): On Calibration of Modern Neural Networks relativa a ¿qué significan exactamente las probabilidades y confidence devueltos por jev, y cuál es s...",SRC-0030,Fuente SRC-0030,https://arxiv.org/abs/1706.04599,referencia_tecnica,Válido bajo contrato typesafe-sdk 0.7.0 y supuestos operacionales del Pilar P05.
AF-JEV-P05-001-05,JEV-P05-001,P05,"¿Qué significan exactamente las probabilidades y confidence devueltos por Jev, y cuál es su relación documentada con la corrección de una decisión?","Fundamentación técnica documentada en The Foundations of Cost-Sensitive Learning relativa a ¿qué significan exactamente las probabilidades y confidence devueltos por jev, y cuál es s...",SRC-0035,Fuente SRC-0035,https://cdn.aaai.org/IJCAI/2001/IJCAI01-135.pdf,referencia_tecnica,Válido bajo contrato typesafe-sdk 0.7.0 y supuestos operacionales del Pilar P05.
AF-JEV-P05-001-06,JEV-P05-001,P05,"¿Qué significan exactamente las probabilidades y confidence devueltos por Jev, y cuál es su relación documentada con la corrección de una decisión?","Fundamentación técnica documentada en TypeSafe AI System One API Reference & State Specs (`POST /v1/systemone`) relativa a ¿qué significan exactamente las probabilidades y confidence devueltos por jev, y cuál es s...",SRC-0039,Fuente SRC-0039,https://docs.typesafe.ai/api,documentado_proveedor,Válido bajo contrato typesafe-sdk 0.7.0 y supuestos operacionales del Pilar P05.
AF-JEV-P05-002-01,JEV-P05-002,P05,"¿Cómo distinguir calibración, discriminación, exactitud y utilidad empresarial usando un mismo ejemplo numérico sintético?","Fundamentación técnica documentada en Guo et al. (2017): On Calibration of Modern Neural Networks relativa a ¿cómo distinguir calibración, discriminación, exactitud y utilidad empresarial usando un m...",SRC-0030,Fuente SRC-0030,https://arxiv.org/abs/1706.04599,referencia_tecnica,Válido bajo contrato typesafe-sdk 0.7.0 y supuestos operacionales del Pilar P05.
AF-JEV-P05-002-02,JEV-P05-002,P05,"¿Cómo distinguir calibración, discriminación, exactitud y utilidad empresarial usando un mismo ejemplo numérico sintético?","Fundamentación técnica documentada en Fundamentos de Clasificación Ordinal y Matriz de Costes relativa a ¿cómo distinguir calibración, discriminación, exactitud y utilidad empresarial usando un m...",SRC-0033,Fuente SRC-0033,https://en.wikipedia.org/wiki/Ordinal_classification,referencia_tecnica,Válido bajo contrato typesafe-sdk 0.7.0 y supuestos operacionales del Pilar P05.
AF-JEV-P05-002-03,JEV-P05-002,P05,"¿Cómo distinguir calibración, discriminación, exactitud y utilidad empresarial usando un mismo ejemplo numérico sintético?","Fundamentación técnica documentada en The Foundations of Cost-Sensitive Learning relativa a ¿cómo distinguir calibración, discriminación, exactitud y utilidad empresarial usando un m...",SRC-0035,Fuente SRC-0035,https://cdn.aaai.org/IJCAI/2001/IJCAI01-135.pdf,referencia_tecnica,Válido bajo contrato typesafe-sdk 0.7.0 y supuestos operacionales del Pilar P05.
AF-JEV-P05-002-04,JEV-P05-002,P05,"¿Cómo distinguir calibración, discriminación, exactitud y utilidad empresarial usando un mismo ejemplo numérico sintético?","Fundamentación técnica documentada en Documentos Analíticos Canónicos P05 (P05_DEEP_DIVE, EVIDENCE_MAP, CALIBRATION_PLAYBOOK) relativa a ¿cómo distinguir calibración, discriminación, exactitud y utilidad empresarial usando un m...",SRC-0041,Fuente SRC-0041,Cuaderno canónico P05 (`d65c48bf-c7d3-44d4-b0cf-79842f3df7dc`),analisis_interno,Válido bajo contrato typesafe-sdk 0.7.0 y supuestos operacionales del Pilar P05.
AF-JEV-P05-002-05,JEV-P05-002,P05,"¿Cómo distinguir calibración, discriminación, exactitud y utilidad empresarial usando un mismo ejemplo numérico sintético?","Fundamentación técnica documentada en Niculescu-Mizil & Caruana (2005): Predicting Good Probabilities With Supervised Learning relativa a ¿cómo distinguir calibración, discriminación, exactitud y utilidad empresarial usando un m...",SRC-0042,Fuente SRC-0042,https://doi.org/10.1145/1102351.1102430,referencia_tecnica,Válido bajo contrato typesafe-sdk 0.7.0 y supuestos operacionales del Pilar P05.
AF-JEV-P05-002-06,JEV-P05-002,P05,"¿Cómo distinguir calibración, discriminación, exactitud y utilidad empresarial usando un mismo ejemplo numérico sintético?","Fundamentación técnica documentada en Brier (1950): Verification of Forecasts Expressed in Terms of Probability relativa a ¿cómo distinguir calibración, discriminación, exactitud y utilidad empresarial usando un m...",SRC-0044,Fuente SRC-0044,https://doi.org/10.1175/1520-0493(1950)078<0001:VOFEIT>2.0.CO;2,referencia_tecnica,Válido bajo contrato typesafe-sdk 0.7.0 y supuestos operacionales del Pilar P05.
AF-JEV-P05-003-01,JEV-P05-003,P05,¿Qué evidencia sería necesaria para afirmar que las salidas están calibradas en nuestros datos y no solo en un benchmark del proveedor?,Fundamentación técnica documentada en TypeSafe AI: Confidence & Calibration relativa a ¿qué evidencia sería necesaria para afirmar que las salidas están calibradas en nuestros d...,SRC-0003,Fuente SRC-0003,https://docs.typesafe.ai/confidence,documentado_proveedor,Válido bajo contrato typesafe-sdk 0.7.0 y supuestos operacionales del Pilar P05.
AF-JEV-P05-003-02,JEV-P05-003,P05,¿Qué evidencia sería necesaria para afirmar que las salidas están calibradas en nuestros datos y no solo en un benchmark del proveedor?,Fundamentación técnica documentada en Benchmarks Comunitarios de Calibración (scienthoon & yodablocks) relativa a ¿qué evidencia sería necesaria para afirmar que las salidas están calibradas en nuestros d...,SRC-0028,Fuente SRC-0028,"GitHub: scienthoon/jev-ood-calibration, yodablocks/jev-orderby-bench",medido_independiente,Válido bajo contrato typesafe-sdk 0.7.0 y supuestos operacionales del Pilar P05.
AF-JEV-P05-003-03,JEV-P05-003,P05,¿Qué evidencia sería necesaria para afirmar que las salidas están calibradas en nuestros datos y no solo en un benchmark del proveedor?,Fundamentación técnica documentada en Guo et al. (2017): On Calibration of Modern Neural Networks relativa a ¿qué evidencia sería necesaria para afirmar que las salidas están calibradas en nuestros d...,SRC-0030,Fuente SRC-0030,https://arxiv.org/abs/1706.04599,referencia_tecnica,Válido bajo contrato typesafe-sdk 0.7.0 y supuestos operacionales del Pilar P05.
AF-JEV-P05-003-04,JEV-P05-003,P05,¿Qué evidencia sería necesaria para afirmar que las salidas están calibradas en nuestros datos y no solo en un benchmark del proveedor?,"Fundamentación técnica documentada en Documentos Analíticos Canónicos P05 (P05_DEEP_DIVE, EVIDENCE_MAP, CALIBRATION_PLAYBOOK) relativa a ¿qué evidencia sería necesaria para afirmar que las salidas están calibradas en nuestros d...",SRC-0041,Fuente SRC-0041,Cuaderno canónico P05 (`d65c48bf-c7d3-44d4-b0cf-79842f3df7dc`),analisis_interno,Válido bajo contrato typesafe-sdk 0.7.0 y supuestos operacionales del Pilar P05.
AF-JEV-P05-003-05,JEV-P05-003,P05,¿Qué evidencia sería necesaria para afirmar que las salidas están calibradas en nuestros datos y no solo en un benchmark del proveedor?,Fundamentación técnica documentada en Brier (1950): Verification of Forecasts Expressed in Terms of Probability relativa a ¿qué evidencia sería necesaria para afirmar que las salidas están calibradas en nuestros d...,SRC-0044,Fuente SRC-0044,https://doi.org/10.1175/1520-0493(1950)078<0001:VOFEIT>2.0.CO;2,referencia_tecnica,Válido bajo contrato typesafe-sdk 0.7.0 y supuestos operacionales del Pilar P05.
AF-JEV-P05-004-01,JEV-P05-004,P05,"¿Cómo diseñar una política que elija entre actuar, solicitar contexto, escalar o abstenerse según la incertidumbre y el impacto?","Fundamentación técnica documentada en GitHub Gist: pjburnhill — Comprehensive Project Reference for Jev relativa a ¿cómo diseñar una política que elija entre actuar, solicitar contexto, escalar o absteners...",SRC-0020,Fuente SRC-0020,https://gist.github.com/pjburnhill/adf8d28efcad9df037bfdece178ef965,medido_independiente,Válido bajo contrato typesafe-sdk 0.7.0 y supuestos operacionales del Pilar P05.
AF-JEV-P05-004-02,JEV-P05-004,P05,"¿Cómo diseñar una política que elija entre actuar, solicitar contexto, escalar o abstenerse según la incertidumbre y el impacto?","Fundamentación técnica documentada en Geifman & El-Yaniv (2017): Selective Classification for Deep Neural Networks relativa a ¿cómo diseñar una política que elija entre actuar, solicitar contexto, escalar o absteners...",SRC-0029,Fuente SRC-0029,https://arxiv.org/abs/1705.08500,referencia_tecnica,Válido bajo contrato typesafe-sdk 0.7.0 y supuestos operacionales del Pilar P05.
AF-JEV-P05-004-03,JEV-P05-004,P05,"¿Cómo diseñar una política que elija entre actuar, solicitar contexto, escalar o abstenerse según la incertidumbre y el impacto?","Fundamentación técnica documentada en Mozannar & Sontag (2020): Consistent Estimators for Learning to Defer to an Expert relativa a ¿cómo diseñar una política que elija entre actuar, solicitar contexto, escalar o absteners...",SRC-0032,Fuente SRC-0032,https://arxiv.org/abs/2006.01862,referencia_tecnica,Válido bajo contrato typesafe-sdk 0.7.0 y supuestos operacionales del Pilar P05.
AF-JEV-P05-004-04,JEV-P05-004,P05,"¿Cómo diseñar una política que elija entre actuar, solicitar contexto, escalar o abstenerse según la incertidumbre y el impacto?","Fundamentación técnica documentada en The Foundations of Cost-Sensitive Learning relativa a ¿cómo diseñar una política que elija entre actuar, solicitar contexto, escalar o absteners...",SRC-0035,Fuente SRC-0035,https://cdn.aaai.org/IJCAI/2001/IJCAI01-135.pdf,referencia_tecnica,Válido bajo contrato typesafe-sdk 0.7.0 y supuestos operacionales del Pilar P05.
AF-JEV-P05-004-05,JEV-P05-004,P05,"¿Cómo diseñar una política que elija entre actuar, solicitar contexto, escalar o abstenerse según la incertidumbre y el impacto?","Fundamentación técnica documentada en TypeSafe AI System One API Reference & State Specs (`POST /v1/systemone`) relativa a ¿cómo diseñar una política que elija entre actuar, solicitar contexto, escalar o absteners...",SRC-0039,Fuente SRC-0039,https://docs.typesafe.ai/api,documentado_proveedor,Válido bajo contrato typesafe-sdk 0.7.0 y supuestos operacionales del Pilar P05.
AF-JEV-P05-004-06,JEV-P05-004,P05,"¿Cómo diseñar una política que elija entre actuar, solicitar contexto, escalar o abstenerse según la incertidumbre y el impacto?","Fundamentación técnica documentada en Documentos Analíticos Canónicos P05 (P05_DEEP_DIVE, EVIDENCE_MAP, CALIBRATION_PLAYBOOK) relativa a ¿cómo diseñar una política que elija entre actuar, solicitar contexto, escalar o absteners...",SRC-0041,Fuente SRC-0041,Cuaderno canónico P05 (`d65c48bf-c7d3-44d4-b0cf-79842f3df7dc`),analisis_interno,Válido bajo contrato typesafe-sdk 0.7.0 y supuestos operacionales del Pilar P05.
AF-JEV-P05-005-01,JEV-P05-005,P05,¿Cómo estimar el costo esperado de falsos positivos y falsos negativos sin imponer un umbral universal de confianza?,Fundamentación técnica documentada en GitHub Gist: pjburnhill — Comprehensive Project Reference for Jev relativa a ¿cómo estimar el costo esperado de falsos positivos y falsos negativos sin imponer un umbr...,SRC-0020,Fuente SRC-0020,https://gist.github.com/pjburnhill/adf8d28efcad9df037bfdece178ef965,medido_independiente,Válido bajo contrato typesafe-sdk 0.7.0 y supuestos operacionales del Pilar P05.
AF-JEV-P05-005-02,JEV-P05-005,P05,¿Cómo estimar el costo esperado de falsos positivos y falsos negativos sin imponer un umbral universal de confianza?,Fundamentación técnica documentada en Guo et al. (2017): On Calibration of Modern Neural Networks relativa a ¿cómo estimar el costo esperado de falsos positivos y falsos negativos sin imponer un umbr...,SRC-0030,Fuente SRC-0030,https://arxiv.org/abs/1706.04599,referencia_tecnica,Válido bajo contrato typesafe-sdk 0.7.0 y supuestos operacionales del Pilar P05.
AF-JEV-P05-005-03,JEV-P05-005,P05,¿Cómo estimar el costo esperado de falsos positivos y falsos negativos sin imponer un umbral universal de confianza?,Fundamentación técnica documentada en The Foundations of Cost-Sensitive Learning relativa a ¿cómo estimar el costo esperado de falsos positivos y falsos negativos sin imponer un umbr...,SRC-0035,Fuente SRC-0035,https://cdn.aaai.org/IJCAI/2001/IJCAI01-135.pdf,referencia_tecnica,Válido bajo contrato typesafe-sdk 0.7.0 y supuestos operacionales del Pilar P05.
AF-JEV-P05-005-04,JEV-P05-005,P05,¿Cómo estimar el costo esperado de falsos positivos y falsos negativos sin imponer un umbral universal de confianza?,Fundamentación técnica documentada en TypeSafe AI System One API Reference & State Specs (`POST /v1/systemone`) relativa a ¿cómo estimar el costo esperado de falsos positivos y falsos negativos sin imponer un umbr...,SRC-0039,Fuente SRC-0039,https://docs.typesafe.ai/api,documentado_proveedor,Válido bajo contrato typesafe-sdk 0.7.0 y supuestos operacionales del Pilar P05.
AF-JEV-P05-005-05,JEV-P05-005,P05,¿Cómo estimar el costo esperado de falsos positivos y falsos negativos sin imponer un umbral universal de confianza?,"Fundamentación técnica documentada en Documentos Analíticos Canónicos P05 (P05_DEEP_DIVE, EVIDENCE_MAP, CALIBRATION_PLAYBOOK) relativa a ¿cómo estimar el costo esperado de falsos positivos y falsos negativos sin imponer un umbr...",SRC-0041,Fuente SRC-0041,Cuaderno canónico P05 (`d65c48bf-c7d3-44d4-b0cf-79842f3df7dc`),analisis_interno,Válido bajo contrato typesafe-sdk 0.7.0 y supuestos operacionales del Pilar P05.
AF-JEV-P05-006-01,JEV-P05-006,P05,"¿Cuándo usar Brier score, log loss y curvas de fiabilidad, y qué aspectos del comportamiento no captura cada medida?","Fundamentación técnica documentada en Guo et al. (2017): On Calibration of Modern Neural Networks relativa a ¿cuándo usar brier score, log loss y curvas de fiabilidad, y qué aspectos del comportamien...",SRC-0030,Fuente SRC-0030,https://arxiv.org/abs/1706.04599,referencia_tecnica,Válido bajo contrato typesafe-sdk 0.7.0 y supuestos operacionales del Pilar P05.
AF-JEV-P05-006-02,JEV-P05-006,P05,"¿Cuándo usar Brier score, log loss y curvas de fiabilidad, y qué aspectos del comportamiento no captura cada medida?","Fundamentación técnica documentada en Documentos Analíticos Canónicos P05 (P05_DEEP_DIVE, EVIDENCE_MAP, CALIBRATION_PLAYBOOK) relativa a ¿cuándo usar brier score, log loss y curvas de fiabilidad, y qué aspectos del comportamien...",SRC-0041,Fuente SRC-0041,Cuaderno canónico P05 (`d65c48bf-c7d3-44d4-b0cf-79842f3df7dc`),analisis_interno,Válido bajo contrato typesafe-sdk 0.7.0 y supuestos operacionales del Pilar P05.
AF-JEV-P05-006-03,JEV-P05-006,P05,"¿Cuándo usar Brier score, log loss y curvas de fiabilidad, y qué aspectos del comportamiento no captura cada medida?","Fundamentación técnica documentada en Niculescu-Mizil & Caruana (2005): Predicting Good Probabilities With Supervised Learning relativa a ¿cuándo usar brier score, log loss y curvas de fiabilidad, y qué aspectos del comportamien...",SRC-0042,Fuente SRC-0042,https://doi.org/10.1145/1102351.1102430,referencia_tecnica,Válido bajo contrato typesafe-sdk 0.7.0 y supuestos operacionales del Pilar P05.
AF-JEV-P05-006-04,JEV-P05-006,P05,"¿Cuándo usar Brier score, log loss y curvas de fiabilidad, y qué aspectos del comportamiento no captura cada medida?","Fundamentación técnica documentada en Brier (1950): Verification of Forecasts Expressed in Terms of Probability relativa a ¿cuándo usar brier score, log loss y curvas de fiabilidad, y qué aspectos del comportamien...",SRC-0044,Fuente SRC-0044,https://doi.org/10.1175/1520-0493(1950)078<0001:VOFEIT>2.0.CO;2,referencia_tecnica,Válido bajo contrato typesafe-sdk 0.7.0 y supuestos operacionales del Pilar P05.
AF-JEV-P05-007-01,JEV-P05-007,P05,¿Cómo afectan la elección de intervalos y el tamaño de muestra a medidas de error de calibración como ECE?,Fundamentación técnica documentada en TypeSafe AI: Confidence & Calibration relativa a ¿cómo afectan la elección de intervalos y el tamaño de muestra a medidas de error de calib...,SRC-0003,Fuente SRC-0003,https://docs.typesafe.ai/confidence,documentado_proveedor,Válido bajo contrato typesafe-sdk 0.7.0 y supuestos operacionales del Pilar P05.
AF-JEV-P05-007-02,JEV-P05-007,P05,¿Cómo afectan la elección de intervalos y el tamaño de muestra a medidas de error de calibración como ECE?,Fundamentación técnica documentada en Guo et al. (2017): On Calibration of Modern Neural Networks relativa a ¿cómo afectan la elección de intervalos y el tamaño de muestra a medidas de error de calib...,SRC-0030,Fuente SRC-0030,https://arxiv.org/abs/1706.04599,referencia_tecnica,Válido bajo contrato typesafe-sdk 0.7.0 y supuestos operacionales del Pilar P05.
AF-JEV-P05-007-03,JEV-P05-007,P05,¿Cómo afectan la elección de intervalos y el tamaño de muestra a medidas de error de calibración como ECE?,"Fundamentación técnica documentada en Documentos Analíticos Canónicos P05 (P05_DEEP_DIVE, EVIDENCE_MAP, CALIBRATION_PLAYBOOK) relativa a ¿cómo afectan la elección de intervalos y el tamaño de muestra a medidas de error de calib...",SRC-0041,Fuente SRC-0041,Cuaderno canónico P05 (`d65c48bf-c7d3-44d4-b0cf-79842f3df7dc`),analisis_interno,Válido bajo contrato typesafe-sdk 0.7.0 y supuestos operacionales del Pilar P05.
AF-JEV-P05-007-04,JEV-P05-007,P05,¿Cómo afectan la elección de intervalos y el tamaño de muestra a medidas de error de calibración como ECE?,Fundamentación técnica documentada en Brier (1950): Verification of Forecasts Expressed in Terms of Probability relativa a ¿cómo afectan la elección de intervalos y el tamaño de muestra a medidas de error de calib...,SRC-0044,Fuente SRC-0044,https://doi.org/10.1175/1520-0493(1950)078<0001:VOFEIT>2.0.CO;2,referencia_tecnica,Válido bajo contrato typesafe-sdk 0.7.0 y supuestos operacionales del Pilar P05.
AF-JEV-P05-008-01,JEV-P05-008,P05,¿Cómo detectar buena calibración agregada que oculta errores graves en clases minoritarias o grupos relevantes?,Fundamentación técnica documentada en TypeSafe AI: Confidence & Calibration relativa a ¿cómo detectar buena calibración agregada que oculta errores graves en clases minoritarias...,SRC-0003,Fuente SRC-0003,https://docs.typesafe.ai/confidence,documentado_proveedor,Válido bajo contrato typesafe-sdk 0.7.0 y supuestos operacionales del Pilar P05.
AF-JEV-P05-008-02,JEV-P05-008,P05,¿Cómo detectar buena calibración agregada que oculta errores graves en clases minoritarias o grupos relevantes?,Fundamentación técnica documentada en GitHub Gist: pjburnhill — Comprehensive Project Reference for Jev relativa a ¿cómo detectar buena calibración agregada que oculta errores graves en clases minoritarias...,SRC-0020,Fuente SRC-0020,https://gist.github.com/pjburnhill/adf8d28efcad9df037bfdece178ef965,medido_independiente,Válido bajo contrato typesafe-sdk 0.7.0 y supuestos operacionales del Pilar P05.
AF-JEV-P05-008-03,JEV-P05-008,P05,¿Cómo detectar buena calibración agregada que oculta errores graves en clases minoritarias o grupos relevantes?,Fundamentación técnica documentada en Guo et al. (2017): On Calibration of Modern Neural Networks relativa a ¿cómo detectar buena calibración agregada que oculta errores graves en clases minoritarias...,SRC-0030,Fuente SRC-0030,https://arxiv.org/abs/1706.04599,referencia_tecnica,Válido bajo contrato typesafe-sdk 0.7.0 y supuestos operacionales del Pilar P05.
AF-JEV-P05-008-04,JEV-P05-008,P05,¿Cómo detectar buena calibración agregada que oculta errores graves en clases minoritarias o grupos relevantes?,Fundamentación técnica documentada en The Foundations of Cost-Sensitive Learning relativa a ¿cómo detectar buena calibración agregada que oculta errores graves en clases minoritarias...,SRC-0035,Fuente SRC-0035,https://cdn.aaai.org/IJCAI/2001/IJCAI01-135.pdf,referencia_tecnica,Válido bajo contrato typesafe-sdk 0.7.0 y supuestos operacionales del Pilar P05.
AF-JEV-P05-008-05,JEV-P05-008,P05,¿Cómo detectar buena calibración agregada que oculta errores graves en clases minoritarias o grupos relevantes?,"Fundamentación técnica documentada en Documentos Analíticos Canónicos P05 (P05_DEEP_DIVE, EVIDENCE_MAP, CALIBRATION_PLAYBOOK) relativa a ¿cómo detectar buena calibración agregada que oculta errores graves en clases minoritarias...",SRC-0041,Fuente SRC-0041,Cuaderno canónico P05 (`d65c48bf-c7d3-44d4-b0cf-79842f3df7dc`),analisis_interno,Válido bajo contrato typesafe-sdk 0.7.0 y supuestos operacionales del Pilar P05.
AF-JEV-P05-009-01,JEV-P05-009,P05,¿Cómo ajustar umbrales con validación reservando un conjunto final que permanezca intacto hasta evaluar la política completa?,Fundamentación técnica documentada en TypeSafe AI: Confidence & Calibration relativa a ¿cómo ajustar umbrales con validación reservando un conjunto final que permanezca intacto ...,SRC-0003,Fuente SRC-0003,https://docs.typesafe.ai/confidence,documentado_proveedor,Válido bajo contrato typesafe-sdk 0.7.0 y supuestos operacionales del Pilar P05.
AF-JEV-P05-009-02,JEV-P05-009,P05,¿Cómo ajustar umbrales con validación reservando un conjunto final que permanezca intacto hasta evaluar la política completa?,Fundamentación técnica documentada en Guo et al. (2017): On Calibration of Modern Neural Networks relativa a ¿cómo ajustar umbrales con validación reservando un conjunto final que permanezca intacto ...,SRC-0030,Fuente SRC-0030,https://arxiv.org/abs/1706.04599,referencia_tecnica,Válido bajo contrato typesafe-sdk 0.7.0 y supuestos operacionales del Pilar P05.
AF-JEV-P05-009-03,JEV-P05-009,P05,¿Cómo ajustar umbrales con validación reservando un conjunto final que permanezca intacto hasta evaluar la política completa?,Fundamentación técnica documentada en The Foundations of Cost-Sensitive Learning relativa a ¿cómo ajustar umbrales con validación reservando un conjunto final que permanezca intacto ...,SRC-0035,Fuente SRC-0035,https://cdn.aaai.org/IJCAI/2001/IJCAI01-135.pdf,referencia_tecnica,Válido bajo contrato typesafe-sdk 0.7.0 y supuestos operacionales del Pilar P05.
AF-JEV-P05-009-04,JEV-P05-009,P05,¿Cómo ajustar umbrales con validación reservando un conjunto final que permanezca intacto hasta evaluar la política completa?,"Fundamentación técnica documentada en Documentos Analíticos Canónicos P05 (P05_DEEP_DIVE, EVIDENCE_MAP, CALIBRATION_PLAYBOOK) relativa a ¿cómo ajustar umbrales con validación reservando un conjunto final que permanezca intacto ...",SRC-0041,Fuente SRC-0041,Cuaderno canónico P05 (`d65c48bf-c7d3-44d4-b0cf-79842f3df7dc`),analisis_interno,Válido bajo contrato typesafe-sdk 0.7.0 y supuestos operacionales del Pilar P05.
AF-JEV-P05-010-01,JEV-P05-010,P05,¿Cómo expresar incertidumbre de las métricas y decidir si hay muestra suficiente para automatizar una fracción del tráfico?,Fundamentación técnica documentada en GitHub Gist: pjburnhill — Comprehensive Project Reference for Jev relativa a ¿cómo expresar incertidumbre de las métricas y decidir si hay muestra suficiente para auto...,SRC-0020,Fuente SRC-0020,https://gist.github.com/pjburnhill/adf8d28efcad9df037bfdece178ef965,medido_independiente,Válido bajo contrato typesafe-sdk 0.7.0 y supuestos operacionales del Pilar P05.
AF-JEV-P05-010-02,JEV-P05-010,P05,¿Cómo expresar incertidumbre de las métricas y decidir si hay muestra suficiente para automatizar una fracción del tráfico?,Fundamentación técnica documentada en Guo et al. (2017): On Calibration of Modern Neural Networks relativa a ¿cómo expresar incertidumbre de las métricas y decidir si hay muestra suficiente para auto...,SRC-0030,Fuente SRC-0030,https://arxiv.org/abs/1706.04599,referencia_tecnica,Válido bajo contrato typesafe-sdk 0.7.0 y supuestos operacionales del Pilar P05.
AF-JEV-P05-010-03,JEV-P05-010,P05,¿Cómo expresar incertidumbre de las métricas y decidir si hay muestra suficiente para automatizar una fracción del tráfico?,Fundamentación técnica documentada en TypeSafe AI System One API Reference & State Specs (`POST /v1/systemone`) relativa a ¿cómo expresar incertidumbre de las métricas y decidir si hay muestra suficiente para auto...,SRC-0039,Fuente SRC-0039,https://docs.typesafe.ai/api,documentado_proveedor,Válido bajo contrato typesafe-sdk 0.7.0 y supuestos operacionales del Pilar P05.
AF-JEV-P05-010-04,JEV-P05-010,P05,¿Cómo expresar incertidumbre de las métricas y decidir si hay muestra suficiente para automatizar una fracción del tráfico?,"Fundamentación técnica documentada en Documentos Analíticos Canónicos P05 (P05_DEEP_DIVE, EVIDENCE_MAP, CALIBRATION_PLAYBOOK) relativa a ¿cómo expresar incertidumbre de las métricas y decidir si hay muestra suficiente para auto...",SRC-0041,Fuente SRC-0041,Cuaderno canónico P05 (`d65c48bf-c7d3-44d4-b0cf-79842f3df7dc`),analisis_interno,Válido bajo contrato typesafe-sdk 0.7.0 y supuestos operacionales del Pilar P05.
AF-JEV-P05-011-01,JEV-P05-011,P05,¿Cómo cambia la decisión óptima cuando se modifica la prevalencia de una clase aunque el modelo no haya cambiado?,Fundamentación técnica documentada en TypeSafe AI Official Documentation relativa a ¿cómo cambia la decisión óptima cuando se modifica la prevalencia de una clase aunque el m...,SRC-0002,Fuente SRC-0002,https://docs.typesafe.ai/,documentado_proveedor,Válido bajo contrato typesafe-sdk 0.7.0 y supuestos operacionales del Pilar P05.
AF-JEV-P05-011-02,JEV-P05-011,P05,¿Cómo cambia la decisión óptima cuando se modifica la prevalencia de una clase aunque el modelo no haya cambiado?,Fundamentación técnica documentada en The Foundations of Cost-Sensitive Learning relativa a ¿cómo cambia la decisión óptima cuando se modifica la prevalencia de una clase aunque el m...,SRC-0035,Fuente SRC-0035,https://cdn.aaai.org/IJCAI/2001/IJCAI01-135.pdf,referencia_tecnica,Válido bajo contrato typesafe-sdk 0.7.0 y supuestos operacionales del Pilar P05.
AF-JEV-P05-011-03,JEV-P05-011,P05,¿Cómo cambia la decisión óptima cuando se modifica la prevalencia de una clase aunque el modelo no haya cambiado?,Fundamentación técnica documentada en TypeSafe AI System One API Reference & State Specs (`POST /v1/systemone`) relativa a ¿cómo cambia la decisión óptima cuando se modifica la prevalencia de una clase aunque el m...,SRC-0039,Fuente SRC-0039,https://docs.typesafe.ai/api,documentado_proveedor,Válido bajo contrato typesafe-sdk 0.7.0 y supuestos operacionales del Pilar P05.
AF-JEV-P05-011-04,JEV-P05-011,P05,¿Cómo cambia la decisión óptima cuando se modifica la prevalencia de una clase aunque el modelo no haya cambiado?,"Fundamentación técnica documentada en Documentos Analíticos Canónicos P05 (P05_DEEP_DIVE, EVIDENCE_MAP, CALIBRATION_PLAYBOOK) relativa a ¿cómo cambia la decisión óptima cuando se modifica la prevalencia de una clase aunque el m...",SRC-0041,Fuente SRC-0041,Cuaderno canónico P05 (`d65c48bf-c7d3-44d4-b0cf-79842f3df7dc`),analisis_interno,Válido bajo contrato typesafe-sdk 0.7.0 y supuestos operacionales del Pilar P05.
AF-JEV-P05-012-01,JEV-P05-012,P05,¿Qué muestran las curvas de riesgo frente a cobertura y cómo incorporar el costo de los casos escalados a humanos?,Fundamentación técnica documentada en GitHub Gist: pjburnhill — Comprehensive Project Reference for Jev relativa a ¿qué muestran las curvas de riesgo frente a cobertura y cómo incorporar el costo de los ca...,SRC-0020,Fuente SRC-0020,https://gist.github.com/pjburnhill/adf8d28efcad9df037bfdece178ef965,medido_independiente,Válido bajo contrato typesafe-sdk 0.7.0 y supuestos operacionales del Pilar P05.
AF-JEV-P05-012-02,JEV-P05-012,P05,¿Qué muestran las curvas de riesgo frente a cobertura y cómo incorporar el costo de los casos escalados a humanos?,Fundamentación técnica documentada en Geifman & El-Yaniv (2017): Selective Classification for Deep Neural Networks relativa a ¿qué muestran las curvas de riesgo frente a cobertura y cómo incorporar el costo de los ca...,SRC-0029,Fuente SRC-0029,https://arxiv.org/abs/1705.08500,referencia_tecnica,Válido bajo contrato typesafe-sdk 0.7.0 y supuestos operacionales del Pilar P05.
AF-JEV-P05-012-03,JEV-P05-012,P05,¿Qué muestran las curvas de riesgo frente a cobertura y cómo incorporar el costo de los casos escalados a humanos?,Fundamentación técnica documentada en Mozannar & Sontag (2020): Consistent Estimators for Learning to Defer to an Expert relativa a ¿qué muestran las curvas de riesgo frente a cobertura y cómo incorporar el costo de los ca...,SRC-0032,Fuente SRC-0032,https://arxiv.org/abs/2006.01862,referencia_tecnica,Válido bajo contrato typesafe-sdk 0.7.0 y supuestos operacionales del Pilar P05.
AF-JEV-P05-012-04,JEV-P05-012,P05,¿Qué muestran las curvas de riesgo frente a cobertura y cómo incorporar el costo de los casos escalados a humanos?,"Fundamentación técnica documentada en Documentos Analíticos Canónicos P05 (P05_DEEP_DIVE, EVIDENCE_MAP, CALIBRATION_PLAYBOOK) relativa a ¿qué muestran las curvas de riesgo frente a cobertura y cómo incorporar el costo de los ca...",SRC-0041,Fuente SRC-0041,Cuaderno canónico P05 (`d65c48bf-c7d3-44d4-b0cf-79842f3df7dc`),analisis_interno,Válido bajo contrato typesafe-sdk 0.7.0 y supuestos operacionales del Pilar P05.
AF-JEV-P05-013-01,JEV-P05-013,P05,"¿Qué métodos de recalibración podrían evaluarse y qué datos, supuestos y riesgos de sobreajuste requiere cada uno?","Fundamentación técnica documentada en Guo et al. (2017): On Calibration of Modern Neural Networks relativa a ¿qué métodos de recalibración podrían evaluarse y qué datos, supuestos y riesgos de sobrea...",SRC-0030,Fuente SRC-0030,https://arxiv.org/abs/1706.04599,referencia_tecnica,Válido bajo contrato typesafe-sdk 0.7.0 y supuestos operacionales del Pilar P05.
AF-JEV-P05-013-02,JEV-P05-013,P05,"¿Qué métodos de recalibración podrían evaluarse y qué datos, supuestos y riesgos de sobreajuste requiere cada uno?","Fundamentación técnica documentada en TypeSafe AI System One API Reference & State Specs (`POST /v1/systemone`) relativa a ¿qué métodos de recalibración podrían evaluarse y qué datos, supuestos y riesgos de sobrea...",SRC-0039,Fuente SRC-0039,https://docs.typesafe.ai/api,documentado_proveedor,Válido bajo contrato typesafe-sdk 0.7.0 y supuestos operacionales del Pilar P05.
AF-JEV-P05-013-03,JEV-P05-013,P05,"¿Qué métodos de recalibración podrían evaluarse y qué datos, supuestos y riesgos de sobreajuste requiere cada uno?","Fundamentación técnica documentada en Documentos Analíticos Canónicos P05 (P05_DEEP_DIVE, EVIDENCE_MAP, CALIBRATION_PLAYBOOK) relativa a ¿qué métodos de recalibración podrían evaluarse y qué datos, supuestos y riesgos de sobrea...",SRC-0041,Fuente SRC-0041,Cuaderno canónico P05 (`d65c48bf-c7d3-44d4-b0cf-79842f3df7dc`),analisis_interno,Válido bajo contrato typesafe-sdk 0.7.0 y supuestos operacionales del Pilar P05.
AF-JEV-P05-013-04,JEV-P05-013,P05,"¿Qué métodos de recalibración podrían evaluarse y qué datos, supuestos y riesgos de sobreajuste requiere cada uno?","Fundamentación técnica documentada en Niculescu-Mizil & Caruana (2005): Predicting Good Probabilities With Supervised Learning relativa a ¿qué métodos de recalibración podrían evaluarse y qué datos, supuestos y riesgos de sobrea...",SRC-0042,Fuente SRC-0042,https://doi.org/10.1145/1102351.1102430,referencia_tecnica,Válido bajo contrato typesafe-sdk 0.7.0 y supuestos operacionales del Pilar P05.
AF-JEV-P05-014-01,JEV-P05-014,P05,¿Cuándo es pertinente la predicción conforme y qué supuestos impedirían tratar sus garantías como universales en producción?,Fundamentación técnica documentada en TypeSafe AI System One API Reference & State Specs (`POST /v1/systemone`) relativa a ¿cuándo es pertinente la predicción conforme y qué supuestos impedirían tratar sus garantí...,SRC-0039,Fuente SRC-0039,https://docs.typesafe.ai/api,documentado_proveedor,Válido bajo contrato typesafe-sdk 0.7.0 y supuestos operacionales del Pilar P05.
AF-JEV-P05-014-02,JEV-P05-014,P05,¿Cuándo es pertinente la predicción conforme y qué supuestos impedirían tratar sus garantías como universales en producción?,"Fundamentación técnica documentada en Documentos Analíticos Canónicos P05 (P05_DEEP_DIVE, EVIDENCE_MAP, CALIBRATION_PLAYBOOK) relativa a ¿cuándo es pertinente la predicción conforme y qué supuestos impedirían tratar sus garantí...",SRC-0041,Fuente SRC-0041,Cuaderno canónico P05 (`d65c48bf-c7d3-44d4-b0cf-79842f3df7dc`),analisis_interno,Válido bajo contrato typesafe-sdk 0.7.0 y supuestos operacionales del Pilar P05.
AF-JEV-P05-014-03,JEV-P05-014,P05,¿Cuándo es pertinente la predicción conforme y qué supuestos impedirían tratar sus garantías como universales en producción?,Fundamentación técnica documentada en Angelopoulos & Bates (2021): A Gentle Introduction to Conformal Prediction relativa a ¿cuándo es pertinente la predicción conforme y qué supuestos impedirían tratar sus garantí...,SRC-0043,Fuente SRC-0043,https://arxiv.org/abs/2107.07511,referencia_tecnica,Válido bajo contrato typesafe-sdk 0.7.0 y supuestos operacionales del Pilar P05.
AF-JEV-P05-015-01,JEV-P05-015,P05,¿Cómo distinguir desacuerdo razonable entre etiquetas humanas de mala calibración o errores del modelo?,Fundamentación técnica documentada en Guo et al. (2017): On Calibration of Modern Neural Networks relativa a ¿cómo distinguir desacuerdo razonable entre etiquetas humanas de mala calibración o errore...,SRC-0030,Fuente SRC-0030,https://arxiv.org/abs/1706.04599,referencia_tecnica,Válido bajo contrato typesafe-sdk 0.7.0 y supuestos operacionales del Pilar P05.
AF-JEV-P05-015-02,JEV-P05-015,P05,¿Cómo distinguir desacuerdo razonable entre etiquetas humanas de mala calibración o errores del modelo?,Fundamentación técnica documentada en TypeSafe AI System One API Reference & State Specs (`POST /v1/systemone`) relativa a ¿cómo distinguir desacuerdo razonable entre etiquetas humanas de mala calibración o errore...,SRC-0039,Fuente SRC-0039,https://docs.typesafe.ai/api,documentado_proveedor,Válido bajo contrato typesafe-sdk 0.7.0 y supuestos operacionales del Pilar P05.
AF-JEV-P05-015-03,JEV-P05-015,P05,¿Cómo distinguir desacuerdo razonable entre etiquetas humanas de mala calibración o errores del modelo?,"Fundamentación técnica documentada en Documentos Analíticos Canónicos P05 (P05_DEEP_DIVE, EVIDENCE_MAP, CALIBRATION_PLAYBOOK) relativa a ¿cómo distinguir desacuerdo razonable entre etiquetas humanas de mala calibración o errore...",SRC-0041,Fuente SRC-0041,Cuaderno canónico P05 (`d65c48bf-c7d3-44d4-b0cf-79842f3df7dc`),analisis_interno,Válido bajo contrato typesafe-sdk 0.7.0 y supuestos operacionales del Pilar P05.
AF-JEV-P05-016-01,JEV-P05-016,P05,¿Qué significa una salida muy segura ante evidencia insuficiente y qué controles externos pueden detectarla?,Fundamentación técnica documentada en TypeSafe AI Official Documentation relativa a ¿qué significa una salida muy segura ante evidencia insuficiente y qué controles externos ...,SRC-0002,Fuente SRC-0002,https://docs.typesafe.ai/,documentado_proveedor,Válido bajo contrato typesafe-sdk 0.7.0 y supuestos operacionales del Pilar P05.
AF-JEV-P05-016-02,JEV-P05-016,P05,¿Qué significa una salida muy segura ante evidencia insuficiente y qué controles externos pueden detectarla?,Fundamentación técnica documentada en Guo et al. (2017): On Calibration of Modern Neural Networks relativa a ¿qué significa una salida muy segura ante evidencia insuficiente y qué controles externos ...,SRC-0030,Fuente SRC-0030,https://arxiv.org/abs/1706.04599,referencia_tecnica,Válido bajo contrato typesafe-sdk 0.7.0 y supuestos operacionales del Pilar P05.
AF-JEV-P05-016-03,JEV-P05-016,P05,¿Qué significa una salida muy segura ante evidencia insuficiente y qué controles externos pueden detectarla?,Fundamentación técnica documentada en TypeSafe AI System One API Reference & State Specs (`POST /v1/systemone`) relativa a ¿qué significa una salida muy segura ante evidencia insuficiente y qué controles externos ...,SRC-0039,Fuente SRC-0039,https://docs.typesafe.ai/api,documentado_proveedor,Válido bajo contrato typesafe-sdk 0.7.0 y supuestos operacionales del Pilar P05.
AF-JEV-P05-016-04,JEV-P05-016,P05,¿Qué significa una salida muy segura ante evidencia insuficiente y qué controles externos pueden detectarla?,"Fundamentación técnica documentada en Documentos Analíticos Canónicos P05 (P05_DEEP_DIVE, EVIDENCE_MAP, CALIBRATION_PLAYBOOK) relativa a ¿qué significa una salida muy segura ante evidencia insuficiente y qué controles externos ...",SRC-0041,Fuente SRC-0041,Cuaderno canónico P05 (`d65c48bf-c7d3-44d4-b0cf-79842f3df7dc`),analisis_interno,Válido bajo contrato typesafe-sdk 0.7.0 y supuestos operacionales del Pilar P05.
AF-JEV-P05-017-01,JEV-P05-017,P05,¿Por qué combinar probabilidades de varias decisiones puede ser inválido si sus errores están correlacionados?,Fundamentación técnica documentada en Guo et al. (2017): On Calibration of Modern Neural Networks relativa a ¿por qué combinar probabilidades de varias decisiones puede ser inválido si sus errores es...,SRC-0030,Fuente SRC-0030,https://arxiv.org/abs/1706.04599,referencia_tecnica,Válido bajo contrato typesafe-sdk 0.7.0 y supuestos operacionales del Pilar P05.
AF-JEV-P05-017-02,JEV-P05-017,P05,¿Por qué combinar probabilidades de varias decisiones puede ser inválido si sus errores están correlacionados?,"Fundamentación técnica documentada en Documentos Analíticos Canónicos P03 (P03_DEEP_DIVE, EVIDENCE_MAP, WORKFLOW_PLAYBOOK) relativa a ¿por qué combinar probabilidades de varias decisiones puede ser inválido si sus errores es...",SRC-0034,Fuente SRC-0034,Cuaderno canónico P03 (`420bc955-32d2-44bf-b9ad-e3b8a7874d43`),analisis_interno,Válido bajo contrato typesafe-sdk 0.7.0 y supuestos operacionales del Pilar P05.
AF-JEV-P05-017-03,JEV-P05-017,P05,¿Por qué combinar probabilidades de varias decisiones puede ser inválido si sus errores están correlacionados?,Fundamentación técnica documentada en TypeSafe AI System One API Reference & State Specs (`POST /v1/systemone`) relativa a ¿por qué combinar probabilidades de varias decisiones puede ser inválido si sus errores es...,SRC-0039,Fuente SRC-0039,https://docs.typesafe.ai/api,documentado_proveedor,Válido bajo contrato typesafe-sdk 0.7.0 y supuestos operacionales del Pilar P05.
AF-JEV-P05-017-04,JEV-P05-017,P05,¿Por qué combinar probabilidades de varias decisiones puede ser inválido si sus errores están correlacionados?,"Fundamentación técnica documentada en Documentos Analíticos Canónicos P05 (P05_DEEP_DIVE, EVIDENCE_MAP, CALIBRATION_PLAYBOOK) relativa a ¿por qué combinar probabilidades de varias decisiones puede ser inválido si sus errores es...",SRC-0041,Fuente SRC-0041,Cuaderno canónico P05 (`d65c48bf-c7d3-44d4-b0cf-79842f3df7dc`),analisis_interno,Válido bajo contrato typesafe-sdk 0.7.0 y supuestos operacionales del Pilar P05.
AF-JEV-P05-018-01,JEV-P05-018,P05,"¿Cómo detectar pérdida de calibración tras cambios de dominio, idioma, taxonomía o versión y decidir cuándo recalibrar?","Fundamentación técnica documentada en GitHub Gist: pjburnhill — Comprehensive Project Reference for Jev relativa a ¿cómo detectar pérdida de calibración tras cambios de dominio, idioma, taxonomía o versión...",SRC-0020,Fuente SRC-0020,https://gist.github.com/pjburnhill/adf8d28efcad9df037bfdece178ef965,medido_independiente,Válido bajo contrato typesafe-sdk 0.7.0 y supuestos operacionales del Pilar P05.
AF-JEV-P05-018-02,JEV-P05-018,P05,"¿Cómo detectar pérdida de calibración tras cambios de dominio, idioma, taxonomía o versión y decidir cuándo recalibrar?","Fundamentación técnica documentada en Guo et al. (2017): On Calibration of Modern Neural Networks relativa a ¿cómo detectar pérdida de calibración tras cambios de dominio, idioma, taxonomía o versión...",SRC-0030,Fuente SRC-0030,https://arxiv.org/abs/1706.04599,referencia_tecnica,Válido bajo contrato typesafe-sdk 0.7.0 y supuestos operacionales del Pilar P05.
AF-JEV-P05-018-03,JEV-P05-018,P05,"¿Cómo detectar pérdida de calibración tras cambios de dominio, idioma, taxonomía o versión y decidir cuándo recalibrar?","Fundamentación técnica documentada en The Foundations of Cost-Sensitive Learning relativa a ¿cómo detectar pérdida de calibración tras cambios de dominio, idioma, taxonomía o versión...",SRC-0035,Fuente SRC-0035,https://cdn.aaai.org/IJCAI/2001/IJCAI01-135.pdf,referencia_tecnica,Válido bajo contrato typesafe-sdk 0.7.0 y supuestos operacionales del Pilar P05.
AF-JEV-P05-018-04,JEV-P05-018,P05,"¿Cómo detectar pérdida de calibración tras cambios de dominio, idioma, taxonomía o versión y decidir cuándo recalibrar?","Fundamentación técnica documentada en Documentos Analíticos Canónicos P05 (P05_DEEP_DIVE, EVIDENCE_MAP, CALIBRATION_PLAYBOOK) relativa a ¿cómo detectar pérdida de calibración tras cambios de dominio, idioma, taxonomía o versión...",SRC-0041,Fuente SRC-0041,Cuaderno canónico P05 (`d65c48bf-c7d3-44d4-b0cf-79842f3df7dc`),analisis_interno,Válido bajo contrato typesafe-sdk 0.7.0 y supuestos operacionales del Pilar P05.
AF-JEV-P05-019-01,JEV-P05-019,P05,¿Cómo presentar incertidumbre a una persona operadora sin inducir confianza excesiva ni convertir cada caso en una revisión innecesaria?,Fundamentación técnica documentada en TypeSafe AI: Confidence & Calibration relativa a ¿cómo presentar incertidumbre a una persona operadora sin inducir confianza excesiva ni co...,SRC-0003,Fuente SRC-0003,https://docs.typesafe.ai/confidence,documentado_proveedor,Válido bajo contrato typesafe-sdk 0.7.0 y supuestos operacionales del Pilar P05.
AF-JEV-P05-019-02,JEV-P05-019,P05,¿Cómo presentar incertidumbre a una persona operadora sin inducir confianza excesiva ni convertir cada caso en una revisión innecesaria?,Fundamentación técnica documentada en Guo et al. (2017): On Calibration of Modern Neural Networks relativa a ¿cómo presentar incertidumbre a una persona operadora sin inducir confianza excesiva ni co...,SRC-0030,Fuente SRC-0030,https://arxiv.org/abs/1706.04599,referencia_tecnica,Válido bajo contrato typesafe-sdk 0.7.0 y supuestos operacionales del Pilar P05.
AF-JEV-P05-019-03,JEV-P05-019,P05,¿Cómo presentar incertidumbre a una persona operadora sin inducir confianza excesiva ni convertir cada caso en una revisión innecesaria?,Fundamentación técnica documentada en Mozannar & Sontag (2020): Consistent Estimators for Learning to Defer to an Expert relativa a ¿cómo presentar incertidumbre a una persona operadora sin inducir confianza excesiva ni co...,SRC-0032,Fuente SRC-0032,https://arxiv.org/abs/2006.01862,referencia_tecnica,Válido bajo contrato typesafe-sdk 0.7.0 y supuestos operacionales del Pilar P05.
AF-JEV-P05-019-04,JEV-P05-019,P05,¿Cómo presentar incertidumbre a una persona operadora sin inducir confianza excesiva ni convertir cada caso en una revisión innecesaria?,"Fundamentación técnica documentada en Documentos Analíticos Canónicos P05 (P05_DEEP_DIVE, EVIDENCE_MAP, CALIBRATION_PLAYBOOK) relativa a ¿cómo presentar incertidumbre a una persona operadora sin inducir confianza excesiva ni co...",SRC-0041,Fuente SRC-0041,Cuaderno canónico P05 (`d65c48bf-c7d3-44d4-b0cf-79842f3df7dc`),analisis_interno,Válido bajo contrato typesafe-sdk 0.7.0 y supuestos operacionales del Pilar P05.
AF-JEV-P05-019-05,JEV-P05-019,P05,¿Cómo presentar incertidumbre a una persona operadora sin inducir confianza excesiva ni convertir cada caso en una revisión innecesaria?,"Fundamentación técnica documentada en Parasuraman, Sheridan & Wickens (2000): A Model for Types and Levels of Human Interaction with Automation relativa a ¿cómo presentar incertidumbre a una persona operadora sin inducir confianza excesiva ni co...",SRC-0045,Fuente SRC-0045,https://doi.org/10.1109/3468.844354,referencia_tecnica,Válido bajo contrato typesafe-sdk 0.7.0 y supuestos operacionales del Pilar P05.
AF-JEV-P05-020-01,JEV-P05-020,P05,"¿Qué política documentada de umbrales, revisión y abstención debería acompañar cada piloto de Jev?","Fundamentación técnica documentada en TypeSafe AI: Confidence & Calibration relativa a ¿qué política documentada de umbrales, revisión y abstención debería acompañar cada piloto...",SRC-0003,Fuente SRC-0003,https://docs.typesafe.ai/confidence,documentado_proveedor,Válido bajo contrato typesafe-sdk 0.7.0 y supuestos operacionales del Pilar P05.
AF-JEV-P05-020-02,JEV-P05-020,P05,"¿Qué política documentada de umbrales, revisión y abstención debería acompañar cada piloto de Jev?","Fundamentación técnica documentada en Guo et al. (2017): On Calibration of Modern Neural Networks relativa a ¿qué política documentada de umbrales, revisión y abstención debería acompañar cada piloto...",SRC-0030,Fuente SRC-0030,https://arxiv.org/abs/1706.04599,referencia_tecnica,Válido bajo contrato typesafe-sdk 0.7.0 y supuestos operacionales del Pilar P05.
AF-JEV-P05-020-03,JEV-P05-020,P05,"¿Qué política documentada de umbrales, revisión y abstención debería acompañar cada piloto de Jev?","Fundamentación técnica documentada en Hendrickx et al. (2021): Machine Learning with a Reject Option: A Survey relativa a ¿qué política documentada de umbrales, revisión y abstención debería acompañar cada piloto...",SRC-0031,Fuente SRC-0031,https://arxiv.org/abs/2107.11277,fundamento_academico,Válido bajo contrato typesafe-sdk 0.7.0 y supuestos operacionales del Pilar P05.
AF-JEV-P05-020-04,JEV-P05-020,P05,"¿Qué política documentada de umbrales, revisión y abstención debería acompañar cada piloto de Jev?","Fundamentación técnica documentada en The Foundations of Cost-Sensitive Learning relativa a ¿qué política documentada de umbrales, revisión y abstención debería acompañar cada piloto...",SRC-0035,Fuente SRC-0035,https://cdn.aaai.org/IJCAI/2001/IJCAI01-135.pdf,referencia_tecnica,Válido bajo contrato typesafe-sdk 0.7.0 y supuestos operacionales del Pilar P05.
AF-JEV-P05-020-05,JEV-P05-020,P05,"¿Qué política documentada de umbrales, revisión y abstención debería acompañar cada piloto de Jev?","Fundamentación técnica documentada en Patterns of Distributed Systems & Decoupled Execution (CQRS / Sagas) relativa a ¿qué política documentada de umbrales, revisión y abstención debería acompañar cada piloto...",SRC-0038,Fuente SRC-0038,https://martinfowler.com/bliki/CQRS.html,referencia_tecnica,Válido bajo contrato typesafe-sdk 0.7.0 y supuestos operacionales del Pilar P05.
AF-JEV-P05-020-06,JEV-P05-020,P05,"¿Qué política documentada de umbrales, revisión y abstención debería acompañar cada piloto de Jev?","Fundamentación técnica documentada en Documentos Analíticos Canónicos P05 (P05_DEEP_DIVE, EVIDENCE_MAP, CALIBRATION_PLAYBOOK) relativa a ¿qué política documentada de umbrales, revisión y abstención debería acompañar cada piloto...",SRC-0041,Fuente SRC-0041,Cuaderno canónico P05 (`d65c48bf-c7d3-44d4-b0cf-79842f3df7dc`),analisis_interno,Válido bajo contrato typesafe-sdk 0.7.0 y supuestos operacionales del Pilar P05.
AF-JEV-P05-020-07,JEV-P05-020,P05,"¿Qué política documentada de umbrales, revisión y abstención debería acompañar cada piloto de Jev?","Fundamentación técnica documentada en Parasuraman, Sheridan & Wickens (2000): A Model for Types and Levels of Human Interaction with Automation relativa a ¿qué política documentada de umbrales, revisión y abstención debería acompañar cada piloto...",SRC-0045,Fuente SRC-0045,https://doi.org/10.1109/3468.844354,referencia_tecnica,Válido bajo contrato typesafe-sdk 0.7.0 y supuestos operacionales del Pilar P05.
AF-JEV-P02-001-01,JEV-P02-001,P02,¿Qué componentes del entrenamiento y de la inferencia están realmente divulgados y cuáles siguen sin documentación pública suficiente?,Fundamentación técnica documentada en Introducing System One Models and Jev relativa a ¿qué componentes del entrenamiento y de la inferencia están realmente divulgados y cuáles ...,SRC-0001,Fuente SRC-0001,https://typesafe.ai/blog/introducing-system-one-models-and-jev,documentado_proveedor,Válido bajo contrato typesafe-sdk 0.7.0 y supuestos operacionales del Pilar P02.
AF-JEV-P02-001-02,JEV-P02-001,P02,¿Qué componentes del entrenamiento y de la inferencia están realmente divulgados y cuáles siguen sin documentación pública suficiente?,Fundamentación técnica documentada en TypeSafe AI Official Documentation relativa a ¿qué componentes del entrenamiento y de la inferencia están realmente divulgados y cuáles ...,SRC-0002,Fuente SRC-0002,https://docs.typesafe.ai/,documentado_proveedor,Válido bajo contrato typesafe-sdk 0.7.0 y supuestos operacionales del Pilar P02.
AF-JEV-P02-001-03,JEV-P02-001,P02,¿Qué componentes del entrenamiento y de la inferencia están realmente divulgados y cuáles siguen sin documentación pública suficiente?,Fundamentación técnica documentada en Capability Jaggedness & Decision Boundaries in Jev 1.13 relativa a ¿qué componentes del entrenamiento y de la inferencia están realmente divulgados y cuáles ...,SRC-0004,Fuente SRC-0004,https://docs.typesafe.ai/model-jaggedness/jev-1.13,referencia_tecnica,Válido bajo contrato typesafe-sdk 0.7.0 y supuestos operacionales del Pilar P02.
AF-JEV-P02-001-04,JEV-P02-001,P02,¿Qué componentes del entrenamiento y de la inferencia están realmente divulgados y cuáles siguen sin documentación pública suficiente?,Fundamentación técnica documentada en Hacker News: Introducing System One Models and Jev (Discussion) relativa a ¿qué componentes del entrenamiento y de la inferencia están realmente divulgados y cuáles ...,SRC-0012,Fuente SRC-0012,https://news.ycombinator.com/item?id=49717558,referencia_tecnica,Válido bajo contrato typesafe-sdk 0.7.0 y supuestos operacionales del Pilar P02.
AF-JEV-P02-001-05,JEV-P02-001,P02,¿Qué componentes del entrenamiento y de la inferencia están realmente divulgados y cuáles siguen sin documentación pública suficiente?,Fundamentación técnica documentada en MindStudio: RLCD vs RLHF — What Is TypeSafe's Jev Model Actually Claiming? relativa a ¿qué componentes del entrenamiento y de la inferencia están realmente divulgados y cuáles ...,SRC-0024,Fuente SRC-0024,https://www.mindstudio.ai/blog/typesafe-jev-rlcd-vs-rlhf,referencia_tecnica,Válido bajo contrato typesafe-sdk 0.7.0 y supuestos operacionales del Pilar P02.
AF-JEV-P02-001-06,JEV-P02-001,P02,¿Qué componentes del entrenamiento y de la inferencia están realmente divulgados y cuáles siguen sin documentación pública suficiente?,"Fundamentación técnica documentada en Micheal Bee: What Jev Probably Is, And Why You Already Have One relativa a ¿qué componentes del entrenamiento y de la inferencia están realmente divulgados y cuáles ...",SRC-0025,Fuente SRC-0025,https://medium.com/@michealbee/what-jev-probably-is,metodo_general,Válido bajo contrato typesafe-sdk 0.7.0 y supuestos operacionales del Pilar P02.
AF-JEV-P02-001-07,JEV-P02-001,P02,¿Qué componentes del entrenamiento y de la inferencia están realmente divulgados y cuáles siguen sin documentación pública suficiente?,"Fundamentación técnica documentada en Documentos Analíticos Canónicos P02 (P02_DEEP_DIVE, EVIDENCE_MAP, WORKFLOW) relativa a ¿qué componentes del entrenamiento y de la inferencia están realmente divulgados y cuáles ...",SRC-0027,Fuente SRC-0027,Cuaderno canónico P02,analisis_interno,Válido bajo contrato typesafe-sdk 0.7.0 y supuestos operacionales del Pilar P02.
AF-JEV-P02-002-01,JEV-P02-002,P02,"¿Qué significa RLCD en la fuente original pertinente y cómo se relaciona, si está documentado, con el entrenamiento de Jev?","Fundamentación técnica documentada en Introducing System One Models and Jev relativa a ¿qué significa rlcd en la fuente original pertinente y cómo se relaciona, si está document...",SRC-0001,Fuente SRC-0001,https://typesafe.ai/blog/introducing-system-one-models-and-jev,documentado_proveedor,Válido bajo contrato typesafe-sdk 0.7.0 y supuestos operacionales del Pilar P02.
AF-JEV-P02-002-02,JEV-P02-002,P02,"¿Qué significa RLCD en la fuente original pertinente y cómo se relaciona, si está documentado, con el entrenamiento de Jev?","Fundamentación técnica documentada en TypeSafe AI Official Documentation relativa a ¿qué significa rlcd en la fuente original pertinente y cómo se relaciona, si está document...",SRC-0002,Fuente SRC-0002,https://docs.typesafe.ai/,documentado_proveedor,Válido bajo contrato typesafe-sdk 0.7.0 y supuestos operacionales del Pilar P02.
AF-JEV-P02-002-03,JEV-P02-002,P02,"¿Qué significa RLCD en la fuente original pertinente y cómo se relaciona, si está documentado, con el entrenamiento de Jev?","Fundamentación técnica documentada en arXiv 2307.12950: RLCD — Reinforcement Learning from Contrastive Distillation for LM Alignment relativa a ¿qué significa rlcd en la fuente original pertinente y cómo se relaciona, si está document...",SRC-0023,Fuente SRC-0023,https://arxiv.org/abs/2307.12950,fundamento_academico,Válido bajo contrato typesafe-sdk 0.7.0 y supuestos operacionales del Pilar P02.
AF-JEV-P02-002-04,JEV-P02-002,P02,"¿Qué significa RLCD en la fuente original pertinente y cómo se relaciona, si está documentado, con el entrenamiento de Jev?","Fundamentación técnica documentada en MindStudio: RLCD vs RLHF — What Is TypeSafe's Jev Model Actually Claiming? relativa a ¿qué significa rlcd en la fuente original pertinente y cómo se relaciona, si está document...",SRC-0024,Fuente SRC-0024,https://www.mindstudio.ai/blog/typesafe-jev-rlcd-vs-rlhf,referencia_tecnica,Válido bajo contrato typesafe-sdk 0.7.0 y supuestos operacionales del Pilar P02.
AF-JEV-P02-002-05,JEV-P02-002,P02,"¿Qué significa RLCD en la fuente original pertinente y cómo se relaciona, si está documentado, con el entrenamiento de Jev?","Fundamentación técnica documentada en Documentos Analíticos Canónicos P02 (P02_DEEP_DIVE, EVIDENCE_MAP, WORKFLOW) relativa a ¿qué significa rlcd en la fuente original pertinente y cómo se relaciona, si está document...",SRC-0027,Fuente SRC-0027,Cuaderno canónico P02,analisis_interno,Válido bajo contrato typesafe-sdk 0.7.0 y supuestos operacionales del Pilar P02.
AF-JEV-P02-003-01,JEV-P02-003,P02,¿En qué se diferencia RLCD de otros métodos de entrenamiento citados y qué diferencias son metodológicas frente a específicas de este producto?,Fundamentación técnica documentada en Introducing System One Models and Jev relativa a ¿en qué se diferencia rlcd de otros métodos de entrenamiento citados y qué diferencias son...,SRC-0001,Fuente SRC-0001,https://typesafe.ai/blog/introducing-system-one-models-and-jev,documentado_proveedor,Válido bajo contrato typesafe-sdk 0.7.0 y supuestos operacionales del Pilar P02.
AF-JEV-P02-003-02,JEV-P02-003,P02,¿En qué se diferencia RLCD de otros métodos de entrenamiento citados y qué diferencias son metodológicas frente a específicas de este producto?,Fundamentación técnica documentada en TypeSafe AI Official Documentation relativa a ¿en qué se diferencia rlcd de otros métodos de entrenamiento citados y qué diferencias son...,SRC-0002,Fuente SRC-0002,https://docs.typesafe.ai/,documentado_proveedor,Válido bajo contrato typesafe-sdk 0.7.0 y supuestos operacionales del Pilar P02.
AF-JEV-P02-003-03,JEV-P02-003,P02,¿En qué se diferencia RLCD de otros métodos de entrenamiento citados y qué diferencias son metodológicas frente a específicas de este producto?,Fundamentación técnica documentada en Capability Jaggedness & Decision Boundaries in Jev 1.13 relativa a ¿en qué se diferencia rlcd de otros métodos de entrenamiento citados y qué diferencias son...,SRC-0004,Fuente SRC-0004,https://docs.typesafe.ai/model-jaggedness/jev-1.13,referencia_tecnica,Válido bajo contrato typesafe-sdk 0.7.0 y supuestos operacionales del Pilar P02.
AF-JEV-P02-003-04,JEV-P02-003,P02,¿En qué se diferencia RLCD de otros métodos de entrenamiento citados y qué diferencias son metodológicas frente a específicas de este producto?,Fundamentación técnica documentada en arXiv 2307.12950: RLCD — Reinforcement Learning from Contrastive Distillation for LM Alignment relativa a ¿en qué se diferencia rlcd de otros métodos de entrenamiento citados y qué diferencias son...,SRC-0023,Fuente SRC-0023,https://arxiv.org/abs/2307.12950,fundamento_academico,Válido bajo contrato typesafe-sdk 0.7.0 y supuestos operacionales del Pilar P02.
AF-JEV-P02-003-05,JEV-P02-003,P02,¿En qué se diferencia RLCD de otros métodos de entrenamiento citados y qué diferencias son metodológicas frente a específicas de este producto?,Fundamentación técnica documentada en MindStudio: RLCD vs RLHF — What Is TypeSafe's Jev Model Actually Claiming? relativa a ¿en qué se diferencia rlcd de otros métodos de entrenamiento citados y qué diferencias son...,SRC-0024,Fuente SRC-0024,https://www.mindstudio.ai/blog/typesafe-jev-rlcd-vs-rlhf,referencia_tecnica,Válido bajo contrato typesafe-sdk 0.7.0 y supuestos operacionales del Pilar P02.
AF-JEV-P02-003-06,JEV-P02-003,P02,¿En qué se diferencia RLCD de otros métodos de entrenamiento citados y qué diferencias son metodológicas frente a específicas de este producto?,"Fundamentación técnica documentada en Documentos Analíticos Canónicos P02 (P02_DEEP_DIVE, EVIDENCE_MAP, WORKFLOW) relativa a ¿en qué se diferencia rlcd de otros métodos de entrenamiento citados y qué diferencias son...",SRC-0027,Fuente SRC-0027,Cuaderno canónico P02,analisis_interno,Válido bajo contrato typesafe-sdk 0.7.0 y supuestos operacionales del Pilar P02.
AF-JEV-P02-004-01,JEV-P02-004,P02,"¿Cómo describe el proveedor el proceso desde una entrada hasta una decisión, y dónde termina la descripción comprobada del mecanismo?","Fundamentación técnica documentada en Introducing System One Models and Jev relativa a ¿cómo describe el proveedor el proceso desde una entrada hasta una decisión, y dónde termi...",SRC-0001,Fuente SRC-0001,https://typesafe.ai/blog/introducing-system-one-models-and-jev,documentado_proveedor,Válido bajo contrato typesafe-sdk 0.7.0 y supuestos operacionales del Pilar P02.
AF-JEV-P02-004-02,JEV-P02-004,P02,"¿Cómo describe el proveedor el proceso desde una entrada hasta una decisión, y dónde termina la descripción comprobada del mecanismo?","Fundamentación técnica documentada en TypeSafe AI Official Documentation relativa a ¿cómo describe el proveedor el proceso desde una entrada hasta una decisión, y dónde termi...",SRC-0002,Fuente SRC-0002,https://docs.typesafe.ai/,documentado_proveedor,Válido bajo contrato typesafe-sdk 0.7.0 y supuestos operacionales del Pilar P02.
AF-JEV-P02-004-03,JEV-P02-004,P02,"¿Cómo describe el proveedor el proceso desde una entrada hasta una decisión, y dónde termina la descripción comprobada del mecanismo?","Fundamentación técnica documentada en Capability Jaggedness & Decision Boundaries in Jev 1.13 relativa a ¿cómo describe el proveedor el proceso desde una entrada hasta una decisión, y dónde termi...",SRC-0004,Fuente SRC-0004,https://docs.typesafe.ai/model-jaggedness/jev-1.13,referencia_tecnica,Válido bajo contrato typesafe-sdk 0.7.0 y supuestos operacionales del Pilar P02.
AF-JEV-P02-004-04,JEV-P02-004,P02,"¿Cómo describe el proveedor el proceso desde una entrada hasta una decisión, y dónde termina la descripción comprobada del mecanismo?","Fundamentación técnica documentada en Xataka: IA 400 veces más barata que no sabe escribir relativa a ¿cómo describe el proveedor el proceso desde una entrada hasta una decisión, y dónde termi...",SRC-0015,Fuente SRC-0015,https://www.xataka.com/robotica-e-ia/nueva-idea-uno-creadores-chatgpt-ia-que-no-sabe-escribir-esa-precisamente-su-ventaja,referencia_tecnica,Válido bajo contrato typesafe-sdk 0.7.0 y supuestos operacionales del Pilar P02.
AF-JEV-P02-004-05,JEV-P02-004,P02,"¿Cómo describe el proveedor el proceso desde una entrada hasta una decisión, y dónde termina la descripción comprobada del mecanismo?","Fundamentación técnica documentada en Micheal Bee: What Jev Probably Is, And Why You Already Have One relativa a ¿cómo describe el proveedor el proceso desde una entrada hasta una decisión, y dónde termi...",SRC-0025,Fuente SRC-0025,https://medium.com/@michealbee/what-jev-probably-is,metodo_general,Válido bajo contrato typesafe-sdk 0.7.0 y supuestos operacionales del Pilar P02.
AF-JEV-P02-004-06,JEV-P02-004,P02,"¿Cómo describe el proveedor el proceso desde una entrada hasta una decisión, y dónde termina la descripción comprobada del mecanismo?","Fundamentación técnica documentada en Documentos Analíticos Canónicos P02 (P02_DEEP_DIVE, EVIDENCE_MAP, WORKFLOW) relativa a ¿cómo describe el proveedor el proceso desde una entrada hasta una decisión, y dónde termi...",SRC-0027,Fuente SRC-0027,Cuaderno canónico P02,analisis_interno,Válido bajo contrato typesafe-sdk 0.7.0 y supuestos operacionales del Pilar P02.
AF-JEV-P02-005-01,JEV-P02-005,P02,"¿Qué relación entre mecanismo interno y contrato externo está documentada, y qué conductas de API no revelan por sí mismas la arquitectura?","Fundamentación técnica documentada en Introducing System One Models and Jev relativa a ¿qué relación entre mecanismo interno y contrato externo está documentada, y qué conductas...",SRC-0001,Fuente SRC-0001,https://typesafe.ai/blog/introducing-system-one-models-and-jev,documentado_proveedor,Válido bajo contrato typesafe-sdk 0.7.0 y supuestos operacionales del Pilar P02.
AF-JEV-P02-005-02,JEV-P02-005,P02,"¿Qué relación entre mecanismo interno y contrato externo está documentada, y qué conductas de API no revelan por sí mismas la arquitectura?","Fundamentación técnica documentada en TypeSafe AI Official Documentation relativa a ¿qué relación entre mecanismo interno y contrato externo está documentada, y qué conductas...",SRC-0002,Fuente SRC-0002,https://docs.typesafe.ai/,documentado_proveedor,Válido bajo contrato typesafe-sdk 0.7.0 y supuestos operacionales del Pilar P02.
AF-JEV-P02-005-03,JEV-P02-005,P02,"¿Qué relación entre mecanismo interno y contrato externo está documentada, y qué conductas de API no revelan por sí mismas la arquitectura?","Fundamentación técnica documentada en Capability Jaggedness & Decision Boundaries in Jev 1.13 relativa a ¿qué relación entre mecanismo interno y contrato externo está documentada, y qué conductas...",SRC-0004,Fuente SRC-0004,https://docs.typesafe.ai/model-jaggedness/jev-1.13,referencia_tecnica,Válido bajo contrato typesafe-sdk 0.7.0 y supuestos operacionales del Pilar P02.
AF-JEV-P02-005-04,JEV-P02-005,P02,"¿Qué relación entre mecanismo interno y contrato externo está documentada, y qué conductas de API no revelan por sí mismas la arquitectura?","Fundamentación técnica documentada en GitHub: logan-markewich/jeff — Open Self-Hosted Drop-in for Jev relativa a ¿qué relación entre mecanismo interno y contrato externo está documentada, y qué conductas...",SRC-0009,Fuente SRC-0009,https://github.com/logan-markewich/jeff,medido_independiente,Válido bajo contrato typesafe-sdk 0.7.0 y supuestos operacionales del Pilar P02.
AF-JEV-P02-005-05,JEV-P02-005,P02,"¿Qué relación entre mecanismo interno y contrato externo está documentada, y qué conductas de API no revelan por sí mismas la arquitectura?","Fundamentación técnica documentada en MindStudio: RLCD vs RLHF — What Is TypeSafe's Jev Model Actually Claiming? relativa a ¿qué relación entre mecanismo interno y contrato externo está documentada, y qué conductas...",SRC-0024,Fuente SRC-0024,https://www.mindstudio.ai/blog/typesafe-jev-rlcd-vs-rlhf,referencia_tecnica,Válido bajo contrato typesafe-sdk 0.7.0 y supuestos operacionales del Pilar P02.
AF-JEV-P02-005-06,JEV-P02-005,P02,"¿Qué relación entre mecanismo interno y contrato externo está documentada, y qué conductas de API no revelan por sí mismas la arquitectura?","Fundamentación técnica documentada en Micheal Bee: What Jev Probably Is, And Why You Already Have One relativa a ¿qué relación entre mecanismo interno y contrato externo está documentada, y qué conductas...",SRC-0025,Fuente SRC-0025,https://medium.com/@michealbee/what-jev-probably-is,metodo_general,Válido bajo contrato typesafe-sdk 0.7.0 y supuestos operacionales del Pilar P02.
AF-JEV-P02-005-07,JEV-P02-005,P02,"¿Qué relación entre mecanismo interno y contrato externo está documentada, y qué conductas de API no revelan por sí mismas la arquitectura?","Fundamentación técnica documentada en Documentos Analíticos Canónicos P02 (P02_DEEP_DIVE, EVIDENCE_MAP, WORKFLOW) relativa a ¿qué relación entre mecanismo interno y contrato externo está documentada, y qué conductas...",SRC-0027,Fuente SRC-0027,Cuaderno canónico P02,analisis_interno,Válido bajo contrato typesafe-sdk 0.7.0 y supuestos operacionales del Pilar P02.
AF-JEV-P02-006-01,JEV-P02-006,P02,¿Qué significa muestreo paralelo en las fuentes y qué ventajas o límites dependen del número y de la dependencia entre muestras?,Fundamentación técnica documentada en Introducing System One Models and Jev relativa a ¿qué significa muestreo paralelo en las fuentes y qué ventajas o límites dependen del núme...,SRC-0001,Fuente SRC-0001,https://typesafe.ai/blog/introducing-system-one-models-and-jev,documentado_proveedor,Válido bajo contrato typesafe-sdk 0.7.0 y supuestos operacionales del Pilar P02.
AF-JEV-P02-006-02,JEV-P02-006,P02,¿Qué significa muestreo paralelo en las fuentes y qué ventajas o límites dependen del número y de la dependencia entre muestras?,Fundamentación técnica documentada en TypeSafe AI Official Documentation relativa a ¿qué significa muestreo paralelo en las fuentes y qué ventajas o límites dependen del núme...,SRC-0002,Fuente SRC-0002,https://docs.typesafe.ai/,documentado_proveedor,Válido bajo contrato typesafe-sdk 0.7.0 y supuestos operacionales del Pilar P02.
AF-JEV-P02-006-03,JEV-P02-006,P02,¿Qué significa muestreo paralelo en las fuentes y qué ventajas o límites dependen del número y de la dependencia entre muestras?,Fundamentación técnica documentada en Capability Jaggedness & Decision Boundaries in Jev 1.13 relativa a ¿qué significa muestreo paralelo en las fuentes y qué ventajas o límites dependen del núme...,SRC-0004,Fuente SRC-0004,https://docs.typesafe.ai/model-jaggedness/jev-1.13,referencia_tecnica,Válido bajo contrato typesafe-sdk 0.7.0 y supuestos operacionales del Pilar P02.
AF-JEV-P02-006-04,JEV-P02-006,P02,¿Qué significa muestreo paralelo en las fuentes y qué ventajas o límites dependen del número y de la dependencia entre muestras?,Fundamentación técnica documentada en GitHub: logan-markewich/jeff — Open Self-Hosted Drop-in for Jev relativa a ¿qué significa muestreo paralelo en las fuentes y qué ventajas o límites dependen del núme...,SRC-0009,Fuente SRC-0009,https://github.com/logan-markewich/jeff,medido_independiente,Válido bajo contrato typesafe-sdk 0.7.0 y supuestos operacionales del Pilar P02.
AF-JEV-P02-006-05,JEV-P02-006,P02,¿Qué significa muestreo paralelo en las fuentes y qué ventajas o límites dependen del número y de la dependencia entre muestras?,Fundamentación técnica documentada en Cloudflare AI Docs: Jev (TypeSafe) Model Specification relativa a ¿qué significa muestreo paralelo en las fuentes y qué ventajas o límites dependen del núme...,SRC-0026,Fuente SRC-0026,https://developers.cloudflare.com/ai/models/typesafe/jev/,documentado_proveedor,Válido bajo contrato typesafe-sdk 0.7.0 y supuestos operacionales del Pilar P02.
AF-JEV-P02-006-06,JEV-P02-006,P02,¿Qué significa muestreo paralelo en las fuentes y qué ventajas o límites dependen del número y de la dependencia entre muestras?,"Fundamentación técnica documentada en Documentos Analíticos Canónicos P02 (P02_DEEP_DIVE, EVIDENCE_MAP, WORKFLOW) relativa a ¿qué significa muestreo paralelo en las fuentes y qué ventajas o límites dependen del núme...",SRC-0027,Fuente SRC-0027,Cuaderno canónico P02,analisis_interno,Válido bajo contrato typesafe-sdk 0.7.0 y supuestos operacionales del Pilar P02.
AF-JEV-P02-007-01,JEV-P02-007,P02,"¿Qué se sabe sobre modelos de base, datos y objetivos de entrenamiento, y qué afirmaciones frecuentes carecen de soporte público?","Fundamentación técnica documentada en Introducing System One Models and Jev relativa a ¿qué se sabe sobre modelos de base, datos y objetivos de entrenamiento, y qué afirmaciones...",SRC-0001,Fuente SRC-0001,https://typesafe.ai/blog/introducing-system-one-models-and-jev,documentado_proveedor,Válido bajo contrato typesafe-sdk 0.7.0 y supuestos operacionales del Pilar P02.
AF-JEV-P02-007-02,JEV-P02-007,P02,"¿Qué se sabe sobre modelos de base, datos y objetivos de entrenamiento, y qué afirmaciones frecuentes carecen de soporte público?","Fundamentación técnica documentada en TypeSafe AI Official Documentation relativa a ¿qué se sabe sobre modelos de base, datos y objetivos de entrenamiento, y qué afirmaciones...",SRC-0002,Fuente SRC-0002,https://docs.typesafe.ai/,documentado_proveedor,Válido bajo contrato typesafe-sdk 0.7.0 y supuestos operacionales del Pilar P02.
AF-JEV-P02-007-03,JEV-P02-007,P02,"¿Qué se sabe sobre modelos de base, datos y objetivos de entrenamiento, y qué afirmaciones frecuentes carecen de soporte público?","Fundamentación técnica documentada en Capability Jaggedness & Decision Boundaries in Jev 1.13 relativa a ¿qué se sabe sobre modelos de base, datos y objetivos de entrenamiento, y qué afirmaciones...",SRC-0004,Fuente SRC-0004,https://docs.typesafe.ai/model-jaggedness/jev-1.13,referencia_tecnica,Válido bajo contrato typesafe-sdk 0.7.0 y supuestos operacionales del Pilar P02.
AF-JEV-P02-007-04,JEV-P02-007,P02,"¿Qué se sabe sobre modelos de base, datos y objetivos de entrenamiento, y qué afirmaciones frecuentes carecen de soporte público?","Fundamentación técnica documentada en GitHub: logan-markewich/jeff — Open Self-Hosted Drop-in for Jev relativa a ¿qué se sabe sobre modelos de base, datos y objetivos de entrenamiento, y qué afirmaciones...",SRC-0009,Fuente SRC-0009,https://github.com/logan-markewich/jeff,medido_independiente,Válido bajo contrato typesafe-sdk 0.7.0 y supuestos operacionales del Pilar P02.
AF-JEV-P02-007-05,JEV-P02-007,P02,"¿Qué se sabe sobre modelos de base, datos y objetivos de entrenamiento, y qué afirmaciones frecuentes carecen de soporte público?","Fundamentación técnica documentada en arXiv 2307.12950: RLCD — Reinforcement Learning from Contrastive Distillation for LM Alignment relativa a ¿qué se sabe sobre modelos de base, datos y objetivos de entrenamiento, y qué afirmaciones...",SRC-0023,Fuente SRC-0023,https://arxiv.org/abs/2307.12950,fundamento_academico,Válido bajo contrato typesafe-sdk 0.7.0 y supuestos operacionales del Pilar P02.
AF-JEV-P02-007-06,JEV-P02-007,P02,"¿Qué se sabe sobre modelos de base, datos y objetivos de entrenamiento, y qué afirmaciones frecuentes carecen de soporte público?","Fundamentación técnica documentada en MindStudio: RLCD vs RLHF — What Is TypeSafe's Jev Model Actually Claiming? relativa a ¿qué se sabe sobre modelos de base, datos y objetivos de entrenamiento, y qué afirmaciones...",SRC-0024,Fuente SRC-0024,https://www.mindstudio.ai/blog/typesafe-jev-rlcd-vs-rlhf,referencia_tecnica,Válido bajo contrato typesafe-sdk 0.7.0 y supuestos operacionales del Pilar P02.
AF-JEV-P02-007-07,JEV-P02-007,P02,"¿Qué se sabe sobre modelos de base, datos y objetivos de entrenamiento, y qué afirmaciones frecuentes carecen de soporte público?","Fundamentación técnica documentada en Documentos Analíticos Canónicos P02 (P02_DEEP_DIVE, EVIDENCE_MAP, WORKFLOW) relativa a ¿qué se sabe sobre modelos de base, datos y objetivos de entrenamiento, y qué afirmaciones...",SRC-0027,Fuente SRC-0027,Cuaderno canónico P02,analisis_interno,Válido bajo contrato typesafe-sdk 0.7.0 y supuestos operacionales del Pilar P02.
AF-JEV-P02-008-01,JEV-P02-008,P02,"¿Qué diferencias prácticas hay entre producir una decisión tipada y generar texto sujeto a un esquema, manteniendo fija la tarea?",Fundamentación técnica documentada en Introducing System One Models and Jev relativa a ¿qué diferencias prácticas hay entre producir una decisión tipada y generar texto sujeto a...,SRC-0001,Fuente SRC-0001,https://typesafe.ai/blog/introducing-system-one-models-and-jev,documentado_proveedor,Válido bajo contrato typesafe-sdk 0.7.0 y supuestos operacionales del Pilar P02.
AF-JEV-P02-008-02,JEV-P02-008,P02,"¿Qué diferencias prácticas hay entre producir una decisión tipada y generar texto sujeto a un esquema, manteniendo fija la tarea?",Fundamentación técnica documentada en TypeSafe AI Official Documentation relativa a ¿qué diferencias prácticas hay entre producir una decisión tipada y generar texto sujeto a...,SRC-0002,Fuente SRC-0002,https://docs.typesafe.ai/,documentado_proveedor,Válido bajo contrato typesafe-sdk 0.7.0 y supuestos operacionales del Pilar P02.
AF-JEV-P02-008-03,JEV-P02-008,P02,"¿Qué diferencias prácticas hay entre producir una decisión tipada y generar texto sujeto a un esquema, manteniendo fija la tarea?",Fundamentación técnica documentada en Capability Jaggedness & Decision Boundaries in Jev 1.13 relativa a ¿qué diferencias prácticas hay entre producir una decisión tipada y generar texto sujeto a...,SRC-0004,Fuente SRC-0004,https://docs.typesafe.ai/model-jaggedness/jev-1.13,referencia_tecnica,Válido bajo contrato typesafe-sdk 0.7.0 y supuestos operacionales del Pilar P02.
AF-JEV-P02-008-04,JEV-P02-008,P02,"¿Qué diferencias prácticas hay entre producir una decisión tipada y generar texto sujeto a un esquema, manteniendo fija la tarea?",Fundamentación técnica documentada en TypeSafe AI Concepts: Use Case Map relativa a ¿qué diferencias prácticas hay entre producir una decisión tipada y generar texto sujeto a...,SRC-0005,Fuente SRC-0005,https://docs.typesafe.ai/concepts/use-case-map,documentado_proveedor,Válido bajo contrato typesafe-sdk 0.7.0 y supuestos operacionales del Pilar P02.
AF-JEV-P02-008-05,JEV-P02-008,P02,"¿Qué diferencias prácticas hay entre producir una decisión tipada y generar texto sujeto a un esquema, manteniendo fija la tarea?",Fundamentación técnica documentada en DataCamp: Jev — TypeSafe's System One Model Explained relativa a ¿qué diferencias prácticas hay entre producir una decisión tipada y generar texto sujeto a...,SRC-0010,Fuente SRC-0010,https://www.datacamp.com/blog/system-one-models-jev,referencia_tecnica,Válido bajo contrato typesafe-sdk 0.7.0 y supuestos operacionales del Pilar P02.
AF-JEV-P02-008-06,JEV-P02-008,P02,"¿Qué diferencias prácticas hay entre producir una decisión tipada y generar texto sujeto a un esquema, manteniendo fija la tarea?",Fundamentación técnica documentada en Cloudflare AI Docs: Jev (TypeSafe) Model Specification relativa a ¿qué diferencias prácticas hay entre producir una decisión tipada y generar texto sujeto a...,SRC-0026,Fuente SRC-0026,https://developers.cloudflare.com/ai/models/typesafe/jev/,documentado_proveedor,Válido bajo contrato typesafe-sdk 0.7.0 y supuestos operacionales del Pilar P02.
AF-JEV-P02-008-07,JEV-P02-008,P02,"¿Qué diferencias prácticas hay entre producir una decisión tipada y generar texto sujeto a un esquema, manteniendo fija la tarea?","Fundamentación técnica documentada en Documentos Analíticos Canónicos P02 (P02_DEEP_DIVE, EVIDENCE_MAP, WORKFLOW) relativa a ¿qué diferencias prácticas hay entre producir una decisión tipada y generar texto sujeto a...",SRC-0027,Fuente SRC-0027,Cuaderno canónico P02,analisis_interno,Válido bajo contrato typesafe-sdk 0.7.0 y supuestos operacionales del Pilar P02.
AF-JEV-P02-009-01,JEV-P02-009,P02,¿Qué propiedades de repetibilidad pueden ensayarse externamente sin confundir un resultado estable con determinismo garantizado?,Fundamentación técnica documentada en Introducing System One Models and Jev relativa a ¿qué propiedades de repetibilidad pueden ensayarse externamente sin confundir un resultado...,SRC-0001,Fuente SRC-0001,https://typesafe.ai/blog/introducing-system-one-models-and-jev,documentado_proveedor,Válido bajo contrato typesafe-sdk 0.7.0 y supuestos operacionales del Pilar P02.
AF-JEV-P02-009-02,JEV-P02-009,P02,¿Qué propiedades de repetibilidad pueden ensayarse externamente sin confundir un resultado estable con determinismo garantizado?,Fundamentación técnica documentada en TypeSafe AI Official Documentation relativa a ¿qué propiedades de repetibilidad pueden ensayarse externamente sin confundir un resultado...,SRC-0002,Fuente SRC-0002,https://docs.typesafe.ai/,documentado_proveedor,Válido bajo contrato typesafe-sdk 0.7.0 y supuestos operacionales del Pilar P02.
AF-JEV-P02-009-03,JEV-P02-009,P02,¿Qué propiedades de repetibilidad pueden ensayarse externamente sin confundir un resultado estable con determinismo garantizado?,Fundamentación técnica documentada en Capability Jaggedness & Decision Boundaries in Jev 1.13 relativa a ¿qué propiedades de repetibilidad pueden ensayarse externamente sin confundir un resultado...,SRC-0004,Fuente SRC-0004,https://docs.typesafe.ai/model-jaggedness/jev-1.13,referencia_tecnica,Válido bajo contrato typesafe-sdk 0.7.0 y supuestos operacionales del Pilar P02.
AF-JEV-P02-009-04,JEV-P02-009,P02,¿Qué propiedades de repetibilidad pueden ensayarse externamente sin confundir un resultado estable con determinismo garantizado?,Fundamentación técnica documentada en GitHub: logan-markewich/jeff — Open Self-Hosted Drop-in for Jev relativa a ¿qué propiedades de repetibilidad pueden ensayarse externamente sin confundir un resultado...,SRC-0009,Fuente SRC-0009,https://github.com/logan-markewich/jeff,medido_independiente,Válido bajo contrato typesafe-sdk 0.7.0 y supuestos operacionales del Pilar P02.
AF-JEV-P02-009-05,JEV-P02-009,P02,¿Qué propiedades de repetibilidad pueden ensayarse externamente sin confundir un resultado estable con determinismo garantizado?,Fundamentación técnica documentada en DataCamp: Jev — TypeSafe's System One Model Explained relativa a ¿qué propiedades de repetibilidad pueden ensayarse externamente sin confundir un resultado...,SRC-0010,Fuente SRC-0010,https://www.datacamp.com/blog/system-one-models-jev,referencia_tecnica,Válido bajo contrato typesafe-sdk 0.7.0 y supuestos operacionales del Pilar P02.
AF-JEV-P02-009-06,JEV-P02-009,P02,¿Qué propiedades de repetibilidad pueden ensayarse externamente sin confundir un resultado estable con determinismo garantizado?,Fundamentación técnica documentada en Cloudflare AI Docs: Jev (TypeSafe) Model Specification relativa a ¿qué propiedades de repetibilidad pueden ensayarse externamente sin confundir un resultado...,SRC-0026,Fuente SRC-0026,https://developers.cloudflare.com/ai/models/typesafe/jev/,documentado_proveedor,Válido bajo contrato typesafe-sdk 0.7.0 y supuestos operacionales del Pilar P02.
AF-JEV-P02-009-07,JEV-P02-009,P02,¿Qué propiedades de repetibilidad pueden ensayarse externamente sin confundir un resultado estable con determinismo garantizado?,"Fundamentación técnica documentada en Documentos Analíticos Canónicos P02 (P02_DEEP_DIVE, EVIDENCE_MAP, WORKFLOW) relativa a ¿qué propiedades de repetibilidad pueden ensayarse externamente sin confundir un resultado...",SRC-0027,Fuente SRC-0027,Cuaderno canónico P02,analisis_interno,Válido bajo contrato typesafe-sdk 0.7.0 y supuestos operacionales del Pilar P02.
AF-JEV-P02-010-01,JEV-P02-010,P02,"¿Qué dependencia de longitud, número de opciones o concurrencia puede formularse como hipótesis comprobable de latencia?","Fundamentación técnica documentada en Introducing System One Models and Jev relativa a ¿qué dependencia de longitud, número de opciones o concurrencia puede formularse como hipó...",SRC-0001,Fuente SRC-0001,https://typesafe.ai/blog/introducing-system-one-models-and-jev,documentado_proveedor,Válido bajo contrato typesafe-sdk 0.7.0 y supuestos operacionales del Pilar P02.
AF-JEV-P02-010-02,JEV-P02-010,P02,"¿Qué dependencia de longitud, número de opciones o concurrencia puede formularse como hipótesis comprobable de latencia?","Fundamentación técnica documentada en TypeSafe AI Official Documentation relativa a ¿qué dependencia de longitud, número de opciones o concurrencia puede formularse como hipó...",SRC-0002,Fuente SRC-0002,https://docs.typesafe.ai/,documentado_proveedor,Válido bajo contrato typesafe-sdk 0.7.0 y supuestos operacionales del Pilar P02.
AF-JEV-P02-010-03,JEV-P02-010,P02,"¿Qué dependencia de longitud, número de opciones o concurrencia puede formularse como hipótesis comprobable de latencia?","Fundamentación técnica documentada en Capability Jaggedness & Decision Boundaries in Jev 1.13 relativa a ¿qué dependencia de longitud, número de opciones o concurrencia puede formularse como hipó...",SRC-0004,Fuente SRC-0004,https://docs.typesafe.ai/model-jaggedness/jev-1.13,referencia_tecnica,Válido bajo contrato typesafe-sdk 0.7.0 y supuestos operacionales del Pilar P02.
AF-JEV-P02-010-04,JEV-P02-010,P02,"¿Qué dependencia de longitud, número de opciones o concurrencia puede formularse como hipótesis comprobable de latencia?","Fundamentación técnica documentada en Eigent AI: What Is Jev? TypeSafe AI's System One Model, Explained relativa a ¿qué dependencia de longitud, número de opciones o concurrencia puede formularse como hipó...",SRC-0021,Fuente SRC-0021,https://www.eigent.ai/blog/typesafe-ai-jev-system-one-models,documentado_proveedor,Válido bajo contrato typesafe-sdk 0.7.0 y supuestos operacionales del Pilar P02.
AF-JEV-P02-010-05,JEV-P02-010,P02,"¿Qué dependencia de longitud, número de opciones o concurrencia puede formularse como hipótesis comprobable de latencia?","Fundamentación técnica documentada en Cloudflare AI Docs: Jev (TypeSafe) Model Specification relativa a ¿qué dependencia de longitud, número de opciones o concurrencia puede formularse como hipó...",SRC-0026,Fuente SRC-0026,https://developers.cloudflare.com/ai/models/typesafe/jev/,documentado_proveedor,Válido bajo contrato typesafe-sdk 0.7.0 y supuestos operacionales del Pilar P02.
AF-JEV-P02-010-06,JEV-P02-010,P02,"¿Qué dependencia de longitud, número de opciones o concurrencia puede formularse como hipótesis comprobable de latencia?","Fundamentación técnica documentada en Documentos Analíticos Canónicos P02 (P02_DEEP_DIVE, EVIDENCE_MAP, WORKFLOW) relativa a ¿qué dependencia de longitud, número de opciones o concurrencia puede formularse como hipó...",SRC-0027,Fuente SRC-0027,Cuaderno canónico P02,analisis_interno,Válido bajo contrato typesafe-sdk 0.7.0 y supuestos operacionales del Pilar P02.
AF-JEV-P02-011-01,JEV-P02-011,P02,"¿Qué implica la arquitectura documentada para tareas de cálculo, planificación extensa o generación de explicaciones, y qué exige otro componente?","Fundamentación técnica documentada en Introducing System One Models and Jev relativa a ¿qué implica la arquitectura documentada para tareas de cálculo, planificación extensa o g...",SRC-0001,Fuente SRC-0001,https://typesafe.ai/blog/introducing-system-one-models-and-jev,documentado_proveedor,Válido bajo contrato typesafe-sdk 0.7.0 y supuestos operacionales del Pilar P02.
AF-JEV-P02-011-02,JEV-P02-011,P02,"¿Qué implica la arquitectura documentada para tareas de cálculo, planificación extensa o generación de explicaciones, y qué exige otro componente?","Fundamentación técnica documentada en TypeSafe AI Official Documentation relativa a ¿qué implica la arquitectura documentada para tareas de cálculo, planificación extensa o g...",SRC-0002,Fuente SRC-0002,https://docs.typesafe.ai/,documentado_proveedor,Válido bajo contrato typesafe-sdk 0.7.0 y supuestos operacionales del Pilar P02.
AF-JEV-P02-011-03,JEV-P02-011,P02,"¿Qué implica la arquitectura documentada para tareas de cálculo, planificación extensa o generación de explicaciones, y qué exige otro componente?","Fundamentación técnica documentada en TypeSafe AI Blog: The Bitterest Lesson relativa a ¿qué implica la arquitectura documentada para tareas de cálculo, planificación extensa o g...",SRC-0014,Fuente SRC-0014,https://typesafe.ai/blog/bitterest-lesson,documentado_proveedor,Válido bajo contrato typesafe-sdk 0.7.0 y supuestos operacionales del Pilar P02.
AF-JEV-P02-011-04,JEV-P02-011,P02,"¿Qué implica la arquitectura documentada para tareas de cálculo, planificación extensa o generación de explicaciones, y qué exige otro componente?","Fundamentación técnica documentada en Documentos Analíticos Canónicos P02 (P02_DEEP_DIVE, EVIDENCE_MAP, WORKFLOW) relativa a ¿qué implica la arquitectura documentada para tareas de cálculo, planificación extensa o g...",SRC-0027,Fuente SRC-0027,Cuaderno canónico P02,analisis_interno,Válido bajo contrato typesafe-sdk 0.7.0 y supuestos operacionales del Pilar P02.
AF-JEV-P02-012-01,JEV-P02-012,P02,¿Cómo separar conocimiento adquirido en entrenamiento y evidencia proporcionada en contexto al interpretar respuestas acertadas o equivocadas?,Fundamentación técnica documentada en TypeSafe AI Official Documentation relativa a ¿cómo separar conocimiento adquirido en entrenamiento y evidencia proporcionada en context...,SRC-0002,Fuente SRC-0002,https://docs.typesafe.ai/,documentado_proveedor,Válido bajo contrato typesafe-sdk 0.7.0 y supuestos operacionales del Pilar P02.
AF-JEV-P02-012-02,JEV-P02-012,P02,¿Cómo separar conocimiento adquirido en entrenamiento y evidencia proporcionada en contexto al interpretar respuestas acertadas o equivocadas?,Fundamentación técnica documentada en Capability Jaggedness & Decision Boundaries in Jev 1.13 relativa a ¿cómo separar conocimiento adquirido en entrenamiento y evidencia proporcionada en context...,SRC-0004,Fuente SRC-0004,https://docs.typesafe.ai/model-jaggedness/jev-1.13,referencia_tecnica,Válido bajo contrato typesafe-sdk 0.7.0 y supuestos operacionales del Pilar P02.
AF-JEV-P02-012-03,JEV-P02-012,P02,¿Cómo separar conocimiento adquirido en entrenamiento y evidencia proporcionada en contexto al interpretar respuestas acertadas o equivocadas?,"Fundamentación técnica documentada en Micheal Bee: What Jev Probably Is, And Why You Already Have One relativa a ¿cómo separar conocimiento adquirido en entrenamiento y evidencia proporcionada en context...",SRC-0025,Fuente SRC-0025,https://medium.com/@michealbee/what-jev-probably-is,metodo_general,Válido bajo contrato typesafe-sdk 0.7.0 y supuestos operacionales del Pilar P02.
AF-JEV-P02-012-04,JEV-P02-012,P02,¿Cómo separar conocimiento adquirido en entrenamiento y evidencia proporcionada en contexto al interpretar respuestas acertadas o equivocadas?,"Fundamentación técnica documentada en Documentos Analíticos Canónicos P02 (P02_DEEP_DIVE, EVIDENCE_MAP, WORKFLOW) relativa a ¿cómo separar conocimiento adquirido en entrenamiento y evidencia proporcionada en context...",SRC-0027,Fuente SRC-0027,Cuaderno canónico P02,analisis_interno,Válido bajo contrato typesafe-sdk 0.7.0 y supuestos operacionales del Pilar P02.
AF-JEV-P02-013-01,JEV-P02-013,P02,"¿Qué evidencia describe memoria o estado entre llamadas, y cómo diseñar una integración si esa persistencia no está garantizada?","Fundamentación técnica documentada en Introducing System One Models and Jev relativa a ¿qué evidencia describe memoria o estado entre llamadas, y cómo diseñar una integración si...",SRC-0001,Fuente SRC-0001,https://typesafe.ai/blog/introducing-system-one-models-and-jev,documentado_proveedor,Válido bajo contrato typesafe-sdk 0.7.0 y supuestos operacionales del Pilar P02.
AF-JEV-P02-013-02,JEV-P02-013,P02,"¿Qué evidencia describe memoria o estado entre llamadas, y cómo diseñar una integración si esa persistencia no está garantizada?","Fundamentación técnica documentada en TypeSafe AI Official Documentation relativa a ¿qué evidencia describe memoria o estado entre llamadas, y cómo diseñar una integración si...",SRC-0002,Fuente SRC-0002,https://docs.typesafe.ai/,documentado_proveedor,Válido bajo contrato typesafe-sdk 0.7.0 y supuestos operacionales del Pilar P02.
AF-JEV-P02-013-03,JEV-P02-013,P02,"¿Qué evidencia describe memoria o estado entre llamadas, y cómo diseñar una integración si esa persistencia no está garantizada?","Fundamentación técnica documentada en LangChain: What Is Jev? Guide to TypeSafe AI's System One Model relativa a ¿qué evidencia describe memoria o estado entre llamadas, y cómo diseñar una integración si...",SRC-0016,Fuente SRC-0016,https://www.langchain.com/blog/building-a-harness-with-jev,documentado_proveedor,Válido bajo contrato typesafe-sdk 0.7.0 y supuestos operacionales del Pilar P02.
AF-JEV-P02-013-04,JEV-P02-013,P02,"¿Qué evidencia describe memoria o estado entre llamadas, y cómo diseñar una integración si esa persistencia no está garantizada?","Fundamentación técnica documentada en Documentos Analíticos Canónicos P02 (P02_DEEP_DIVE, EVIDENCE_MAP, WORKFLOW) relativa a ¿qué evidencia describe memoria o estado entre llamadas, y cómo diseñar una integración si...",SRC-0027,Fuente SRC-0027,Cuaderno canónico P02,analisis_interno,Válido bajo contrato typesafe-sdk 0.7.0 y supuestos operacionales del Pilar P02.
AF-JEV-P02-014-01,JEV-P02-014,P02,"¿Qué soporte nativo de modalidades está documentado y qué flujos requieren transcripción, OCR u otro preprocesamiento externo?","Fundamentación técnica documentada en Introducing System One Models and Jev relativa a ¿qué soporte nativo de modalidades está documentado y qué flujos requieren transcripción, ...",SRC-0001,Fuente SRC-0001,https://typesafe.ai/blog/introducing-system-one-models-and-jev,documentado_proveedor,Válido bajo contrato typesafe-sdk 0.7.0 y supuestos operacionales del Pilar P02.
AF-JEV-P02-014-02,JEV-P02-014,P02,"¿Qué soporte nativo de modalidades está documentado y qué flujos requieren transcripción, OCR u otro preprocesamiento externo?","Fundamentación técnica documentada en TypeSafe AI Official Documentation relativa a ¿qué soporte nativo de modalidades está documentado y qué flujos requieren transcripción, ...",SRC-0002,Fuente SRC-0002,https://docs.typesafe.ai/,documentado_proveedor,Válido bajo contrato typesafe-sdk 0.7.0 y supuestos operacionales del Pilar P02.
AF-JEV-P02-014-03,JEV-P02-014,P02,"¿Qué soporte nativo de modalidades está documentado y qué flujos requieren transcripción, OCR u otro preprocesamiento externo?","Fundamentación técnica documentada en DataCamp: Jev — TypeSafe's System One Model Explained relativa a ¿qué soporte nativo de modalidades está documentado y qué flujos requieren transcripción, ...",SRC-0010,Fuente SRC-0010,https://www.datacamp.com/blog/system-one-models-jev,referencia_tecnica,Válido bajo contrato typesafe-sdk 0.7.0 y supuestos operacionales del Pilar P02.
AF-JEV-P02-014-04,JEV-P02-014,P02,"¿Qué soporte nativo de modalidades está documentado y qué flujos requieren transcripción, OCR u otro preprocesamiento externo?","Fundamentación técnica documentada en Documentos Analíticos Canónicos P02 (P02_DEEP_DIVE, EVIDENCE_MAP, WORKFLOW) relativa a ¿qué soporte nativo de modalidades está documentado y qué flujos requieren transcripción, ...",SRC-0027,Fuente SRC-0027,Cuaderno canónico P02,analisis_interno,Válido bajo contrato typesafe-sdk 0.7.0 y supuestos operacionales del Pilar P02.
AF-JEV-P02-015-01,JEV-P02-015,P02,"¿Qué relación hay entre optimizar decisiones y calibrar incertidumbre, y por qué un objetivo de entrenamiento no garantiza calibración en todo dominio?","Fundamentación técnica documentada en Introducing System One Models and Jev relativa a ¿qué relación hay entre optimizar decisiones y calibrar incertidumbre, y por qué un objeti...",SRC-0001,Fuente SRC-0001,https://typesafe.ai/blog/introducing-system-one-models-and-jev,documentado_proveedor,Válido bajo contrato typesafe-sdk 0.7.0 y supuestos operacionales del Pilar P02.
AF-JEV-P02-015-02,JEV-P02-015,P02,"¿Qué relación hay entre optimizar decisiones y calibrar incertidumbre, y por qué un objetivo de entrenamiento no garantiza calibración en todo dominio?","Fundamentación técnica documentada en TypeSafe AI: Confidence & Calibration relativa a ¿qué relación hay entre optimizar decisiones y calibrar incertidumbre, y por qué un objeti...",SRC-0003,Fuente SRC-0003,https://docs.typesafe.ai/confidence,documentado_proveedor,Válido bajo contrato typesafe-sdk 0.7.0 y supuestos operacionales del Pilar P02.
AF-JEV-P02-015-03,JEV-P02-015,P02,"¿Qué relación hay entre optimizar decisiones y calibrar incertidumbre, y por qué un objetivo de entrenamiento no garantiza calibración en todo dominio?","Fundamentación técnica documentada en arXiv 2307.12950: RLCD — Reinforcement Learning from Contrastive Distillation for LM Alignment relativa a ¿qué relación hay entre optimizar decisiones y calibrar incertidumbre, y por qué un objeti...",SRC-0023,Fuente SRC-0023,https://arxiv.org/abs/2307.12950,fundamento_academico,Válido bajo contrato typesafe-sdk 0.7.0 y supuestos operacionales del Pilar P02.
AF-JEV-P02-015-04,JEV-P02-015,P02,"¿Qué relación hay entre optimizar decisiones y calibrar incertidumbre, y por qué un objetivo de entrenamiento no garantiza calibración en todo dominio?","Fundamentación técnica documentada en MindStudio: RLCD vs RLHF — What Is TypeSafe's Jev Model Actually Claiming? relativa a ¿qué relación hay entre optimizar decisiones y calibrar incertidumbre, y por qué un objeti...",SRC-0024,Fuente SRC-0024,https://www.mindstudio.ai/blog/typesafe-jev-rlcd-vs-rlhf,referencia_tecnica,Válido bajo contrato typesafe-sdk 0.7.0 y supuestos operacionales del Pilar P02.
AF-JEV-P02-015-05,JEV-P02-015,P02,"¿Qué relación hay entre optimizar decisiones y calibrar incertidumbre, y por qué un objetivo de entrenamiento no garantiza calibración en todo dominio?","Fundamentación técnica documentada en Benchmarks Comunitarios de Calibración (scienthoon & yodablocks) relativa a ¿qué relación hay entre optimizar decisiones y calibrar incertidumbre, y por qué un objeti...",SRC-0028,Fuente SRC-0028,"GitHub: scienthoon/jev-ood-calibration, yodablocks/jev-orderby-bench",medido_independiente,Válido bajo contrato typesafe-sdk 0.7.0 y supuestos operacionales del Pilar P02.
AF-JEV-P02-016-01,JEV-P02-016,P02,¿Qué condiciones podrían romper una ventaja de inferencia anunciada aunque el mecanismo interno funcione como fue descrito?,Fundamentación técnica documentada en Introducing System One Models and Jev relativa a ¿qué condiciones podrían romper una ventaja de inferencia anunciada aunque el mecanismo in...,SRC-0001,Fuente SRC-0001,https://typesafe.ai/blog/introducing-system-one-models-and-jev,documentado_proveedor,Válido bajo contrato typesafe-sdk 0.7.0 y supuestos operacionales del Pilar P02.
AF-JEV-P02-016-02,JEV-P02-016,P02,¿Qué condiciones podrían romper una ventaja de inferencia anunciada aunque el mecanismo interno funcione como fue descrito?,Fundamentación técnica documentada en TypeSafe AI Official Documentation relativa a ¿qué condiciones podrían romper una ventaja de inferencia anunciada aunque el mecanismo in...,SRC-0002,Fuente SRC-0002,https://docs.typesafe.ai/,documentado_proveedor,Válido bajo contrato typesafe-sdk 0.7.0 y supuestos operacionales del Pilar P02.
AF-JEV-P02-016-03,JEV-P02-016,P02,¿Qué condiciones podrían romper una ventaja de inferencia anunciada aunque el mecanismo interno funcione como fue descrito?,Fundamentación técnica documentada en GitHub: logan-markewich/jeff — Open Self-Hosted Drop-in for Jev relativa a ¿qué condiciones podrían romper una ventaja de inferencia anunciada aunque el mecanismo in...,SRC-0009,Fuente SRC-0009,https://github.com/logan-markewich/jeff,medido_independiente,Válido bajo contrato typesafe-sdk 0.7.0 y supuestos operacionales del Pilar P02.
AF-JEV-P02-016-04,JEV-P02-016,P02,¿Qué condiciones podrían romper una ventaja de inferencia anunciada aunque el mecanismo interno funcione como fue descrito?,Fundamentación técnica documentada en Cloudflare AI Docs: Jev (TypeSafe) Model Specification relativa a ¿qué condiciones podrían romper una ventaja de inferencia anunciada aunque el mecanismo in...,SRC-0026,Fuente SRC-0026,https://developers.cloudflare.com/ai/models/typesafe/jev/,documentado_proveedor,Válido bajo contrato typesafe-sdk 0.7.0 y supuestos operacionales del Pilar P02.
AF-JEV-P02-016-05,JEV-P02-016,P02,¿Qué condiciones podrían romper una ventaja de inferencia anunciada aunque el mecanismo interno funcione como fue descrito?,"Fundamentación técnica documentada en Documentos Analíticos Canónicos P02 (P02_DEEP_DIVE, EVIDENCE_MAP, WORKFLOW) relativa a ¿qué condiciones podrían romper una ventaja de inferencia anunciada aunque el mecanismo in...",SRC-0027,Fuente SRC-0027,Cuaderno canónico P02,analisis_interno,Válido bajo contrato typesafe-sdk 0.7.0 y supuestos operacionales del Pilar P02.
AF-JEV-P02-017-01,JEV-P02-017,P02,¿Qué pruebas de caja negra distinguirían hipótesis alternativas de comportamiento sin pretender reconstruir el entrenamiento propietario?,Fundamentación técnica documentada en TypeSafe AI Official Documentation relativa a ¿qué pruebas de caja negra distinguirían hipótesis alternativas de comportamiento sin pret...,SRC-0002,Fuente SRC-0002,https://docs.typesafe.ai/,documentado_proveedor,Válido bajo contrato typesafe-sdk 0.7.0 y supuestos operacionales del Pilar P02.
AF-JEV-P02-017-02,JEV-P02-017,P02,¿Qué pruebas de caja negra distinguirían hipótesis alternativas de comportamiento sin pretender reconstruir el entrenamiento propietario?,Fundamentación técnica documentada en Capability Jaggedness & Decision Boundaries in Jev 1.13 relativa a ¿qué pruebas de caja negra distinguirían hipótesis alternativas de comportamiento sin pret...,SRC-0004,Fuente SRC-0004,https://docs.typesafe.ai/model-jaggedness/jev-1.13,referencia_tecnica,Válido bajo contrato typesafe-sdk 0.7.0 y supuestos operacionales del Pilar P02.
AF-JEV-P02-017-03,JEV-P02-017,P02,¿Qué pruebas de caja negra distinguirían hipótesis alternativas de comportamiento sin pretender reconstruir el entrenamiento propietario?,Fundamentación técnica documentada en GitHub: logan-markewich/jeff — Open Self-Hosted Drop-in for Jev relativa a ¿qué pruebas de caja negra distinguirían hipótesis alternativas de comportamiento sin pret...,SRC-0009,Fuente SRC-0009,https://github.com/logan-markewich/jeff,medido_independiente,Válido bajo contrato typesafe-sdk 0.7.0 y supuestos operacionales del Pilar P02.
AF-JEV-P02-017-04,JEV-P02-017,P02,¿Qué pruebas de caja negra distinguirían hipótesis alternativas de comportamiento sin pretender reconstruir el entrenamiento propietario?,"Fundamentación técnica documentada en Micheal Bee: What Jev Probably Is, And Why You Already Have One relativa a ¿qué pruebas de caja negra distinguirían hipótesis alternativas de comportamiento sin pret...",SRC-0025,Fuente SRC-0025,https://medium.com/@michealbee/what-jev-probably-is,metodo_general,Válido bajo contrato typesafe-sdk 0.7.0 y supuestos operacionales del Pilar P02.
AF-JEV-P02-017-05,JEV-P02-017,P02,¿Qué pruebas de caja negra distinguirían hipótesis alternativas de comportamiento sin pretender reconstruir el entrenamiento propietario?,"Fundamentación técnica documentada en Documentos Analíticos Canónicos P02 (P02_DEEP_DIVE, EVIDENCE_MAP, WORKFLOW) relativa a ¿qué pruebas de caja negra distinguirían hipótesis alternativas de comportamiento sin pret...",SRC-0027,Fuente SRC-0027,Cuaderno canónico P02,analisis_interno,Válido bajo contrato typesafe-sdk 0.7.0 y supuestos operacionales del Pilar P02.
AF-JEV-P02-018-01,JEV-P02-018,P02,¿Qué detalles de arquitectura necesitamos conocer para integrar con seguridad y cuáles pueden suplirse mediante contratos y evaluación externa?,Fundamentación técnica documentada en Introducing System One Models and Jev relativa a ¿qué detalles de arquitectura necesitamos conocer para integrar con seguridad y cuáles pue...,SRC-0001,Fuente SRC-0001,https://typesafe.ai/blog/introducing-system-one-models-and-jev,documentado_proveedor,Válido bajo contrato typesafe-sdk 0.7.0 y supuestos operacionales del Pilar P02.
AF-JEV-P02-018-02,JEV-P02-018,P02,¿Qué detalles de arquitectura necesitamos conocer para integrar con seguridad y cuáles pueden suplirse mediante contratos y evaluación externa?,Fundamentación técnica documentada en TypeSafe AI Official Documentation relativa a ¿qué detalles de arquitectura necesitamos conocer para integrar con seguridad y cuáles pue...,SRC-0002,Fuente SRC-0002,https://docs.typesafe.ai/,documentado_proveedor,Válido bajo contrato typesafe-sdk 0.7.0 y supuestos operacionales del Pilar P02.
AF-JEV-P02-018-03,JEV-P02-018,P02,¿Qué detalles de arquitectura necesitamos conocer para integrar con seguridad y cuáles pueden suplirse mediante contratos y evaluación externa?,Fundamentación técnica documentada en TypeSafe AI: Confidence & Calibration relativa a ¿qué detalles de arquitectura necesitamos conocer para integrar con seguridad y cuáles pue...,SRC-0003,Fuente SRC-0003,https://docs.typesafe.ai/confidence,documentado_proveedor,Válido bajo contrato typesafe-sdk 0.7.0 y supuestos operacionales del Pilar P02.
AF-JEV-P02-018-04,JEV-P02-018,P02,¿Qué detalles de arquitectura necesitamos conocer para integrar con seguridad y cuáles pueden suplirse mediante contratos y evaluación externa?,"Fundamentación técnica documentada en Documentos Analíticos Canónicos P02 (P02_DEEP_DIVE, EVIDENCE_MAP, WORKFLOW) relativa a ¿qué detalles de arquitectura necesitamos conocer para integrar con seguridad y cuáles pue...",SRC-0027,Fuente SRC-0027,Cuaderno canónico P02,analisis_interno,Válido bajo contrato typesafe-sdk 0.7.0 y supuestos operacionales del Pilar P02.
AF-JEV-P02-019-01,JEV-P02-019,P02,"¿Qué riesgos crea trasladar intuiciones de un LLM generativo a Jev al diseñar instrucciones, herramientas o memoria?",Fundamentación técnica documentada en Introducing System One Models and Jev relativa a ¿qué riesgos crea trasladar intuiciones de un llm generativo a jev al diseñar instruccione...,SRC-0001,Fuente SRC-0001,https://typesafe.ai/blog/introducing-system-one-models-and-jev,documentado_proveedor,Válido bajo contrato typesafe-sdk 0.7.0 y supuestos operacionales del Pilar P02.
AF-JEV-P02-019-02,JEV-P02-019,P02,"¿Qué riesgos crea trasladar intuiciones de un LLM generativo a Jev al diseñar instrucciones, herramientas o memoria?",Fundamentación técnica documentada en TypeSafe AI Official Documentation relativa a ¿qué riesgos crea trasladar intuiciones de un llm generativo a jev al diseñar instruccione...,SRC-0002,Fuente SRC-0002,https://docs.typesafe.ai/,documentado_proveedor,Válido bajo contrato typesafe-sdk 0.7.0 y supuestos operacionales del Pilar P02.
AF-JEV-P02-019-03,JEV-P02-019,P02,"¿Qué riesgos crea trasladar intuiciones de un LLM generativo a Jev al diseñar instrucciones, herramientas o memoria?",Fundamentación técnica documentada en LangChain: What Is Jev? Guide to TypeSafe AI's System One Model relativa a ¿qué riesgos crea trasladar intuiciones de un llm generativo a jev al diseñar instruccione...,SRC-0016,Fuente SRC-0016,https://www.langchain.com/blog/building-a-harness-with-jev,documentado_proveedor,Válido bajo contrato typesafe-sdk 0.7.0 y supuestos operacionales del Pilar P02.
AF-JEV-P02-019-04,JEV-P02-019,P02,"¿Qué riesgos crea trasladar intuiciones de un LLM generativo a Jev al diseñar instrucciones, herramientas o memoria?","Fundamentación técnica documentada en Documentos Analíticos Canónicos P02 (P02_DEEP_DIVE, EVIDENCE_MAP, WORKFLOW) relativa a ¿qué riesgos crea trasladar intuiciones de un llm generativo a jev al diseñar instruccione...",SRC-0027,Fuente SRC-0027,Cuaderno canónico P02,analisis_interno,Válido bajo contrato typesafe-sdk 0.7.0 y supuestos operacionales del Pilar P02.
AF-JEV-P02-020-01,JEV-P02-020,P02,"¿Cómo explicar la arquitectura en niveles conceptual, técnico y operativo conservando las mismas incertidumbres en las tres explicaciones?","Fundamentación técnica documentada en Introducing System One Models and Jev relativa a ¿cómo explicar la arquitectura en niveles conceptual, técnico y operativo conservando las ...",SRC-0001,Fuente SRC-0001,https://typesafe.ai/blog/introducing-system-one-models-and-jev,documentado_proveedor,Válido bajo contrato typesafe-sdk 0.7.0 y supuestos operacionales del Pilar P02.
AF-JEV-P02-020-02,JEV-P02-020,P02,"¿Cómo explicar la arquitectura en niveles conceptual, técnico y operativo conservando las mismas incertidumbres en las tres explicaciones?","Fundamentación técnica documentada en TypeSafe AI Official Documentation relativa a ¿cómo explicar la arquitectura en niveles conceptual, técnico y operativo conservando las ...",SRC-0002,Fuente SRC-0002,https://docs.typesafe.ai/,documentado_proveedor,Válido bajo contrato typesafe-sdk 0.7.0 y supuestos operacionales del Pilar P02.
AF-JEV-P02-020-03,JEV-P02-020,P02,"¿Cómo explicar la arquitectura en niveles conceptual, técnico y operativo conservando las mismas incertidumbres en las tres explicaciones?","Fundamentación técnica documentada en Capability Jaggedness & Decision Boundaries in Jev 1.13 relativa a ¿cómo explicar la arquitectura en niveles conceptual, técnico y operativo conservando las ...",SRC-0004,Fuente SRC-0004,https://docs.typesafe.ai/model-jaggedness/jev-1.13,referencia_tecnica,Válido bajo contrato typesafe-sdk 0.7.0 y supuestos operacionales del Pilar P02.
AF-JEV-P02-020-04,JEV-P02-020,P02,"¿Cómo explicar la arquitectura en niveles conceptual, técnico y operativo conservando las mismas incertidumbres en las tres explicaciones?","Fundamentación técnica documentada en Documentos Analíticos Canónicos P02 (P02_DEEP_DIVE, EVIDENCE_MAP, WORKFLOW) relativa a ¿cómo explicar la arquitectura en niveles conceptual, técnico y operativo conservando las ...",SRC-0027,Fuente SRC-0027,Cuaderno canónico P02,analisis_interno,Válido bajo contrato typesafe-sdk 0.7.0 y supuestos operacionales del Pilar P02.
AF-JEV-P03-001-01,JEV-P03-001,P03,"¿Cuáles son los contratos exactos y documentados de Choice, Score y Noul para la versión analizada, y qué ejemplos evitan confundirlos?","Fundamentación técnica documentada en Introducing System One Models and Jev relativa a ¿cuáles son los contratos exactos y documentados de choice, score y noul para la versión a...",SRC-0001,Fuente SRC-0001,https://typesafe.ai/blog/introducing-system-one-models-and-jev,documentado_proveedor,Válido bajo contrato typesafe-sdk 0.7.0 y supuestos operacionales del Pilar P03.
AF-JEV-P03-001-02,JEV-P03-001,P03,"¿Cuáles son los contratos exactos y documentados de Choice, Score y Noul para la versión analizada, y qué ejemplos evitan confundirlos?","Fundamentación técnica documentada en TypeSafe AI Official Documentation relativa a ¿cuáles son los contratos exactos y documentados de choice, score y noul para la versión a...",SRC-0002,Fuente SRC-0002,https://docs.typesafe.ai/,documentado_proveedor,Válido bajo contrato typesafe-sdk 0.7.0 y supuestos operacionales del Pilar P03.
AF-JEV-P03-001-03,JEV-P03-001,P03,"¿Cuáles son los contratos exactos y documentados de Choice, Score y Noul para la versión analizada, y qué ejemplos evitan confundirlos?","Fundamentación técnica documentada en TypeSafe AI: Confidence & Calibration relativa a ¿cuáles son los contratos exactos y documentados de choice, score y noul para la versión a...",SRC-0003,Fuente SRC-0003,https://docs.typesafe.ai/confidence,documentado_proveedor,Válido bajo contrato typesafe-sdk 0.7.0 y supuestos operacionales del Pilar P03.
AF-JEV-P03-001-04,JEV-P03-001,P03,"¿Cuáles son los contratos exactos y documentados de Choice, Score y Noul para la versión analizada, y qué ejemplos evitan confundirlos?","Fundamentación técnica documentada en Fundamentos de Clasificación Ordinal y Matriz de Costes relativa a ¿cuáles son los contratos exactos y documentados de choice, score y noul para la versión a...",SRC-0033,Fuente SRC-0033,https://en.wikipedia.org/wiki/Ordinal_classification,referencia_tecnica,Válido bajo contrato typesafe-sdk 0.7.0 y supuestos operacionales del Pilar P03.
AF-JEV-P03-001-05,JEV-P03-001,P03,"¿Cuáles son los contratos exactos y documentados de Choice, Score y Noul para la versión analizada, y qué ejemplos evitan confundirlos?","Fundamentación técnica documentada en Documentos Analíticos Canónicos P03 (P03_DEEP_DIVE, EVIDENCE_MAP, WORKFLOW_PLAYBOOK) relativa a ¿cuáles son los contratos exactos y documentados de choice, score y noul para la versión a...",SRC-0034,Fuente SRC-0034,Cuaderno canónico P03 (`420bc955-32d2-44bf-b9ad-e3b8a7874d43`),analisis_interno,Válido bajo contrato typesafe-sdk 0.7.0 y supuestos operacionales del Pilar P03.
AF-JEV-P03-002-01,JEV-P03-002,P03,"¿Cómo descomponer una petición de negocio ambigua en una decisión semántica con entrada, criterio, salida y destinatario definidos?","Fundamentación técnica documentada en TypeSafe AI Official Documentation relativa a ¿cómo descomponer una petición de negocio ambigua en una decisión semántica con entrada, c...",SRC-0002,Fuente SRC-0002,https://docs.typesafe.ai/,documentado_proveedor,Válido bajo contrato typesafe-sdk 0.7.0 y supuestos operacionales del Pilar P03.
AF-JEV-P03-002-02,JEV-P03-002,P03,"¿Cómo descomponer una petición de negocio ambigua en una decisión semántica con entrada, criterio, salida y destinatario definidos?","Fundamentación técnica documentada en TypeSafe AI Concepts: Use Case Map relativa a ¿cómo descomponer una petición de negocio ambigua en una decisión semántica con entrada, c...",SRC-0005,Fuente SRC-0005,https://docs.typesafe.ai/concepts/use-case-map,documentado_proveedor,Válido bajo contrato typesafe-sdk 0.7.0 y supuestos operacionales del Pilar P03.
AF-JEV-P03-002-03,JEV-P03-002,P03,"¿Cómo descomponer una petición de negocio ambigua en una decisión semántica con entrada, criterio, salida y destinatario definidos?","Fundamentación técnica documentada en Fundamentos de Clasificación Ordinal y Matriz de Costes relativa a ¿cómo descomponer una petición de negocio ambigua en una decisión semántica con entrada, c...",SRC-0033,Fuente SRC-0033,https://en.wikipedia.org/wiki/Ordinal_classification,referencia_tecnica,Válido bajo contrato typesafe-sdk 0.7.0 y supuestos operacionales del Pilar P03.
AF-JEV-P03-002-04,JEV-P03-002,P03,"¿Cómo descomponer una petición de negocio ambigua en una decisión semántica con entrada, criterio, salida y destinatario definidos?","Fundamentación técnica documentada en Documentos Analíticos Canónicos P03 (P03_DEEP_DIVE, EVIDENCE_MAP, WORKFLOW_PLAYBOOK) relativa a ¿cómo descomponer una petición de negocio ambigua en una decisión semántica con entrada, c...",SRC-0034,Fuente SRC-0034,Cuaderno canónico P03 (`420bc955-32d2-44bf-b9ad-e3b8a7874d43`),analisis_interno,Válido bajo contrato typesafe-sdk 0.7.0 y supuestos operacionales del Pilar P03.
AF-JEV-P03-003-01,JEV-P03-003,P03,"¿Qué árbol de decisión permite elegir entre una primitiva documentada, una regla determinista, un modelo generativo o revisión humana?","Fundamentación técnica documentada en Introducing System One Models and Jev relativa a ¿qué árbol de decisión permite elegir entre una primitiva documentada, una regla determini...",SRC-0001,Fuente SRC-0001,https://typesafe.ai/blog/introducing-system-one-models-and-jev,documentado_proveedor,Válido bajo contrato typesafe-sdk 0.7.0 y supuestos operacionales del Pilar P03.
AF-JEV-P03-003-02,JEV-P03-003,P03,"¿Qué árbol de decisión permite elegir entre una primitiva documentada, una regla determinista, un modelo generativo o revisión humana?","Fundamentación técnica documentada en TypeSafe AI Official Documentation relativa a ¿qué árbol de decisión permite elegir entre una primitiva documentada, una regla determini...",SRC-0002,Fuente SRC-0002,https://docs.typesafe.ai/,documentado_proveedor,Válido bajo contrato typesafe-sdk 0.7.0 y supuestos operacionales del Pilar P03.
AF-JEV-P03-003-03,JEV-P03-003,P03,"¿Qué árbol de decisión permite elegir entre una primitiva documentada, una regla determinista, un modelo generativo o revisión humana?","Fundamentación técnica documentada en Mozannar & Sontag (2020): Consistent Estimators for Learning to Defer to an Expert relativa a ¿qué árbol de decisión permite elegir entre una primitiva documentada, una regla determini...",SRC-0032,Fuente SRC-0032,https://arxiv.org/abs/2006.01862,referencia_tecnica,Válido bajo contrato typesafe-sdk 0.7.0 y supuestos operacionales del Pilar P03.
AF-JEV-P03-003-04,JEV-P03-003,P03,"¿Qué árbol de decisión permite elegir entre una primitiva documentada, una regla determinista, un modelo generativo o revisión humana?","Fundamentación técnica documentada en Documentos Analíticos Canónicos P03 (P03_DEEP_DIVE, EVIDENCE_MAP, WORKFLOW_PLAYBOOK) relativa a ¿qué árbol de decisión permite elegir entre una primitiva documentada, una regla determini...",SRC-0034,Fuente SRC-0034,Cuaderno canónico P03 (`420bc955-32d2-44bf-b9ad-e3b8a7874d43`),analisis_interno,Válido bajo contrato typesafe-sdk 0.7.0 y supuestos operacionales del Pilar P03.
AF-JEV-P03-004-01,JEV-P03-004,P03,¿Cómo representar información insuficiente y abstención sin inventar una opción o capacidad que el contrato no soporte?,Fundamentación técnica documentada en TypeSafe AI Official Documentation relativa a ¿cómo representar información insuficiente y abstención sin inventar una opción o capacida...,SRC-0002,Fuente SRC-0002,https://docs.typesafe.ai/,documentado_proveedor,Válido bajo contrato typesafe-sdk 0.7.0 y supuestos operacionales del Pilar P03.
AF-JEV-P03-004-02,JEV-P03-004,P03,¿Cómo representar información insuficiente y abstención sin inventar una opción o capacidad que el contrato no soporte?,Fundamentación técnica documentada en TypeSafe AI: Confidence & Calibration relativa a ¿cómo representar información insuficiente y abstención sin inventar una opción o capacida...,SRC-0003,Fuente SRC-0003,https://docs.typesafe.ai/confidence,documentado_proveedor,Válido bajo contrato typesafe-sdk 0.7.0 y supuestos operacionales del Pilar P03.
AF-JEV-P03-004-03,JEV-P03-004,P03,¿Cómo representar información insuficiente y abstención sin inventar una opción o capacidad que el contrato no soporte?,Fundamentación técnica documentada en Geifman & El-Yaniv (2017): Selective Classification for Deep Neural Networks relativa a ¿cómo representar información insuficiente y abstención sin inventar una opción o capacida...,SRC-0029,Fuente SRC-0029,https://arxiv.org/abs/1705.08500,referencia_tecnica,Válido bajo contrato typesafe-sdk 0.7.0 y supuestos operacionales del Pilar P03.
AF-JEV-P03-004-04,JEV-P03-004,P03,¿Cómo representar información insuficiente y abstención sin inventar una opción o capacidad que el contrato no soporte?,Fundamentación técnica documentada en Hendrickx et al. (2021): Machine Learning with a Reject Option: A Survey relativa a ¿cómo representar información insuficiente y abstención sin inventar una opción o capacida...,SRC-0031,Fuente SRC-0031,https://arxiv.org/abs/2107.11277,fundamento_academico,Válido bajo contrato typesafe-sdk 0.7.0 y supuestos operacionales del Pilar P03.
AF-JEV-P03-004-05,JEV-P03-004,P03,¿Cómo representar información insuficiente y abstención sin inventar una opción o capacidad que el contrato no soporte?,"Fundamentación técnica documentada en Documentos Analíticos Canónicos P03 (P03_DEEP_DIVE, EVIDENCE_MAP, WORKFLOW_PLAYBOOK) relativa a ¿cómo representar información insuficiente y abstención sin inventar una opción o capacida...",SRC-0034,Fuente SRC-0034,Cuaderno canónico P03 (`420bc955-32d2-44bf-b9ad-e3b8a7874d43`),analisis_interno,Válido bajo contrato typesafe-sdk 0.7.0 y supuestos operacionales del Pilar P03.
AF-JEV-P03-005-01,JEV-P03-005,P03,"¿Cómo definir categorías mutuamente excluyentes y suficientemente exhaustivas, y detectar casos que no pertenecen a ninguna?","Fundamentación técnica documentada en TypeSafe AI Official Documentation relativa a ¿cómo definir categorías mutuamente excluyentes y suficientemente exhaustivas, y detectar ...",SRC-0002,Fuente SRC-0002,https://docs.typesafe.ai/,documentado_proveedor,Válido bajo contrato typesafe-sdk 0.7.0 y supuestos operacionales del Pilar P03.
AF-JEV-P03-005-02,JEV-P03-005,P03,"¿Cómo definir categorías mutuamente excluyentes y suficientemente exhaustivas, y detectar casos que no pertenecen a ninguna?","Fundamentación técnica documentada en Capability Jaggedness & Decision Boundaries in Jev 1.13 relativa a ¿cómo definir categorías mutuamente excluyentes y suficientemente exhaustivas, y detectar ...",SRC-0004,Fuente SRC-0004,https://docs.typesafe.ai/model-jaggedness/jev-1.13,referencia_tecnica,Válido bajo contrato typesafe-sdk 0.7.0 y supuestos operacionales del Pilar P03.
AF-JEV-P03-005-03,JEV-P03-005,P03,"¿Cómo definir categorías mutuamente excluyentes y suficientemente exhaustivas, y detectar casos que no pertenecen a ninguna?","Fundamentación técnica documentada en Fundamentos de Clasificación Ordinal y Matriz de Costes relativa a ¿cómo definir categorías mutuamente excluyentes y suficientemente exhaustivas, y detectar ...",SRC-0033,Fuente SRC-0033,https://en.wikipedia.org/wiki/Ordinal_classification,referencia_tecnica,Válido bajo contrato typesafe-sdk 0.7.0 y supuestos operacionales del Pilar P03.
AF-JEV-P03-005-04,JEV-P03-005,P03,"¿Cómo definir categorías mutuamente excluyentes y suficientemente exhaustivas, y detectar casos que no pertenecen a ninguna?","Fundamentación técnica documentada en Documentos Analíticos Canónicos P03 (P03_DEEP_DIVE, EVIDENCE_MAP, WORKFLOW_PLAYBOOK) relativa a ¿cómo definir categorías mutuamente excluyentes y suficientemente exhaustivas, y detectar ...",SRC-0034,Fuente SRC-0034,Cuaderno canónico P03 (`420bc955-32d2-44bf-b9ad-e3b8a7874d43`),analisis_interno,Válido bajo contrato typesafe-sdk 0.7.0 y supuestos operacionales del Pilar P03.
AF-JEV-P03-006-01,JEV-P03-006,P03,¿Cómo tratar una necesidad de clasificación multietiqueta si la primitiva disponible solo permite una elección por llamada?,Fundamentación técnica documentada en TypeSafe AI Official Documentation relativa a ¿cómo tratar una necesidad de clasificación multietiqueta si la primitiva disponible solo ...,SRC-0002,Fuente SRC-0002,https://docs.typesafe.ai/,documentado_proveedor,Válido bajo contrato typesafe-sdk 0.7.0 y supuestos operacionales del Pilar P03.
AF-JEV-P03-006-02,JEV-P03-006,P03,¿Cómo tratar una necesidad de clasificación multietiqueta si la primitiva disponible solo permite una elección por llamada?,Fundamentación técnica documentada en Fundamentos de Clasificación Ordinal y Matriz de Costes relativa a ¿cómo tratar una necesidad de clasificación multietiqueta si la primitiva disponible solo ...,SRC-0033,Fuente SRC-0033,https://en.wikipedia.org/wiki/Ordinal_classification,referencia_tecnica,Válido bajo contrato typesafe-sdk 0.7.0 y supuestos operacionales del Pilar P03.
AF-JEV-P03-006-03,JEV-P03-006,P03,¿Cómo tratar una necesidad de clasificación multietiqueta si la primitiva disponible solo permite una elección por llamada?,"Fundamentación técnica documentada en Documentos Analíticos Canónicos P03 (P03_DEEP_DIVE, EVIDENCE_MAP, WORKFLOW_PLAYBOOK) relativa a ¿cómo tratar una necesidad de clasificación multietiqueta si la primitiva disponible solo ...",SRC-0034,Fuente SRC-0034,Cuaderno canónico P03 (`420bc955-32d2-44bf-b9ad-e3b8a7874d43`),analisis_interno,Válido bajo contrato typesafe-sdk 0.7.0 y supuestos operacionales del Pilar P03.
AF-JEV-P03-007-01,JEV-P03-007,P03,"¿Cómo transformar «calidad», «urgencia» o «relevancia» en criterios observables sin mezclar conceptos distintos en una sola puntuación?","Fundamentación técnica documentada en TypeSafe AI Official Documentation relativa a ¿cómo transformar «calidad», «urgencia» o «relevancia» en criterios observables sin mezcla...",SRC-0002,Fuente SRC-0002,https://docs.typesafe.ai/,documentado_proveedor,Válido bajo contrato typesafe-sdk 0.7.0 y supuestos operacionales del Pilar P03.
AF-JEV-P03-007-02,JEV-P03-007,P03,"¿Cómo transformar «calidad», «urgencia» o «relevancia» en criterios observables sin mezclar conceptos distintos en una sola puntuación?","Fundamentación técnica documentada en TypeSafe AI Concepts: Use Case Map relativa a ¿cómo transformar «calidad», «urgencia» o «relevancia» en criterios observables sin mezcla...",SRC-0005,Fuente SRC-0005,https://docs.typesafe.ai/concepts/use-case-map,documentado_proveedor,Válido bajo contrato typesafe-sdk 0.7.0 y supuestos operacionales del Pilar P03.
AF-JEV-P03-007-03,JEV-P03-007,P03,"¿Cómo transformar «calidad», «urgencia» o «relevancia» en criterios observables sin mezclar conceptos distintos en una sola puntuación?","Fundamentación técnica documentada en Fundamentos de Clasificación Ordinal y Matriz de Costes relativa a ¿cómo transformar «calidad», «urgencia» o «relevancia» en criterios observables sin mezcla...",SRC-0033,Fuente SRC-0033,https://en.wikipedia.org/wiki/Ordinal_classification,referencia_tecnica,Válido bajo contrato typesafe-sdk 0.7.0 y supuestos operacionales del Pilar P03.
AF-JEV-P03-007-04,JEV-P03-007,P03,"¿Cómo transformar «calidad», «urgencia» o «relevancia» en criterios observables sin mezclar conceptos distintos en una sola puntuación?","Fundamentación técnica documentada en Documentos Analíticos Canónicos P03 (P03_DEEP_DIVE, EVIDENCE_MAP, WORKFLOW_PLAYBOOK) relativa a ¿cómo transformar «calidad», «urgencia» o «relevancia» en criterios observables sin mezcla...",SRC-0034,Fuente SRC-0034,Cuaderno canónico P03 (`420bc955-32d2-44bf-b9ad-e3b8a7874d43`),analisis_interno,Válido bajo contrato typesafe-sdk 0.7.0 y supuestos operacionales del Pilar P03.
AF-JEV-P03-008-01,JEV-P03-008,P03,¿Cómo diseñar anclas de una rúbrica y comprobar que las diferencias entre niveles se interpretan de forma consistente?,Fundamentación técnica documentada en TypeSafe AI Official Documentation relativa a ¿cómo diseñar anclas de una rúbrica y comprobar que las diferencias entre niveles se inter...,SRC-0002,Fuente SRC-0002,https://docs.typesafe.ai/,documentado_proveedor,Válido bajo contrato typesafe-sdk 0.7.0 y supuestos operacionales del Pilar P03.
AF-JEV-P03-008-02,JEV-P03-008,P03,¿Cómo diseñar anclas de una rúbrica y comprobar que las diferencias entre niveles se interpretan de forma consistente?,Fundamentación técnica documentada en Fundamentos de Clasificación Ordinal y Matriz de Costes relativa a ¿cómo diseñar anclas de una rúbrica y comprobar que las diferencias entre niveles se inter...,SRC-0033,Fuente SRC-0033,https://en.wikipedia.org/wiki/Ordinal_classification,referencia_tecnica,Válido bajo contrato typesafe-sdk 0.7.0 y supuestos operacionales del Pilar P03.
AF-JEV-P03-008-03,JEV-P03-008,P03,¿Cómo diseñar anclas de una rúbrica y comprobar que las diferencias entre niveles se interpretan de forma consistente?,"Fundamentación técnica documentada en Documentos Analíticos Canónicos P03 (P03_DEEP_DIVE, EVIDENCE_MAP, WORKFLOW_PLAYBOOK) relativa a ¿cómo diseñar anclas de una rúbrica y comprobar que las diferencias entre niveles se inter...",SRC-0034,Fuente SRC-0034,Cuaderno canónico P03 (`420bc955-32d2-44bf-b9ad-e3b8a7874d43`),analisis_interno,Válido bajo contrato typesafe-sdk 0.7.0 y supuestos operacionales del Pilar P03.
AF-JEV-P03-009-01,JEV-P03-009,P03,"¿Qué errores introducen negaciones y dobles negaciones en los criterios, y cómo reformularlas sin alterar el significado?","Fundamentación técnica documentada en TypeSafe AI Official Documentation relativa a ¿qué errores introducen negaciones y dobles negaciones en los criterios, y cómo reformular...",SRC-0002,Fuente SRC-0002,https://docs.typesafe.ai/,documentado_proveedor,Válido bajo contrato typesafe-sdk 0.7.0 y supuestos operacionales del Pilar P03.
AF-JEV-P03-009-02,JEV-P03-009,P03,"¿Qué errores introducen negaciones y dobles negaciones en los criterios, y cómo reformularlas sin alterar el significado?","Fundamentación técnica documentada en Capability Jaggedness & Decision Boundaries in Jev 1.13 relativa a ¿qué errores introducen negaciones y dobles negaciones en los criterios, y cómo reformular...",SRC-0004,Fuente SRC-0004,https://docs.typesafe.ai/model-jaggedness/jev-1.13,referencia_tecnica,Válido bajo contrato typesafe-sdk 0.7.0 y supuestos operacionales del Pilar P03.
AF-JEV-P03-009-03,JEV-P03-009,P03,"¿Qué errores introducen negaciones y dobles negaciones en los criterios, y cómo reformularlas sin alterar el significado?","Fundamentación técnica documentada en Documentos Analíticos Canónicos P03 (P03_DEEP_DIVE, EVIDENCE_MAP, WORKFLOW_PLAYBOOK) relativa a ¿qué errores introducen negaciones y dobles negaciones en los criterios, y cómo reformular...",SRC-0034,Fuente SRC-0034,Cuaderno canónico P03 (`420bc955-32d2-44bf-b9ad-e3b8a7874d43`),analisis_interno,Válido bajo contrato typesafe-sdk 0.7.0 y supuestos operacionales del Pilar P03.
AF-JEV-P03-010-01,JEV-P03-010,P03,¿Cómo resolver instrucciones con criterios incompatibles mediante prioridades explícitas o decisiones separadas?,Fundamentación técnica documentada en TypeSafe AI Official Documentation relativa a ¿cómo resolver instrucciones con criterios incompatibles mediante prioridades explícitas o...,SRC-0002,Fuente SRC-0002,https://docs.typesafe.ai/,documentado_proveedor,Válido bajo contrato typesafe-sdk 0.7.0 y supuestos operacionales del Pilar P03.
AF-JEV-P03-010-02,JEV-P03-010,P03,¿Cómo resolver instrucciones con criterios incompatibles mediante prioridades explícitas o decisiones separadas?,Fundamentación técnica documentada en TypeSafe AI Concepts: Use Case Map relativa a ¿cómo resolver instrucciones con criterios incompatibles mediante prioridades explícitas o...,SRC-0005,Fuente SRC-0005,https://docs.typesafe.ai/concepts/use-case-map,documentado_proveedor,Válido bajo contrato typesafe-sdk 0.7.0 y supuestos operacionales del Pilar P03.
AF-JEV-P03-010-03,JEV-P03-010,P03,¿Cómo resolver instrucciones con criterios incompatibles mediante prioridades explícitas o decisiones separadas?,Fundamentación técnica documentada en Fundamentos de Clasificación Ordinal y Matriz de Costes relativa a ¿cómo resolver instrucciones con criterios incompatibles mediante prioridades explícitas o...,SRC-0033,Fuente SRC-0033,https://en.wikipedia.org/wiki/Ordinal_classification,referencia_tecnica,Válido bajo contrato typesafe-sdk 0.7.0 y supuestos operacionales del Pilar P03.
AF-JEV-P03-010-04,JEV-P03-010,P03,¿Cómo resolver instrucciones con criterios incompatibles mediante prioridades explícitas o decisiones separadas?,"Fundamentación técnica documentada en Documentos Analíticos Canónicos P03 (P03_DEEP_DIVE, EVIDENCE_MAP, WORKFLOW_PLAYBOOK) relativa a ¿cómo resolver instrucciones con criterios incompatibles mediante prioridades explícitas o...",SRC-0034,Fuente SRC-0034,Cuaderno canónico P03 (`420bc955-32d2-44bf-b9ad-e3b8a7874d43`),analisis_interno,Válido bajo contrato typesafe-sdk 0.7.0 y supuestos operacionales del Pilar P03.
AF-JEV-P03-011-01,JEV-P03-011,P03,"¿Qué efecto potencial tienen el orden, el nombre y la descripción de las opciones, y cómo aislarlo experimentalmente?","Fundamentación técnica documentada en TypeSafe AI Official Documentation relativa a ¿qué efecto potencial tienen el orden, el nombre y la descripción de las opciones, y cómo ...",SRC-0002,Fuente SRC-0002,https://docs.typesafe.ai/,documentado_proveedor,Válido bajo contrato typesafe-sdk 0.7.0 y supuestos operacionales del Pilar P03.
AF-JEV-P03-011-02,JEV-P03-011,P03,"¿Qué efecto potencial tienen el orden, el nombre y la descripción de las opciones, y cómo aislarlo experimentalmente?","Fundamentación técnica documentada en Capability Jaggedness & Decision Boundaries in Jev 1.13 relativa a ¿qué efecto potencial tienen el orden, el nombre y la descripción de las opciones, y cómo ...",SRC-0004,Fuente SRC-0004,https://docs.typesafe.ai/model-jaggedness/jev-1.13,referencia_tecnica,Válido bajo contrato typesafe-sdk 0.7.0 y supuestos operacionales del Pilar P03.
AF-JEV-P03-011-03,JEV-P03-011,P03,"¿Qué efecto potencial tienen el orden, el nombre y la descripción de las opciones, y cómo aislarlo experimentalmente?","Fundamentación técnica documentada en Fundamentos de Clasificación Ordinal y Matriz de Costes relativa a ¿qué efecto potencial tienen el orden, el nombre y la descripción de las opciones, y cómo ...",SRC-0033,Fuente SRC-0033,https://en.wikipedia.org/wiki/Ordinal_classification,referencia_tecnica,Válido bajo contrato typesafe-sdk 0.7.0 y supuestos operacionales del Pilar P03.
AF-JEV-P03-011-04,JEV-P03-011,P03,"¿Qué efecto potencial tienen el orden, el nombre y la descripción de las opciones, y cómo aislarlo experimentalmente?","Fundamentación técnica documentada en Documentos Analíticos Canónicos P03 (P03_DEEP_DIVE, EVIDENCE_MAP, WORKFLOW_PLAYBOOK) relativa a ¿qué efecto potencial tienen el orden, el nombre y la descripción de las opciones, y cómo ...",SRC-0034,Fuente SRC-0034,Cuaderno canónico P03 (`420bc955-32d2-44bf-b9ad-e3b8a7874d43`),analisis_interno,Válido bajo contrato typesafe-sdk 0.7.0 y supuestos operacionales del Pilar P03.
AF-JEV-P03-012-01,JEV-P03-012,P03,"¿Cómo distinguir probabilidad de pertenencia, intensidad de un atributo y preferencia entre alternativas al diseñar una salida?","Fundamentación técnica documentada en TypeSafe AI Official Documentation relativa a ¿cómo distinguir probabilidad de pertenencia, intensidad de un atributo y preferencia entr...",SRC-0002,Fuente SRC-0002,https://docs.typesafe.ai/,documentado_proveedor,Válido bajo contrato typesafe-sdk 0.7.0 y supuestos operacionales del Pilar P03.
AF-JEV-P03-012-02,JEV-P03-012,P03,"¿Cómo distinguir probabilidad de pertenencia, intensidad de un atributo y preferencia entre alternativas al diseñar una salida?","Fundamentación técnica documentada en TypeSafe AI: Confidence & Calibration relativa a ¿cómo distinguir probabilidad de pertenencia, intensidad de un atributo y preferencia entr...",SRC-0003,Fuente SRC-0003,https://docs.typesafe.ai/confidence,documentado_proveedor,Válido bajo contrato typesafe-sdk 0.7.0 y supuestos operacionales del Pilar P03.
AF-JEV-P03-012-03,JEV-P03-012,P03,"¿Cómo distinguir probabilidad de pertenencia, intensidad de un atributo y preferencia entre alternativas al diseñar una salida?","Fundamentación técnica documentada en Fundamentos de Clasificación Ordinal y Matriz de Costes relativa a ¿cómo distinguir probabilidad de pertenencia, intensidad de un atributo y preferencia entr...",SRC-0033,Fuente SRC-0033,https://en.wikipedia.org/wiki/Ordinal_classification,referencia_tecnica,Válido bajo contrato typesafe-sdk 0.7.0 y supuestos operacionales del Pilar P03.
AF-JEV-P03-012-04,JEV-P03-012,P03,"¿Cómo distinguir probabilidad de pertenencia, intensidad de un atributo y preferencia entre alternativas al diseñar una salida?","Fundamentación técnica documentada en Documentos Analíticos Canónicos P03 (P03_DEEP_DIVE, EVIDENCE_MAP, WORKFLOW_PLAYBOOK) relativa a ¿cómo distinguir probabilidad de pertenencia, intensidad de un atributo y preferencia entr...",SRC-0034,Fuente SRC-0034,Cuaderno canónico P03 (`420bc955-32d2-44bf-b9ad-e3b8a7874d43`),analisis_interno,Válido bajo contrato typesafe-sdk 0.7.0 y supuestos operacionales del Pilar P03.
AF-JEV-P03-013-01,JEV-P03-013,P03,¿Cómo convertir una decisión empresarial en una matriz de costos antes de elegir la política de acción posterior?,Fundamentación técnica documentada en TypeSafe AI Official Documentation relativa a ¿cómo convertir una decisión empresarial en una matriz de costos antes de elegir la políti...,SRC-0002,Fuente SRC-0002,https://docs.typesafe.ai/,documentado_proveedor,Válido bajo contrato typesafe-sdk 0.7.0 y supuestos operacionales del Pilar P03.
AF-JEV-P03-013-02,JEV-P03-013,P03,¿Cómo convertir una decisión empresarial en una matriz de costos antes de elegir la política de acción posterior?,Fundamentación técnica documentada en Hendrickx et al. (2021): Machine Learning with a Reject Option: A Survey relativa a ¿cómo convertir una decisión empresarial en una matriz de costos antes de elegir la políti...,SRC-0031,Fuente SRC-0031,https://arxiv.org/abs/2107.11277,fundamento_academico,Válido bajo contrato typesafe-sdk 0.7.0 y supuestos operacionales del Pilar P03.
AF-JEV-P03-013-03,JEV-P03-013,P03,¿Cómo convertir una decisión empresarial en una matriz de costos antes de elegir la política de acción posterior?,Fundamentación técnica documentada en Mozannar & Sontag (2020): Consistent Estimators for Learning to Defer to an Expert relativa a ¿cómo convertir una decisión empresarial en una matriz de costos antes de elegir la políti...,SRC-0032,Fuente SRC-0032,https://arxiv.org/abs/2006.01862,referencia_tecnica,Válido bajo contrato typesafe-sdk 0.7.0 y supuestos operacionales del Pilar P03.
AF-JEV-P03-013-04,JEV-P03-013,P03,¿Cómo convertir una decisión empresarial en una matriz de costos antes de elegir la política de acción posterior?,"Fundamentación técnica documentada en Documentos Analíticos Canónicos P03 (P03_DEEP_DIVE, EVIDENCE_MAP, WORKFLOW_PLAYBOOK) relativa a ¿cómo convertir una decisión empresarial en una matriz de costos antes de elegir la políti...",SRC-0034,Fuente SRC-0034,Cuaderno canónico P03 (`420bc955-32d2-44bf-b9ad-e3b8a7874d43`),analisis_interno,Válido bajo contrato typesafe-sdk 0.7.0 y supuestos operacionales del Pilar P03.
AF-JEV-P03-013-05,JEV-P03-013,P03,¿Cómo convertir una decisión empresarial en una matriz de costos antes de elegir la política de acción posterior?,Fundamentación técnica documentada en The Foundations of Cost-Sensitive Learning relativa a ¿cómo convertir una decisión empresarial en una matriz de costos antes de elegir la políti...,SRC-0035,Fuente SRC-0035,https://cdn.aaai.org/IJCAI/2001/IJCAI01-135.pdf,referencia_tecnica,Válido bajo contrato typesafe-sdk 0.7.0 y supuestos operacionales del Pilar P03.
AF-JEV-P03-014-01,JEV-P03-014,P03,¿Cuándo conviene una taxonomía jerárquica frente a una clasificación plana y cómo se propagan los errores entre niveles?,Fundamentación técnica documentada en TypeSafe AI Official Documentation relativa a ¿cuándo conviene una taxonomía jerárquica frente a una clasificación plana y cómo se propa...,SRC-0002,Fuente SRC-0002,https://docs.typesafe.ai/,documentado_proveedor,Válido bajo contrato typesafe-sdk 0.7.0 y supuestos operacionales del Pilar P03.
AF-JEV-P03-014-02,JEV-P03-014,P03,¿Cuándo conviene una taxonomía jerárquica frente a una clasificación plana y cómo se propagan los errores entre niveles?,Fundamentación técnica documentada en Hendrickx et al. (2021): Machine Learning with a Reject Option: A Survey relativa a ¿cuándo conviene una taxonomía jerárquica frente a una clasificación plana y cómo se propa...,SRC-0031,Fuente SRC-0031,https://arxiv.org/abs/2107.11277,fundamento_academico,Válido bajo contrato typesafe-sdk 0.7.0 y supuestos operacionales del Pilar P03.
AF-JEV-P03-014-03,JEV-P03-014,P03,¿Cuándo conviene una taxonomía jerárquica frente a una clasificación plana y cómo se propagan los errores entre niveles?,"Fundamentación técnica documentada en Documentos Analíticos Canónicos P03 (P03_DEEP_DIVE, EVIDENCE_MAP, WORKFLOW_PLAYBOOK) relativa a ¿cuándo conviene una taxonomía jerárquica frente a una clasificación plana y cómo se propa...",SRC-0034,Fuente SRC-0034,Cuaderno canónico P03 (`420bc955-32d2-44bf-b9ad-e3b8a7874d43`),analisis_interno,Válido bajo contrato typesafe-sdk 0.7.0 y supuestos operacionales del Pilar P03.
AF-JEV-P03-014-04,JEV-P03-014,P03,¿Cuándo conviene una taxonomía jerárquica frente a una clasificación plana y cómo se propagan los errores entre niveles?,Fundamentación técnica documentada en A Survey of Hierarchical Classification Across Different Application Domains relativa a ¿cuándo conviene una taxonomía jerárquica frente a una clasificación plana y cómo se propa...,SRC-0036,Fuente SRC-0036,https://doi.org/10.1007/s10618-010-0175-9,fundamento_academico,Válido bajo contrato typesafe-sdk 0.7.0 y supuestos operacionales del Pilar P03.
AF-JEV-P03-015-01,JEV-P03-015,P03,¿Cómo evaluar consistencia entre decisiones relacionadas sin tratar la coincidencia de varias llamadas como independencia estadística?,Fundamentación técnica documentada en TypeSafe AI Official Documentation relativa a ¿cómo evaluar consistencia entre decisiones relacionadas sin tratar la coincidencia de var...,SRC-0002,Fuente SRC-0002,https://docs.typesafe.ai/,documentado_proveedor,Válido bajo contrato typesafe-sdk 0.7.0 y supuestos operacionales del Pilar P03.
AF-JEV-P03-015-02,JEV-P03-015,P03,¿Cómo evaluar consistencia entre decisiones relacionadas sin tratar la coincidencia de varias llamadas como independencia estadística?,Fundamentación técnica documentada en Guo et al. (2017): On Calibration of Modern Neural Networks relativa a ¿cómo evaluar consistencia entre decisiones relacionadas sin tratar la coincidencia de var...,SRC-0030,Fuente SRC-0030,https://arxiv.org/abs/1706.04599,referencia_tecnica,Válido bajo contrato typesafe-sdk 0.7.0 y supuestos operacionales del Pilar P03.
AF-JEV-P03-015-03,JEV-P03-015,P03,¿Cómo evaluar consistencia entre decisiones relacionadas sin tratar la coincidencia de varias llamadas como independencia estadística?,Fundamentación técnica documentada en Mozannar & Sontag (2020): Consistent Estimators for Learning to Defer to an Expert relativa a ¿cómo evaluar consistencia entre decisiones relacionadas sin tratar la coincidencia de var...,SRC-0032,Fuente SRC-0032,https://arxiv.org/abs/2006.01862,referencia_tecnica,Válido bajo contrato typesafe-sdk 0.7.0 y supuestos operacionales del Pilar P03.
AF-JEV-P03-015-04,JEV-P03-015,P03,¿Cómo evaluar consistencia entre decisiones relacionadas sin tratar la coincidencia de varias llamadas como independencia estadística?,Fundamentación técnica documentada en Fundamentos de Clasificación Ordinal y Matriz de Costes relativa a ¿cómo evaluar consistencia entre decisiones relacionadas sin tratar la coincidencia de var...,SRC-0033,Fuente SRC-0033,https://en.wikipedia.org/wiki/Ordinal_classification,referencia_tecnica,Válido bajo contrato typesafe-sdk 0.7.0 y supuestos operacionales del Pilar P03.
AF-JEV-P03-015-05,JEV-P03-015,P03,¿Cómo evaluar consistencia entre decisiones relacionadas sin tratar la coincidencia de varias llamadas como independencia estadística?,"Fundamentación técnica documentada en Documentos Analíticos Canónicos P03 (P03_DEEP_DIVE, EVIDENCE_MAP, WORKFLOW_PLAYBOOK) relativa a ¿cómo evaluar consistencia entre decisiones relacionadas sin tratar la coincidencia de var...",SRC-0034,Fuente SRC-0034,Cuaderno canónico P03 (`420bc955-32d2-44bf-b9ad-e3b8a7874d43`),analisis_interno,Válido bajo contrato typesafe-sdk 0.7.0 y supuestos operacionales del Pilar P03.
AF-JEV-P03-016-01,JEV-P03-016,P03,"¿Qué doce fichas de decisiones, distribuidas entre las primitivas documentadas, ilustran usos correctos y errores habituales con datos sintéticos?","Fundamentación técnica documentada en TypeSafe AI Official Documentation relativa a ¿qué doce fichas de decisiones, distribuidas entre las primitivas documentadas, ilustran u...",SRC-0002,Fuente SRC-0002,https://docs.typesafe.ai/,documentado_proveedor,Válido bajo contrato typesafe-sdk 0.7.0 y supuestos operacionales del Pilar P03.
AF-JEV-P03-016-02,JEV-P03-016,P03,"¿Qué doce fichas de decisiones, distribuidas entre las primitivas documentadas, ilustran usos correctos y errores habituales con datos sintéticos?","Fundamentación técnica documentada en Geifman & El-Yaniv (2017): Selective Classification for Deep Neural Networks relativa a ¿qué doce fichas de decisiones, distribuidas entre las primitivas documentadas, ilustran u...",SRC-0029,Fuente SRC-0029,https://arxiv.org/abs/1705.08500,referencia_tecnica,Válido bajo contrato typesafe-sdk 0.7.0 y supuestos operacionales del Pilar P03.
AF-JEV-P03-016-03,JEV-P03-016,P03,"¿Qué doce fichas de decisiones, distribuidas entre las primitivas documentadas, ilustran usos correctos y errores habituales con datos sintéticos?","Fundamentación técnica documentada en Hendrickx et al. (2021): Machine Learning with a Reject Option: A Survey relativa a ¿qué doce fichas de decisiones, distribuidas entre las primitivas documentadas, ilustran u...",SRC-0031,Fuente SRC-0031,https://arxiv.org/abs/2107.11277,fundamento_academico,Válido bajo contrato typesafe-sdk 0.7.0 y supuestos operacionales del Pilar P03.
AF-JEV-P03-016-04,JEV-P03-016,P03,"¿Qué doce fichas de decisiones, distribuidas entre las primitivas documentadas, ilustran usos correctos y errores habituales con datos sintéticos?","Fundamentación técnica documentada en Fundamentos de Clasificación Ordinal y Matriz de Costes relativa a ¿qué doce fichas de decisiones, distribuidas entre las primitivas documentadas, ilustran u...",SRC-0033,Fuente SRC-0033,https://en.wikipedia.org/wiki/Ordinal_classification,referencia_tecnica,Válido bajo contrato typesafe-sdk 0.7.0 y supuestos operacionales del Pilar P03.
AF-JEV-P03-016-05,JEV-P03-016,P03,"¿Qué doce fichas de decisiones, distribuidas entre las primitivas documentadas, ilustran usos correctos y errores habituales con datos sintéticos?","Fundamentación técnica documentada en Documentos Analíticos Canónicos P03 (P03_DEEP_DIVE, EVIDENCE_MAP, WORKFLOW_PLAYBOOK) relativa a ¿qué doce fichas de decisiones, distribuidas entre las primitivas documentadas, ilustran u...",SRC-0034,Fuente SRC-0034,Cuaderno canónico P03 (`420bc955-32d2-44bf-b9ad-e3b8a7874d43`),analisis_interno,Válido bajo contrato typesafe-sdk 0.7.0 y supuestos operacionales del Pilar P03.
AF-JEV-P03-017-01,JEV-P03-017,P03,¿Cómo versionar categorías y criterios para que un cambio de taxonomía no invalide silenciosamente métricas ni consumidores?,Fundamentación técnica documentada en TypeSafe AI Official Documentation relativa a ¿cómo versionar categorías y criterios para que un cambio de taxonomía no invalide silenci...,SRC-0002,Fuente SRC-0002,https://docs.typesafe.ai/,documentado_proveedor,Válido bajo contrato typesafe-sdk 0.7.0 y supuestos operacionales del Pilar P03.
AF-JEV-P03-017-02,JEV-P03-017,P03,¿Cómo versionar categorías y criterios para que un cambio de taxonomía no invalide silenciosamente métricas ni consumidores?,Fundamentación técnica documentada en Guo et al. (2017): On Calibration of Modern Neural Networks relativa a ¿cómo versionar categorías y criterios para que un cambio de taxonomía no invalide silenci...,SRC-0030,Fuente SRC-0030,https://arxiv.org/abs/1706.04599,referencia_tecnica,Válido bajo contrato typesafe-sdk 0.7.0 y supuestos operacionales del Pilar P03.
AF-JEV-P03-017-03,JEV-P03-017,P03,¿Cómo versionar categorías y criterios para que un cambio de taxonomía no invalide silenciosamente métricas ni consumidores?,Fundamentación técnica documentada en Fundamentos de Clasificación Ordinal y Matriz de Costes relativa a ¿cómo versionar categorías y criterios para que un cambio de taxonomía no invalide silenci...,SRC-0033,Fuente SRC-0033,https://en.wikipedia.org/wiki/Ordinal_classification,referencia_tecnica,Válido bajo contrato typesafe-sdk 0.7.0 y supuestos operacionales del Pilar P03.
AF-JEV-P03-017-04,JEV-P03-017,P03,¿Cómo versionar categorías y criterios para que un cambio de taxonomía no invalide silenciosamente métricas ni consumidores?,"Fundamentación técnica documentada en Documentos Analíticos Canónicos P03 (P03_DEEP_DIVE, EVIDENCE_MAP, WORKFLOW_PLAYBOOK) relativa a ¿cómo versionar categorías y criterios para que un cambio de taxonomía no invalide silenci...",SRC-0034,Fuente SRC-0034,Cuaderno canónico P03 (`420bc955-32d2-44bf-b9ad-e3b8a7874d43`),analisis_interno,Válido bajo contrato typesafe-sdk 0.7.0 y supuestos operacionales del Pilar P03.
AF-JEV-P03-017-05,JEV-P03-017,P03,¿Cómo versionar categorías y criterios para que un cambio de taxonomía no invalide silenciosamente métricas ni consumidores?,Fundamentación técnica documentada en Patterns of Distributed Systems & Decoupled Execution (CQRS / Sagas) relativa a ¿cómo versionar categorías y criterios para que un cambio de taxonomía no invalide silenci...,SRC-0038,Fuente SRC-0038,https://martinfowler.com/bliki/CQRS.html,referencia_tecnica,Válido bajo contrato typesafe-sdk 0.7.0 y supuestos operacionales del Pilar P03.
AF-JEV-P03-018-01,JEV-P03-018,P03,¿Cuándo aportar ejemplos etiquetados mejora la definición de una decisión y cuándo puede introducir anclaje o fuga de evaluación?,Fundamentación técnica documentada en TypeSafe AI Official Documentation relativa a ¿cuándo aportar ejemplos etiquetados mejora la definición de una decisión y cuándo puede i...,SRC-0002,Fuente SRC-0002,https://docs.typesafe.ai/,documentado_proveedor,Válido bajo contrato typesafe-sdk 0.7.0 y supuestos operacionales del Pilar P03.
AF-JEV-P03-018-02,JEV-P03-018,P03,¿Cuándo aportar ejemplos etiquetados mejora la definición de una decisión y cuándo puede introducir anclaje o fuga de evaluación?,Fundamentación técnica documentada en Capability Jaggedness & Decision Boundaries in Jev 1.13 relativa a ¿cuándo aportar ejemplos etiquetados mejora la definición de una decisión y cuándo puede i...,SRC-0004,Fuente SRC-0004,https://docs.typesafe.ai/model-jaggedness/jev-1.13,referencia_tecnica,Válido bajo contrato typesafe-sdk 0.7.0 y supuestos operacionales del Pilar P03.
AF-JEV-P03-018-03,JEV-P03-018,P03,¿Cuándo aportar ejemplos etiquetados mejora la definición de una decisión y cuándo puede introducir anclaje o fuga de evaluación?,"Fundamentación técnica documentada en Documentos Analíticos Canónicos P03 (P03_DEEP_DIVE, EVIDENCE_MAP, WORKFLOW_PLAYBOOK) relativa a ¿cuándo aportar ejemplos etiquetados mejora la definición de una decisión y cuándo puede i...",SRC-0034,Fuente SRC-0034,Cuaderno canónico P03 (`420bc955-32d2-44bf-b9ad-e3b8a7874d43`),analisis_interno,Válido bajo contrato typesafe-sdk 0.7.0 y supuestos operacionales del Pilar P03.
AF-JEV-P03-018-04,JEV-P03-018,P03,¿Cuándo aportar ejemplos etiquetados mejora la definición de una decisión y cuándo puede introducir anclaje o fuga de evaluación?,Fundamentación técnica documentada en Calibrate Before Use: Improving Few-Shot Performance of Language Models relativa a ¿cuándo aportar ejemplos etiquetados mejora la definición de una decisión y cuándo puede i...,SRC-0037,Fuente SRC-0037,https://arxiv.org/abs/2102.09690,referencia_tecnica,Válido bajo contrato typesafe-sdk 0.7.0 y supuestos operacionales del Pilar P03.
AF-JEV-P03-019-01,JEV-P03-019,P03,"¿Cómo traducir una salida estructurada a una acción reversible manteniendo separados juicio semántico, autorización y ejecución?",Fundamentación técnica documentada en Introducing System One Models and Jev relativa a ¿cómo traducir una salida estructurada a una acción reversible manteniendo separados juici...,SRC-0001,Fuente SRC-0001,https://typesafe.ai/blog/introducing-system-one-models-and-jev,documentado_proveedor,Válido bajo contrato typesafe-sdk 0.7.0 y supuestos operacionales del Pilar P03.
AF-JEV-P03-019-02,JEV-P03-019,P03,"¿Cómo traducir una salida estructurada a una acción reversible manteniendo separados juicio semántico, autorización y ejecución?",Fundamentación técnica documentada en TypeSafe AI Official Documentation relativa a ¿cómo traducir una salida estructurada a una acción reversible manteniendo separados juici...,SRC-0002,Fuente SRC-0002,https://docs.typesafe.ai/,documentado_proveedor,Válido bajo contrato typesafe-sdk 0.7.0 y supuestos operacionales del Pilar P03.
AF-JEV-P03-019-03,JEV-P03-019,P03,"¿Cómo traducir una salida estructurada a una acción reversible manteniendo separados juicio semántico, autorización y ejecución?",Fundamentación técnica documentada en Mozannar & Sontag (2020): Consistent Estimators for Learning to Defer to an Expert relativa a ¿cómo traducir una salida estructurada a una acción reversible manteniendo separados juici...,SRC-0032,Fuente SRC-0032,https://arxiv.org/abs/2006.01862,referencia_tecnica,Válido bajo contrato typesafe-sdk 0.7.0 y supuestos operacionales del Pilar P03.
AF-JEV-P03-019-04,JEV-P03-019,P03,"¿Cómo traducir una salida estructurada a una acción reversible manteniendo separados juicio semántico, autorización y ejecución?","Fundamentación técnica documentada en Documentos Analíticos Canónicos P03 (P03_DEEP_DIVE, EVIDENCE_MAP, WORKFLOW_PLAYBOOK) relativa a ¿cómo traducir una salida estructurada a una acción reversible manteniendo separados juici...",SRC-0034,Fuente SRC-0034,Cuaderno canónico P03 (`420bc955-32d2-44bf-b9ad-e3b8a7874d43`),analisis_interno,Válido bajo contrato typesafe-sdk 0.7.0 y supuestos operacionales del Pilar P03.
AF-JEV-P03-019-05,JEV-P03-019,P03,"¿Cómo traducir una salida estructurada a una acción reversible manteniendo separados juicio semántico, autorización y ejecución?",Fundamentación técnica documentada en Patterns of Distributed Systems & Decoupled Execution (CQRS / Sagas) relativa a ¿cómo traducir una salida estructurada a una acción reversible manteniendo separados juici...,SRC-0038,Fuente SRC-0038,https://martinfowler.com/bliki/CQRS.html,referencia_tecnica,Válido bajo contrato typesafe-sdk 0.7.0 y supuestos operacionales del Pilar P03.
AF-JEV-P03-020-01,JEV-P03-020,P03,¿Qué plantilla reutilizable de decisión permite a otro desarrollador implementarla y evaluarla sin depender del autor original?,Fundamentación técnica documentada en TypeSafe AI Official Documentation relativa a ¿qué plantilla reutilizable de decisión permite a otro desarrollador implementarla y evalu...,SRC-0002,Fuente SRC-0002,https://docs.typesafe.ai/,documentado_proveedor,Válido bajo contrato typesafe-sdk 0.7.0 y supuestos operacionales del Pilar P03.
AF-JEV-P03-020-02,JEV-P03-020,P03,¿Qué plantilla reutilizable de decisión permite a otro desarrollador implementarla y evaluarla sin depender del autor original?,"Fundamentación técnica documentada en Documentos Analíticos Canónicos P03 (P03_DEEP_DIVE, EVIDENCE_MAP, WORKFLOW_PLAYBOOK) relativa a ¿qué plantilla reutilizable de decisión permite a otro desarrollador implementarla y evalu...",SRC-0034,Fuente SRC-0034,Cuaderno canónico P03 (`420bc955-32d2-44bf-b9ad-e3b8a7874d43`),analisis_interno,Válido bajo contrato typesafe-sdk 0.7.0 y supuestos operacionales del Pilar P03.
AF-JEV-P03-020-03,JEV-P03-020,P03,¿Qué plantilla reutilizable de decisión permite a otro desarrollador implementarla y evaluarla sin depender del autor original?,Fundamentación técnica documentada en The Foundations of Cost-Sensitive Learning relativa a ¿qué plantilla reutilizable de decisión permite a otro desarrollador implementarla y evalu...,SRC-0035,Fuente SRC-0035,https://cdn.aaai.org/IJCAI/2001/IJCAI01-135.pdf,referencia_tecnica,Válido bajo contrato typesafe-sdk 0.7.0 y supuestos operacionales del Pilar P03.
AF-JEV-P03-020-04,JEV-P03-020,P03,¿Qué plantilla reutilizable de decisión permite a otro desarrollador implementarla y evaluarla sin depender del autor original?,Fundamentación técnica documentada en Patterns of Distributed Systems & Decoupled Execution (CQRS / Sagas) relativa a ¿qué plantilla reutilizable de decisión permite a otro desarrollador implementarla y evalu...,SRC-0038,Fuente SRC-0038,https://martinfowler.com/bliki/CQRS.html,referencia_tecnica,Válido bajo contrato typesafe-sdk 0.7.0 y supuestos operacionales del Pilar P03.
AF-JEV-P04-001-01,JEV-P04-001,P04,"¿Qué entiende la documentación por state o contexto y qué campos, tamaños y formatos están efectivamente soportados?","Fundamentación técnica documentada en TypeSafe AI Official Documentation relativa a ¿qué entiende la documentación por state o contexto y qué campos, tamaños y formatos están...",SRC-0002,Fuente SRC-0002,https://docs.typesafe.ai/,documentado_proveedor,Válido bajo contrato typesafe-sdk 0.7.0 y supuestos operacionales del Pilar P04.
AF-JEV-P04-001-02,JEV-P04-001,P04,"¿Qué entiende la documentación por state o contexto y qué campos, tamaños y formatos están efectivamente soportados?","Fundamentación técnica documentada en Capability Jaggedness & Decision Boundaries in Jev 1.13 relativa a ¿qué entiende la documentación por state o contexto y qué campos, tamaños y formatos están...",SRC-0004,Fuente SRC-0004,https://docs.typesafe.ai/model-jaggedness/jev-1.13,referencia_tecnica,Válido bajo contrato typesafe-sdk 0.7.0 y supuestos operacionales del Pilar P04.
AF-JEV-P04-001-03,JEV-P04-001,P04,"¿Qué entiende la documentación por state o contexto y qué campos, tamaños y formatos están efectivamente soportados?","Fundamentación técnica documentada en GitHub: itsmostafa/typesafe-mcp — MCP Connector for Jev relativa a ¿qué entiende la documentación por state o contexto y qué campos, tamaños y formatos están...",SRC-0008,Fuente SRC-0008,https://github.com/itsmostafa/typesafe-mcp,medido_independiente,Válido bajo contrato typesafe-sdk 0.7.0 y supuestos operacionales del Pilar P04.
AF-JEV-P04-001-04,JEV-P04-001,P04,"¿Qué entiende la documentación por state o contexto y qué campos, tamaños y formatos están efectivamente soportados?","Fundamentación técnica documentada en TypeSafe AI System One API Reference & State Specs (`POST /v1/systemone`) relativa a ¿qué entiende la documentación por state o contexto y qué campos, tamaños y formatos están...",SRC-0039,Fuente SRC-0039,https://docs.typesafe.ai/api,documentado_proveedor,Válido bajo contrato typesafe-sdk 0.7.0 y supuestos operacionales del Pilar P04.
AF-JEV-P04-001-05,JEV-P04-001,P04,"¿Qué entiende la documentación por state o contexto y qué campos, tamaños y formatos están efectivamente soportados?","Fundamentación técnica documentada en Documentos Analíticos Canónicos P04 (P04_DEEP_DIVE, EVIDENCE_MAP, CONTEXT_PLAYBOOK) relativa a ¿qué entiende la documentación por state o contexto y qué campos, tamaños y formatos están...",SRC-0040,Fuente SRC-0040,Cuaderno canónico P04 (`97480264-ff2c-4816-9dec-4b8ce071500a`),analisis_interno,Válido bajo contrato typesafe-sdk 0.7.0 y supuestos operacionales del Pilar P04.
AF-JEV-P04-002-01,JEV-P04-002,P04,¿Cómo determinar el contexto mínimo suficiente para una decisión sin omitir evidencia que cambiaría su resultado?,Fundamentación técnica documentada en Capability Jaggedness & Decision Boundaries in Jev 1.13 relativa a ¿cómo determinar el contexto mínimo suficiente para una decisión sin omitir evidencia que ...,SRC-0004,Fuente SRC-0004,https://docs.typesafe.ai/model-jaggedness/jev-1.13,referencia_tecnica,Válido bajo contrato typesafe-sdk 0.7.0 y supuestos operacionales del Pilar P04.
AF-JEV-P04-002-02,JEV-P04-002,P04,¿Cómo determinar el contexto mínimo suficiente para una decisión sin omitir evidencia que cambiaría su resultado?,Fundamentación técnica documentada en Fundamentos de Clasificación Ordinal y Matriz de Costes relativa a ¿cómo determinar el contexto mínimo suficiente para una decisión sin omitir evidencia que ...,SRC-0033,Fuente SRC-0033,https://en.wikipedia.org/wiki/Ordinal_classification,referencia_tecnica,Válido bajo contrato typesafe-sdk 0.7.0 y supuestos operacionales del Pilar P04.
AF-JEV-P04-002-03,JEV-P04-002,P04,¿Cómo determinar el contexto mínimo suficiente para una decisión sin omitir evidencia que cambiaría su resultado?,Fundamentación técnica documentada en TypeSafe AI System One API Reference & State Specs (`POST /v1/systemone`) relativa a ¿cómo determinar el contexto mínimo suficiente para una decisión sin omitir evidencia que ...,SRC-0039,Fuente SRC-0039,https://docs.typesafe.ai/api,documentado_proveedor,Válido bajo contrato typesafe-sdk 0.7.0 y supuestos operacionales del Pilar P04.
AF-JEV-P04-002-04,JEV-P04-002,P04,¿Cómo determinar el contexto mínimo suficiente para una decisión sin omitir evidencia que cambiaría su resultado?,"Fundamentación técnica documentada en Documentos Analíticos Canónicos P04 (P04_DEEP_DIVE, EVIDENCE_MAP, CONTEXT_PLAYBOOK) relativa a ¿cómo determinar el contexto mínimo suficiente para una decisión sin omitir evidencia que ...",SRC-0040,Fuente SRC-0040,Cuaderno canónico P04 (`97480264-ff2c-4816-9dec-4b8ce071500a`),analisis_interno,Válido bajo contrato typesafe-sdk 0.7.0 y supuestos operacionales del Pilar P04.
AF-JEV-P04-003-01,JEV-P04-003,P04,"¿Cómo construir un contrato de entrada que distinga dato ausente, valor desconocido, valor nulo y valor negativo confirmado?","Fundamentación técnica documentada en TypeSafe AI Official Documentation relativa a ¿cómo construir un contrato de entrada que distinga dato ausente, valor desconocido, valor...",SRC-0002,Fuente SRC-0002,https://docs.typesafe.ai/,documentado_proveedor,Válido bajo contrato typesafe-sdk 0.7.0 y supuestos operacionales del Pilar P04.
AF-JEV-P04-003-02,JEV-P04-003,P04,"¿Cómo construir un contrato de entrada que distinga dato ausente, valor desconocido, valor nulo y valor negativo confirmado?","Fundamentación técnica documentada en Capability Jaggedness & Decision Boundaries in Jev 1.13 relativa a ¿cómo construir un contrato de entrada que distinga dato ausente, valor desconocido, valor...",SRC-0004,Fuente SRC-0004,https://docs.typesafe.ai/model-jaggedness/jev-1.13,referencia_tecnica,Válido bajo contrato typesafe-sdk 0.7.0 y supuestos operacionales del Pilar P04.
AF-JEV-P04-003-03,JEV-P04-003,P04,"¿Cómo construir un contrato de entrada que distinga dato ausente, valor desconocido, valor nulo y valor negativo confirmado?","Fundamentación técnica documentada en The Foundations of Cost-Sensitive Learning relativa a ¿cómo construir un contrato de entrada que distinga dato ausente, valor desconocido, valor...",SRC-0035,Fuente SRC-0035,https://cdn.aaai.org/IJCAI/2001/IJCAI01-135.pdf,referencia_tecnica,Válido bajo contrato typesafe-sdk 0.7.0 y supuestos operacionales del Pilar P04.
AF-JEV-P04-003-04,JEV-P04-003,P04,"¿Cómo construir un contrato de entrada que distinga dato ausente, valor desconocido, valor nulo y valor negativo confirmado?","Fundamentación técnica documentada en A Survey of Hierarchical Classification Across Different Application Domains relativa a ¿cómo construir un contrato de entrada que distinga dato ausente, valor desconocido, valor...",SRC-0036,Fuente SRC-0036,https://doi.org/10.1007/s10618-010-0175-9,fundamento_academico,Válido bajo contrato typesafe-sdk 0.7.0 y supuestos operacionales del Pilar P04.
AF-JEV-P04-003-05,JEV-P04-003,P04,"¿Cómo construir un contrato de entrada que distinga dato ausente, valor desconocido, valor nulo y valor negativo confirmado?","Fundamentación técnica documentada en Documentos Analíticos Canónicos P04 (P04_DEEP_DIVE, EVIDENCE_MAP, CONTEXT_PLAYBOOK) relativa a ¿cómo construir un contrato de entrada que distinga dato ausente, valor desconocido, valor...",SRC-0040,Fuente SRC-0040,Cuaderno canónico P04 (`97480264-ff2c-4816-9dec-4b8ce071500a`),analisis_interno,Válido bajo contrato typesafe-sdk 0.7.0 y supuestos operacionales del Pilar P04.
AF-JEV-P04-004-01,JEV-P04-004,P04,"¿Cómo conservar procedencia, fecha y permisos de cada fragmento desde la fuente hasta la decisión final?","Fundamentación técnica documentada en TypeSafe AI Official Documentation relativa a ¿cómo conservar procedencia, fecha y permisos de cada fragmento desde la fuente hasta la d...",SRC-0002,Fuente SRC-0002,https://docs.typesafe.ai/,documentado_proveedor,Válido bajo contrato typesafe-sdk 0.7.0 y supuestos operacionales del Pilar P04.
AF-JEV-P04-004-02,JEV-P04-004,P04,"¿Cómo conservar procedencia, fecha y permisos de cada fragmento desde la fuente hasta la decisión final?","Fundamentación técnica documentada en Patterns of Distributed Systems & Decoupled Execution (CQRS / Sagas) relativa a ¿cómo conservar procedencia, fecha y permisos de cada fragmento desde la fuente hasta la d...",SRC-0038,Fuente SRC-0038,https://martinfowler.com/bliki/CQRS.html,referencia_tecnica,Válido bajo contrato typesafe-sdk 0.7.0 y supuestos operacionales del Pilar P04.
AF-JEV-P04-004-03,JEV-P04-004,P04,"¿Cómo conservar procedencia, fecha y permisos de cada fragmento desde la fuente hasta la decisión final?","Fundamentación técnica documentada en Documentos Analíticos Canónicos P04 (P04_DEEP_DIVE, EVIDENCE_MAP, CONTEXT_PLAYBOOK) relativa a ¿cómo conservar procedencia, fecha y permisos de cada fragmento desde la fuente hasta la d...",SRC-0040,Fuente SRC-0040,Cuaderno canónico P04 (`97480264-ff2c-4816-9dec-4b8ce071500a`),analisis_interno,Válido bajo contrato typesafe-sdk 0.7.0 y supuestos operacionales del Pilar P04.
AF-JEV-P04-005-01,JEV-P04-005,P04,¿Qué transformación debe excluir datos personales o secretos antes de que una entrada llegue al servicio o al cuaderno público?,Fundamentación técnica documentada en TypeSafe AI Official Documentation relativa a ¿qué transformación debe excluir datos personales o secretos antes de que una entrada lleg...,SRC-0002,Fuente SRC-0002,https://docs.typesafe.ai/,documentado_proveedor,Válido bajo contrato typesafe-sdk 0.7.0 y supuestos operacionales del Pilar P04.
AF-JEV-P04-005-02,JEV-P04-005,P04,¿Qué transformación debe excluir datos personales o secretos antes de que una entrada llegue al servicio o al cuaderno público?,"Fundamentación técnica documentada en Documentos Analíticos Canónicos P02 (P02_DEEP_DIVE, EVIDENCE_MAP, WORKFLOW) relativa a ¿qué transformación debe excluir datos personales o secretos antes de que una entrada lleg...",SRC-0027,Fuente SRC-0027,Cuaderno canónico P02,analisis_interno,Válido bajo contrato typesafe-sdk 0.7.0 y supuestos operacionales del Pilar P04.
AF-JEV-P04-005-03,JEV-P04-005,P04,¿Qué transformación debe excluir datos personales o secretos antes de que una entrada llegue al servicio o al cuaderno público?,Fundamentación técnica documentada en Patterns of Distributed Systems & Decoupled Execution (CQRS / Sagas) relativa a ¿qué transformación debe excluir datos personales o secretos antes de que una entrada lleg...,SRC-0038,Fuente SRC-0038,https://martinfowler.com/bliki/CQRS.html,referencia_tecnica,Válido bajo contrato typesafe-sdk 0.7.0 y supuestos operacionales del Pilar P04.
AF-JEV-P04-005-04,JEV-P04-005,P04,¿Qué transformación debe excluir datos personales o secretos antes de que una entrada llegue al servicio o al cuaderno público?,"Fundamentación técnica documentada en Documentos Analíticos Canónicos P04 (P04_DEEP_DIVE, EVIDENCE_MAP, CONTEXT_PLAYBOOK) relativa a ¿qué transformación debe excluir datos personales o secretos antes de que una entrada lleg...",SRC-0040,Fuente SRC-0040,Cuaderno canónico P04 (`97480264-ff2c-4816-9dec-4b8ce071500a`),analisis_interno,Válido bajo contrato typesafe-sdk 0.7.0 y supuestos operacionales del Pilar P04.
AF-JEV-P04-006-01,JEV-P04-006,P04,"¿Cuándo conviene texto, JSON, tabla o una combinación, y cómo compararlos manteniendo constante la información relevante?","Fundamentación técnica documentada en TypeSafe AI Official Documentation relativa a ¿cuándo conviene texto, json, tabla o una combinación, y cómo compararlos manteniendo cons...",SRC-0002,Fuente SRC-0002,https://docs.typesafe.ai/,documentado_proveedor,Válido bajo contrato typesafe-sdk 0.7.0 y supuestos operacionales del Pilar P04.
AF-JEV-P04-006-02,JEV-P04-006,P04,"¿Cuándo conviene texto, JSON, tabla o una combinación, y cómo compararlos manteniendo constante la información relevante?","Fundamentación técnica documentada en Capability Jaggedness & Decision Boundaries in Jev 1.13 relativa a ¿cuándo conviene texto, json, tabla o una combinación, y cómo compararlos manteniendo cons...",SRC-0004,Fuente SRC-0004,https://docs.typesafe.ai/model-jaggedness/jev-1.13,referencia_tecnica,Válido bajo contrato typesafe-sdk 0.7.0 y supuestos operacionales del Pilar P04.
AF-JEV-P04-006-03,JEV-P04-006,P04,"¿Cuándo conviene texto, JSON, tabla o una combinación, y cómo compararlos manteniendo constante la información relevante?","Fundamentación técnica documentada en TypeSafe AI System One API Reference & State Specs (`POST /v1/systemone`) relativa a ¿cuándo conviene texto, json, tabla o una combinación, y cómo compararlos manteniendo cons...",SRC-0039,Fuente SRC-0039,https://docs.typesafe.ai/api,documentado_proveedor,Válido bajo contrato typesafe-sdk 0.7.0 y supuestos operacionales del Pilar P04.
AF-JEV-P04-006-04,JEV-P04-006,P04,"¿Cuándo conviene texto, JSON, tabla o una combinación, y cómo compararlos manteniendo constante la información relevante?","Fundamentación técnica documentada en Documentos Analíticos Canónicos P04 (P04_DEEP_DIVE, EVIDENCE_MAP, CONTEXT_PLAYBOOK) relativa a ¿cuándo conviene texto, json, tabla o una combinación, y cómo compararlos manteniendo cons...",SRC-0040,Fuente SRC-0040,Cuaderno canónico P04 (`97480264-ff2c-4816-9dec-4b8ce071500a`),analisis_interno,Válido bajo contrato typesafe-sdk 0.7.0 y supuestos operacionales del Pilar P04.
AF-JEV-P04-007-01,JEV-P04-007,P04,¿Cómo representar fuentes contradictorias sin que el preprocesamiento elija silenciosamente una versión como verdadera?,Fundamentación técnica documentada en TypeSafe AI Official Documentation relativa a ¿cómo representar fuentes contradictorias sin que el preprocesamiento elija silenciosament...,SRC-0002,Fuente SRC-0002,https://docs.typesafe.ai/,documentado_proveedor,Válido bajo contrato typesafe-sdk 0.7.0 y supuestos operacionales del Pilar P04.
AF-JEV-P04-007-02,JEV-P04-007,P04,¿Cómo representar fuentes contradictorias sin que el preprocesamiento elija silenciosamente una versión como verdadera?,Fundamentación técnica documentada en TypeSafe AI: Confidence & Calibration relativa a ¿cómo representar fuentes contradictorias sin que el preprocesamiento elija silenciosament...,SRC-0003,Fuente SRC-0003,https://docs.typesafe.ai/confidence,documentado_proveedor,Válido bajo contrato typesafe-sdk 0.7.0 y supuestos operacionales del Pilar P04.
AF-JEV-P04-007-03,JEV-P04-007,P04,¿Cómo representar fuentes contradictorias sin que el preprocesamiento elija silenciosamente una versión como verdadera?,Fundamentación técnica documentada en Geifman & El-Yaniv (2017): Selective Classification for Deep Neural Networks relativa a ¿cómo representar fuentes contradictorias sin que el preprocesamiento elija silenciosament...,SRC-0029,Fuente SRC-0029,https://arxiv.org/abs/1705.08500,referencia_tecnica,Válido bajo contrato typesafe-sdk 0.7.0 y supuestos operacionales del Pilar P04.
AF-JEV-P04-007-04,JEV-P04-007,P04,¿Cómo representar fuentes contradictorias sin que el preprocesamiento elija silenciosamente una versión como verdadera?,Fundamentación técnica documentada en Hendrickx et al. (2021): Machine Learning with a Reject Option: A Survey relativa a ¿cómo representar fuentes contradictorias sin que el preprocesamiento elija silenciosament...,SRC-0031,Fuente SRC-0031,https://arxiv.org/abs/2107.11277,fundamento_academico,Válido bajo contrato typesafe-sdk 0.7.0 y supuestos operacionales del Pilar P04.
AF-JEV-P04-007-05,JEV-P04-007,P04,¿Cómo representar fuentes contradictorias sin que el preprocesamiento elija silenciosamente una versión como verdadera?,"Fundamentación técnica documentada en Documentos Analíticos Canónicos P04 (P04_DEEP_DIVE, EVIDENCE_MAP, CONTEXT_PLAYBOOK) relativa a ¿cómo representar fuentes contradictorias sin que el preprocesamiento elija silenciosament...",SRC-0040,Fuente SRC-0040,Cuaderno canónico P04 (`97480264-ff2c-4816-9dec-4b8ce071500a`),analisis_interno,Válido bajo contrato typesafe-sdk 0.7.0 y supuestos operacionales del Pilar P04.
AF-JEV-P04-008-01,JEV-P04-008,P04,"¿Qué normalizaciones preservan significado y cuáles pueden destruir negaciones, unidades, jerarquías o matices sectoriales?","Fundamentación técnica documentada en TypeSafe AI Official Documentation relativa a ¿qué normalizaciones preservan significado y cuáles pueden destruir negaciones, unidades, ...",SRC-0002,Fuente SRC-0002,https://docs.typesafe.ai/,documentado_proveedor,Válido bajo contrato typesafe-sdk 0.7.0 y supuestos operacionales del Pilar P04.
AF-JEV-P04-008-02,JEV-P04-008,P04,"¿Qué normalizaciones preservan significado y cuáles pueden destruir negaciones, unidades, jerarquías o matices sectoriales?","Fundamentación técnica documentada en Calibrate Before Use: Improving Few-Shot Performance of Language Models relativa a ¿qué normalizaciones preservan significado y cuáles pueden destruir negaciones, unidades, ...",SRC-0037,Fuente SRC-0037,https://arxiv.org/abs/2102.09690,referencia_tecnica,Válido bajo contrato typesafe-sdk 0.7.0 y supuestos operacionales del Pilar P04.
AF-JEV-P04-008-03,JEV-P04-008,P04,"¿Qué normalizaciones preservan significado y cuáles pueden destruir negaciones, unidades, jerarquías o matices sectoriales?","Fundamentación técnica documentada en Documentos Analíticos Canónicos P04 (P04_DEEP_DIVE, EVIDENCE_MAP, CONTEXT_PLAYBOOK) relativa a ¿qué normalizaciones preservan significado y cuáles pueden destruir negaciones, unidades, ...",SRC-0040,Fuente SRC-0040,Cuaderno canónico P04 (`97480264-ff2c-4816-9dec-4b8ce071500a`),analisis_interno,Válido bajo contrato typesafe-sdk 0.7.0 y supuestos operacionales del Pilar P04.
AF-JEV-P04-009-01,JEV-P04-009,P04,"¿Cómo evaluar el efecto de ruido, longitud y posición de la evidencia relevante de manera separada?","Fundamentación técnica documentada en TypeSafe AI Official Documentation relativa a ¿cómo evaluar el efecto de ruido, longitud y posición de la evidencia relevante de manera ...",SRC-0002,Fuente SRC-0002,https://docs.typesafe.ai/,documentado_proveedor,Válido bajo contrato typesafe-sdk 0.7.0 y supuestos operacionales del Pilar P04.
AF-JEV-P04-009-02,JEV-P04-009,P04,"¿Cómo evaluar el efecto de ruido, longitud y posición de la evidencia relevante de manera separada?","Fundamentación técnica documentada en Capability Jaggedness & Decision Boundaries in Jev 1.13 relativa a ¿cómo evaluar el efecto de ruido, longitud y posición de la evidencia relevante de manera ...",SRC-0004,Fuente SRC-0004,https://docs.typesafe.ai/model-jaggedness/jev-1.13,referencia_tecnica,Válido bajo contrato typesafe-sdk 0.7.0 y supuestos operacionales del Pilar P04.
AF-JEV-P04-009-03,JEV-P04-009,P04,"¿Cómo evaluar el efecto de ruido, longitud y posición de la evidencia relevante de manera separada?","Fundamentación técnica documentada en Documentos Analíticos Canónicos P04 (P04_DEEP_DIVE, EVIDENCE_MAP, CONTEXT_PLAYBOOK) relativa a ¿cómo evaluar el efecto de ruido, longitud y posición de la evidencia relevante de manera ...",SRC-0040,Fuente SRC-0040,Cuaderno canónico P04 (`97480264-ff2c-4816-9dec-4b8ce071500a`),analisis_interno,Válido bajo contrato typesafe-sdk 0.7.0 y supuestos operacionales del Pilar P04.
AF-JEV-P04-010-01,JEV-P04-010,P04,¿Qué estrategia de fragmentación conserva relaciones entre párrafos y evita decisiones basadas en citas incompletas?,Fundamentación técnica documentada en TypeSafe AI Official Documentation relativa a ¿qué estrategia de fragmentación conserva relaciones entre párrafos y evita decisiones bas...,SRC-0002,Fuente SRC-0002,https://docs.typesafe.ai/,documentado_proveedor,Válido bajo contrato typesafe-sdk 0.7.0 y supuestos operacionales del Pilar P04.
AF-JEV-P04-010-02,JEV-P04-010,P04,¿Qué estrategia de fragmentación conserva relaciones entre párrafos y evita decisiones basadas en citas incompletas?,Fundamentación técnica documentada en A Survey of Hierarchical Classification Across Different Application Domains relativa a ¿qué estrategia de fragmentación conserva relaciones entre párrafos y evita decisiones bas...,SRC-0036,Fuente SRC-0036,https://doi.org/10.1007/s10618-010-0175-9,fundamento_academico,Válido bajo contrato typesafe-sdk 0.7.0 y supuestos operacionales del Pilar P04.
AF-JEV-P04-010-03,JEV-P04-010,P04,¿Qué estrategia de fragmentación conserva relaciones entre párrafos y evita decisiones basadas en citas incompletas?,"Fundamentación técnica documentada en Documentos Analíticos Canónicos P04 (P04_DEEP_DIVE, EVIDENCE_MAP, CONTEXT_PLAYBOOK) relativa a ¿qué estrategia de fragmentación conserva relaciones entre párrafos y evita decisiones bas...",SRC-0040,Fuente SRC-0040,Cuaderno canónico P04 (`97480264-ff2c-4816-9dec-4b8ce071500a`),analisis_interno,Válido bajo contrato typesafe-sdk 0.7.0 y supuestos operacionales del Pilar P04.
AF-JEV-P04-011-01,JEV-P04-011,P04,¿Cómo condensar documentos extensos sin convertir un resumen previo equivocado en la única evidencia disponible?,Fundamentación técnica documentada en Introducing System One Models and Jev relativa a ¿cómo condensar documentos extensos sin convertir un resumen previo equivocado en la única...,SRC-0001,Fuente SRC-0001,https://typesafe.ai/blog/introducing-system-one-models-and-jev,documentado_proveedor,Válido bajo contrato typesafe-sdk 0.7.0 y supuestos operacionales del Pilar P04.
AF-JEV-P04-011-02,JEV-P04-011,P04,¿Cómo condensar documentos extensos sin convertir un resumen previo equivocado en la única evidencia disponible?,Fundamentación técnica documentada en Capability Jaggedness & Decision Boundaries in Jev 1.13 relativa a ¿cómo condensar documentos extensos sin convertir un resumen previo equivocado en la única...,SRC-0004,Fuente SRC-0004,https://docs.typesafe.ai/model-jaggedness/jev-1.13,referencia_tecnica,Válido bajo contrato typesafe-sdk 0.7.0 y supuestos operacionales del Pilar P04.
AF-JEV-P04-011-03,JEV-P04-011,P04,¿Cómo condensar documentos extensos sin convertir un resumen previo equivocado en la única evidencia disponible?,"Fundamentación técnica documentada en TypeSafe AI Blog: Lies, Damned Lies, and Benchmarks relativa a ¿cómo condensar documentos extensos sin convertir un resumen previo equivocado en la única...",SRC-0013,Fuente SRC-0013,https://typesafe.ai/blog/antibenchmaxxing,documentado_proveedor,Válido bajo contrato typesafe-sdk 0.7.0 y supuestos operacionales del Pilar P04.
AF-JEV-P04-011-04,JEV-P04-011,P04,¿Cómo condensar documentos extensos sin convertir un resumen previo equivocado en la única evidencia disponible?,"Fundamentación técnica documentada en Documentos Analíticos Canónicos P03 (P03_DEEP_DIVE, EVIDENCE_MAP, WORKFLOW_PLAYBOOK) relativa a ¿cómo condensar documentos extensos sin convertir un resumen previo equivocado en la única...",SRC-0034,Fuente SRC-0034,Cuaderno canónico P03 (`420bc955-32d2-44bf-b9ad-e3b8a7874d43`),analisis_interno,Válido bajo contrato typesafe-sdk 0.7.0 y supuestos operacionales del Pilar P04.
AF-JEV-P04-011-05,JEV-P04-011,P04,¿Cómo condensar documentos extensos sin convertir un resumen previo equivocado en la única evidencia disponible?,Fundamentación técnica documentada en TypeSafe AI System One API Reference & State Specs (`POST /v1/systemone`) relativa a ¿cómo condensar documentos extensos sin convertir un resumen previo equivocado en la única...,SRC-0039,Fuente SRC-0039,https://docs.typesafe.ai/api,documentado_proveedor,Válido bajo contrato typesafe-sdk 0.7.0 y supuestos operacionales del Pilar P04.
AF-JEV-P04-011-06,JEV-P04-011,P04,¿Cómo condensar documentos extensos sin convertir un resumen previo equivocado en la única evidencia disponible?,"Fundamentación técnica documentada en Documentos Analíticos Canónicos P04 (P04_DEEP_DIVE, EVIDENCE_MAP, CONTEXT_PLAYBOOK) relativa a ¿cómo condensar documentos extensos sin convertir un resumen previo equivocado en la única...",SRC-0040,Fuente SRC-0040,Cuaderno canónico P04 (`97480264-ff2c-4816-9dec-4b8ce071500a`),analisis_interno,Válido bajo contrato typesafe-sdk 0.7.0 y supuestos operacionales del Pilar P04.
AF-JEV-P04-012-01,JEV-P04-012,P04,"¿Cómo representar temporalidad, vigencia y revisiones para que un dato antiguo no tenga la misma autoridad que uno actualizado?","Fundamentación técnica documentada en TypeSafe AI Official Documentation relativa a ¿cómo representar temporalidad, vigencia y revisiones para que un dato antiguo no tenga la...",SRC-0002,Fuente SRC-0002,https://docs.typesafe.ai/,documentado_proveedor,Válido bajo contrato typesafe-sdk 0.7.0 y supuestos operacionales del Pilar P04.
AF-JEV-P04-012-02,JEV-P04-012,P04,"¿Cómo representar temporalidad, vigencia y revisiones para que un dato antiguo no tenga la misma autoridad que uno actualizado?","Fundamentación técnica documentada en TypeSafe AI: Confidence & Calibration relativa a ¿cómo representar temporalidad, vigencia y revisiones para que un dato antiguo no tenga la...",SRC-0003,Fuente SRC-0003,https://docs.typesafe.ai/confidence,documentado_proveedor,Válido bajo contrato typesafe-sdk 0.7.0 y supuestos operacionales del Pilar P04.
AF-JEV-P04-012-03,JEV-P04-012,P04,"¿Cómo representar temporalidad, vigencia y revisiones para que un dato antiguo no tenga la misma autoridad que uno actualizado?","Fundamentación técnica documentada en Documentos Analíticos Canónicos P03 (P03_DEEP_DIVE, EVIDENCE_MAP, WORKFLOW_PLAYBOOK) relativa a ¿cómo representar temporalidad, vigencia y revisiones para que un dato antiguo no tenga la...",SRC-0034,Fuente SRC-0034,Cuaderno canónico P03 (`420bc955-32d2-44bf-b9ad-e3b8a7874d43`),analisis_interno,Válido bajo contrato typesafe-sdk 0.7.0 y supuestos operacionales del Pilar P04.
AF-JEV-P04-012-04,JEV-P04-012,P04,"¿Cómo representar temporalidad, vigencia y revisiones para que un dato antiguo no tenga la misma autoridad que uno actualizado?","Fundamentación técnica documentada en Patterns of Distributed Systems & Decoupled Execution (CQRS / Sagas) relativa a ¿cómo representar temporalidad, vigencia y revisiones para que un dato antiguo no tenga la...",SRC-0038,Fuente SRC-0038,https://martinfowler.com/bliki/CQRS.html,referencia_tecnica,Válido bajo contrato typesafe-sdk 0.7.0 y supuestos operacionales del Pilar P04.
AF-JEV-P04-012-05,JEV-P04-012,P04,"¿Cómo representar temporalidad, vigencia y revisiones para que un dato antiguo no tenga la misma autoridad que uno actualizado?","Fundamentación técnica documentada en Documentos Analíticos Canónicos P04 (P04_DEEP_DIVE, EVIDENCE_MAP, CONTEXT_PLAYBOOK) relativa a ¿cómo representar temporalidad, vigencia y revisiones para que un dato antiguo no tenga la...",SRC-0040,Fuente SRC-0040,Cuaderno canónico P04 (`97480264-ff2c-4816-9dec-4b8ce071500a`),analisis_interno,Válido bajo contrato typesafe-sdk 0.7.0 y supuestos operacionales del Pilar P04.
AF-JEV-P04-013-01,JEV-P04-013,P04,"¿Qué controles detectarían duplicados, contradicciones de identificadores y mezclas de entidades antes de la inferencia?","Fundamentación técnica documentada en TypeSafe AI Official Documentation relativa a ¿qué controles detectarían duplicados, contradicciones de identificadores y mezclas de ent...",SRC-0002,Fuente SRC-0002,https://docs.typesafe.ai/,documentado_proveedor,Válido bajo contrato typesafe-sdk 0.7.0 y supuestos operacionales del Pilar P04.
AF-JEV-P04-013-02,JEV-P04-013,P04,"¿Qué controles detectarían duplicados, contradicciones de identificadores y mezclas de entidades antes de la inferencia?","Fundamentación técnica documentada en Capability Jaggedness & Decision Boundaries in Jev 1.13 relativa a ¿qué controles detectarían duplicados, contradicciones de identificadores y mezclas de ent...",SRC-0004,Fuente SRC-0004,https://docs.typesafe.ai/model-jaggedness/jev-1.13,referencia_tecnica,Válido bajo contrato typesafe-sdk 0.7.0 y supuestos operacionales del Pilar P04.
AF-JEV-P04-013-03,JEV-P04-013,P04,"¿Qué controles detectarían duplicados, contradicciones de identificadores y mezclas de entidades antes de la inferencia?","Fundamentación técnica documentada en Patterns of Distributed Systems & Decoupled Execution (CQRS / Sagas) relativa a ¿qué controles detectarían duplicados, contradicciones de identificadores y mezclas de ent...",SRC-0038,Fuente SRC-0038,https://martinfowler.com/bliki/CQRS.html,referencia_tecnica,Válido bajo contrato typesafe-sdk 0.7.0 y supuestos operacionales del Pilar P04.
AF-JEV-P04-013-04,JEV-P04-013,P04,"¿Qué controles detectarían duplicados, contradicciones de identificadores y mezclas de entidades antes de la inferencia?","Fundamentación técnica documentada en Documentos Analíticos Canónicos P04 (P04_DEEP_DIVE, EVIDENCE_MAP, CONTEXT_PLAYBOOK) relativa a ¿qué controles detectarían duplicados, contradicciones de identificadores y mezclas de ent...",SRC-0040,Fuente SRC-0040,Cuaderno canónico P04 (`97480264-ff2c-4816-9dec-4b8ce071500a`),analisis_interno,Válido bajo contrato typesafe-sdk 0.7.0 y supuestos operacionales del Pilar P04.
AF-JEV-P04-014-01,JEV-P04-014,P04,"¿Cómo preparar cantidades, monedas, porcentajes, husos horarios y unidades para delegar cálculos a código y semántica al modelo?","Fundamentación técnica documentada en Introducing System One Models and Jev relativa a ¿cómo preparar cantidades, monedas, porcentajes, husos horarios y unidades para delegar cá...",SRC-0001,Fuente SRC-0001,https://typesafe.ai/blog/introducing-system-one-models-and-jev,documentado_proveedor,Válido bajo contrato typesafe-sdk 0.7.0 y supuestos operacionales del Pilar P04.
AF-JEV-P04-014-02,JEV-P04-014,P04,"¿Cómo preparar cantidades, monedas, porcentajes, husos horarios y unidades para delegar cálculos a código y semántica al modelo?","Fundamentación técnica documentada en TypeSafe AI Official Documentation relativa a ¿cómo preparar cantidades, monedas, porcentajes, husos horarios y unidades para delegar cá...",SRC-0002,Fuente SRC-0002,https://docs.typesafe.ai/,documentado_proveedor,Válido bajo contrato typesafe-sdk 0.7.0 y supuestos operacionales del Pilar P04.
AF-JEV-P04-014-03,JEV-P04-014,P04,"¿Cómo preparar cantidades, monedas, porcentajes, husos horarios y unidades para delegar cálculos a código y semántica al modelo?","Fundamentación técnica documentada en Capability Jaggedness & Decision Boundaries in Jev 1.13 relativa a ¿cómo preparar cantidades, monedas, porcentajes, husos horarios y unidades para delegar cá...",SRC-0004,Fuente SRC-0004,https://docs.typesafe.ai/model-jaggedness/jev-1.13,referencia_tecnica,Válido bajo contrato typesafe-sdk 0.7.0 y supuestos operacionales del Pilar P04.
AF-JEV-P04-014-04,JEV-P04-014,P04,"¿Cómo preparar cantidades, monedas, porcentajes, husos horarios y unidades para delegar cálculos a código y semántica al modelo?","Fundamentación técnica documentada en Documentos Analíticos Canónicos P04 (P04_DEEP_DIVE, EVIDENCE_MAP, CONTEXT_PLAYBOOK) relativa a ¿cómo preparar cantidades, monedas, porcentajes, husos horarios y unidades para delegar cá...",SRC-0040,Fuente SRC-0040,Cuaderno canónico P04 (`97480264-ff2c-4816-9dec-4b8ce071500a`),analisis_interno,Válido bajo contrato typesafe-sdk 0.7.0 y supuestos operacionales del Pilar P04.
AF-JEV-P04-015-01,JEV-P04-015,P04,"¿Cómo tratar tablas, PDFs, OCR y transcripciones conservando indicadores de incertidumbre de la extracción?","Fundamentación técnica documentada en TypeSafe AI Official Documentation relativa a ¿cómo tratar tablas, pdfs, ocr y transcripciones conservando indicadores de incertidumbre ...",SRC-0002,Fuente SRC-0002,https://docs.typesafe.ai/,documentado_proveedor,Válido bajo contrato typesafe-sdk 0.7.0 y supuestos operacionales del Pilar P04.
AF-JEV-P04-015-02,JEV-P04-015,P04,"¿Cómo tratar tablas, PDFs, OCR y transcripciones conservando indicadores de incertidumbre de la extracción?","Fundamentación técnica documentada en Capability Jaggedness & Decision Boundaries in Jev 1.13 relativa a ¿cómo tratar tablas, pdfs, ocr y transcripciones conservando indicadores de incertidumbre ...",SRC-0004,Fuente SRC-0004,https://docs.typesafe.ai/model-jaggedness/jev-1.13,referencia_tecnica,Válido bajo contrato typesafe-sdk 0.7.0 y supuestos operacionales del Pilar P04.
AF-JEV-P04-015-03,JEV-P04-015,P04,"¿Cómo tratar tablas, PDFs, OCR y transcripciones conservando indicadores de incertidumbre de la extracción?","Fundamentación técnica documentada en TypeSafe AI System One API Reference & State Specs (`POST /v1/systemone`) relativa a ¿cómo tratar tablas, pdfs, ocr y transcripciones conservando indicadores de incertidumbre ...",SRC-0039,Fuente SRC-0039,https://docs.typesafe.ai/api,documentado_proveedor,Válido bajo contrato typesafe-sdk 0.7.0 y supuestos operacionales del Pilar P04.
AF-JEV-P04-015-04,JEV-P04-015,P04,"¿Cómo tratar tablas, PDFs, OCR y transcripciones conservando indicadores de incertidumbre de la extracción?","Fundamentación técnica documentada en Documentos Analíticos Canónicos P04 (P04_DEEP_DIVE, EVIDENCE_MAP, CONTEXT_PLAYBOOK) relativa a ¿cómo tratar tablas, pdfs, ocr y transcripciones conservando indicadores de incertidumbre ...",SRC-0040,Fuente SRC-0040,Cuaderno canónico P04 (`97480264-ff2c-4816-9dec-4b8ce071500a`),analisis_interno,Válido bajo contrato typesafe-sdk 0.7.0 y supuestos operacionales del Pilar P04.
AF-JEV-P04-016-01,JEV-P04-016,P04,¿Cómo separar instrucciones de tarea y contenido no confiable cuando ambos viajan dentro de una misma solicitud?,Fundamentación técnica documentada en TypeSafe AI Official Documentation relativa a ¿cómo separar instrucciones de tarea y contenido no confiable cuando ambos viajan dentro d...,SRC-0002,Fuente SRC-0002,https://docs.typesafe.ai/,documentado_proveedor,Válido bajo contrato typesafe-sdk 0.7.0 y supuestos operacionales del Pilar P04.
AF-JEV-P04-016-02,JEV-P04-016,P04,¿Cómo separar instrucciones de tarea y contenido no confiable cuando ambos viajan dentro de una misma solicitud?,Fundamentación técnica documentada en Capability Jaggedness & Decision Boundaries in Jev 1.13 relativa a ¿cómo separar instrucciones de tarea y contenido no confiable cuando ambos viajan dentro d...,SRC-0004,Fuente SRC-0004,https://docs.typesafe.ai/model-jaggedness/jev-1.13,referencia_tecnica,Válido bajo contrato typesafe-sdk 0.7.0 y supuestos operacionales del Pilar P04.
AF-JEV-P04-016-03,JEV-P04-016,P04,¿Cómo separar instrucciones de tarea y contenido no confiable cuando ambos viajan dentro de una misma solicitud?,Fundamentación técnica documentada en Xataka: IA 400 veces más barata que no sabe escribir relativa a ¿cómo separar instrucciones de tarea y contenido no confiable cuando ambos viajan dentro d...,SRC-0015,Fuente SRC-0015,https://www.xataka.com/robotica-e-ia/nueva-idea-uno-creadores-chatgpt-ia-que-no-sabe-escribir-esa-precisamente-su-ventaja,referencia_tecnica,Válido bajo contrato typesafe-sdk 0.7.0 y supuestos operacionales del Pilar P04.
AF-JEV-P04-016-04,JEV-P04-016,P04,¿Cómo separar instrucciones de tarea y contenido no confiable cuando ambos viajan dentro de una misma solicitud?,Fundamentación técnica documentada en TypeSafe AI System One API Reference & State Specs (`POST /v1/systemone`) relativa a ¿cómo separar instrucciones de tarea y contenido no confiable cuando ambos viajan dentro d...,SRC-0039,Fuente SRC-0039,https://docs.typesafe.ai/api,documentado_proveedor,Válido bajo contrato typesafe-sdk 0.7.0 y supuestos operacionales del Pilar P04.
AF-JEV-P04-017-01,JEV-P04-017,P04,¿Qué batería de variaciones sintéticas revela dependencia excesiva de metadatos irrelevantes o del estilo de redacción?,Fundamentación técnica documentada en TypeSafe AI Official Documentation relativa a ¿qué batería de variaciones sintéticas revela dependencia excesiva de metadatos irrelevant...,SRC-0002,Fuente SRC-0002,https://docs.typesafe.ai/,documentado_proveedor,Válido bajo contrato typesafe-sdk 0.7.0 y supuestos operacionales del Pilar P04.
AF-JEV-P04-017-02,JEV-P04-017,P04,¿Qué batería de variaciones sintéticas revela dependencia excesiva de metadatos irrelevantes o del estilo de redacción?,Fundamentación técnica documentada en Capability Jaggedness & Decision Boundaries in Jev 1.13 relativa a ¿qué batería de variaciones sintéticas revela dependencia excesiva de metadatos irrelevant...,SRC-0004,Fuente SRC-0004,https://docs.typesafe.ai/model-jaggedness/jev-1.13,referencia_tecnica,Válido bajo contrato typesafe-sdk 0.7.0 y supuestos operacionales del Pilar P04.
AF-JEV-P04-017-03,JEV-P04-017,P04,¿Qué batería de variaciones sintéticas revela dependencia excesiva de metadatos irrelevantes o del estilo de redacción?,Fundamentación técnica documentada en LangChain: What Is Jev? Guide to TypeSafe AI's System One Model relativa a ¿qué batería de variaciones sintéticas revela dependencia excesiva de metadatos irrelevant...,SRC-0016,Fuente SRC-0016,https://www.langchain.com/blog/building-a-harness-with-jev,documentado_proveedor,Válido bajo contrato typesafe-sdk 0.7.0 y supuestos operacionales del Pilar P04.
AF-JEV-P04-017-04,JEV-P04-017,P04,¿Qué batería de variaciones sintéticas revela dependencia excesiva de metadatos irrelevantes o del estilo de redacción?,"Fundamentación técnica documentada en Documentos Analíticos Canónicos P04 (P04_DEEP_DIVE, EVIDENCE_MAP, CONTEXT_PLAYBOOK) relativa a ¿qué batería de variaciones sintéticas revela dependencia excesiva de metadatos irrelevant...",SRC-0040,Fuente SRC-0040,Cuaderno canónico P04 (`97480264-ff2c-4816-9dec-4b8ce071500a`),analisis_interno,Válido bajo contrato typesafe-sdk 0.7.0 y supuestos operacionales del Pilar P04.
AF-JEV-P04-018-01,JEV-P04-018,P04,¿Cómo diseñar un validador previo que rechace entradas incompletas sin descartar casos válidos difíciles?,Fundamentación técnica documentada en TypeSafe AI Official Documentation relativa a ¿cómo diseñar un validador previo que rechace entradas incompletas sin descartar casos vál...,SRC-0002,Fuente SRC-0002,https://docs.typesafe.ai/,documentado_proveedor,Válido bajo contrato typesafe-sdk 0.7.0 y supuestos operacionales del Pilar P04.
AF-JEV-P04-018-02,JEV-P04-018,P04,¿Cómo diseñar un validador previo que rechace entradas incompletas sin descartar casos válidos difíciles?,Fundamentación técnica documentada en Capability Jaggedness & Decision Boundaries in Jev 1.13 relativa a ¿cómo diseñar un validador previo que rechace entradas incompletas sin descartar casos vál...,SRC-0004,Fuente SRC-0004,https://docs.typesafe.ai/model-jaggedness/jev-1.13,referencia_tecnica,Válido bajo contrato typesafe-sdk 0.7.0 y supuestos operacionales del Pilar P04.
AF-JEV-P04-018-03,JEV-P04-018,P04,¿Cómo diseñar un validador previo que rechace entradas incompletas sin descartar casos válidos difíciles?,Fundamentación técnica documentada en A Survey of Hierarchical Classification Across Different Application Domains relativa a ¿cómo diseñar un validador previo que rechace entradas incompletas sin descartar casos vál...,SRC-0036,Fuente SRC-0036,https://doi.org/10.1007/s10618-010-0175-9,fundamento_academico,Válido bajo contrato typesafe-sdk 0.7.0 y supuestos operacionales del Pilar P04.
AF-JEV-P04-018-04,JEV-P04-018,P04,¿Cómo diseñar un validador previo que rechace entradas incompletas sin descartar casos válidos difíciles?,"Fundamentación técnica documentada en Documentos Analíticos Canónicos P04 (P04_DEEP_DIVE, EVIDENCE_MAP, CONTEXT_PLAYBOOK) relativa a ¿cómo diseñar un validador previo que rechace entradas incompletas sin descartar casos vál...",SRC-0040,Fuente SRC-0040,Cuaderno canónico P04 (`97480264-ff2c-4816-9dec-4b8ce071500a`),analisis_interno,Válido bajo contrato typesafe-sdk 0.7.0 y supuestos operacionales del Pilar P04.
AF-JEV-P04-019-01,JEV-P04-019,P04,¿Qué reglas de reutilización y caducidad del contexto evitan decisiones con información obsoleta durante un flujo largo?,Fundamentación técnica documentada en GitHub Gist: pjburnhill — Comprehensive Project Reference for Jev relativa a ¿qué reglas de reutilización y caducidad del contexto evitan decisiones con información ob...,SRC-0020,Fuente SRC-0020,https://gist.github.com/pjburnhill/adf8d28efcad9df037bfdece178ef965,medido_independiente,Válido bajo contrato typesafe-sdk 0.7.0 y supuestos operacionales del Pilar P04.
AF-JEV-P04-019-02,JEV-P04-019,P04,¿Qué reglas de reutilización y caducidad del contexto evitan decisiones con información obsoleta durante un flujo largo?,Fundamentación técnica documentada en Calibrate Before Use: Improving Few-Shot Performance of Language Models relativa a ¿qué reglas de reutilización y caducidad del contexto evitan decisiones con información ob...,SRC-0037,Fuente SRC-0037,https://arxiv.org/abs/2102.09690,referencia_tecnica,Válido bajo contrato typesafe-sdk 0.7.0 y supuestos operacionales del Pilar P04.
AF-JEV-P04-019-03,JEV-P04-019,P04,¿Qué reglas de reutilización y caducidad del contexto evitan decisiones con información obsoleta durante un flujo largo?,Fundamentación técnica documentada en TypeSafe AI System One API Reference & State Specs (`POST /v1/systemone`) relativa a ¿qué reglas de reutilización y caducidad del contexto evitan decisiones con información ob...,SRC-0039,Fuente SRC-0039,https://docs.typesafe.ai/api,documentado_proveedor,Válido bajo contrato typesafe-sdk 0.7.0 y supuestos operacionales del Pilar P04.
AF-JEV-P04-019-04,JEV-P04-019,P04,¿Qué reglas de reutilización y caducidad del contexto evitan decisiones con información obsoleta durante un flujo largo?,"Fundamentación técnica documentada en Documentos Analíticos Canónicos P04 (P04_DEEP_DIVE, EVIDENCE_MAP, CONTEXT_PLAYBOOK) relativa a ¿qué reglas de reutilización y caducidad del contexto evitan decisiones con información ob...",SRC-0040,Fuente SRC-0040,Cuaderno canónico P04 (`97480264-ff2c-4816-9dec-4b8ce071500a`),analisis_interno,Válido bajo contrato typesafe-sdk 0.7.0 y supuestos operacionales del Pilar P04.
AF-JEV-P04-020-01,JEV-P04-020,P04,"¿Qué conjunto de ejemplos válidos, inválidos y límite debe acompañar todo esquema de entrada usado por nuestros proyectos?","Fundamentación técnica documentada en TypeSafe AI Official Documentation relativa a ¿qué conjunto de ejemplos válidos, inválidos y límite debe acompañar todo esquema de entra...",SRC-0002,Fuente SRC-0002,https://docs.typesafe.ai/,documentado_proveedor,Válido bajo contrato typesafe-sdk 0.7.0 y supuestos operacionales del Pilar P04.
AF-JEV-P04-020-02,JEV-P04-020,P04,"¿Qué conjunto de ejemplos válidos, inválidos y límite debe acompañar todo esquema de entrada usado por nuestros proyectos?","Fundamentación técnica documentada en Capability Jaggedness & Decision Boundaries in Jev 1.13 relativa a ¿qué conjunto de ejemplos válidos, inválidos y límite debe acompañar todo esquema de entra...",SRC-0004,Fuente SRC-0004,https://docs.typesafe.ai/model-jaggedness/jev-1.13,referencia_tecnica,Válido bajo contrato typesafe-sdk 0.7.0 y supuestos operacionales del Pilar P04.
AF-JEV-P04-020-03,JEV-P04-020,P04,"¿Qué conjunto de ejemplos válidos, inválidos y límite debe acompañar todo esquema de entrada usado por nuestros proyectos?","Fundamentación técnica documentada en Patterns of Distributed Systems & Decoupled Execution (CQRS / Sagas) relativa a ¿qué conjunto de ejemplos válidos, inválidos y límite debe acompañar todo esquema de entra...",SRC-0038,Fuente SRC-0038,https://martinfowler.com/bliki/CQRS.html,referencia_tecnica,Válido bajo contrato typesafe-sdk 0.7.0 y supuestos operacionales del Pilar P04.
AF-JEV-P04-020-04,JEV-P04-020,P04,"¿Qué conjunto de ejemplos válidos, inválidos y límite debe acompañar todo esquema de entrada usado por nuestros proyectos?","Fundamentación técnica documentada en Documentos Analíticos Canónicos P04 (P04_DEEP_DIVE, EVIDENCE_MAP, CONTEXT_PLAYBOOK) relativa a ¿qué conjunto de ejemplos válidos, inválidos y límite debe acompañar todo esquema de entra...",SRC-0040,Fuente SRC-0040,Cuaderno canónico P04 (`97480264-ff2c-4816-9dec-4b8ce071500a`),analisis_interno,Válido bajo contrato typesafe-sdk 0.7.0 y supuestos operacionales del Pilar P04.
AF-JEV-P13-001-01,JEV-P13-001,P13,"¿Cuál es el modelo de cobro documentado de Jev, con fecha, unidad facturable y condiciones que podrían cambiar el costo efectivo?","Fundamentación técnica documentada en TypeSafe AI Official Documentation relativa a ¿cuál es el modelo de cobro documentado de jev, con fecha, unidad facturable y condiciones...",SRC-0002,Fuente SRC-0002,https://docs.typesafe.ai/,documentado_proveedor,Válido bajo contrato typesafe-sdk 0.7.0 y supuestos operacionales del Pilar P13.
AF-JEV-P13-001-02,JEV-P13-001,P13,"¿Cuál es el modelo de cobro documentado de Jev, con fecha, unidad facturable y condiciones que podrían cambiar el costo efectivo?","Fundamentación técnica documentada en Angelopoulos & Bates (2021): A Gentle Introduction to Conformal Prediction relativa a ¿cuál es el modelo de cobro documentado de jev, con fecha, unidad facturable y condiciones...",SRC-0043,Fuente SRC-0043,https://arxiv.org/abs/2107.07511,referencia_tecnica,Válido bajo contrato typesafe-sdk 0.7.0 y supuestos operacionales del Pilar P13.
AF-JEV-P13-001-03,JEV-P13-001,P13,"¿Cuál es el modelo de cobro documentado de Jev, con fecha, unidad facturable y condiciones que podrían cambiar el costo efectivo?","Fundamentación técnica documentada en AnotiaWang/awesome-jev: Curated list of TypeSafe Jev resources and integrations relativa a ¿cuál es el modelo de cobro documentado de jev, con fecha, unidad facturable y condiciones...",SRC-0065,Fuente SRC-0065,https://github.com/AnotiaWang/awesome-jev,referencia_tecnica,Válido bajo contrato typesafe-sdk 0.7.0 y supuestos operacionales del Pilar P13.
AF-JEV-P13-001-04,JEV-P13-001,P13,"¿Cuál es el modelo de cobro documentado de Jev, con fecha, unidad facturable y condiciones que podrían cambiar el costo efectivo?","Fundamentación técnica documentada en Documentos Analíticos Canónicos P13 (P13_DEEP_DIVE, EVIDENCE_MAP, WORKFLOW_PLAYBOOK, EXPERIMENT_PROTOCOL, GAPS_AND_ACTIONS, SOURCE_INDEX) relativa a ¿cuál es el modelo de cobro documentado de jev, con fecha, unidad facturable y condiciones...",SRC-0115,Fuente SRC-0115,Cuaderno canónico P13 (`506663b3-f795-4261-9937-2f90a8d0620d`),analisis_interno,Válido bajo contrato typesafe-sdk 0.7.0 y supuestos operacionales del Pilar P13.
AF-JEV-P13-002-01,JEV-P13-002,P13,"¿Qué componentes forman el costo total de un flujo: inferencia, preparación, infraestructura, desarrollo, revisión, errores y mantenimiento?","Fundamentación técnica documentada en TypeSafe AI Official Documentation relativa a ¿qué componentes forman el costo total de un flujo: inferencia, preparación, infraestructu...",SRC-0002,Fuente SRC-0002,https://docs.typesafe.ai/,documentado_proveedor,Válido bajo contrato typesafe-sdk 0.7.0 y supuestos operacionales del Pilar P13.
AF-JEV-P13-002-02,JEV-P13-002,P13,"¿Qué componentes forman el costo total de un flujo: inferencia, preparación, infraestructura, desarrollo, revisión, errores y mantenimiento?","Fundamentación técnica documentada en Angelopoulos & Bates (2021): A Gentle Introduction to Conformal Prediction relativa a ¿qué componentes forman el costo total de un flujo: inferencia, preparación, infraestructu...",SRC-0043,Fuente SRC-0043,https://arxiv.org/abs/2107.07511,referencia_tecnica,Válido bajo contrato typesafe-sdk 0.7.0 y supuestos operacionales del Pilar P13.
AF-JEV-P13-002-03,JEV-P13-002,P13,"¿Qué componentes forman el costo total de un flujo: inferencia, preparación, infraestructura, desarrollo, revisión, errores y mantenimiento?","Fundamentación técnica documentada en AnotiaWang/awesome-jev: Curated list of TypeSafe Jev resources and integrations relativa a ¿qué componentes forman el costo total de un flujo: inferencia, preparación, infraestructu...",SRC-0065,Fuente SRC-0065,https://github.com/AnotiaWang/awesome-jev,referencia_tecnica,Válido bajo contrato typesafe-sdk 0.7.0 y supuestos operacionales del Pilar P13.
AF-JEV-P13-002-04,JEV-P13-002,P13,"¿Qué componentes forman el costo total de un flujo: inferencia, preparación, infraestructura, desarrollo, revisión, errores y mantenimiento?","Fundamentación técnica documentada en Documentos Analíticos Canónicos P13 (P13_DEEP_DIVE, EVIDENCE_MAP, WORKFLOW_PLAYBOOK, EXPERIMENT_PROTOCOL, GAPS_AND_ACTIONS, SOURCE_INDEX) relativa a ¿qué componentes forman el costo total de un flujo: inferencia, preparación, infraestructu...",SRC-0115,Fuente SRC-0115,Cuaderno canónico P13 (`506663b3-f795-4261-9937-2f90a8d0620d`),analisis_interno,Válido bajo contrato typesafe-sdk 0.7.0 y supuestos operacionales del Pilar P13.
AF-JEV-P13-003-01,JEV-P13-003,P13,¿Cómo calcular costo por decisión correcta aceptada evitando comparar solo precios por token o llamada?,Fundamentación técnica documentada en TypeSafe AI Official Documentation relativa a ¿cómo calcular costo por decisión correcta aceptada evitando comparar solo precios por tok...,SRC-0002,Fuente SRC-0002,https://docs.typesafe.ai/,documentado_proveedor,Válido bajo contrato typesafe-sdk 0.7.0 y supuestos operacionales del Pilar P13.
AF-JEV-P13-003-02,JEV-P13-003,P13,¿Cómo calcular costo por decisión correcta aceptada evitando comparar solo precios por token o llamada?,Fundamentación técnica documentada en Angelopoulos & Bates (2021): A Gentle Introduction to Conformal Prediction relativa a ¿cómo calcular costo por decisión correcta aceptada evitando comparar solo precios por tok...,SRC-0043,Fuente SRC-0043,https://arxiv.org/abs/2107.07511,referencia_tecnica,Válido bajo contrato typesafe-sdk 0.7.0 y supuestos operacionales del Pilar P13.
AF-JEV-P13-003-03,JEV-P13-003,P13,¿Cómo calcular costo por decisión correcta aceptada evitando comparar solo precios por token o llamada?,Fundamentación técnica documentada en AnotiaWang/awesome-jev: Curated list of TypeSafe Jev resources and integrations relativa a ¿cómo calcular costo por decisión correcta aceptada evitando comparar solo precios por tok...,SRC-0065,Fuente SRC-0065,https://github.com/AnotiaWang/awesome-jev,referencia_tecnica,Válido bajo contrato typesafe-sdk 0.7.0 y supuestos operacionales del Pilar P13.
AF-JEV-P13-003-04,JEV-P13-003,P13,¿Cómo calcular costo por decisión correcta aceptada evitando comparar solo precios por token o llamada?,"Fundamentación técnica documentada en Documentos Analíticos Canónicos P13 (P13_DEEP_DIVE, EVIDENCE_MAP, WORKFLOW_PLAYBOOK, EXPERIMENT_PROTOCOL, GAPS_AND_ACTIONS, SOURCE_INDEX) relativa a ¿cómo calcular costo por decisión correcta aceptada evitando comparar solo precios por tok...",SRC-0115,Fuente SRC-0115,Cuaderno canónico P13 (`506663b3-f795-4261-9937-2f90a8d0620d`),analisis_interno,Válido bajo contrato typesafe-sdk 0.7.0 y supuestos operacionales del Pilar P13.
AF-JEV-P13-004-01,JEV-P13-004,P13,"¿Qué alternativas resuelven cada tipo de tarea y cuáles permiten una comparación equivalente de calidad, latencia y esfuerzo operativo?",Fundamentación técnica documentada en TypeSafe AI Official Documentation relativa a ¿qué alternativas resuelven cada tipo de tarea y cuáles permiten una comparación equivalen...,SRC-0002,Fuente SRC-0002,https://docs.typesafe.ai/,documentado_proveedor,Válido bajo contrato typesafe-sdk 0.7.0 y supuestos operacionales del Pilar P13.
AF-JEV-P13-004-02,JEV-P13-004,P13,"¿Qué alternativas resuelven cada tipo de tarea y cuáles permiten una comparación equivalente de calidad, latencia y esfuerzo operativo?",Fundamentación técnica documentada en Angelopoulos & Bates (2021): A Gentle Introduction to Conformal Prediction relativa a ¿qué alternativas resuelven cada tipo de tarea y cuáles permiten una comparación equivalen...,SRC-0043,Fuente SRC-0043,https://arxiv.org/abs/2107.07511,referencia_tecnica,Válido bajo contrato typesafe-sdk 0.7.0 y supuestos operacionales del Pilar P13.
AF-JEV-P13-004-03,JEV-P13-004,P13,"¿Qué alternativas resuelven cada tipo de tarea y cuáles permiten una comparación equivalente de calidad, latencia y esfuerzo operativo?",Fundamentación técnica documentada en AnotiaWang/awesome-jev: Curated list of TypeSafe Jev resources and integrations relativa a ¿qué alternativas resuelven cada tipo de tarea y cuáles permiten una comparación equivalen...,SRC-0065,Fuente SRC-0065,https://github.com/AnotiaWang/awesome-jev,referencia_tecnica,Válido bajo contrato typesafe-sdk 0.7.0 y supuestos operacionales del Pilar P13.
AF-JEV-P13-004-04,JEV-P13-004,P13,"¿Qué alternativas resuelven cada tipo de tarea y cuáles permiten una comparación equivalente de calidad, latencia y esfuerzo operativo?","Fundamentación técnica documentada en Documentos Analíticos Canónicos P13 (P13_DEEP_DIVE, EVIDENCE_MAP, WORKFLOW_PLAYBOOK, EXPERIMENT_PROTOCOL, GAPS_AND_ACTIONS, SOURCE_INDEX) relativa a ¿qué alternativas resuelven cada tipo de tarea y cuáles permiten una comparación equivalen...",SRC-0115,Fuente SRC-0115,Cuaderno canónico P13 (`506663b3-f795-4261-9937-2f90a8d0620d`),analisis_interno,Válido bajo contrato typesafe-sdk 0.7.0 y supuestos operacionales del Pilar P13.
AF-JEV-P13-005-01,JEV-P13-005,P13,"¿Qué volumen, complejidad y tasa de escalamiento determinan el punto de equilibrio frente a reglas, modelos locales o revisión manual?","Fundamentación técnica documentada en TypeSafe AI Official Documentation relativa a ¿qué volumen, complejidad y tasa de escalamiento determinan el punto de equilibrio frente ...",SRC-0002,Fuente SRC-0002,https://docs.typesafe.ai/,documentado_proveedor,Válido bajo contrato typesafe-sdk 0.7.0 y supuestos operacionales del Pilar P13.
AF-JEV-P13-005-02,JEV-P13-005,P13,"¿Qué volumen, complejidad y tasa de escalamiento determinan el punto de equilibrio frente a reglas, modelos locales o revisión manual?","Fundamentación técnica documentada en Angelopoulos & Bates (2021): A Gentle Introduction to Conformal Prediction relativa a ¿qué volumen, complejidad y tasa de escalamiento determinan el punto de equilibrio frente ...",SRC-0043,Fuente SRC-0043,https://arxiv.org/abs/2107.07511,referencia_tecnica,Válido bajo contrato typesafe-sdk 0.7.0 y supuestos operacionales del Pilar P13.
AF-JEV-P13-005-03,JEV-P13-005,P13,"¿Qué volumen, complejidad y tasa de escalamiento determinan el punto de equilibrio frente a reglas, modelos locales o revisión manual?","Fundamentación técnica documentada en AnotiaWang/awesome-jev: Curated list of TypeSafe Jev resources and integrations relativa a ¿qué volumen, complejidad y tasa de escalamiento determinan el punto de equilibrio frente ...",SRC-0065,Fuente SRC-0065,https://github.com/AnotiaWang/awesome-jev,referencia_tecnica,Válido bajo contrato typesafe-sdk 0.7.0 y supuestos operacionales del Pilar P13.
AF-JEV-P13-005-04,JEV-P13-005,P13,"¿Qué volumen, complejidad y tasa de escalamiento determinan el punto de equilibrio frente a reglas, modelos locales o revisión manual?","Fundamentación técnica documentada en Documentos Analíticos Canónicos P13 (P13_DEEP_DIVE, EVIDENCE_MAP, WORKFLOW_PLAYBOOK, EXPERIMENT_PROTOCOL, GAPS_AND_ACTIONS, SOURCE_INDEX) relativa a ¿qué volumen, complejidad y tasa de escalamiento determinan el punto de equilibrio frente ...",SRC-0115,Fuente SRC-0115,Cuaderno canónico P13 (`506663b3-f795-4261-9937-2f90a8d0620d`),analisis_interno,Válido bajo contrato typesafe-sdk 0.7.0 y supuestos operacionales del Pilar P13.
AF-JEV-P13-006-01,JEV-P13-006,P13,"¿Cómo valorar económicamente falsos positivos, falsos negativos y correcciones tardías sin presentar supuestos como pérdidas observadas?","Fundamentación técnica documentada en TypeSafe AI Official Documentation relativa a ¿cómo valorar económicamente falsos positivos, falsos negativos y correcciones tardías sin...",SRC-0002,Fuente SRC-0002,https://docs.typesafe.ai/,documentado_proveedor,Válido bajo contrato typesafe-sdk 0.7.0 y supuestos operacionales del Pilar P13.
AF-JEV-P13-006-02,JEV-P13-006,P13,"¿Cómo valorar económicamente falsos positivos, falsos negativos y correcciones tardías sin presentar supuestos como pérdidas observadas?","Fundamentación técnica documentada en Angelopoulos & Bates (2021): A Gentle Introduction to Conformal Prediction relativa a ¿cómo valorar económicamente falsos positivos, falsos negativos y correcciones tardías sin...",SRC-0043,Fuente SRC-0043,https://arxiv.org/abs/2107.07511,referencia_tecnica,Válido bajo contrato typesafe-sdk 0.7.0 y supuestos operacionales del Pilar P13.
AF-JEV-P13-006-03,JEV-P13-006,P13,"¿Cómo valorar económicamente falsos positivos, falsos negativos y correcciones tardías sin presentar supuestos como pérdidas observadas?","Fundamentación técnica documentada en AnotiaWang/awesome-jev: Curated list of TypeSafe Jev resources and integrations relativa a ¿cómo valorar económicamente falsos positivos, falsos negativos y correcciones tardías sin...",SRC-0065,Fuente SRC-0065,https://github.com/AnotiaWang/awesome-jev,referencia_tecnica,Válido bajo contrato typesafe-sdk 0.7.0 y supuestos operacionales del Pilar P13.
AF-JEV-P13-006-04,JEV-P13-006,P13,"¿Cómo valorar económicamente falsos positivos, falsos negativos y correcciones tardías sin presentar supuestos como pérdidas observadas?","Fundamentación técnica documentada en Documentos Analíticos Canónicos P13 (P13_DEEP_DIVE, EVIDENCE_MAP, WORKFLOW_PLAYBOOK, EXPERIMENT_PROTOCOL, GAPS_AND_ACTIONS, SOURCE_INDEX) relativa a ¿cómo valorar económicamente falsos positivos, falsos negativos y correcciones tardías sin...",SRC-0115,Fuente SRC-0115,Cuaderno canónico P13 (`506663b3-f795-4261-9937-2f90a8d0620d`),analisis_interno,Válido bajo contrato typesafe-sdk 0.7.0 y supuestos operacionales del Pilar P13.
AF-JEV-P13-007-01,JEV-P13-007,P13,¿Cómo cambia la rentabilidad del flujo cuando crece la proporción de casos que requieren otro modelo o una persona?,Fundamentación técnica documentada en TypeSafe AI Official Documentation relativa a ¿cómo cambia la rentabilidad del flujo cuando crece la proporción de casos que requieren o...,SRC-0002,Fuente SRC-0002,https://docs.typesafe.ai/,documentado_proveedor,Válido bajo contrato typesafe-sdk 0.7.0 y supuestos operacionales del Pilar P13.
AF-JEV-P13-007-02,JEV-P13-007,P13,¿Cómo cambia la rentabilidad del flujo cuando crece la proporción de casos que requieren otro modelo o una persona?,Fundamentación técnica documentada en Angelopoulos & Bates (2021): A Gentle Introduction to Conformal Prediction relativa a ¿cómo cambia la rentabilidad del flujo cuando crece la proporción de casos que requieren o...,SRC-0043,Fuente SRC-0043,https://arxiv.org/abs/2107.07511,referencia_tecnica,Válido bajo contrato typesafe-sdk 0.7.0 y supuestos operacionales del Pilar P13.
AF-JEV-P13-007-03,JEV-P13-007,P13,¿Cómo cambia la rentabilidad del flujo cuando crece la proporción de casos que requieren otro modelo o una persona?,Fundamentación técnica documentada en AnotiaWang/awesome-jev: Curated list of TypeSafe Jev resources and integrations relativa a ¿cómo cambia la rentabilidad del flujo cuando crece la proporción de casos que requieren o...,SRC-0065,Fuente SRC-0065,https://github.com/AnotiaWang/awesome-jev,referencia_tecnica,Válido bajo contrato typesafe-sdk 0.7.0 y supuestos operacionales del Pilar P13.
AF-JEV-P13-007-04,JEV-P13-007,P13,¿Cómo cambia la rentabilidad del flujo cuando crece la proporción de casos que requieren otro modelo o una persona?,"Fundamentación técnica documentada en Documentos Analíticos Canónicos P13 (P13_DEEP_DIVE, EVIDENCE_MAP, WORKFLOW_PLAYBOOK, EXPERIMENT_PROTOCOL, GAPS_AND_ACTIONS, SOURCE_INDEX) relativa a ¿cómo cambia la rentabilidad del flujo cuando crece la proporción de casos que requieren o...",SRC-0115,Fuente SRC-0115,Cuaderno canónico P13 (`506663b3-f795-4261-9937-2f90a8d0620d`),analisis_interno,Válido bajo contrato typesafe-sdk 0.7.0 y supuestos operacionales del Pilar P13.
AF-JEV-P13-008-01,JEV-P13-008,P13,"¿Qué sensibilidad tiene el ahorro a cambios de precio, longitud del contexto, reintentos y distribución del tráfico?","Fundamentación técnica documentada en TypeSafe AI Official Documentation relativa a ¿qué sensibilidad tiene el ahorro a cambios de precio, longitud del contexto, reintentos y...",SRC-0002,Fuente SRC-0002,https://docs.typesafe.ai/,documentado_proveedor,Válido bajo contrato typesafe-sdk 0.7.0 y supuestos operacionales del Pilar P13.
AF-JEV-P13-008-02,JEV-P13-008,P13,"¿Qué sensibilidad tiene el ahorro a cambios de precio, longitud del contexto, reintentos y distribución del tráfico?","Fundamentación técnica documentada en Angelopoulos & Bates (2021): A Gentle Introduction to Conformal Prediction relativa a ¿qué sensibilidad tiene el ahorro a cambios de precio, longitud del contexto, reintentos y...",SRC-0043,Fuente SRC-0043,https://arxiv.org/abs/2107.07511,referencia_tecnica,Válido bajo contrato typesafe-sdk 0.7.0 y supuestos operacionales del Pilar P13.
AF-JEV-P13-008-03,JEV-P13-008,P13,"¿Qué sensibilidad tiene el ahorro a cambios de precio, longitud del contexto, reintentos y distribución del tráfico?","Fundamentación técnica documentada en AnotiaWang/awesome-jev: Curated list of TypeSafe Jev resources and integrations relativa a ¿qué sensibilidad tiene el ahorro a cambios de precio, longitud del contexto, reintentos y...",SRC-0065,Fuente SRC-0065,https://github.com/AnotiaWang/awesome-jev,referencia_tecnica,Válido bajo contrato typesafe-sdk 0.7.0 y supuestos operacionales del Pilar P13.
AF-JEV-P13-008-04,JEV-P13-008,P13,"¿Qué sensibilidad tiene el ahorro a cambios de precio, longitud del contexto, reintentos y distribución del tráfico?","Fundamentación técnica documentada en Documentos Analíticos Canónicos P13 (P13_DEEP_DIVE, EVIDENCE_MAP, WORKFLOW_PLAYBOOK, EXPERIMENT_PROTOCOL, GAPS_AND_ACTIONS, SOURCE_INDEX) relativa a ¿qué sensibilidad tiene el ahorro a cambios de precio, longitud del contexto, reintentos y...",SRC-0115,Fuente SRC-0115,Cuaderno canónico P13 (`506663b3-f795-4261-9937-2f90a8d0620d`),analisis_interno,Válido bajo contrato typesafe-sdk 0.7.0 y supuestos operacionales del Pilar P13.
AF-JEV-P13-009-01,JEV-P13-009,P13,"¿Qué escenarios de volumen bajo, medio y alto permiten comparar alternativas manteniendo explícitas todas las unidades y supuestos?","Fundamentación técnica documentada en TypeSafe AI Official Documentation relativa a ¿qué escenarios de volumen bajo, medio y alto permiten comparar alternativas manteniendo e...",SRC-0002,Fuente SRC-0002,https://docs.typesafe.ai/,documentado_proveedor,Válido bajo contrato typesafe-sdk 0.7.0 y supuestos operacionales del Pilar P13.
AF-JEV-P13-009-02,JEV-P13-009,P13,"¿Qué escenarios de volumen bajo, medio y alto permiten comparar alternativas manteniendo explícitas todas las unidades y supuestos?","Fundamentación técnica documentada en Angelopoulos & Bates (2021): A Gentle Introduction to Conformal Prediction relativa a ¿qué escenarios de volumen bajo, medio y alto permiten comparar alternativas manteniendo e...",SRC-0043,Fuente SRC-0043,https://arxiv.org/abs/2107.07511,referencia_tecnica,Válido bajo contrato typesafe-sdk 0.7.0 y supuestos operacionales del Pilar P13.
AF-JEV-P13-009-03,JEV-P13-009,P13,"¿Qué escenarios de volumen bajo, medio y alto permiten comparar alternativas manteniendo explícitas todas las unidades y supuestos?","Fundamentación técnica documentada en AnotiaWang/awesome-jev: Curated list of TypeSafe Jev resources and integrations relativa a ¿qué escenarios de volumen bajo, medio y alto permiten comparar alternativas manteniendo e...",SRC-0065,Fuente SRC-0065,https://github.com/AnotiaWang/awesome-jev,referencia_tecnica,Válido bajo contrato typesafe-sdk 0.7.0 y supuestos operacionales del Pilar P13.
AF-JEV-P13-009-04,JEV-P13-009,P13,"¿Qué escenarios de volumen bajo, medio y alto permiten comparar alternativas manteniendo explícitas todas las unidades y supuestos?","Fundamentación técnica documentada en Documentos Analíticos Canónicos P13 (P13_DEEP_DIVE, EVIDENCE_MAP, WORKFLOW_PLAYBOOK, EXPERIMENT_PROTOCOL, GAPS_AND_ACTIONS, SOURCE_INDEX) relativa a ¿qué escenarios de volumen bajo, medio y alto permiten comparar alternativas manteniendo e...",SRC-0115,Fuente SRC-0115,Cuaderno canónico P13 (`506663b3-f795-4261-9937-2f90a8d0620d`),analisis_interno,Válido bajo contrato typesafe-sdk 0.7.0 y supuestos operacionales del Pilar P13.
AF-JEV-P13-010-01,JEV-P13-010,P13,¿Cómo incorporar el costo inicial de integración y la amortización sin esconder que un piloto pequeño puede no recuperar esa inversión?,Fundamentación técnica documentada en TypeSafe AI Official Documentation relativa a ¿cómo incorporar el costo inicial de integración y la amortización sin esconder que un pil...,SRC-0002,Fuente SRC-0002,https://docs.typesafe.ai/,documentado_proveedor,Válido bajo contrato typesafe-sdk 0.7.0 y supuestos operacionales del Pilar P13.
AF-JEV-P13-010-02,JEV-P13-010,P13,¿Cómo incorporar el costo inicial de integración y la amortización sin esconder que un piloto pequeño puede no recuperar esa inversión?,Fundamentación técnica documentada en Angelopoulos & Bates (2021): A Gentle Introduction to Conformal Prediction relativa a ¿cómo incorporar el costo inicial de integración y la amortización sin esconder que un pil...,SRC-0043,Fuente SRC-0043,https://arxiv.org/abs/2107.07511,referencia_tecnica,Válido bajo contrato typesafe-sdk 0.7.0 y supuestos operacionales del Pilar P13.
AF-JEV-P13-010-03,JEV-P13-010,P13,¿Cómo incorporar el costo inicial de integración y la amortización sin esconder que un piloto pequeño puede no recuperar esa inversión?,Fundamentación técnica documentada en AnotiaWang/awesome-jev: Curated list of TypeSafe Jev resources and integrations relativa a ¿cómo incorporar el costo inicial de integración y la amortización sin esconder que un pil...,SRC-0065,Fuente SRC-0065,https://github.com/AnotiaWang/awesome-jev,referencia_tecnica,Válido bajo contrato typesafe-sdk 0.7.0 y supuestos operacionales del Pilar P13.
AF-JEV-P13-010-04,JEV-P13-010,P13,¿Cómo incorporar el costo inicial de integración y la amortización sin esconder que un piloto pequeño puede no recuperar esa inversión?,"Fundamentación técnica documentada en Documentos Analíticos Canónicos P13 (P13_DEEP_DIVE, EVIDENCE_MAP, WORKFLOW_PLAYBOOK, EXPERIMENT_PROTOCOL, GAPS_AND_ACTIONS, SOURCE_INDEX) relativa a ¿cómo incorporar el costo inicial de integración y la amortización sin esconder que un pil...",SRC-0115,Fuente SRC-0115,Cuaderno canónico P13 (`506663b3-f795-4261-9937-2f90a8d0620d`),analisis_interno,Válido bajo contrato typesafe-sdk 0.7.0 y supuestos operacionales del Pilar P13.
AF-JEV-P13-011-01,JEV-P13-011,P13,¿Qué costo tiene la latencia para la experiencia de usuario o el proceso y cuándo pagar más por calidad o rapidez resulta razonable?,Fundamentación técnica documentada en TypeSafe AI Official Documentation relativa a ¿qué costo tiene la latencia para la experiencia de usuario o el proceso y cuándo pagar má...,SRC-0002,Fuente SRC-0002,https://docs.typesafe.ai/,documentado_proveedor,Válido bajo contrato typesafe-sdk 0.7.0 y supuestos operacionales del Pilar P13.
AF-JEV-P13-011-02,JEV-P13-011,P13,¿Qué costo tiene la latencia para la experiencia de usuario o el proceso y cuándo pagar más por calidad o rapidez resulta razonable?,Fundamentación técnica documentada en Angelopoulos & Bates (2021): A Gentle Introduction to Conformal Prediction relativa a ¿qué costo tiene la latencia para la experiencia de usuario o el proceso y cuándo pagar má...,SRC-0043,Fuente SRC-0043,https://arxiv.org/abs/2107.07511,referencia_tecnica,Válido bajo contrato typesafe-sdk 0.7.0 y supuestos operacionales del Pilar P13.
AF-JEV-P13-011-03,JEV-P13-011,P13,¿Qué costo tiene la latencia para la experiencia de usuario o el proceso y cuándo pagar más por calidad o rapidez resulta razonable?,Fundamentación técnica documentada en AnotiaWang/awesome-jev: Curated list of TypeSafe Jev resources and integrations relativa a ¿qué costo tiene la latencia para la experiencia de usuario o el proceso y cuándo pagar má...,SRC-0065,Fuente SRC-0065,https://github.com/AnotiaWang/awesome-jev,referencia_tecnica,Válido bajo contrato typesafe-sdk 0.7.0 y supuestos operacionales del Pilar P13.
AF-JEV-P13-011-04,JEV-P13-011,P13,¿Qué costo tiene la latencia para la experiencia de usuario o el proceso y cuándo pagar más por calidad o rapidez resulta razonable?,"Fundamentación técnica documentada en Documentos Analíticos Canónicos P13 (P13_DEEP_DIVE, EVIDENCE_MAP, WORKFLOW_PLAYBOOK, EXPERIMENT_PROTOCOL, GAPS_AND_ACTIONS, SOURCE_INDEX) relativa a ¿qué costo tiene la latencia para la experiencia de usuario o el proceso y cuándo pagar má...",SRC-0115,Fuente SRC-0115,Cuaderno canónico P13 (`506663b3-f795-4261-9937-2f90a8d0620d`),analisis_interno,Válido bajo contrato typesafe-sdk 0.7.0 y supuestos operacionales del Pilar P13.
AF-JEV-P13-012-01,JEV-P13-012,P13,¿Qué evidencia permite distinguir compatibilidad de interfaz y equivalencia de calidad entre Jev y alternativas como jeff?,Fundamentación técnica documentada en TypeSafe AI Official Documentation relativa a ¿qué evidencia permite distinguir compatibilidad de interfaz y equivalencia de calidad ent...,SRC-0002,Fuente SRC-0002,https://docs.typesafe.ai/,documentado_proveedor,Válido bajo contrato typesafe-sdk 0.7.0 y supuestos operacionales del Pilar P13.
AF-JEV-P13-012-02,JEV-P13-012,P13,¿Qué evidencia permite distinguir compatibilidad de interfaz y equivalencia de calidad entre Jev y alternativas como jeff?,Fundamentación técnica documentada en Angelopoulos & Bates (2021): A Gentle Introduction to Conformal Prediction relativa a ¿qué evidencia permite distinguir compatibilidad de interfaz y equivalencia de calidad ent...,SRC-0043,Fuente SRC-0043,https://arxiv.org/abs/2107.07511,referencia_tecnica,Válido bajo contrato typesafe-sdk 0.7.0 y supuestos operacionales del Pilar P13.
AF-JEV-P13-012-03,JEV-P13-012,P13,¿Qué evidencia permite distinguir compatibilidad de interfaz y equivalencia de calidad entre Jev y alternativas como jeff?,Fundamentación técnica documentada en AnotiaWang/awesome-jev: Curated list of TypeSafe Jev resources and integrations relativa a ¿qué evidencia permite distinguir compatibilidad de interfaz y equivalencia de calidad ent...,SRC-0065,Fuente SRC-0065,https://github.com/AnotiaWang/awesome-jev,referencia_tecnica,Válido bajo contrato typesafe-sdk 0.7.0 y supuestos operacionales del Pilar P13.
AF-JEV-P13-012-04,JEV-P13-012,P13,¿Qué evidencia permite distinguir compatibilidad de interfaz y equivalencia de calidad entre Jev y alternativas como jeff?,"Fundamentación técnica documentada en Documentos Analíticos Canónicos P13 (P13_DEEP_DIVE, EVIDENCE_MAP, WORKFLOW_PLAYBOOK, EXPERIMENT_PROTOCOL, GAPS_AND_ACTIONS, SOURCE_INDEX) relativa a ¿qué evidencia permite distinguir compatibilidad de interfaz y equivalencia de calidad ent...",SRC-0115,Fuente SRC-0115,Cuaderno canónico P13 (`506663b3-f795-4261-9937-2f90a8d0620d`),analisis_interno,Válido bajo contrato typesafe-sdk 0.7.0 y supuestos operacionales del Pilar P13.
AF-JEV-P13-013-01,JEV-P13-013,P13,"¿Qué costos de hardware, operación y mantenimiento exige una alternativa local además de su precio de inferencia estimado?","Fundamentación técnica documentada en TypeSafe AI Official Documentation relativa a ¿qué costos de hardware, operación y mantenimiento exige una alternativa local además de s...",SRC-0002,Fuente SRC-0002,https://docs.typesafe.ai/,documentado_proveedor,Válido bajo contrato typesafe-sdk 0.7.0 y supuestos operacionales del Pilar P13.
AF-JEV-P13-013-02,JEV-P13-013,P13,"¿Qué costos de hardware, operación y mantenimiento exige una alternativa local además de su precio de inferencia estimado?","Fundamentación técnica documentada en Angelopoulos & Bates (2021): A Gentle Introduction to Conformal Prediction relativa a ¿qué costos de hardware, operación y mantenimiento exige una alternativa local además de s...",SRC-0043,Fuente SRC-0043,https://arxiv.org/abs/2107.07511,referencia_tecnica,Válido bajo contrato typesafe-sdk 0.7.0 y supuestos operacionales del Pilar P13.
AF-JEV-P13-013-03,JEV-P13-013,P13,"¿Qué costos de hardware, operación y mantenimiento exige una alternativa local además de su precio de inferencia estimado?","Fundamentación técnica documentada en AnotiaWang/awesome-jev: Curated list of TypeSafe Jev resources and integrations relativa a ¿qué costos de hardware, operación y mantenimiento exige una alternativa local además de s...",SRC-0065,Fuente SRC-0065,https://github.com/AnotiaWang/awesome-jev,referencia_tecnica,Válido bajo contrato typesafe-sdk 0.7.0 y supuestos operacionales del Pilar P13.
AF-JEV-P13-013-04,JEV-P13-013,P13,"¿Qué costos de hardware, operación y mantenimiento exige una alternativa local además de su precio de inferencia estimado?","Fundamentación técnica documentada en Documentos Analíticos Canónicos P13 (P13_DEEP_DIVE, EVIDENCE_MAP, WORKFLOW_PLAYBOOK, EXPERIMENT_PROTOCOL, GAPS_AND_ACTIONS, SOURCE_INDEX) relativa a ¿qué costos de hardware, operación y mantenimiento exige una alternativa local además de s...",SRC-0115,Fuente SRC-0115,Cuaderno canónico P13 (`506663b3-f795-4261-9937-2f90a8d0620d`),analisis_interno,Válido bajo contrato typesafe-sdk 0.7.0 y supuestos operacionales del Pilar P13.
AF-JEV-P13-014-01,JEV-P13-014,P13,¿Cómo comparar una cascada híbrida con un único modelo considerando errores de enrutamiento y costos duplicados?,Fundamentación técnica documentada en TypeSafe AI Official Documentation relativa a ¿cómo comparar una cascada híbrida con un único modelo considerando errores de enrutamient...,SRC-0002,Fuente SRC-0002,https://docs.typesafe.ai/,documentado_proveedor,Válido bajo contrato typesafe-sdk 0.7.0 y supuestos operacionales del Pilar P13.
AF-JEV-P13-014-02,JEV-P13-014,P13,¿Cómo comparar una cascada híbrida con un único modelo considerando errores de enrutamiento y costos duplicados?,Fundamentación técnica documentada en Angelopoulos & Bates (2021): A Gentle Introduction to Conformal Prediction relativa a ¿cómo comparar una cascada híbrida con un único modelo considerando errores de enrutamient...,SRC-0043,Fuente SRC-0043,https://arxiv.org/abs/2107.07511,referencia_tecnica,Válido bajo contrato typesafe-sdk 0.7.0 y supuestos operacionales del Pilar P13.
AF-JEV-P13-014-03,JEV-P13-014,P13,¿Cómo comparar una cascada híbrida con un único modelo considerando errores de enrutamiento y costos duplicados?,Fundamentación técnica documentada en AnotiaWang/awesome-jev: Curated list of TypeSafe Jev resources and integrations relativa a ¿cómo comparar una cascada híbrida con un único modelo considerando errores de enrutamient...,SRC-0065,Fuente SRC-0065,https://github.com/AnotiaWang/awesome-jev,referencia_tecnica,Válido bajo contrato typesafe-sdk 0.7.0 y supuestos operacionales del Pilar P13.
AF-JEV-P13-014-04,JEV-P13-014,P13,¿Cómo comparar una cascada híbrida con un único modelo considerando errores de enrutamiento y costos duplicados?,"Fundamentación técnica documentada en Documentos Analíticos Canónicos P13 (P13_DEEP_DIVE, EVIDENCE_MAP, WORKFLOW_PLAYBOOK, EXPERIMENT_PROTOCOL, GAPS_AND_ACTIONS, SOURCE_INDEX) relativa a ¿cómo comparar una cascada híbrida con un único modelo considerando errores de enrutamient...",SRC-0115,Fuente SRC-0115,Cuaderno canónico P13 (`506663b3-f795-4261-9937-2f90a8d0620d`),analisis_interno,Válido bajo contrato typesafe-sdk 0.7.0 y supuestos operacionales del Pilar P13.
AF-JEV-P13-015-01,JEV-P13-015,P13,"¿Qué riesgos económicos introducen dependencia del proveedor, cambios de límites, retirada de versiones o migración forzada?","Fundamentación técnica documentada en TypeSafe AI Official Documentation relativa a ¿qué riesgos económicos introducen dependencia del proveedor, cambios de límites, retirada...",SRC-0002,Fuente SRC-0002,https://docs.typesafe.ai/,documentado_proveedor,Válido bajo contrato typesafe-sdk 0.7.0 y supuestos operacionales del Pilar P13.
AF-JEV-P13-015-02,JEV-P13-015,P13,"¿Qué riesgos económicos introducen dependencia del proveedor, cambios de límites, retirada de versiones o migración forzada?","Fundamentación técnica documentada en Angelopoulos & Bates (2021): A Gentle Introduction to Conformal Prediction relativa a ¿qué riesgos económicos introducen dependencia del proveedor, cambios de límites, retirada...",SRC-0043,Fuente SRC-0043,https://arxiv.org/abs/2107.07511,referencia_tecnica,Válido bajo contrato typesafe-sdk 0.7.0 y supuestos operacionales del Pilar P13.
AF-JEV-P13-015-03,JEV-P13-015,P13,"¿Qué riesgos económicos introducen dependencia del proveedor, cambios de límites, retirada de versiones o migración forzada?","Fundamentación técnica documentada en AnotiaWang/awesome-jev: Curated list of TypeSafe Jev resources and integrations relativa a ¿qué riesgos económicos introducen dependencia del proveedor, cambios de límites, retirada...",SRC-0065,Fuente SRC-0065,https://github.com/AnotiaWang/awesome-jev,referencia_tecnica,Válido bajo contrato typesafe-sdk 0.7.0 y supuestos operacionales del Pilar P13.
AF-JEV-P13-015-04,JEV-P13-015,P13,"¿Qué riesgos económicos introducen dependencia del proveedor, cambios de límites, retirada de versiones o migración forzada?","Fundamentación técnica documentada en Documentos Analíticos Canónicos P13 (P13_DEEP_DIVE, EVIDENCE_MAP, WORKFLOW_PLAYBOOK, EXPERIMENT_PROTOCOL, GAPS_AND_ACTIONS, SOURCE_INDEX) relativa a ¿qué riesgos económicos introducen dependencia del proveedor, cambios de límites, retirada...",SRC-0115,Fuente SRC-0115,Cuaderno canónico P13 (`506663b3-f795-4261-9937-2f90a8d0620d`),analisis_interno,Válido bajo contrato typesafe-sdk 0.7.0 y supuestos operacionales del Pilar P13.
AF-JEV-P13-016-01,JEV-P13-016,P13,¿Cómo evitar que cuotas gratuitas o promociones temporales distorsionen una decisión de arquitectura de largo plazo?,Fundamentación técnica documentada en TypeSafe AI Official Documentation relativa a ¿cómo evitar que cuotas gratuitas o promociones temporales distorsionen una decisión de ar...,SRC-0002,Fuente SRC-0002,https://docs.typesafe.ai/,documentado_proveedor,Válido bajo contrato typesafe-sdk 0.7.0 y supuestos operacionales del Pilar P13.
AF-JEV-P13-016-02,JEV-P13-016,P13,¿Cómo evitar que cuotas gratuitas o promociones temporales distorsionen una decisión de arquitectura de largo plazo?,Fundamentación técnica documentada en Angelopoulos & Bates (2021): A Gentle Introduction to Conformal Prediction relativa a ¿cómo evitar que cuotas gratuitas o promociones temporales distorsionen una decisión de ar...,SRC-0043,Fuente SRC-0043,https://arxiv.org/abs/2107.07511,referencia_tecnica,Válido bajo contrato typesafe-sdk 0.7.0 y supuestos operacionales del Pilar P13.
AF-JEV-P13-016-03,JEV-P13-016,P13,¿Cómo evitar que cuotas gratuitas o promociones temporales distorsionen una decisión de arquitectura de largo plazo?,Fundamentación técnica documentada en AnotiaWang/awesome-jev: Curated list of TypeSafe Jev resources and integrations relativa a ¿cómo evitar que cuotas gratuitas o promociones temporales distorsionen una decisión de ar...,SRC-0065,Fuente SRC-0065,https://github.com/AnotiaWang/awesome-jev,referencia_tecnica,Válido bajo contrato typesafe-sdk 0.7.0 y supuestos operacionales del Pilar P13.
AF-JEV-P13-016-04,JEV-P13-016,P13,¿Cómo evitar que cuotas gratuitas o promociones temporales distorsionen una decisión de arquitectura de largo plazo?,"Fundamentación técnica documentada en Documentos Analíticos Canónicos P13 (P13_DEEP_DIVE, EVIDENCE_MAP, WORKFLOW_PLAYBOOK, EXPERIMENT_PROTOCOL, GAPS_AND_ACTIONS, SOURCE_INDEX) relativa a ¿cómo evitar que cuotas gratuitas o promociones temporales distorsionen una decisión de ar...",SRC-0115,Fuente SRC-0115,Cuaderno canónico P13 (`506663b3-f795-4261-9937-2f90a8d0620d`),analisis_interno,Válido bajo contrato typesafe-sdk 0.7.0 y supuestos operacionales del Pilar P13.
AF-JEV-P13-017-01,JEV-P13-017,P13,¿Qué presupuesto de evaluación permitiría reducir incertidumbre económica antes de comprometer una integración más costosa?,Fundamentación técnica documentada en TypeSafe AI Official Documentation relativa a ¿qué presupuesto de evaluación permitiría reducir incertidumbre económica antes de comprom...,SRC-0002,Fuente SRC-0002,https://docs.typesafe.ai/,documentado_proveedor,Válido bajo contrato typesafe-sdk 0.7.0 y supuestos operacionales del Pilar P13.
AF-JEV-P13-017-02,JEV-P13-017,P13,¿Qué presupuesto de evaluación permitiría reducir incertidumbre económica antes de comprometer una integración más costosa?,Fundamentación técnica documentada en Angelopoulos & Bates (2021): A Gentle Introduction to Conformal Prediction relativa a ¿qué presupuesto de evaluación permitiría reducir incertidumbre económica antes de comprom...,SRC-0043,Fuente SRC-0043,https://arxiv.org/abs/2107.07511,referencia_tecnica,Válido bajo contrato typesafe-sdk 0.7.0 y supuestos operacionales del Pilar P13.
AF-JEV-P13-017-03,JEV-P13-017,P13,¿Qué presupuesto de evaluación permitiría reducir incertidumbre económica antes de comprometer una integración más costosa?,Fundamentación técnica documentada en AnotiaWang/awesome-jev: Curated list of TypeSafe Jev resources and integrations relativa a ¿qué presupuesto de evaluación permitiría reducir incertidumbre económica antes de comprom...,SRC-0065,Fuente SRC-0065,https://github.com/AnotiaWang/awesome-jev,referencia_tecnica,Válido bajo contrato typesafe-sdk 0.7.0 y supuestos operacionales del Pilar P13.
AF-JEV-P13-017-04,JEV-P13-017,P13,¿Qué presupuesto de evaluación permitiría reducir incertidumbre económica antes de comprometer una integración más costosa?,"Fundamentación técnica documentada en Documentos Analíticos Canónicos P13 (P13_DEEP_DIVE, EVIDENCE_MAP, WORKFLOW_PLAYBOOK, EXPERIMENT_PROTOCOL, GAPS_AND_ACTIONS, SOURCE_INDEX) relativa a ¿qué presupuesto de evaluación permitiría reducir incertidumbre económica antes de comprom...",SRC-0115,Fuente SRC-0115,Cuaderno canónico P13 (`506663b3-f795-4261-9937-2f90a8d0620d`),analisis_interno,Válido bajo contrato typesafe-sdk 0.7.0 y supuestos operacionales del Pilar P13.
AF-JEV-P13-018-01,JEV-P13-018,P13,¿Cuándo puede un sistema más caro por llamada resultar más barato por tarea resuelta debido a menos errores o revisiones?,Fundamentación técnica documentada en TypeSafe AI Official Documentation relativa a ¿cuándo puede un sistema más caro por llamada resultar más barato por tarea resuelta debid...,SRC-0002,Fuente SRC-0002,https://docs.typesafe.ai/,documentado_proveedor,Válido bajo contrato typesafe-sdk 0.7.0 y supuestos operacionales del Pilar P13.
AF-JEV-P13-018-02,JEV-P13-018,P13,¿Cuándo puede un sistema más caro por llamada resultar más barato por tarea resuelta debido a menos errores o revisiones?,Fundamentación técnica documentada en Angelopoulos & Bates (2021): A Gentle Introduction to Conformal Prediction relativa a ¿cuándo puede un sistema más caro por llamada resultar más barato por tarea resuelta debid...,SRC-0043,Fuente SRC-0043,https://arxiv.org/abs/2107.07511,referencia_tecnica,Válido bajo contrato typesafe-sdk 0.7.0 y supuestos operacionales del Pilar P13.
AF-JEV-P13-018-03,JEV-P13-018,P13,¿Cuándo puede un sistema más caro por llamada resultar más barato por tarea resuelta debido a menos errores o revisiones?,Fundamentación técnica documentada en AnotiaWang/awesome-jev: Curated list of TypeSafe Jev resources and integrations relativa a ¿cuándo puede un sistema más caro por llamada resultar más barato por tarea resuelta debid...,SRC-0065,Fuente SRC-0065,https://github.com/AnotiaWang/awesome-jev,referencia_tecnica,Válido bajo contrato typesafe-sdk 0.7.0 y supuestos operacionales del Pilar P13.
AF-JEV-P13-018-04,JEV-P13-018,P13,¿Cuándo puede un sistema más caro por llamada resultar más barato por tarea resuelta debido a menos errores o revisiones?,"Fundamentación técnica documentada en Documentos Analíticos Canónicos P13 (P13_DEEP_DIVE, EVIDENCE_MAP, WORKFLOW_PLAYBOOK, EXPERIMENT_PROTOCOL, GAPS_AND_ACTIONS, SOURCE_INDEX) relativa a ¿cuándo puede un sistema más caro por llamada resultar más barato por tarea resuelta debid...",SRC-0115,Fuente SRC-0115,Cuaderno canónico P13 (`506663b3-f795-4261-9937-2f90a8d0620d`),analisis_interno,Válido bajo contrato typesafe-sdk 0.7.0 y supuestos operacionales del Pilar P13.
AF-JEV-P13-019-01,JEV-P13-019,P13,¿Qué tablero mínimo de costo y valor necesita cada proyecto para detectar que una ventaja inicialmente prevista desapareció?,Fundamentación técnica documentada en TypeSafe AI Official Documentation relativa a ¿qué tablero mínimo de costo y valor necesita cada proyecto para detectar que una ventaja ...,SRC-0002,Fuente SRC-0002,https://docs.typesafe.ai/,documentado_proveedor,Válido bajo contrato typesafe-sdk 0.7.0 y supuestos operacionales del Pilar P13.
AF-JEV-P13-019-02,JEV-P13-019,P13,¿Qué tablero mínimo de costo y valor necesita cada proyecto para detectar que una ventaja inicialmente prevista desapareció?,Fundamentación técnica documentada en Angelopoulos & Bates (2021): A Gentle Introduction to Conformal Prediction relativa a ¿qué tablero mínimo de costo y valor necesita cada proyecto para detectar que una ventaja ...,SRC-0043,Fuente SRC-0043,https://arxiv.org/abs/2107.07511,referencia_tecnica,Válido bajo contrato typesafe-sdk 0.7.0 y supuestos operacionales del Pilar P13.
AF-JEV-P13-019-03,JEV-P13-019,P13,¿Qué tablero mínimo de costo y valor necesita cada proyecto para detectar que una ventaja inicialmente prevista desapareció?,Fundamentación técnica documentada en AnotiaWang/awesome-jev: Curated list of TypeSafe Jev resources and integrations relativa a ¿qué tablero mínimo de costo y valor necesita cada proyecto para detectar que una ventaja ...,SRC-0065,Fuente SRC-0065,https://github.com/AnotiaWang/awesome-jev,referencia_tecnica,Válido bajo contrato typesafe-sdk 0.7.0 y supuestos operacionales del Pilar P13.
AF-JEV-P13-019-04,JEV-P13-019,P13,¿Qué tablero mínimo de costo y valor necesita cada proyecto para detectar que una ventaja inicialmente prevista desapareció?,"Fundamentación técnica documentada en Documentos Analíticos Canónicos P13 (P13_DEEP_DIVE, EVIDENCE_MAP, WORKFLOW_PLAYBOOK, EXPERIMENT_PROTOCOL, GAPS_AND_ACTIONS, SOURCE_INDEX) relativa a ¿qué tablero mínimo de costo y valor necesita cada proyecto para detectar que una ventaja ...",SRC-0115,Fuente SRC-0115,Cuaderno canónico P13 (`506663b3-f795-4261-9937-2f90a8d0620d`),analisis_interno,Válido bajo contrato typesafe-sdk 0.7.0 y supuestos operacionales del Pilar P13.
AF-JEV-P13-020-01,JEV-P13-020,P13,"¿Qué regla de compra, construcción o descarte recomendaríamos por familia de tareas y qué evidencia podría cambiarla?","Fundamentación técnica documentada en TypeSafe AI Official Documentation relativa a ¿qué regla de compra, construcción o descarte recomendaríamos por familia de tareas y qué ...",SRC-0002,Fuente SRC-0002,https://docs.typesafe.ai/,documentado_proveedor,Válido bajo contrato typesafe-sdk 0.7.0 y supuestos operacionales del Pilar P13.
AF-JEV-P13-020-02,JEV-P13-020,P13,"¿Qué regla de compra, construcción o descarte recomendaríamos por familia de tareas y qué evidencia podría cambiarla?","Fundamentación técnica documentada en Angelopoulos & Bates (2021): A Gentle Introduction to Conformal Prediction relativa a ¿qué regla de compra, construcción o descarte recomendaríamos por familia de tareas y qué ...",SRC-0043,Fuente SRC-0043,https://arxiv.org/abs/2107.07511,referencia_tecnica,Válido bajo contrato typesafe-sdk 0.7.0 y supuestos operacionales del Pilar P13.
AF-JEV-P13-020-03,JEV-P13-020,P13,"¿Qué regla de compra, construcción o descarte recomendaríamos por familia de tareas y qué evidencia podría cambiarla?","Fundamentación técnica documentada en AnotiaWang/awesome-jev: Curated list of TypeSafe Jev resources and integrations relativa a ¿qué regla de compra, construcción o descarte recomendaríamos por familia de tareas y qué ...",SRC-0065,Fuente SRC-0065,https://github.com/AnotiaWang/awesome-jev,referencia_tecnica,Válido bajo contrato typesafe-sdk 0.7.0 y supuestos operacionales del Pilar P13.
AF-JEV-P13-020-04,JEV-P13-020,P13,"¿Qué regla de compra, construcción o descarte recomendaríamos por familia de tareas y qué evidencia podría cambiarla?","Fundamentación técnica documentada en Documentos Analíticos Canónicos P13 (P13_DEEP_DIVE, EVIDENCE_MAP, WORKFLOW_PLAYBOOK, EXPERIMENT_PROTOCOL, GAPS_AND_ACTIONS, SOURCE_INDEX) relativa a ¿qué regla de compra, construcción o descarte recomendaríamos por familia de tareas y qué ...",SRC-0115,Fuente SRC-0115,Cuaderno canónico P13 (`506663b3-f795-4261-9937-2f90a8d0620d`),analisis_interno,Válido bajo contrato typesafe-sdk 0.7.0 y supuestos operacionales del Pilar P13.
AF-JEV-P14-001-01,JEV-P14-001,P14,¿Qué inventario de decisiones personales repetitivas permitiría distinguir automatización útil de complejidad que no ahorra trabajo?,Fundamentación técnica documentada en Introducing System One Models and Jev relativa a ¿qué inventario de decisiones personales repetitivas permitiría distinguir automatización ...,SRC-0001,Fuente SRC-0001,https://typesafe.ai/blog/introducing-system-one-models-and-jev,documentado_proveedor,Válido bajo contrato typesafe-sdk 0.7.0 y supuestos operacionales del Pilar P14.
AF-JEV-P14-001-02,JEV-P14-001,P14,¿Qué inventario de decisiones personales repetitivas permitiría distinguir automatización útil de complejidad que no ahorra trabajo?,Fundamentación técnica documentada en Brier (1950): Verification of Forecasts Expressed in Terms of Probability relativa a ¿qué inventario de decisiones personales repetitivas permitiría distinguir automatización ...,SRC-0044,Fuente SRC-0044,https://doi.org/10.1175/1520-0493(1950)078<0001:VOFEIT>2.0.CO;2,referencia_tecnica,Válido bajo contrato typesafe-sdk 0.7.0 y supuestos operacionales del Pilar P14.
AF-JEV-P14-001-03,JEV-P14-001,P14,¿Qué inventario de decisiones personales repetitivas permitiría distinguir automatización útil de complejidad que no ahorra trabajo?,Fundamentación técnica documentada en BEIR: A Heterogeneous Benchmark for Zero-shot Evaluation of Information Retrieval Models (Thakur et al.) relativa a ¿qué inventario de decisiones personales repetitivas permitiría distinguir automatización ...,SRC-0066,Fuente SRC-0066,https://arxiv.org/abs/2104.08663,medido_independiente,Válido bajo contrato typesafe-sdk 0.7.0 y supuestos operacionales del Pilar P14.
AF-JEV-P14-001-04,JEV-P14-001,P14,¿Qué inventario de decisiones personales repetitivas permitiría distinguir automatización útil de complejidad que no ahorra trabajo?,"Fundamentación técnica documentada en Documentos Analíticos Canónicos P14 (P14_DEEP_DIVE, EVIDENCE_MAP, WORKFLOW_PLAYBOOK, EXPERIMENT_PROTOCOL, GAPS_AND_ACTIONS, SOURCE_INDEX) relativa a ¿qué inventario de decisiones personales repetitivas permitiría distinguir automatización ...",SRC-0116,Fuente SRC-0116,Cuaderno canónico P14 (`09bdc613-0fa8-4564-863d-7c3b7904c886`),analisis_interno,Válido bajo contrato typesafe-sdk 0.7.0 y supuestos operacionales del Pilar P14.
AF-JEV-P14-002-01,JEV-P14-002,P14,"¿Qué tres flujos personales ofrecen mejor combinación de frecuencia, reversibilidad, datos disponibles y facilidad de evaluación?","Fundamentación técnica documentada en Introducing System One Models and Jev relativa a ¿qué tres flujos personales ofrecen mejor combinación de frecuencia, reversibilidad, datos...",SRC-0001,Fuente SRC-0001,https://typesafe.ai/blog/introducing-system-one-models-and-jev,documentado_proveedor,Válido bajo contrato typesafe-sdk 0.7.0 y supuestos operacionales del Pilar P14.
AF-JEV-P14-002-02,JEV-P14-002,P14,"¿Qué tres flujos personales ofrecen mejor combinación de frecuencia, reversibilidad, datos disponibles y facilidad de evaluación?","Fundamentación técnica documentada en Brier (1950): Verification of Forecasts Expressed in Terms of Probability relativa a ¿qué tres flujos personales ofrecen mejor combinación de frecuencia, reversibilidad, datos...",SRC-0044,Fuente SRC-0044,https://doi.org/10.1175/1520-0493(1950)078<0001:VOFEIT>2.0.CO;2,referencia_tecnica,Válido bajo contrato typesafe-sdk 0.7.0 y supuestos operacionales del Pilar P14.
AF-JEV-P14-002-03,JEV-P14-002,P14,"¿Qué tres flujos personales ofrecen mejor combinación de frecuencia, reversibilidad, datos disponibles y facilidad de evaluación?","Fundamentación técnica documentada en BEIR: A Heterogeneous Benchmark for Zero-shot Evaluation of Information Retrieval Models (Thakur et al.) relativa a ¿qué tres flujos personales ofrecen mejor combinación de frecuencia, reversibilidad, datos...",SRC-0066,Fuente SRC-0066,https://arxiv.org/abs/2104.08663,medido_independiente,Válido bajo contrato typesafe-sdk 0.7.0 y supuestos operacionales del Pilar P14.
AF-JEV-P14-002-04,JEV-P14-002,P14,"¿Qué tres flujos personales ofrecen mejor combinación de frecuencia, reversibilidad, datos disponibles y facilidad de evaluación?","Fundamentación técnica documentada en Documentos Analíticos Canónicos P14 (P14_DEEP_DIVE, EVIDENCE_MAP, WORKFLOW_PLAYBOOK, EXPERIMENT_PROTOCOL, GAPS_AND_ACTIONS, SOURCE_INDEX) relativa a ¿qué tres flujos personales ofrecen mejor combinación de frecuencia, reversibilidad, datos...",SRC-0116,Fuente SRC-0116,Cuaderno canónico P14 (`09bdc613-0fa8-4564-863d-7c3b7904c886`),analisis_interno,Válido bajo contrato typesafe-sdk 0.7.0 y supuestos operacionales del Pilar P14.
AF-JEV-P14-003-01,JEV-P14-003,P14,¿Cómo diseñar un piloto de clasificación de documentos con corpus público o sintético antes de utilizar archivos personales?,Fundamentación técnica documentada en Introducing System One Models and Jev relativa a ¿cómo diseñar un piloto de clasificación de documentos con corpus público o sintético ante...,SRC-0001,Fuente SRC-0001,https://typesafe.ai/blog/introducing-system-one-models-and-jev,documentado_proveedor,Válido bajo contrato typesafe-sdk 0.7.0 y supuestos operacionales del Pilar P14.
AF-JEV-P14-003-02,JEV-P14-003,P14,¿Cómo diseñar un piloto de clasificación de documentos con corpus público o sintético antes de utilizar archivos personales?,Fundamentación técnica documentada en Brier (1950): Verification of Forecasts Expressed in Terms of Probability relativa a ¿cómo diseñar un piloto de clasificación de documentos con corpus público o sintético ante...,SRC-0044,Fuente SRC-0044,https://doi.org/10.1175/1520-0493(1950)078<0001:VOFEIT>2.0.CO;2,referencia_tecnica,Válido bajo contrato typesafe-sdk 0.7.0 y supuestos operacionales del Pilar P14.
AF-JEV-P14-003-03,JEV-P14-003,P14,¿Cómo diseñar un piloto de clasificación de documentos con corpus público o sintético antes de utilizar archivos personales?,Fundamentación técnica documentada en BEIR: A Heterogeneous Benchmark for Zero-shot Evaluation of Information Retrieval Models (Thakur et al.) relativa a ¿cómo diseñar un piloto de clasificación de documentos con corpus público o sintético ante...,SRC-0066,Fuente SRC-0066,https://arxiv.org/abs/2104.08663,medido_independiente,Válido bajo contrato typesafe-sdk 0.7.0 y supuestos operacionales del Pilar P14.
AF-JEV-P14-003-04,JEV-P14-003,P14,¿Cómo diseñar un piloto de clasificación de documentos con corpus público o sintético antes de utilizar archivos personales?,"Fundamentación técnica documentada en Documentos Analíticos Canónicos P14 (P14_DEEP_DIVE, EVIDENCE_MAP, WORKFLOW_PLAYBOOK, EXPERIMENT_PROTOCOL, GAPS_AND_ACTIONS, SOURCE_INDEX) relativa a ¿cómo diseñar un piloto de clasificación de documentos con corpus público o sintético ante...",SRC-0116,Fuente SRC-0116,Cuaderno canónico P14 (`09bdc613-0fa8-4564-863d-7c3b7904c886`),analisis_interno,Válido bajo contrato typesafe-sdk 0.7.0 y supuestos operacionales del Pilar P14.
AF-JEV-P14-004-01,JEV-P14-004,P14,"¿Cómo medir tiempo neto ahorrado incluyendo preparación, revisión, corrección y mantenimiento de la automatización?","Fundamentación técnica documentada en Introducing System One Models and Jev relativa a ¿cómo medir tiempo neto ahorrado incluyendo preparación, revisión, corrección y mantenimie...",SRC-0001,Fuente SRC-0001,https://typesafe.ai/blog/introducing-system-one-models-and-jev,documentado_proveedor,Válido bajo contrato typesafe-sdk 0.7.0 y supuestos operacionales del Pilar P14.
AF-JEV-P14-004-02,JEV-P14-004,P14,"¿Cómo medir tiempo neto ahorrado incluyendo preparación, revisión, corrección y mantenimiento de la automatización?","Fundamentación técnica documentada en Brier (1950): Verification of Forecasts Expressed in Terms of Probability relativa a ¿cómo medir tiempo neto ahorrado incluyendo preparación, revisión, corrección y mantenimie...",SRC-0044,Fuente SRC-0044,https://doi.org/10.1175/1520-0493(1950)078<0001:VOFEIT>2.0.CO;2,referencia_tecnica,Válido bajo contrato typesafe-sdk 0.7.0 y supuestos operacionales del Pilar P14.
AF-JEV-P14-004-03,JEV-P14-004,P14,"¿Cómo medir tiempo neto ahorrado incluyendo preparación, revisión, corrección y mantenimiento de la automatización?","Fundamentación técnica documentada en BEIR: A Heterogeneous Benchmark for Zero-shot Evaluation of Information Retrieval Models (Thakur et al.) relativa a ¿cómo medir tiempo neto ahorrado incluyendo preparación, revisión, corrección y mantenimie...",SRC-0066,Fuente SRC-0066,https://arxiv.org/abs/2104.08663,medido_independiente,Válido bajo contrato typesafe-sdk 0.7.0 y supuestos operacionales del Pilar P14.
AF-JEV-P14-004-04,JEV-P14-004,P14,"¿Cómo medir tiempo neto ahorrado incluyendo preparación, revisión, corrección y mantenimiento de la automatización?","Fundamentación técnica documentada en Documentos Analíticos Canónicos P14 (P14_DEEP_DIVE, EVIDENCE_MAP, WORKFLOW_PLAYBOOK, EXPERIMENT_PROTOCOL, GAPS_AND_ACTIONS, SOURCE_INDEX) relativa a ¿cómo medir tiempo neto ahorrado incluyendo preparación, revisión, corrección y mantenimie...",SRC-0116,Fuente SRC-0116,Cuaderno canónico P14 (`09bdc613-0fa8-4564-863d-7c3b7904c886`),analisis_interno,Válido bajo contrato typesafe-sdk 0.7.0 y supuestos operacionales del Pilar P14.
AF-JEV-P14-005-01,JEV-P14-005,P14,¿Qué decisiones personales deben mantenerse bajo confirmación humana aunque el modelo produzca una salida muy segura?,Fundamentación técnica documentada en Introducing System One Models and Jev relativa a ¿qué decisiones personales deben mantenerse bajo confirmación humana aunque el modelo prod...,SRC-0001,Fuente SRC-0001,https://typesafe.ai/blog/introducing-system-one-models-and-jev,documentado_proveedor,Válido bajo contrato typesafe-sdk 0.7.0 y supuestos operacionales del Pilar P14.
AF-JEV-P14-005-02,JEV-P14-005,P14,¿Qué decisiones personales deben mantenerse bajo confirmación humana aunque el modelo produzca una salida muy segura?,Fundamentación técnica documentada en Brier (1950): Verification of Forecasts Expressed in Terms of Probability relativa a ¿qué decisiones personales deben mantenerse bajo confirmación humana aunque el modelo prod...,SRC-0044,Fuente SRC-0044,https://doi.org/10.1175/1520-0493(1950)078<0001:VOFEIT>2.0.CO;2,referencia_tecnica,Válido bajo contrato typesafe-sdk 0.7.0 y supuestos operacionales del Pilar P14.
AF-JEV-P14-005-03,JEV-P14-005,P14,¿Qué decisiones personales deben mantenerse bajo confirmación humana aunque el modelo produzca una salida muy segura?,Fundamentación técnica documentada en BEIR: A Heterogeneous Benchmark for Zero-shot Evaluation of Information Retrieval Models (Thakur et al.) relativa a ¿qué decisiones personales deben mantenerse bajo confirmación humana aunque el modelo prod...,SRC-0066,Fuente SRC-0066,https://arxiv.org/abs/2104.08663,medido_independiente,Válido bajo contrato typesafe-sdk 0.7.0 y supuestos operacionales del Pilar P14.
AF-JEV-P14-005-04,JEV-P14-005,P14,¿Qué decisiones personales deben mantenerse bajo confirmación humana aunque el modelo produzca una salida muy segura?,"Fundamentación técnica documentada en Documentos Analíticos Canónicos P14 (P14_DEEP_DIVE, EVIDENCE_MAP, WORKFLOW_PLAYBOOK, EXPERIMENT_PROTOCOL, GAPS_AND_ACTIONS, SOURCE_INDEX) relativa a ¿qué decisiones personales deben mantenerse bajo confirmación humana aunque el modelo prod...",SRC-0116,Fuente SRC-0116,Cuaderno canónico P14 (`09bdc613-0fa8-4564-863d-7c3b7904c886`),analisis_interno,Válido bajo contrato typesafe-sdk 0.7.0 y supuestos operacionales del Pilar P14.
AF-JEV-P14-006-01,JEV-P14-006,P14,¿Cómo priorizar una lista de lecturas según objetivos explícitos sin descartar sistemáticamente ideas nuevas o evidencia contraria?,Fundamentación técnica documentada en Introducing System One Models and Jev relativa a ¿cómo priorizar una lista de lecturas según objetivos explícitos sin descartar sistemática...,SRC-0001,Fuente SRC-0001,https://typesafe.ai/blog/introducing-system-one-models-and-jev,documentado_proveedor,Válido bajo contrato typesafe-sdk 0.7.0 y supuestos operacionales del Pilar P14.
AF-JEV-P14-006-02,JEV-P14-006,P14,¿Cómo priorizar una lista de lecturas según objetivos explícitos sin descartar sistemáticamente ideas nuevas o evidencia contraria?,Fundamentación técnica documentada en Brier (1950): Verification of Forecasts Expressed in Terms of Probability relativa a ¿cómo priorizar una lista de lecturas según objetivos explícitos sin descartar sistemática...,SRC-0044,Fuente SRC-0044,https://doi.org/10.1175/1520-0493(1950)078<0001:VOFEIT>2.0.CO;2,referencia_tecnica,Válido bajo contrato typesafe-sdk 0.7.0 y supuestos operacionales del Pilar P14.
AF-JEV-P14-006-03,JEV-P14-006,P14,¿Cómo priorizar una lista de lecturas según objetivos explícitos sin descartar sistemáticamente ideas nuevas o evidencia contraria?,Fundamentación técnica documentada en BEIR: A Heterogeneous Benchmark for Zero-shot Evaluation of Information Retrieval Models (Thakur et al.) relativa a ¿cómo priorizar una lista de lecturas según objetivos explícitos sin descartar sistemática...,SRC-0066,Fuente SRC-0066,https://arxiv.org/abs/2104.08663,medido_independiente,Válido bajo contrato typesafe-sdk 0.7.0 y supuestos operacionales del Pilar P14.
AF-JEV-P14-006-04,JEV-P14-006,P14,¿Cómo priorizar una lista de lecturas según objetivos explícitos sin descartar sistemáticamente ideas nuevas o evidencia contraria?,"Fundamentación técnica documentada en Documentos Analíticos Canónicos P14 (P14_DEEP_DIVE, EVIDENCE_MAP, WORKFLOW_PLAYBOOK, EXPERIMENT_PROTOCOL, GAPS_AND_ACTIONS, SOURCE_INDEX) relativa a ¿cómo priorizar una lista de lecturas según objetivos explícitos sin descartar sistemática...",SRC-0116,Fuente SRC-0116,Cuaderno canónico P14 (`09bdc613-0fa8-4564-863d-7c3b7904c886`),analisis_interno,Válido bajo contrato typesafe-sdk 0.7.0 y supuestos operacionales del Pilar P14.
AF-JEV-P14-007-01,JEV-P14-007,P14,"¿Cómo detectar solicitudes y compromisos en mensajes sintéticos distinguiendo tareas firmes, sugerencias y condiciones pendientes?",Fundamentación técnica documentada en Introducing System One Models and Jev relativa a ¿cómo detectar solicitudes y compromisos en mensajes sintéticos distinguiendo tareas firme...,SRC-0001,Fuente SRC-0001,https://typesafe.ai/blog/introducing-system-one-models-and-jev,documentado_proveedor,Válido bajo contrato typesafe-sdk 0.7.0 y supuestos operacionales del Pilar P14.
AF-JEV-P14-007-02,JEV-P14-007,P14,"¿Cómo detectar solicitudes y compromisos en mensajes sintéticos distinguiendo tareas firmes, sugerencias y condiciones pendientes?",Fundamentación técnica documentada en Brier (1950): Verification of Forecasts Expressed in Terms of Probability relativa a ¿cómo detectar solicitudes y compromisos en mensajes sintéticos distinguiendo tareas firme...,SRC-0044,Fuente SRC-0044,https://doi.org/10.1175/1520-0493(1950)078<0001:VOFEIT>2.0.CO;2,referencia_tecnica,Válido bajo contrato typesafe-sdk 0.7.0 y supuestos operacionales del Pilar P14.
AF-JEV-P14-007-03,JEV-P14-007,P14,"¿Cómo detectar solicitudes y compromisos en mensajes sintéticos distinguiendo tareas firmes, sugerencias y condiciones pendientes?",Fundamentación técnica documentada en BEIR: A Heterogeneous Benchmark for Zero-shot Evaluation of Information Retrieval Models (Thakur et al.) relativa a ¿cómo detectar solicitudes y compromisos en mensajes sintéticos distinguiendo tareas firme...,SRC-0066,Fuente SRC-0066,https://arxiv.org/abs/2104.08663,medido_independiente,Válido bajo contrato typesafe-sdk 0.7.0 y supuestos operacionales del Pilar P14.
AF-JEV-P14-007-04,JEV-P14-007,P14,"¿Cómo detectar solicitudes y compromisos en mensajes sintéticos distinguiendo tareas firmes, sugerencias y condiciones pendientes?","Fundamentación técnica documentada en Documentos Analíticos Canónicos P14 (P14_DEEP_DIVE, EVIDENCE_MAP, WORKFLOW_PLAYBOOK, EXPERIMENT_PROTOCOL, GAPS_AND_ACTIONS, SOURCE_INDEX) relativa a ¿cómo detectar solicitudes y compromisos en mensajes sintéticos distinguiendo tareas firme...",SRC-0116,Fuente SRC-0116,Cuaderno canónico P14 (`09bdc613-0fa8-4564-863d-7c3b7904c886`),analisis_interno,Válido bajo contrato typesafe-sdk 0.7.0 y supuestos operacionales del Pilar P14.
AF-JEV-P14-008-01,JEV-P14-008,P14,"¿Cómo proponer prioridades de una lista de tareas separando importancia, urgencia, esfuerzo y dependencias?","Fundamentación técnica documentada en Introducing System One Models and Jev relativa a ¿cómo proponer prioridades de una lista de tareas separando importancia, urgencia, esfuerz...",SRC-0001,Fuente SRC-0001,https://typesafe.ai/blog/introducing-system-one-models-and-jev,documentado_proveedor,Válido bajo contrato typesafe-sdk 0.7.0 y supuestos operacionales del Pilar P14.
AF-JEV-P14-008-02,JEV-P14-008,P14,"¿Cómo proponer prioridades de una lista de tareas separando importancia, urgencia, esfuerzo y dependencias?","Fundamentación técnica documentada en Brier (1950): Verification of Forecasts Expressed in Terms of Probability relativa a ¿cómo proponer prioridades de una lista de tareas separando importancia, urgencia, esfuerz...",SRC-0044,Fuente SRC-0044,https://doi.org/10.1175/1520-0493(1950)078<0001:VOFEIT>2.0.CO;2,referencia_tecnica,Válido bajo contrato typesafe-sdk 0.7.0 y supuestos operacionales del Pilar P14.
AF-JEV-P14-008-03,JEV-P14-008,P14,"¿Cómo proponer prioridades de una lista de tareas separando importancia, urgencia, esfuerzo y dependencias?","Fundamentación técnica documentada en BEIR: A Heterogeneous Benchmark for Zero-shot Evaluation of Information Retrieval Models (Thakur et al.) relativa a ¿cómo proponer prioridades de una lista de tareas separando importancia, urgencia, esfuerz...",SRC-0066,Fuente SRC-0066,https://arxiv.org/abs/2104.08663,medido_independiente,Válido bajo contrato typesafe-sdk 0.7.0 y supuestos operacionales del Pilar P14.
AF-JEV-P14-008-04,JEV-P14-008,P14,"¿Cómo proponer prioridades de una lista de tareas separando importancia, urgencia, esfuerzo y dependencias?","Fundamentación técnica documentada en Documentos Analíticos Canónicos P14 (P14_DEEP_DIVE, EVIDENCE_MAP, WORKFLOW_PLAYBOOK, EXPERIMENT_PROTOCOL, GAPS_AND_ACTIONS, SOURCE_INDEX) relativa a ¿cómo proponer prioridades de una lista de tareas separando importancia, urgencia, esfuerz...",SRC-0116,Fuente SRC-0116,Cuaderno canónico P14 (`09bdc613-0fa8-4564-863d-7c3b7904c886`),analisis_interno,Válido bajo contrato typesafe-sdk 0.7.0 y supuestos operacionales del Pilar P14.
AF-JEV-P14-009-01,JEV-P14-009,P14,¿Cómo clasificar notas de reuniones sin presentar resúmenes inferidos como acuerdos efectivamente expresados?,Fundamentación técnica documentada en Introducing System One Models and Jev relativa a ¿cómo clasificar notas de reuniones sin presentar resúmenes inferidos como acuerdos efecti...,SRC-0001,Fuente SRC-0001,https://typesafe.ai/blog/introducing-system-one-models-and-jev,documentado_proveedor,Válido bajo contrato typesafe-sdk 0.7.0 y supuestos operacionales del Pilar P14.
AF-JEV-P14-009-02,JEV-P14-009,P14,¿Cómo clasificar notas de reuniones sin presentar resúmenes inferidos como acuerdos efectivamente expresados?,Fundamentación técnica documentada en Brier (1950): Verification of Forecasts Expressed in Terms of Probability relativa a ¿cómo clasificar notas de reuniones sin presentar resúmenes inferidos como acuerdos efecti...,SRC-0044,Fuente SRC-0044,https://doi.org/10.1175/1520-0493(1950)078<0001:VOFEIT>2.0.CO;2,referencia_tecnica,Válido bajo contrato typesafe-sdk 0.7.0 y supuestos operacionales del Pilar P14.
AF-JEV-P14-009-03,JEV-P14-009,P14,¿Cómo clasificar notas de reuniones sin presentar resúmenes inferidos como acuerdos efectivamente expresados?,Fundamentación técnica documentada en BEIR: A Heterogeneous Benchmark for Zero-shot Evaluation of Information Retrieval Models (Thakur et al.) relativa a ¿cómo clasificar notas de reuniones sin presentar resúmenes inferidos como acuerdos efecti...,SRC-0066,Fuente SRC-0066,https://arxiv.org/abs/2104.08663,medido_independiente,Válido bajo contrato typesafe-sdk 0.7.0 y supuestos operacionales del Pilar P14.
AF-JEV-P14-009-04,JEV-P14-009,P14,¿Cómo clasificar notas de reuniones sin presentar resúmenes inferidos como acuerdos efectivamente expresados?,"Fundamentación técnica documentada en Documentos Analíticos Canónicos P14 (P14_DEEP_DIVE, EVIDENCE_MAP, WORKFLOW_PLAYBOOK, EXPERIMENT_PROTOCOL, GAPS_AND_ACTIONS, SOURCE_INDEX) relativa a ¿cómo clasificar notas de reuniones sin presentar resúmenes inferidos como acuerdos efecti...",SRC-0116,Fuente SRC-0116,Cuaderno canónico P14 (`09bdc613-0fa8-4564-863d-7c3b7904c886`),analisis_interno,Válido bajo contrato typesafe-sdk 0.7.0 y supuestos operacionales del Pilar P14.
AF-JEV-P14-010-01,JEV-P14-010,P14,¿Cómo detectar documentos duplicados o relacionados conservando versiones y evitando proponer borrados automáticos?,Fundamentación técnica documentada en Introducing System One Models and Jev relativa a ¿cómo detectar documentos duplicados o relacionados conservando versiones y evitando propo...,SRC-0001,Fuente SRC-0001,https://typesafe.ai/blog/introducing-system-one-models-and-jev,documentado_proveedor,Válido bajo contrato typesafe-sdk 0.7.0 y supuestos operacionales del Pilar P14.
AF-JEV-P14-010-02,JEV-P14-010,P14,¿Cómo detectar documentos duplicados o relacionados conservando versiones y evitando proponer borrados automáticos?,Fundamentación técnica documentada en Brier (1950): Verification of Forecasts Expressed in Terms of Probability relativa a ¿cómo detectar documentos duplicados o relacionados conservando versiones y evitando propo...,SRC-0044,Fuente SRC-0044,https://doi.org/10.1175/1520-0493(1950)078<0001:VOFEIT>2.0.CO;2,referencia_tecnica,Válido bajo contrato typesafe-sdk 0.7.0 y supuestos operacionales del Pilar P14.
AF-JEV-P14-010-03,JEV-P14-010,P14,¿Cómo detectar documentos duplicados o relacionados conservando versiones y evitando proponer borrados automáticos?,Fundamentación técnica documentada en BEIR: A Heterogeneous Benchmark for Zero-shot Evaluation of Information Retrieval Models (Thakur et al.) relativa a ¿cómo detectar documentos duplicados o relacionados conservando versiones y evitando propo...,SRC-0066,Fuente SRC-0066,https://arxiv.org/abs/2104.08663,medido_independiente,Válido bajo contrato typesafe-sdk 0.7.0 y supuestos operacionales del Pilar P14.
AF-JEV-P14-010-04,JEV-P14-010,P14,¿Cómo detectar documentos duplicados o relacionados conservando versiones y evitando proponer borrados automáticos?,"Fundamentación técnica documentada en Documentos Analíticos Canónicos P14 (P14_DEEP_DIVE, EVIDENCE_MAP, WORKFLOW_PLAYBOOK, EXPERIMENT_PROTOCOL, GAPS_AND_ACTIONS, SOURCE_INDEX) relativa a ¿cómo detectar documentos duplicados o relacionados conservando versiones y evitando propo...",SRC-0116,Fuente SRC-0116,Cuaderno canónico P14 (`09bdc613-0fa8-4564-863d-7c3b7904c886`),analisis_interno,Válido bajo contrato typesafe-sdk 0.7.0 y supuestos operacionales del Pilar P14.
AF-JEV-P14-011-01,JEV-P14-011,P14,¿Cómo construir un filtro de alertas de investigación que reduzca ruido sin ocultar novedades relevantes de baja frecuencia?,Fundamentación técnica documentada en Introducing System One Models and Jev relativa a ¿cómo construir un filtro de alertas de investigación que reduzca ruido sin ocultar noveda...,SRC-0001,Fuente SRC-0001,https://typesafe.ai/blog/introducing-system-one-models-and-jev,documentado_proveedor,Válido bajo contrato typesafe-sdk 0.7.0 y supuestos operacionales del Pilar P14.
AF-JEV-P14-011-02,JEV-P14-011,P14,¿Cómo construir un filtro de alertas de investigación que reduzca ruido sin ocultar novedades relevantes de baja frecuencia?,Fundamentación técnica documentada en Brier (1950): Verification of Forecasts Expressed in Terms of Probability relativa a ¿cómo construir un filtro de alertas de investigación que reduzca ruido sin ocultar noveda...,SRC-0044,Fuente SRC-0044,https://doi.org/10.1175/1520-0493(1950)078<0001:VOFEIT>2.0.CO;2,referencia_tecnica,Válido bajo contrato typesafe-sdk 0.7.0 y supuestos operacionales del Pilar P14.
AF-JEV-P14-011-03,JEV-P14-011,P14,¿Cómo construir un filtro de alertas de investigación que reduzca ruido sin ocultar novedades relevantes de baja frecuencia?,Fundamentación técnica documentada en BEIR: A Heterogeneous Benchmark for Zero-shot Evaluation of Information Retrieval Models (Thakur et al.) relativa a ¿cómo construir un filtro de alertas de investigación que reduzca ruido sin ocultar noveda...,SRC-0066,Fuente SRC-0066,https://arxiv.org/abs/2104.08663,medido_independiente,Válido bajo contrato typesafe-sdk 0.7.0 y supuestos operacionales del Pilar P14.
AF-JEV-P14-011-04,JEV-P14-011,P14,¿Cómo construir un filtro de alertas de investigación que reduzca ruido sin ocultar novedades relevantes de baja frecuencia?,"Fundamentación técnica documentada en Documentos Analíticos Canónicos P14 (P14_DEEP_DIVE, EVIDENCE_MAP, WORKFLOW_PLAYBOOK, EXPERIMENT_PROTOCOL, GAPS_AND_ACTIONS, SOURCE_INDEX) relativa a ¿cómo construir un filtro de alertas de investigación que reduzca ruido sin ocultar noveda...",SRC-0116,Fuente SRC-0116,Cuaderno canónico P14 (`09bdc613-0fa8-4564-863d-7c3b7904c886`),analisis_interno,Válido bajo contrato typesafe-sdk 0.7.0 y supuestos operacionales del Pilar P14.
AF-JEV-P14-012-01,JEV-P14-012,P14,"¿Cómo decidir qué consultas personales requieren búsqueda, cálculo, un modelo generativo o una decisión semántica breve?","Fundamentación técnica documentada en Introducing System One Models and Jev relativa a ¿cómo decidir qué consultas personales requieren búsqueda, cálculo, un modelo generativo o...",SRC-0001,Fuente SRC-0001,https://typesafe.ai/blog/introducing-system-one-models-and-jev,documentado_proveedor,Válido bajo contrato typesafe-sdk 0.7.0 y supuestos operacionales del Pilar P14.
AF-JEV-P14-012-02,JEV-P14-012,P14,"¿Cómo decidir qué consultas personales requieren búsqueda, cálculo, un modelo generativo o una decisión semántica breve?","Fundamentación técnica documentada en Brier (1950): Verification of Forecasts Expressed in Terms of Probability relativa a ¿cómo decidir qué consultas personales requieren búsqueda, cálculo, un modelo generativo o...",SRC-0044,Fuente SRC-0044,https://doi.org/10.1175/1520-0493(1950)078<0001:VOFEIT>2.0.CO;2,referencia_tecnica,Válido bajo contrato typesafe-sdk 0.7.0 y supuestos operacionales del Pilar P14.
AF-JEV-P14-012-03,JEV-P14-012,P14,"¿Cómo decidir qué consultas personales requieren búsqueda, cálculo, un modelo generativo o una decisión semántica breve?","Fundamentación técnica documentada en BEIR: A Heterogeneous Benchmark for Zero-shot Evaluation of Information Retrieval Models (Thakur et al.) relativa a ¿cómo decidir qué consultas personales requieren búsqueda, cálculo, un modelo generativo o...",SRC-0066,Fuente SRC-0066,https://arxiv.org/abs/2104.08663,medido_independiente,Válido bajo contrato typesafe-sdk 0.7.0 y supuestos operacionales del Pilar P14.
AF-JEV-P14-012-04,JEV-P14-012,P14,"¿Cómo decidir qué consultas personales requieren búsqueda, cálculo, un modelo generativo o una decisión semántica breve?","Fundamentación técnica documentada en Documentos Analíticos Canónicos P14 (P14_DEEP_DIVE, EVIDENCE_MAP, WORKFLOW_PLAYBOOK, EXPERIMENT_PROTOCOL, GAPS_AND_ACTIONS, SOURCE_INDEX) relativa a ¿cómo decidir qué consultas personales requieren búsqueda, cálculo, un modelo generativo o...",SRC-0116,Fuente SRC-0116,Cuaderno canónico P14 (`09bdc613-0fa8-4564-863d-7c3b7904c886`),analisis_interno,Válido bajo contrato typesafe-sdk 0.7.0 y supuestos operacionales del Pilar P14.
AF-JEV-P14-013-01,JEV-P14-013,P14,"¿Cómo usar criterios explícitos para clasificar gastos sintéticos sin delegar cálculos, pagos ni decisiones financieras al modelo?","Fundamentación técnica documentada en Introducing System One Models and Jev relativa a ¿cómo usar criterios explícitos para clasificar gastos sintéticos sin delegar cálculos, pa...",SRC-0001,Fuente SRC-0001,https://typesafe.ai/blog/introducing-system-one-models-and-jev,documentado_proveedor,Válido bajo contrato typesafe-sdk 0.7.0 y supuestos operacionales del Pilar P14.
AF-JEV-P14-013-02,JEV-P14-013,P14,"¿Cómo usar criterios explícitos para clasificar gastos sintéticos sin delegar cálculos, pagos ni decisiones financieras al modelo?","Fundamentación técnica documentada en Brier (1950): Verification of Forecasts Expressed in Terms of Probability relativa a ¿cómo usar criterios explícitos para clasificar gastos sintéticos sin delegar cálculos, pa...",SRC-0044,Fuente SRC-0044,https://doi.org/10.1175/1520-0493(1950)078<0001:VOFEIT>2.0.CO;2,referencia_tecnica,Válido bajo contrato typesafe-sdk 0.7.0 y supuestos operacionales del Pilar P14.
AF-JEV-P14-013-03,JEV-P14-013,P14,"¿Cómo usar criterios explícitos para clasificar gastos sintéticos sin delegar cálculos, pagos ni decisiones financieras al modelo?","Fundamentación técnica documentada en BEIR: A Heterogeneous Benchmark for Zero-shot Evaluation of Information Retrieval Models (Thakur et al.) relativa a ¿cómo usar criterios explícitos para clasificar gastos sintéticos sin delegar cálculos, pa...",SRC-0066,Fuente SRC-0066,https://arxiv.org/abs/2104.08663,medido_independiente,Válido bajo contrato typesafe-sdk 0.7.0 y supuestos operacionales del Pilar P14.
AF-JEV-P14-013-04,JEV-P14-013,P14,"¿Cómo usar criterios explícitos para clasificar gastos sintéticos sin delegar cálculos, pagos ni decisiones financieras al modelo?","Fundamentación técnica documentada en Documentos Analíticos Canónicos P14 (P14_DEEP_DIVE, EVIDENCE_MAP, WORKFLOW_PLAYBOOK, EXPERIMENT_PROTOCOL, GAPS_AND_ACTIONS, SOURCE_INDEX) relativa a ¿cómo usar criterios explícitos para clasificar gastos sintéticos sin delegar cálculos, pa...",SRC-0116,Fuente SRC-0116,Cuaderno canónico P14 (`09bdc613-0fa8-4564-863d-7c3b7904c886`),analisis_interno,Válido bajo contrato typesafe-sdk 0.7.0 y supuestos operacionales del Pilar P14.
AF-JEV-P14-014-01,JEV-P14-014,P14,¿Cómo proponer organización de un calendario sintético respetando restricciones deterministas y sin crear eventos ni compromisos automáticamente?,Fundamentación técnica documentada en Introducing System One Models and Jev relativa a ¿cómo proponer organización de un calendario sintético respetando restricciones determinis...,SRC-0001,Fuente SRC-0001,https://typesafe.ai/blog/introducing-system-one-models-and-jev,documentado_proveedor,Válido bajo contrato typesafe-sdk 0.7.0 y supuestos operacionales del Pilar P14.
AF-JEV-P14-014-02,JEV-P14-014,P14,¿Cómo proponer organización de un calendario sintético respetando restricciones deterministas y sin crear eventos ni compromisos automáticamente?,Fundamentación técnica documentada en Brier (1950): Verification of Forecasts Expressed in Terms of Probability relativa a ¿cómo proponer organización de un calendario sintético respetando restricciones determinis...,SRC-0044,Fuente SRC-0044,https://doi.org/10.1175/1520-0493(1950)078<0001:VOFEIT>2.0.CO;2,referencia_tecnica,Válido bajo contrato typesafe-sdk 0.7.0 y supuestos operacionales del Pilar P14.
AF-JEV-P14-014-03,JEV-P14-014,P14,¿Cómo proponer organización de un calendario sintético respetando restricciones deterministas y sin crear eventos ni compromisos automáticamente?,Fundamentación técnica documentada en BEIR: A Heterogeneous Benchmark for Zero-shot Evaluation of Information Retrieval Models (Thakur et al.) relativa a ¿cómo proponer organización de un calendario sintético respetando restricciones determinis...,SRC-0066,Fuente SRC-0066,https://arxiv.org/abs/2104.08663,medido_independiente,Válido bajo contrato typesafe-sdk 0.7.0 y supuestos operacionales del Pilar P14.
AF-JEV-P14-014-04,JEV-P14-014,P14,¿Cómo proponer organización de un calendario sintético respetando restricciones deterministas y sin crear eventos ni compromisos automáticamente?,"Fundamentación técnica documentada en Documentos Analíticos Canónicos P14 (P14_DEEP_DIVE, EVIDENCE_MAP, WORKFLOW_PLAYBOOK, EXPERIMENT_PROTOCOL, GAPS_AND_ACTIONS, SOURCE_INDEX) relativa a ¿cómo proponer organización de un calendario sintético respetando restricciones determinis...",SRC-0116,Fuente SRC-0116,Cuaderno canónico P14 (`09bdc613-0fa8-4564-863d-7c3b7904c886`),analisis_interno,Válido bajo contrato typesafe-sdk 0.7.0 y supuestos operacionales del Pilar P14.
AF-JEV-P14-015-01,JEV-P14-015,P14,¿Qué mecanismo de corrección permite aprender de preferencias del usuario sin inferir atributos sensibles o conservar datos innecesarios?,Fundamentación técnica documentada en Introducing System One Models and Jev relativa a ¿qué mecanismo de corrección permite aprender de preferencias del usuario sin inferir atri...,SRC-0001,Fuente SRC-0001,https://typesafe.ai/blog/introducing-system-one-models-and-jev,documentado_proveedor,Válido bajo contrato typesafe-sdk 0.7.0 y supuestos operacionales del Pilar P14.
AF-JEV-P14-015-02,JEV-P14-015,P14,¿Qué mecanismo de corrección permite aprender de preferencias del usuario sin inferir atributos sensibles o conservar datos innecesarios?,Fundamentación técnica documentada en Brier (1950): Verification of Forecasts Expressed in Terms of Probability relativa a ¿qué mecanismo de corrección permite aprender de preferencias del usuario sin inferir atri...,SRC-0044,Fuente SRC-0044,https://doi.org/10.1175/1520-0493(1950)078<0001:VOFEIT>2.0.CO;2,referencia_tecnica,Válido bajo contrato typesafe-sdk 0.7.0 y supuestos operacionales del Pilar P14.
AF-JEV-P14-015-03,JEV-P14-015,P14,¿Qué mecanismo de corrección permite aprender de preferencias del usuario sin inferir atributos sensibles o conservar datos innecesarios?,Fundamentación técnica documentada en BEIR: A Heterogeneous Benchmark for Zero-shot Evaluation of Information Retrieval Models (Thakur et al.) relativa a ¿qué mecanismo de corrección permite aprender de preferencias del usuario sin inferir atri...,SRC-0066,Fuente SRC-0066,https://arxiv.org/abs/2104.08663,medido_independiente,Válido bajo contrato typesafe-sdk 0.7.0 y supuestos operacionales del Pilar P14.
AF-JEV-P14-015-04,JEV-P14-015,P14,¿Qué mecanismo de corrección permite aprender de preferencias del usuario sin inferir atributos sensibles o conservar datos innecesarios?,"Fundamentación técnica documentada en Documentos Analíticos Canónicos P14 (P14_DEEP_DIVE, EVIDENCE_MAP, WORKFLOW_PLAYBOOK, EXPERIMENT_PROTOCOL, GAPS_AND_ACTIONS, SOURCE_INDEX) relativa a ¿qué mecanismo de corrección permite aprender de preferencias del usuario sin inferir atri...",SRC-0116,Fuente SRC-0116,Cuaderno canónico P14 (`09bdc613-0fa8-4564-863d-7c3b7904c886`),analisis_interno,Válido bajo contrato typesafe-sdk 0.7.0 y supuestos operacionales del Pilar P14.
AF-JEV-P14-016-01,JEV-P14-016,P14,¿Cómo evitar que un sistema de priorización refuerce siempre las mismas preferencias y elimine oportunidades de exploración?,Fundamentación técnica documentada en Introducing System One Models and Jev relativa a ¿cómo evitar que un sistema de priorización refuerce siempre las mismas preferencias y eli...,SRC-0001,Fuente SRC-0001,https://typesafe.ai/blog/introducing-system-one-models-and-jev,documentado_proveedor,Válido bajo contrato typesafe-sdk 0.7.0 y supuestos operacionales del Pilar P14.
AF-JEV-P14-016-02,JEV-P14-016,P14,¿Cómo evitar que un sistema de priorización refuerce siempre las mismas preferencias y elimine oportunidades de exploración?,Fundamentación técnica documentada en Brier (1950): Verification of Forecasts Expressed in Terms of Probability relativa a ¿cómo evitar que un sistema de priorización refuerce siempre las mismas preferencias y eli...,SRC-0044,Fuente SRC-0044,https://doi.org/10.1175/1520-0493(1950)078<0001:VOFEIT>2.0.CO;2,referencia_tecnica,Válido bajo contrato typesafe-sdk 0.7.0 y supuestos operacionales del Pilar P14.
AF-JEV-P14-016-03,JEV-P14-016,P14,¿Cómo evitar que un sistema de priorización refuerce siempre las mismas preferencias y elimine oportunidades de exploración?,Fundamentación técnica documentada en BEIR: A Heterogeneous Benchmark for Zero-shot Evaluation of Information Retrieval Models (Thakur et al.) relativa a ¿cómo evitar que un sistema de priorización refuerce siempre las mismas preferencias y eli...,SRC-0066,Fuente SRC-0066,https://arxiv.org/abs/2104.08663,medido_independiente,Válido bajo contrato typesafe-sdk 0.7.0 y supuestos operacionales del Pilar P14.
AF-JEV-P14-016-04,JEV-P14-016,P14,¿Cómo evitar que un sistema de priorización refuerce siempre las mismas preferencias y elimine oportunidades de exploración?,"Fundamentación técnica documentada en Documentos Analíticos Canónicos P14 (P14_DEEP_DIVE, EVIDENCE_MAP, WORKFLOW_PLAYBOOK, EXPERIMENT_PROTOCOL, GAPS_AND_ACTIONS, SOURCE_INDEX) relativa a ¿cómo evitar que un sistema de priorización refuerce siempre las mismas preferencias y eli...",SRC-0116,Fuente SRC-0116,Cuaderno canónico P14 (`09bdc613-0fa8-4564-863d-7c3b7904c886`),analisis_interno,Válido bajo contrato typesafe-sdk 0.7.0 y supuestos operacionales del Pilar P14.
AF-JEV-P14-017-01,JEV-P14-017,P14,"¿Qué interfaz muestra decisión, evidencia y posibilidad de corregir sin obligar al usuario a revisar una explicación extensa cada vez?","Fundamentación técnica documentada en Introducing System One Models and Jev relativa a ¿qué interfaz muestra decisión, evidencia y posibilidad de corregir sin obligar al usuario...",SRC-0001,Fuente SRC-0001,https://typesafe.ai/blog/introducing-system-one-models-and-jev,documentado_proveedor,Válido bajo contrato typesafe-sdk 0.7.0 y supuestos operacionales del Pilar P14.
AF-JEV-P14-017-02,JEV-P14-017,P14,"¿Qué interfaz muestra decisión, evidencia y posibilidad de corregir sin obligar al usuario a revisar una explicación extensa cada vez?","Fundamentación técnica documentada en Brier (1950): Verification of Forecasts Expressed in Terms of Probability relativa a ¿qué interfaz muestra decisión, evidencia y posibilidad de corregir sin obligar al usuario...",SRC-0044,Fuente SRC-0044,https://doi.org/10.1175/1520-0493(1950)078<0001:VOFEIT>2.0.CO;2,referencia_tecnica,Válido bajo contrato typesafe-sdk 0.7.0 y supuestos operacionales del Pilar P14.
AF-JEV-P14-017-03,JEV-P14-017,P14,"¿Qué interfaz muestra decisión, evidencia y posibilidad de corregir sin obligar al usuario a revisar una explicación extensa cada vez?","Fundamentación técnica documentada en BEIR: A Heterogeneous Benchmark for Zero-shot Evaluation of Information Retrieval Models (Thakur et al.) relativa a ¿qué interfaz muestra decisión, evidencia y posibilidad de corregir sin obligar al usuario...",SRC-0066,Fuente SRC-0066,https://arxiv.org/abs/2104.08663,medido_independiente,Válido bajo contrato typesafe-sdk 0.7.0 y supuestos operacionales del Pilar P14.
AF-JEV-P14-017-04,JEV-P14-017,P14,"¿Qué interfaz muestra decisión, evidencia y posibilidad de corregir sin obligar al usuario a revisar una explicación extensa cada vez?","Fundamentación técnica documentada en Documentos Analíticos Canónicos P14 (P14_DEEP_DIVE, EVIDENCE_MAP, WORKFLOW_PLAYBOOK, EXPERIMENT_PROTOCOL, GAPS_AND_ACTIONS, SOURCE_INDEX) relativa a ¿qué interfaz muestra decisión, evidencia y posibilidad de corregir sin obligar al usuario...",SRC-0116,Fuente SRC-0116,Cuaderno canónico P14 (`09bdc613-0fa8-4564-863d-7c3b7904c886`),analisis_interno,Válido bajo contrato typesafe-sdk 0.7.0 y supuestos operacionales del Pilar P14.
AF-JEV-P14-018-01,JEV-P14-018,P14,¿Qué indicadores revelarían dependencia excesiva de la herramienta o aumento del trabajo de supervisión?,Fundamentación técnica documentada en Introducing System One Models and Jev relativa a ¿qué indicadores revelarían dependencia excesiva de la herramienta o aumento del trabajo d...,SRC-0001,Fuente SRC-0001,https://typesafe.ai/blog/introducing-system-one-models-and-jev,documentado_proveedor,Válido bajo contrato typesafe-sdk 0.7.0 y supuestos operacionales del Pilar P14.
AF-JEV-P14-018-02,JEV-P14-018,P14,¿Qué indicadores revelarían dependencia excesiva de la herramienta o aumento del trabajo de supervisión?,Fundamentación técnica documentada en Brier (1950): Verification of Forecasts Expressed in Terms of Probability relativa a ¿qué indicadores revelarían dependencia excesiva de la herramienta o aumento del trabajo d...,SRC-0044,Fuente SRC-0044,https://doi.org/10.1175/1520-0493(1950)078<0001:VOFEIT>2.0.CO;2,referencia_tecnica,Válido bajo contrato typesafe-sdk 0.7.0 y supuestos operacionales del Pilar P14.
AF-JEV-P14-018-03,JEV-P14-018,P14,¿Qué indicadores revelarían dependencia excesiva de la herramienta o aumento del trabajo de supervisión?,Fundamentación técnica documentada en BEIR: A Heterogeneous Benchmark for Zero-shot Evaluation of Information Retrieval Models (Thakur et al.) relativa a ¿qué indicadores revelarían dependencia excesiva de la herramienta o aumento del trabajo d...,SRC-0066,Fuente SRC-0066,https://arxiv.org/abs/2104.08663,medido_independiente,Válido bajo contrato typesafe-sdk 0.7.0 y supuestos operacionales del Pilar P14.
AF-JEV-P14-018-04,JEV-P14-018,P14,¿Qué indicadores revelarían dependencia excesiva de la herramienta o aumento del trabajo de supervisión?,"Fundamentación técnica documentada en Documentos Analíticos Canónicos P14 (P14_DEEP_DIVE, EVIDENCE_MAP, WORKFLOW_PLAYBOOK, EXPERIMENT_PROTOCOL, GAPS_AND_ACTIONS, SOURCE_INDEX) relativa a ¿qué indicadores revelarían dependencia excesiva de la herramienta o aumento del trabajo d...",SRC-0116,Fuente SRC-0116,Cuaderno canónico P14 (`09bdc613-0fa8-4564-863d-7c3b7904c886`),analisis_interno,Válido bajo contrato typesafe-sdk 0.7.0 y supuestos operacionales del Pilar P14.
AF-JEV-P14-019-01,JEV-P14-019,P14,¿Cómo trasladar un piloto exitoso desde ejemplos sintéticos a datos propios mediante una fase separada y autorizada?,Fundamentación técnica documentada en Introducing System One Models and Jev relativa a ¿cómo trasladar un piloto exitoso desde ejemplos sintéticos a datos propios mediante una f...,SRC-0001,Fuente SRC-0001,https://typesafe.ai/blog/introducing-system-one-models-and-jev,documentado_proveedor,Válido bajo contrato typesafe-sdk 0.7.0 y supuestos operacionales del Pilar P14.
AF-JEV-P14-019-02,JEV-P14-019,P14,¿Cómo trasladar un piloto exitoso desde ejemplos sintéticos a datos propios mediante una fase separada y autorizada?,Fundamentación técnica documentada en Brier (1950): Verification of Forecasts Expressed in Terms of Probability relativa a ¿cómo trasladar un piloto exitoso desde ejemplos sintéticos a datos propios mediante una f...,SRC-0044,Fuente SRC-0044,https://doi.org/10.1175/1520-0493(1950)078<0001:VOFEIT>2.0.CO;2,referencia_tecnica,Válido bajo contrato typesafe-sdk 0.7.0 y supuestos operacionales del Pilar P14.
AF-JEV-P14-019-03,JEV-P14-019,P14,¿Cómo trasladar un piloto exitoso desde ejemplos sintéticos a datos propios mediante una fase separada y autorizada?,Fundamentación técnica documentada en BEIR: A Heterogeneous Benchmark for Zero-shot Evaluation of Information Retrieval Models (Thakur et al.) relativa a ¿cómo trasladar un piloto exitoso desde ejemplos sintéticos a datos propios mediante una f...,SRC-0066,Fuente SRC-0066,https://arxiv.org/abs/2104.08663,medido_independiente,Válido bajo contrato typesafe-sdk 0.7.0 y supuestos operacionales del Pilar P14.
AF-JEV-P14-019-04,JEV-P14-019,P14,¿Cómo trasladar un piloto exitoso desde ejemplos sintéticos a datos propios mediante una fase separada y autorizada?,"Fundamentación técnica documentada en Documentos Analíticos Canónicos P14 (P14_DEEP_DIVE, EVIDENCE_MAP, WORKFLOW_PLAYBOOK, EXPERIMENT_PROTOCOL, GAPS_AND_ACTIONS, SOURCE_INDEX) relativa a ¿cómo trasladar un piloto exitoso desde ejemplos sintéticos a datos propios mediante una f...",SRC-0116,Fuente SRC-0116,Cuaderno canónico P14 (`09bdc613-0fa8-4564-863d-7c3b7904c886`),analisis_interno,Válido bajo contrato typesafe-sdk 0.7.0 y supuestos operacionales del Pilar P14.
AF-JEV-P14-020-01,JEV-P14-020,P14,"¿Qué rutina semanal permite revisar errores, medir utilidad y retirar automatizaciones personales que ya no aportan valor?","Fundamentación técnica documentada en Introducing System One Models and Jev relativa a ¿qué rutina semanal permite revisar errores, medir utilidad y retirar automatizaciones per...",SRC-0001,Fuente SRC-0001,https://typesafe.ai/blog/introducing-system-one-models-and-jev,documentado_proveedor,Válido bajo contrato typesafe-sdk 0.7.0 y supuestos operacionales del Pilar P14.
AF-JEV-P14-020-02,JEV-P14-020,P14,"¿Qué rutina semanal permite revisar errores, medir utilidad y retirar automatizaciones personales que ya no aportan valor?","Fundamentación técnica documentada en Brier (1950): Verification of Forecasts Expressed in Terms of Probability relativa a ¿qué rutina semanal permite revisar errores, medir utilidad y retirar automatizaciones per...",SRC-0044,Fuente SRC-0044,https://doi.org/10.1175/1520-0493(1950)078<0001:VOFEIT>2.0.CO;2,referencia_tecnica,Válido bajo contrato typesafe-sdk 0.7.0 y supuestos operacionales del Pilar P14.
AF-JEV-P14-020-03,JEV-P14-020,P14,"¿Qué rutina semanal permite revisar errores, medir utilidad y retirar automatizaciones personales que ya no aportan valor?","Fundamentación técnica documentada en BEIR: A Heterogeneous Benchmark for Zero-shot Evaluation of Information Retrieval Models (Thakur et al.) relativa a ¿qué rutina semanal permite revisar errores, medir utilidad y retirar automatizaciones per...",SRC-0066,Fuente SRC-0066,https://arxiv.org/abs/2104.08663,medido_independiente,Válido bajo contrato typesafe-sdk 0.7.0 y supuestos operacionales del Pilar P14.
AF-JEV-P14-020-04,JEV-P14-020,P14,"¿Qué rutina semanal permite revisar errores, medir utilidad y retirar automatizaciones personales que ya no aportan valor?","Fundamentación técnica documentada en Documentos Analíticos Canónicos P14 (P14_DEEP_DIVE, EVIDENCE_MAP, WORKFLOW_PLAYBOOK, EXPERIMENT_PROTOCOL, GAPS_AND_ACTIONS, SOURCE_INDEX) relativa a ¿qué rutina semanal permite revisar errores, medir utilidad y retirar automatizaciones per...",SRC-0116,Fuente SRC-0116,Cuaderno canónico P14 (`09bdc613-0fa8-4564-863d-7c3b7904c886`),analisis_interno,Válido bajo contrato typesafe-sdk 0.7.0 y supuestos operacionales del Pilar P14.
AF-JEV-P15-001-01,JEV-P15-001,P15,"¿Qué información de los procesos y desarrollos actuales de QRT falta para seleccionar casos de uso, y qué puede proponerse solo como hipótesis?",Fundamentación técnica documentada en Introducing System One Models and Jev relativa a ¿qué información de los procesos y desarrollos actuales de qrt falta para seleccionar caso...,SRC-0001,Fuente SRC-0001,https://typesafe.ai/blog/introducing-system-one-models-and-jev,documentado_proveedor,Válido bajo contrato typesafe-sdk 0.7.0 y supuestos operacionales del Pilar P15.
AF-JEV-P15-001-02,JEV-P15-001,P15,"¿Qué información de los procesos y desarrollos actuales de QRT falta para seleccionar casos de uso, y qué puede proponerse solo como hipótesis?","Fundamentación técnica documentada en Parasuraman, Sheridan & Wickens (2000): A Model for Types and Levels of Human Interaction with Automation relativa a ¿qué información de los procesos y desarrollos actuales de qrt falta para seleccionar caso...",SRC-0045,Fuente SRC-0045,https://doi.org/10.1109/3468.844354,referencia_tecnica,Válido bajo contrato typesafe-sdk 0.7.0 y supuestos operacionales del Pilar P15.
AF-JEV-P15-001-03,JEV-P15-001,P15,"¿Qué información de los procesos y desarrollos actuales de QRT falta para seleccionar casos de uso, y qué puede proponerse solo como hipótesis?",Fundamentación técnica documentada en ColBERT: Efficient and Effective Passage Search via Contextualized Late Interaction (Khattab & Zaharia) relativa a ¿qué información de los procesos y desarrollos actuales de qrt falta para seleccionar caso...,SRC-0067,Fuente SRC-0067,https://arxiv.org/abs/2007.00808,referencia_tecnica,Válido bajo contrato typesafe-sdk 0.7.0 y supuestos operacionales del Pilar P15.
AF-JEV-P15-001-04,JEV-P15-001,P15,"¿Qué información de los procesos y desarrollos actuales de QRT falta para seleccionar casos de uso, y qué puede proponerse solo como hipótesis?","Fundamentación técnica documentada en Documentos Analíticos Canónicos P15 (P15_DEEP_DIVE, EVIDENCE_MAP, WORKFLOW_PLAYBOOK, EXPERIMENT_PROTOCOL, GAPS_AND_ACTIONS, SOURCE_INDEX) relativa a ¿qué información de los procesos y desarrollos actuales de qrt falta para seleccionar caso...",SRC-0117,Fuente SRC-0117,Cuaderno canónico P15 (`318f16ab-eadb-4404-a033-7488fb20d193`),analisis_interno,Válido bajo contrato typesafe-sdk 0.7.0 y supuestos operacionales del Pilar P15.
AF-JEV-P15-002-01,JEV-P15-002,P15,"¿Qué decisiones semánticas de investigación, datos y desarrollo podrían reducir trabajo sin modificar operaciones financieras o productivas?","Fundamentación técnica documentada en Introducing System One Models and Jev relativa a ¿qué decisiones semánticas de investigación, datos y desarrollo podrían reducir trabajo si...",SRC-0001,Fuente SRC-0001,https://typesafe.ai/blog/introducing-system-one-models-and-jev,documentado_proveedor,Válido bajo contrato typesafe-sdk 0.7.0 y supuestos operacionales del Pilar P15.
AF-JEV-P15-002-02,JEV-P15-002,P15,"¿Qué decisiones semánticas de investigación, datos y desarrollo podrían reducir trabajo sin modificar operaciones financieras o productivas?","Fundamentación técnica documentada en Parasuraman, Sheridan & Wickens (2000): A Model for Types and Levels of Human Interaction with Automation relativa a ¿qué decisiones semánticas de investigación, datos y desarrollo podrían reducir trabajo si...",SRC-0045,Fuente SRC-0045,https://doi.org/10.1109/3468.844354,referencia_tecnica,Válido bajo contrato typesafe-sdk 0.7.0 y supuestos operacionales del Pilar P15.
AF-JEV-P15-002-03,JEV-P15-002,P15,"¿Qué decisiones semánticas de investigación, datos y desarrollo podrían reducir trabajo sin modificar operaciones financieras o productivas?","Fundamentación técnica documentada en ColBERT: Efficient and Effective Passage Search via Contextualized Late Interaction (Khattab & Zaharia) relativa a ¿qué decisiones semánticas de investigación, datos y desarrollo podrían reducir trabajo si...",SRC-0067,Fuente SRC-0067,https://arxiv.org/abs/2007.00808,referencia_tecnica,Válido bajo contrato typesafe-sdk 0.7.0 y supuestos operacionales del Pilar P15.
AF-JEV-P15-002-04,JEV-P15-002,P15,"¿Qué decisiones semánticas de investigación, datos y desarrollo podrían reducir trabajo sin modificar operaciones financieras o productivas?","Fundamentación técnica documentada en Documentos Analíticos Canónicos P15 (P15_DEEP_DIVE, EVIDENCE_MAP, WORKFLOW_PLAYBOOK, EXPERIMENT_PROTOCOL, GAPS_AND_ACTIONS, SOURCE_INDEX) relativa a ¿qué decisiones semánticas de investigación, datos y desarrollo podrían reducir trabajo si...",SRC-0117,Fuente SRC-0117,Cuaderno canónico P15 (`318f16ab-eadb-4404-a033-7488fb20d193`),analisis_interno,Válido bajo contrato typesafe-sdk 0.7.0 y supuestos operacionales del Pilar P15.
AF-JEV-P15-003-01,JEV-P15-003,P15,¿Qué tres pilotos de apoyo a QRT permiten demostrar utilidad con documentos públicos y datos sintéticos antes de una integración real?,Fundamentación técnica documentada en Introducing System One Models and Jev relativa a ¿qué tres pilotos de apoyo a qrt permiten demostrar utilidad con documentos públicos y dat...,SRC-0001,Fuente SRC-0001,https://typesafe.ai/blog/introducing-system-one-models-and-jev,documentado_proveedor,Válido bajo contrato typesafe-sdk 0.7.0 y supuestos operacionales del Pilar P15.
AF-JEV-P15-003-02,JEV-P15-003,P15,¿Qué tres pilotos de apoyo a QRT permiten demostrar utilidad con documentos públicos y datos sintéticos antes de una integración real?,"Fundamentación técnica documentada en Parasuraman, Sheridan & Wickens (2000): A Model for Types and Levels of Human Interaction with Automation relativa a ¿qué tres pilotos de apoyo a qrt permiten demostrar utilidad con documentos públicos y dat...",SRC-0045,Fuente SRC-0045,https://doi.org/10.1109/3468.844354,referencia_tecnica,Válido bajo contrato typesafe-sdk 0.7.0 y supuestos operacionales del Pilar P15.
AF-JEV-P15-003-03,JEV-P15-003,P15,¿Qué tres pilotos de apoyo a QRT permiten demostrar utilidad con documentos públicos y datos sintéticos antes de una integración real?,Fundamentación técnica documentada en ColBERT: Efficient and Effective Passage Search via Contextualized Late Interaction (Khattab & Zaharia) relativa a ¿qué tres pilotos de apoyo a qrt permiten demostrar utilidad con documentos públicos y dat...,SRC-0067,Fuente SRC-0067,https://arxiv.org/abs/2007.00808,referencia_tecnica,Válido bajo contrato typesafe-sdk 0.7.0 y supuestos operacionales del Pilar P15.
AF-JEV-P15-003-04,JEV-P15-003,P15,¿Qué tres pilotos de apoyo a QRT permiten demostrar utilidad con documentos públicos y datos sintéticos antes de una integración real?,"Fundamentación técnica documentada en Documentos Analíticos Canónicos P15 (P15_DEEP_DIVE, EVIDENCE_MAP, WORKFLOW_PLAYBOOK, EXPERIMENT_PROTOCOL, GAPS_AND_ACTIONS, SOURCE_INDEX) relativa a ¿qué tres pilotos de apoyo a qrt permiten demostrar utilidad con documentos públicos y dat...",SRC-0117,Fuente SRC-0117,Cuaderno canónico P15 (`318f16ab-eadb-4404-a033-7488fb20d193`),analisis_interno,Válido bajo contrato typesafe-sdk 0.7.0 y supuestos operacionales del Pilar P15.
AF-JEV-P15-004-01,JEV-P15-004,P15,¿Cómo separar una mejora de clasificación documental de evidencia de capacidad predictiva o rentabilidad de una estrategia?,Fundamentación técnica documentada en Introducing System One Models and Jev relativa a ¿cómo separar una mejora de clasificación documental de evidencia de capacidad predictiva ...,SRC-0001,Fuente SRC-0001,https://typesafe.ai/blog/introducing-system-one-models-and-jev,documentado_proveedor,Válido bajo contrato typesafe-sdk 0.7.0 y supuestos operacionales del Pilar P15.
AF-JEV-P15-004-02,JEV-P15-004,P15,¿Cómo separar una mejora de clasificación documental de evidencia de capacidad predictiva o rentabilidad de una estrategia?,"Fundamentación técnica documentada en Parasuraman, Sheridan & Wickens (2000): A Model for Types and Levels of Human Interaction with Automation relativa a ¿cómo separar una mejora de clasificación documental de evidencia de capacidad predictiva ...",SRC-0045,Fuente SRC-0045,https://doi.org/10.1109/3468.844354,referencia_tecnica,Válido bajo contrato typesafe-sdk 0.7.0 y supuestos operacionales del Pilar P15.
AF-JEV-P15-004-03,JEV-P15-004,P15,¿Cómo separar una mejora de clasificación documental de evidencia de capacidad predictiva o rentabilidad de una estrategia?,Fundamentación técnica documentada en ColBERT: Efficient and Effective Passage Search via Contextualized Late Interaction (Khattab & Zaharia) relativa a ¿cómo separar una mejora de clasificación documental de evidencia de capacidad predictiva ...,SRC-0067,Fuente SRC-0067,https://arxiv.org/abs/2007.00808,referencia_tecnica,Válido bajo contrato typesafe-sdk 0.7.0 y supuestos operacionales del Pilar P15.
AF-JEV-P15-004-04,JEV-P15-004,P15,¿Cómo separar una mejora de clasificación documental de evidencia de capacidad predictiva o rentabilidad de una estrategia?,"Fundamentación técnica documentada en Documentos Analíticos Canónicos P15 (P15_DEEP_DIVE, EVIDENCE_MAP, WORKFLOW_PLAYBOOK, EXPERIMENT_PROTOCOL, GAPS_AND_ACTIONS, SOURCE_INDEX) relativa a ¿cómo separar una mejora de clasificación documental de evidencia de capacidad predictiva ...",SRC-0117,Fuente SRC-0117,Cuaderno canónico P15 (`318f16ab-eadb-4404-a033-7488fb20d193`),analisis_interno,Válido bajo contrato typesafe-sdk 0.7.0 y supuestos operacionales del Pilar P15.
AF-JEV-P15-005-01,JEV-P15-005,P15,¿Cómo preservar el momento real de disponibilidad de noticias y documentos para evitar información futura en evaluaciones históricas?,Fundamentación técnica documentada en Introducing System One Models and Jev relativa a ¿cómo preservar el momento real de disponibilidad de noticias y documentos para evitar inf...,SRC-0001,Fuente SRC-0001,https://typesafe.ai/blog/introducing-system-one-models-and-jev,documentado_proveedor,Válido bajo contrato typesafe-sdk 0.7.0 y supuestos operacionales del Pilar P15.
AF-JEV-P15-005-02,JEV-P15-005,P15,¿Cómo preservar el momento real de disponibilidad de noticias y documentos para evitar información futura en evaluaciones históricas?,"Fundamentación técnica documentada en Parasuraman, Sheridan & Wickens (2000): A Model for Types and Levels of Human Interaction with Automation relativa a ¿cómo preservar el momento real de disponibilidad de noticias y documentos para evitar inf...",SRC-0045,Fuente SRC-0045,https://doi.org/10.1109/3468.844354,referencia_tecnica,Válido bajo contrato typesafe-sdk 0.7.0 y supuestos operacionales del Pilar P15.
AF-JEV-P15-005-03,JEV-P15-005,P15,¿Cómo preservar el momento real de disponibilidad de noticias y documentos para evitar información futura en evaluaciones históricas?,Fundamentación técnica documentada en ColBERT: Efficient and Effective Passage Search via Contextualized Late Interaction (Khattab & Zaharia) relativa a ¿cómo preservar el momento real de disponibilidad de noticias y documentos para evitar inf...,SRC-0067,Fuente SRC-0067,https://arxiv.org/abs/2007.00808,referencia_tecnica,Válido bajo contrato typesafe-sdk 0.7.0 y supuestos operacionales del Pilar P15.
AF-JEV-P15-005-04,JEV-P15-005,P15,¿Cómo preservar el momento real de disponibilidad de noticias y documentos para evitar información futura en evaluaciones históricas?,"Fundamentación técnica documentada en Documentos Analíticos Canónicos P15 (P15_DEEP_DIVE, EVIDENCE_MAP, WORKFLOW_PLAYBOOK, EXPERIMENT_PROTOCOL, GAPS_AND_ACTIONS, SOURCE_INDEX) relativa a ¿cómo preservar el momento real de disponibilidad de noticias y documentos para evitar inf...",SRC-0117,Fuente SRC-0117,Cuaderno canónico P15 (`318f16ab-eadb-4404-a033-7488fb20d193`),analisis_interno,Válido bajo contrato typesafe-sdk 0.7.0 y supuestos operacionales del Pilar P15.
AF-JEV-P15-006-01,JEV-P15-006,P15,"¿Cómo clasificar noticias por evento, entidad, horizonte y relevancia sin convertir automáticamente sentimiento textual en una señal de inversión?","Fundamentación técnica documentada en Introducing System One Models and Jev relativa a ¿cómo clasificar noticias por evento, entidad, horizonte y relevancia sin convertir automá...",SRC-0001,Fuente SRC-0001,https://typesafe.ai/blog/introducing-system-one-models-and-jev,documentado_proveedor,Válido bajo contrato typesafe-sdk 0.7.0 y supuestos operacionales del Pilar P15.
AF-JEV-P15-006-02,JEV-P15-006,P15,"¿Cómo clasificar noticias por evento, entidad, horizonte y relevancia sin convertir automáticamente sentimiento textual en una señal de inversión?","Fundamentación técnica documentada en Parasuraman, Sheridan & Wickens (2000): A Model for Types and Levels of Human Interaction with Automation relativa a ¿cómo clasificar noticias por evento, entidad, horizonte y relevancia sin convertir automá...",SRC-0045,Fuente SRC-0045,https://doi.org/10.1109/3468.844354,referencia_tecnica,Válido bajo contrato typesafe-sdk 0.7.0 y supuestos operacionales del Pilar P15.
AF-JEV-P15-006-03,JEV-P15-006,P15,"¿Cómo clasificar noticias por evento, entidad, horizonte y relevancia sin convertir automáticamente sentimiento textual en una señal de inversión?","Fundamentación técnica documentada en ColBERT: Efficient and Effective Passage Search via Contextualized Late Interaction (Khattab & Zaharia) relativa a ¿cómo clasificar noticias por evento, entidad, horizonte y relevancia sin convertir automá...",SRC-0067,Fuente SRC-0067,https://arxiv.org/abs/2007.00808,referencia_tecnica,Válido bajo contrato typesafe-sdk 0.7.0 y supuestos operacionales del Pilar P15.
AF-JEV-P15-006-04,JEV-P15-006,P15,"¿Cómo clasificar noticias por evento, entidad, horizonte y relevancia sin convertir automáticamente sentimiento textual en una señal de inversión?","Fundamentación técnica documentada en Documentos Analíticos Canónicos P15 (P15_DEEP_DIVE, EVIDENCE_MAP, WORKFLOW_PLAYBOOK, EXPERIMENT_PROTOCOL, GAPS_AND_ACTIONS, SOURCE_INDEX) relativa a ¿cómo clasificar noticias por evento, entidad, horizonte y relevancia sin convertir automá...",SRC-0117,Fuente SRC-0117,Cuaderno canónico P15 (`318f16ab-eadb-4404-a033-7488fb20d193`),analisis_interno,Válido bajo contrato typesafe-sdk 0.7.0 y supuestos operacionales del Pilar P15.
AF-JEV-P15-007-01,JEV-P15-007,P15,"¿Cómo evaluar deduplicación de noticias sindicadas manteniendo hora de primera publicación, actualizaciones y fuentes originales?",Fundamentación técnica documentada en Introducing System One Models and Jev relativa a ¿cómo evaluar deduplicación de noticias sindicadas manteniendo hora de primera publicación...,SRC-0001,Fuente SRC-0001,https://typesafe.ai/blog/introducing-system-one-models-and-jev,documentado_proveedor,Válido bajo contrato typesafe-sdk 0.7.0 y supuestos operacionales del Pilar P15.
AF-JEV-P15-007-02,JEV-P15-007,P15,"¿Cómo evaluar deduplicación de noticias sindicadas manteniendo hora de primera publicación, actualizaciones y fuentes originales?","Fundamentación técnica documentada en Parasuraman, Sheridan & Wickens (2000): A Model for Types and Levels of Human Interaction with Automation relativa a ¿cómo evaluar deduplicación de noticias sindicadas manteniendo hora de primera publicación...",SRC-0045,Fuente SRC-0045,https://doi.org/10.1109/3468.844354,referencia_tecnica,Válido bajo contrato typesafe-sdk 0.7.0 y supuestos operacionales del Pilar P15.
AF-JEV-P15-007-03,JEV-P15-007,P15,"¿Cómo evaluar deduplicación de noticias sindicadas manteniendo hora de primera publicación, actualizaciones y fuentes originales?",Fundamentación técnica documentada en ColBERT: Efficient and Effective Passage Search via Contextualized Late Interaction (Khattab & Zaharia) relativa a ¿cómo evaluar deduplicación de noticias sindicadas manteniendo hora de primera publicación...,SRC-0067,Fuente SRC-0067,https://arxiv.org/abs/2007.00808,referencia_tecnica,Válido bajo contrato typesafe-sdk 0.7.0 y supuestos operacionales del Pilar P15.
AF-JEV-P15-007-04,JEV-P15-007,P15,"¿Cómo evaluar deduplicación de noticias sindicadas manteniendo hora de primera publicación, actualizaciones y fuentes originales?","Fundamentación técnica documentada en Documentos Analíticos Canónicos P15 (P15_DEEP_DIVE, EVIDENCE_MAP, WORKFLOW_PLAYBOOK, EXPERIMENT_PROTOCOL, GAPS_AND_ACTIONS, SOURCE_INDEX) relativa a ¿cómo evaluar deduplicación de noticias sindicadas manteniendo hora de primera publicación...",SRC-0117,Fuente SRC-0117,Cuaderno canónico P15 (`318f16ab-eadb-4404-a033-7488fb20d193`),analisis_interno,Válido bajo contrato typesafe-sdk 0.7.0 y supuestos operacionales del Pilar P15.
AF-JEV-P15-008-01,JEV-P15-008,P15,"¿Cómo priorizar literatura cuantitativa según pertinencia, metodología y reproducibilidad sin premiar resultados llamativos o sobreajustados?","Fundamentación técnica documentada en Introducing System One Models and Jev relativa a ¿cómo priorizar literatura cuantitativa según pertinencia, metodología y reproducibilidad ...",SRC-0001,Fuente SRC-0001,https://typesafe.ai/blog/introducing-system-one-models-and-jev,documentado_proveedor,Válido bajo contrato typesafe-sdk 0.7.0 y supuestos operacionales del Pilar P15.
AF-JEV-P15-008-02,JEV-P15-008,P15,"¿Cómo priorizar literatura cuantitativa según pertinencia, metodología y reproducibilidad sin premiar resultados llamativos o sobreajustados?","Fundamentación técnica documentada en Parasuraman, Sheridan & Wickens (2000): A Model for Types and Levels of Human Interaction with Automation relativa a ¿cómo priorizar literatura cuantitativa según pertinencia, metodología y reproducibilidad ...",SRC-0045,Fuente SRC-0045,https://doi.org/10.1109/3468.844354,referencia_tecnica,Válido bajo contrato typesafe-sdk 0.7.0 y supuestos operacionales del Pilar P15.
AF-JEV-P15-008-03,JEV-P15-008,P15,"¿Cómo priorizar literatura cuantitativa según pertinencia, metodología y reproducibilidad sin premiar resultados llamativos o sobreajustados?","Fundamentación técnica documentada en ColBERT: Efficient and Effective Passage Search via Contextualized Late Interaction (Khattab & Zaharia) relativa a ¿cómo priorizar literatura cuantitativa según pertinencia, metodología y reproducibilidad ...",SRC-0067,Fuente SRC-0067,https://arxiv.org/abs/2007.00808,referencia_tecnica,Válido bajo contrato typesafe-sdk 0.7.0 y supuestos operacionales del Pilar P15.
AF-JEV-P15-008-04,JEV-P15-008,P15,"¿Cómo priorizar literatura cuantitativa según pertinencia, metodología y reproducibilidad sin premiar resultados llamativos o sobreajustados?","Fundamentación técnica documentada en Documentos Analíticos Canónicos P15 (P15_DEEP_DIVE, EVIDENCE_MAP, WORKFLOW_PLAYBOOK, EXPERIMENT_PROTOCOL, GAPS_AND_ACTIONS, SOURCE_INDEX) relativa a ¿cómo priorizar literatura cuantitativa según pertinencia, metodología y reproducibilidad ...",SRC-0117,Fuente SRC-0117,Cuaderno canónico P15 (`318f16ab-eadb-4404-a033-7488fb20d193`),analisis_interno,Válido bajo contrato typesafe-sdk 0.7.0 y supuestos operacionales del Pilar P15.
AF-JEV-P15-009-01,JEV-P15-009,P15,¿Cómo detectar afirmaciones sin soporte en un reporte de investigación manteniendo cálculos estadísticos y financieros en herramientas deterministas?,Fundamentación técnica documentada en Introducing System One Models and Jev relativa a ¿cómo detectar afirmaciones sin soporte en un reporte de investigación manteniendo cálculo...,SRC-0001,Fuente SRC-0001,https://typesafe.ai/blog/introducing-system-one-models-and-jev,documentado_proveedor,Válido bajo contrato typesafe-sdk 0.7.0 y supuestos operacionales del Pilar P15.
AF-JEV-P15-009-02,JEV-P15-009,P15,¿Cómo detectar afirmaciones sin soporte en un reporte de investigación manteniendo cálculos estadísticos y financieros en herramientas deterministas?,"Fundamentación técnica documentada en Parasuraman, Sheridan & Wickens (2000): A Model for Types and Levels of Human Interaction with Automation relativa a ¿cómo detectar afirmaciones sin soporte en un reporte de investigación manteniendo cálculo...",SRC-0045,Fuente SRC-0045,https://doi.org/10.1109/3468.844354,referencia_tecnica,Válido bajo contrato typesafe-sdk 0.7.0 y supuestos operacionales del Pilar P15.
AF-JEV-P15-009-03,JEV-P15-009,P15,¿Cómo detectar afirmaciones sin soporte en un reporte de investigación manteniendo cálculos estadísticos y financieros en herramientas deterministas?,Fundamentación técnica documentada en ColBERT: Efficient and Effective Passage Search via Contextualized Late Interaction (Khattab & Zaharia) relativa a ¿cómo detectar afirmaciones sin soporte en un reporte de investigación manteniendo cálculo...,SRC-0067,Fuente SRC-0067,https://arxiv.org/abs/2007.00808,referencia_tecnica,Válido bajo contrato typesafe-sdk 0.7.0 y supuestos operacionales del Pilar P15.
AF-JEV-P15-009-04,JEV-P15-009,P15,¿Cómo detectar afirmaciones sin soporte en un reporte de investigación manteniendo cálculos estadísticos y financieros en herramientas deterministas?,"Fundamentación técnica documentada en Documentos Analíticos Canónicos P15 (P15_DEEP_DIVE, EVIDENCE_MAP, WORKFLOW_PLAYBOOK, EXPERIMENT_PROTOCOL, GAPS_AND_ACTIONS, SOURCE_INDEX) relativa a ¿cómo detectar afirmaciones sin soporte en un reporte de investigación manteniendo cálculo...",SRC-0117,Fuente SRC-0117,Cuaderno canónico P15 (`318f16ab-eadb-4404-a033-7488fb20d193`),analisis_interno,Válido bajo contrato typesafe-sdk 0.7.0 y supuestos operacionales del Pilar P15.
AF-JEV-P15-010-01,JEV-P15-010,P15,¿Qué decisiones sobre calidad de datos necesitan reglas exactas y cuáles podrían beneficiarse de interpretación semántica de descripciones o incidencias?,Fundamentación técnica documentada en Introducing System One Models and Jev relativa a ¿qué decisiones sobre calidad de datos necesitan reglas exactas y cuáles podrían beneficia...,SRC-0001,Fuente SRC-0001,https://typesafe.ai/blog/introducing-system-one-models-and-jev,documentado_proveedor,Válido bajo contrato typesafe-sdk 0.7.0 y supuestos operacionales del Pilar P15.
AF-JEV-P15-010-02,JEV-P15-010,P15,¿Qué decisiones sobre calidad de datos necesitan reglas exactas y cuáles podrían beneficiarse de interpretación semántica de descripciones o incidencias?,"Fundamentación técnica documentada en Parasuraman, Sheridan & Wickens (2000): A Model for Types and Levels of Human Interaction with Automation relativa a ¿qué decisiones sobre calidad de datos necesitan reglas exactas y cuáles podrían beneficia...",SRC-0045,Fuente SRC-0045,https://doi.org/10.1109/3468.844354,referencia_tecnica,Válido bajo contrato typesafe-sdk 0.7.0 y supuestos operacionales del Pilar P15.
AF-JEV-P15-010-03,JEV-P15-010,P15,¿Qué decisiones sobre calidad de datos necesitan reglas exactas y cuáles podrían beneficiarse de interpretación semántica de descripciones o incidencias?,Fundamentación técnica documentada en ColBERT: Efficient and Effective Passage Search via Contextualized Late Interaction (Khattab & Zaharia) relativa a ¿qué decisiones sobre calidad de datos necesitan reglas exactas y cuáles podrían beneficia...,SRC-0067,Fuente SRC-0067,https://arxiv.org/abs/2007.00808,referencia_tecnica,Válido bajo contrato typesafe-sdk 0.7.0 y supuestos operacionales del Pilar P15.
AF-JEV-P15-010-04,JEV-P15-010,P15,¿Qué decisiones sobre calidad de datos necesitan reglas exactas y cuáles podrían beneficiarse de interpretación semántica de descripciones o incidencias?,"Fundamentación técnica documentada en Documentos Analíticos Canónicos P15 (P15_DEEP_DIVE, EVIDENCE_MAP, WORKFLOW_PLAYBOOK, EXPERIMENT_PROTOCOL, GAPS_AND_ACTIONS, SOURCE_INDEX) relativa a ¿qué decisiones sobre calidad de datos necesitan reglas exactas y cuáles podrían beneficia...",SRC-0117,Fuente SRC-0117,Cuaderno canónico P15 (`318f16ab-eadb-4404-a033-7488fb20d193`),analisis_interno,Válido bajo contrato typesafe-sdk 0.7.0 y supuestos operacionales del Pilar P15.
AF-JEV-P15-011-01,JEV-P15-011,P15,"¿Cómo convertir documentos metodológicos en fichas de hipótesis, supuestos, condiciones de invalidez y pruebas pendientes verificables?","Fundamentación técnica documentada en Introducing System One Models and Jev relativa a ¿cómo convertir documentos metodológicos en fichas de hipótesis, supuestos, condiciones de...",SRC-0001,Fuente SRC-0001,https://typesafe.ai/blog/introducing-system-one-models-and-jev,documentado_proveedor,Válido bajo contrato typesafe-sdk 0.7.0 y supuestos operacionales del Pilar P15.
AF-JEV-P15-011-02,JEV-P15-011,P15,"¿Cómo convertir documentos metodológicos en fichas de hipótesis, supuestos, condiciones de invalidez y pruebas pendientes verificables?","Fundamentación técnica documentada en Parasuraman, Sheridan & Wickens (2000): A Model for Types and Levels of Human Interaction with Automation relativa a ¿cómo convertir documentos metodológicos en fichas de hipótesis, supuestos, condiciones de...",SRC-0045,Fuente SRC-0045,https://doi.org/10.1109/3468.844354,referencia_tecnica,Válido bajo contrato typesafe-sdk 0.7.0 y supuestos operacionales del Pilar P15.
AF-JEV-P15-011-03,JEV-P15-011,P15,"¿Cómo convertir documentos metodológicos en fichas de hipótesis, supuestos, condiciones de invalidez y pruebas pendientes verificables?","Fundamentación técnica documentada en ColBERT: Efficient and Effective Passage Search via Contextualized Late Interaction (Khattab & Zaharia) relativa a ¿cómo convertir documentos metodológicos en fichas de hipótesis, supuestos, condiciones de...",SRC-0067,Fuente SRC-0067,https://arxiv.org/abs/2007.00808,referencia_tecnica,Válido bajo contrato typesafe-sdk 0.7.0 y supuestos operacionales del Pilar P15.
AF-JEV-P15-011-04,JEV-P15-011,P15,"¿Cómo convertir documentos metodológicos en fichas de hipótesis, supuestos, condiciones de invalidez y pruebas pendientes verificables?","Fundamentación técnica documentada en Documentos Analíticos Canónicos P15 (P15_DEEP_DIVE, EVIDENCE_MAP, WORKFLOW_PLAYBOOK, EXPERIMENT_PROTOCOL, GAPS_AND_ACTIONS, SOURCE_INDEX) relativa a ¿cómo convertir documentos metodológicos en fichas de hipótesis, supuestos, condiciones de...",SRC-0117,Fuente SRC-0117,Cuaderno canónico P15 (`318f16ab-eadb-4404-a033-7488fb20d193`),analisis_interno,Válido bajo contrato typesafe-sdk 0.7.0 y supuestos operacionales del Pilar P15.
AF-JEV-P15-012-01,JEV-P15-012,P15,¿Cómo clasificar incidencias técnicas por componente y evidencia disponible sin inventar causas raíz a partir de síntomas ambiguos?,Fundamentación técnica documentada en Introducing System One Models and Jev relativa a ¿cómo clasificar incidencias técnicas por componente y evidencia disponible sin inventar c...,SRC-0001,Fuente SRC-0001,https://typesafe.ai/blog/introducing-system-one-models-and-jev,documentado_proveedor,Válido bajo contrato typesafe-sdk 0.7.0 y supuestos operacionales del Pilar P15.
AF-JEV-P15-012-02,JEV-P15-012,P15,¿Cómo clasificar incidencias técnicas por componente y evidencia disponible sin inventar causas raíz a partir de síntomas ambiguos?,"Fundamentación técnica documentada en Parasuraman, Sheridan & Wickens (2000): A Model for Types and Levels of Human Interaction with Automation relativa a ¿cómo clasificar incidencias técnicas por componente y evidencia disponible sin inventar c...",SRC-0045,Fuente SRC-0045,https://doi.org/10.1109/3468.844354,referencia_tecnica,Válido bajo contrato typesafe-sdk 0.7.0 y supuestos operacionales del Pilar P15.
AF-JEV-P15-012-03,JEV-P15-012,P15,¿Cómo clasificar incidencias técnicas por componente y evidencia disponible sin inventar causas raíz a partir de síntomas ambiguos?,Fundamentación técnica documentada en ColBERT: Efficient and Effective Passage Search via Contextualized Late Interaction (Khattab & Zaharia) relativa a ¿cómo clasificar incidencias técnicas por componente y evidencia disponible sin inventar c...,SRC-0067,Fuente SRC-0067,https://arxiv.org/abs/2007.00808,referencia_tecnica,Válido bajo contrato typesafe-sdk 0.7.0 y supuestos operacionales del Pilar P15.
AF-JEV-P15-012-04,JEV-P15-012,P15,¿Cómo clasificar incidencias técnicas por componente y evidencia disponible sin inventar causas raíz a partir de síntomas ambiguos?,"Fundamentación técnica documentada en Documentos Analíticos Canónicos P15 (P15_DEEP_DIVE, EVIDENCE_MAP, WORKFLOW_PLAYBOOK, EXPERIMENT_PROTOCOL, GAPS_AND_ACTIONS, SOURCE_INDEX) relativa a ¿cómo clasificar incidencias técnicas por componente y evidencia disponible sin inventar c...",SRC-0117,Fuente SRC-0117,Cuaderno canónico P15 (`318f16ab-eadb-4404-a033-7488fb20d193`),analisis_interno,Válido bajo contrato typesafe-sdk 0.7.0 y supuestos operacionales del Pilar P15.
AF-JEV-P15-013-01,JEV-P15-013,P15,¿Qué uso podría tener Jev en revisión de requisitos o cambios de software y qué validaciones estáticas y pruebas seguirían siendo necesarias?,Fundamentación técnica documentada en Introducing System One Models and Jev relativa a ¿qué uso podría tener jev en revisión de requisitos o cambios de software y qué validacion...,SRC-0001,Fuente SRC-0001,https://typesafe.ai/blog/introducing-system-one-models-and-jev,documentado_proveedor,Válido bajo contrato typesafe-sdk 0.7.0 y supuestos operacionales del Pilar P15.
AF-JEV-P15-013-02,JEV-P15-013,P15,¿Qué uso podría tener Jev en revisión de requisitos o cambios de software y qué validaciones estáticas y pruebas seguirían siendo necesarias?,"Fundamentación técnica documentada en Parasuraman, Sheridan & Wickens (2000): A Model for Types and Levels of Human Interaction with Automation relativa a ¿qué uso podría tener jev en revisión de requisitos o cambios de software y qué validacion...",SRC-0045,Fuente SRC-0045,https://doi.org/10.1109/3468.844354,referencia_tecnica,Válido bajo contrato typesafe-sdk 0.7.0 y supuestos operacionales del Pilar P15.
AF-JEV-P15-013-03,JEV-P15-013,P15,¿Qué uso podría tener Jev en revisión de requisitos o cambios de software y qué validaciones estáticas y pruebas seguirían siendo necesarias?,Fundamentación técnica documentada en ColBERT: Efficient and Effective Passage Search via Contextualized Late Interaction (Khattab & Zaharia) relativa a ¿qué uso podría tener jev en revisión de requisitos o cambios de software y qué validacion...,SRC-0067,Fuente SRC-0067,https://arxiv.org/abs/2007.00808,referencia_tecnica,Válido bajo contrato typesafe-sdk 0.7.0 y supuestos operacionales del Pilar P15.
AF-JEV-P15-013-04,JEV-P15-013,P15,¿Qué uso podría tener Jev en revisión de requisitos o cambios de software y qué validaciones estáticas y pruebas seguirían siendo necesarias?,"Fundamentación técnica documentada en Documentos Analíticos Canónicos P15 (P15_DEEP_DIVE, EVIDENCE_MAP, WORKFLOW_PLAYBOOK, EXPERIMENT_PROTOCOL, GAPS_AND_ACTIONS, SOURCE_INDEX) relativa a ¿qué uso podría tener jev en revisión de requisitos o cambios de software y qué validacion...",SRC-0117,Fuente SRC-0117,Cuaderno canónico P15 (`318f16ab-eadb-4404-a033-7488fb20d193`),analisis_interno,Válido bajo contrato typesafe-sdk 0.7.0 y supuestos operacionales del Pilar P15.
AF-JEV-P15-014-01,JEV-P15-014,P15,"¿Cómo evaluar señales textuales experimentales con particiones temporales, control de selección y límites explícitos de interpretación causal?","Fundamentación técnica documentada en Introducing System One Models and Jev relativa a ¿cómo evaluar señales textuales experimentales con particiones temporales, control de sele...",SRC-0001,Fuente SRC-0001,https://typesafe.ai/blog/introducing-system-one-models-and-jev,documentado_proveedor,Válido bajo contrato typesafe-sdk 0.7.0 y supuestos operacionales del Pilar P15.
AF-JEV-P15-014-02,JEV-P15-014,P15,"¿Cómo evaluar señales textuales experimentales con particiones temporales, control de selección y límites explícitos de interpretación causal?","Fundamentación técnica documentada en Parasuraman, Sheridan & Wickens (2000): A Model for Types and Levels of Human Interaction with Automation relativa a ¿cómo evaluar señales textuales experimentales con particiones temporales, control de sele...",SRC-0045,Fuente SRC-0045,https://doi.org/10.1109/3468.844354,referencia_tecnica,Válido bajo contrato typesafe-sdk 0.7.0 y supuestos operacionales del Pilar P15.
AF-JEV-P15-014-03,JEV-P15-014,P15,"¿Cómo evaluar señales textuales experimentales con particiones temporales, control de selección y límites explícitos de interpretación causal?","Fundamentación técnica documentada en ColBERT: Efficient and Effective Passage Search via Contextualized Late Interaction (Khattab & Zaharia) relativa a ¿cómo evaluar señales textuales experimentales con particiones temporales, control de sele...",SRC-0067,Fuente SRC-0067,https://arxiv.org/abs/2007.00808,referencia_tecnica,Válido bajo contrato typesafe-sdk 0.7.0 y supuestos operacionales del Pilar P15.
AF-JEV-P15-014-04,JEV-P15-014,P15,"¿Cómo evaluar señales textuales experimentales con particiones temporales, control de selección y límites explícitos de interpretación causal?","Fundamentación técnica documentada en Documentos Analíticos Canónicos P15 (P15_DEEP_DIVE, EVIDENCE_MAP, WORKFLOW_PLAYBOOK, EXPERIMENT_PROTOCOL, GAPS_AND_ACTIONS, SOURCE_INDEX) relativa a ¿cómo evaluar señales textuales experimentales con particiones temporales, control de sele...",SRC-0117,Fuente SRC-0117,Cuaderno canónico P15 (`318f16ab-eadb-4404-a033-7488fb20d193`),analisis_interno,Válido bajo contrato typesafe-sdk 0.7.0 y supuestos operacionales del Pilar P15.
AF-JEV-P15-015-01,JEV-P15-015,P15,"¿Cómo prevenir fuga de información por revisiones posteriores de documentos, etiquetas, resúmenes o metadatos en un estudio histórico?","Fundamentación técnica documentada en Introducing System One Models and Jev relativa a ¿cómo prevenir fuga de información por revisiones posteriores de documentos, etiquetas, re...",SRC-0001,Fuente SRC-0001,https://typesafe.ai/blog/introducing-system-one-models-and-jev,documentado_proveedor,Válido bajo contrato typesafe-sdk 0.7.0 y supuestos operacionales del Pilar P15.
AF-JEV-P15-015-02,JEV-P15-015,P15,"¿Cómo prevenir fuga de información por revisiones posteriores de documentos, etiquetas, resúmenes o metadatos en un estudio histórico?","Fundamentación técnica documentada en Parasuraman, Sheridan & Wickens (2000): A Model for Types and Levels of Human Interaction with Automation relativa a ¿cómo prevenir fuga de información por revisiones posteriores de documentos, etiquetas, re...",SRC-0045,Fuente SRC-0045,https://doi.org/10.1109/3468.844354,referencia_tecnica,Válido bajo contrato typesafe-sdk 0.7.0 y supuestos operacionales del Pilar P15.
AF-JEV-P15-015-03,JEV-P15-015,P15,"¿Cómo prevenir fuga de información por revisiones posteriores de documentos, etiquetas, resúmenes o metadatos en un estudio histórico?","Fundamentación técnica documentada en ColBERT: Efficient and Effective Passage Search via Contextualized Late Interaction (Khattab & Zaharia) relativa a ¿cómo prevenir fuga de información por revisiones posteriores de documentos, etiquetas, re...",SRC-0067,Fuente SRC-0067,https://arxiv.org/abs/2007.00808,referencia_tecnica,Válido bajo contrato typesafe-sdk 0.7.0 y supuestos operacionales del Pilar P15.
AF-JEV-P15-015-04,JEV-P15-015,P15,"¿Cómo prevenir fuga de información por revisiones posteriores de documentos, etiquetas, resúmenes o metadatos en un estudio histórico?","Fundamentación técnica documentada en Documentos Analíticos Canónicos P15 (P15_DEEP_DIVE, EVIDENCE_MAP, WORKFLOW_PLAYBOOK, EXPERIMENT_PROTOCOL, GAPS_AND_ACTIONS, SOURCE_INDEX) relativa a ¿cómo prevenir fuga de información por revisiones posteriores de documentos, etiquetas, re...",SRC-0117,Fuente SRC-0117,Cuaderno canónico P15 (`318f16ab-eadb-4404-a033-7488fb20d193`),analisis_interno,Válido bajo contrato typesafe-sdk 0.7.0 y supuestos operacionales del Pilar P15.
AF-JEV-P15-016-01,JEV-P15-016,P15,¿Qué protocolo evita ajustar reiteradamente formulaciones al mismo período fuera de muestra hasta obtener un resultado favorable?,Fundamentación técnica documentada en Introducing System One Models and Jev relativa a ¿qué protocolo evita ajustar reiteradamente formulaciones al mismo período fuera de muestr...,SRC-0001,Fuente SRC-0001,https://typesafe.ai/blog/introducing-system-one-models-and-jev,documentado_proveedor,Válido bajo contrato typesafe-sdk 0.7.0 y supuestos operacionales del Pilar P15.
AF-JEV-P15-016-02,JEV-P15-016,P15,¿Qué protocolo evita ajustar reiteradamente formulaciones al mismo período fuera de muestra hasta obtener un resultado favorable?,"Fundamentación técnica documentada en Parasuraman, Sheridan & Wickens (2000): A Model for Types and Levels of Human Interaction with Automation relativa a ¿qué protocolo evita ajustar reiteradamente formulaciones al mismo período fuera de muestr...",SRC-0045,Fuente SRC-0045,https://doi.org/10.1109/3468.844354,referencia_tecnica,Válido bajo contrato typesafe-sdk 0.7.0 y supuestos operacionales del Pilar P15.
AF-JEV-P15-016-03,JEV-P15-016,P15,¿Qué protocolo evita ajustar reiteradamente formulaciones al mismo período fuera de muestra hasta obtener un resultado favorable?,Fundamentación técnica documentada en ColBERT: Efficient and Effective Passage Search via Contextualized Late Interaction (Khattab & Zaharia) relativa a ¿qué protocolo evita ajustar reiteradamente formulaciones al mismo período fuera de muestr...,SRC-0067,Fuente SRC-0067,https://arxiv.org/abs/2007.00808,referencia_tecnica,Válido bajo contrato typesafe-sdk 0.7.0 y supuestos operacionales del Pilar P15.
AF-JEV-P15-016-04,JEV-P15-016,P15,¿Qué protocolo evita ajustar reiteradamente formulaciones al mismo período fuera de muestra hasta obtener un resultado favorable?,"Fundamentación técnica documentada en Documentos Analíticos Canónicos P15 (P15_DEEP_DIVE, EVIDENCE_MAP, WORKFLOW_PLAYBOOK, EXPERIMENT_PROTOCOL, GAPS_AND_ACTIONS, SOURCE_INDEX) relativa a ¿qué protocolo evita ajustar reiteradamente formulaciones al mismo período fuera de muestr...",SRC-0117,Fuente SRC-0117,Cuaderno canónico P15 (`318f16ab-eadb-4404-a033-7488fb20d193`),analisis_interno,Válido bajo contrato typesafe-sdk 0.7.0 y supuestos operacionales del Pilar P15.
AF-JEV-P15-017-01,JEV-P15-017,P15,¿Cómo medir cambios de comportamiento ante distintos regímenes o dominios sin atribuir al modelo capacidades de predicción no demostradas?,Fundamentación técnica documentada en Introducing System One Models and Jev relativa a ¿cómo medir cambios de comportamiento ante distintos regímenes o dominios sin atribuir al ...,SRC-0001,Fuente SRC-0001,https://typesafe.ai/blog/introducing-system-one-models-and-jev,documentado_proveedor,Válido bajo contrato typesafe-sdk 0.7.0 y supuestos operacionales del Pilar P15.
AF-JEV-P15-017-02,JEV-P15-017,P15,¿Cómo medir cambios de comportamiento ante distintos regímenes o dominios sin atribuir al modelo capacidades de predicción no demostradas?,"Fundamentación técnica documentada en Parasuraman, Sheridan & Wickens (2000): A Model for Types and Levels of Human Interaction with Automation relativa a ¿cómo medir cambios de comportamiento ante distintos regímenes o dominios sin atribuir al ...",SRC-0045,Fuente SRC-0045,https://doi.org/10.1109/3468.844354,referencia_tecnica,Válido bajo contrato typesafe-sdk 0.7.0 y supuestos operacionales del Pilar P15.
AF-JEV-P15-017-03,JEV-P15-017,P15,¿Cómo medir cambios de comportamiento ante distintos regímenes o dominios sin atribuir al modelo capacidades de predicción no demostradas?,Fundamentación técnica documentada en ColBERT: Efficient and Effective Passage Search via Contextualized Late Interaction (Khattab & Zaharia) relativa a ¿cómo medir cambios de comportamiento ante distintos regímenes o dominios sin atribuir al ...,SRC-0067,Fuente SRC-0067,https://arxiv.org/abs/2007.00808,referencia_tecnica,Válido bajo contrato typesafe-sdk 0.7.0 y supuestos operacionales del Pilar P15.
AF-JEV-P15-017-04,JEV-P15-017,P15,¿Cómo medir cambios de comportamiento ante distintos regímenes o dominios sin atribuir al modelo capacidades de predicción no demostradas?,"Fundamentación técnica documentada en Documentos Analíticos Canónicos P15 (P15_DEEP_DIVE, EVIDENCE_MAP, WORKFLOW_PLAYBOOK, EXPERIMENT_PROTOCOL, GAPS_AND_ACTIONS, SOURCE_INDEX) relativa a ¿cómo medir cambios de comportamiento ante distintos regímenes o dominios sin atribuir al ...",SRC-0117,Fuente SRC-0117,Cuaderno canónico P15 (`318f16ab-eadb-4404-a033-7488fb20d193`),analisis_interno,Válido bajo contrato typesafe-sdk 0.7.0 y supuestos operacionales del Pilar P15.
AF-JEV-P15-018-01,JEV-P15-018,P15,"¿Qué fronteras de datos e integración mantendrían separados investigación documental, repositorios, entornos de prueba y ejecución de operaciones?","Fundamentación técnica documentada en Introducing System One Models and Jev relativa a ¿qué fronteras de datos e integración mantendrían separados investigación documental, repo...",SRC-0001,Fuente SRC-0001,https://typesafe.ai/blog/introducing-system-one-models-and-jev,documentado_proveedor,Válido bajo contrato typesafe-sdk 0.7.0 y supuestos operacionales del Pilar P15.
AF-JEV-P15-018-02,JEV-P15-018,P15,"¿Qué fronteras de datos e integración mantendrían separados investigación documental, repositorios, entornos de prueba y ejecución de operaciones?","Fundamentación técnica documentada en Parasuraman, Sheridan & Wickens (2000): A Model for Types and Levels of Human Interaction with Automation relativa a ¿qué fronteras de datos e integración mantendrían separados investigación documental, repo...",SRC-0045,Fuente SRC-0045,https://doi.org/10.1109/3468.844354,referencia_tecnica,Válido bajo contrato typesafe-sdk 0.7.0 y supuestos operacionales del Pilar P15.
AF-JEV-P15-018-03,JEV-P15-018,P15,"¿Qué fronteras de datos e integración mantendrían separados investigación documental, repositorios, entornos de prueba y ejecución de operaciones?","Fundamentación técnica documentada en ColBERT: Efficient and Effective Passage Search via Contextualized Late Interaction (Khattab & Zaharia) relativa a ¿qué fronteras de datos e integración mantendrían separados investigación documental, repo...",SRC-0067,Fuente SRC-0067,https://arxiv.org/abs/2007.00808,referencia_tecnica,Válido bajo contrato typesafe-sdk 0.7.0 y supuestos operacionales del Pilar P15.
AF-JEV-P15-018-04,JEV-P15-018,P15,"¿Qué fronteras de datos e integración mantendrían separados investigación documental, repositorios, entornos de prueba y ejecución de operaciones?","Fundamentación técnica documentada en Documentos Analíticos Canónicos P15 (P15_DEEP_DIVE, EVIDENCE_MAP, WORKFLOW_PLAYBOOK, EXPERIMENT_PROTOCOL, GAPS_AND_ACTIONS, SOURCE_INDEX) relativa a ¿qué fronteras de datos e integración mantendrían separados investigación documental, repo...",SRC-0117,Fuente SRC-0117,Cuaderno canónico P15 (`318f16ab-eadb-4404-a033-7488fb20d193`),analisis_interno,Válido bajo contrato typesafe-sdk 0.7.0 y supuestos operacionales del Pilar P15.
AF-JEV-P15-019-01,JEV-P15-019,P15,"¿Qué ficha de evaluación para QRT debe incluir calidad, trazabilidad temporal, costos, revisión humana y condición de suspensión?","Fundamentación técnica documentada en Introducing System One Models and Jev relativa a ¿qué ficha de evaluación para qrt debe incluir calidad, trazabilidad temporal, costos, rev...",SRC-0001,Fuente SRC-0001,https://typesafe.ai/blog/introducing-system-one-models-and-jev,documentado_proveedor,Válido bajo contrato typesafe-sdk 0.7.0 y supuestos operacionales del Pilar P15.
AF-JEV-P15-019-02,JEV-P15-019,P15,"¿Qué ficha de evaluación para QRT debe incluir calidad, trazabilidad temporal, costos, revisión humana y condición de suspensión?","Fundamentación técnica documentada en Parasuraman, Sheridan & Wickens (2000): A Model for Types and Levels of Human Interaction with Automation relativa a ¿qué ficha de evaluación para qrt debe incluir calidad, trazabilidad temporal, costos, rev...",SRC-0045,Fuente SRC-0045,https://doi.org/10.1109/3468.844354,referencia_tecnica,Válido bajo contrato typesafe-sdk 0.7.0 y supuestos operacionales del Pilar P15.
AF-JEV-P15-019-03,JEV-P15-019,P15,"¿Qué ficha de evaluación para QRT debe incluir calidad, trazabilidad temporal, costos, revisión humana y condición de suspensión?","Fundamentación técnica documentada en ColBERT: Efficient and Effective Passage Search via Contextualized Late Interaction (Khattab & Zaharia) relativa a ¿qué ficha de evaluación para qrt debe incluir calidad, trazabilidad temporal, costos, rev...",SRC-0067,Fuente SRC-0067,https://arxiv.org/abs/2007.00808,referencia_tecnica,Válido bajo contrato typesafe-sdk 0.7.0 y supuestos operacionales del Pilar P15.
AF-JEV-P15-019-04,JEV-P15-019,P15,"¿Qué ficha de evaluación para QRT debe incluir calidad, trazabilidad temporal, costos, revisión humana y condición de suspensión?","Fundamentación técnica documentada en Documentos Analíticos Canónicos P15 (P15_DEEP_DIVE, EVIDENCE_MAP, WORKFLOW_PLAYBOOK, EXPERIMENT_PROTOCOL, GAPS_AND_ACTIONS, SOURCE_INDEX) relativa a ¿qué ficha de evaluación para qrt debe incluir calidad, trazabilidad temporal, costos, rev...",SRC-0117,Fuente SRC-0117,Cuaderno canónico P15 (`318f16ab-eadb-4404-a033-7488fb20d193`),analisis_interno,Válido bajo contrato typesafe-sdk 0.7.0 y supuestos operacionales del Pilar P15.
AF-JEV-P15-020-01,JEV-P15-020,P15,"¿Qué criterios permitirían aprobar, reformular o archivar cada piloto de QRT y qué decisiones requieren validación adicional del equipo?","Fundamentación técnica documentada en Introducing System One Models and Jev relativa a ¿qué criterios permitirían aprobar, reformular o archivar cada piloto de qrt y qué decisio...",SRC-0001,Fuente SRC-0001,https://typesafe.ai/blog/introducing-system-one-models-and-jev,documentado_proveedor,Válido bajo contrato typesafe-sdk 0.7.0 y supuestos operacionales del Pilar P15.
AF-JEV-P15-020-02,JEV-P15-020,P15,"¿Qué criterios permitirían aprobar, reformular o archivar cada piloto de QRT y qué decisiones requieren validación adicional del equipo?","Fundamentación técnica documentada en Parasuraman, Sheridan & Wickens (2000): A Model for Types and Levels of Human Interaction with Automation relativa a ¿qué criterios permitirían aprobar, reformular o archivar cada piloto de qrt y qué decisio...",SRC-0045,Fuente SRC-0045,https://doi.org/10.1109/3468.844354,referencia_tecnica,Válido bajo contrato typesafe-sdk 0.7.0 y supuestos operacionales del Pilar P15.
AF-JEV-P15-020-03,JEV-P15-020,P15,"¿Qué criterios permitirían aprobar, reformular o archivar cada piloto de QRT y qué decisiones requieren validación adicional del equipo?","Fundamentación técnica documentada en ColBERT: Efficient and Effective Passage Search via Contextualized Late Interaction (Khattab & Zaharia) relativa a ¿qué criterios permitirían aprobar, reformular o archivar cada piloto de qrt y qué decisio...",SRC-0067,Fuente SRC-0067,https://arxiv.org/abs/2007.00808,referencia_tecnica,Válido bajo contrato typesafe-sdk 0.7.0 y supuestos operacionales del Pilar P15.
AF-JEV-P15-020-04,JEV-P15-020,P15,"¿Qué criterios permitirían aprobar, reformular o archivar cada piloto de QRT y qué decisiones requieren validación adicional del equipo?","Fundamentación técnica documentada en Documentos Analíticos Canónicos P15 (P15_DEEP_DIVE, EVIDENCE_MAP, WORKFLOW_PLAYBOOK, EXPERIMENT_PROTOCOL, GAPS_AND_ACTIONS, SOURCE_INDEX) relativa a ¿qué criterios permitirían aprobar, reformular o archivar cada piloto de qrt y qué decisio...",SRC-0117,Fuente SRC-0117,Cuaderno canónico P15 (`318f16ab-eadb-4404-a033-7488fb20d193`),analisis_interno,Válido bajo contrato typesafe-sdk 0.7.0 y supuestos operacionales del Pilar P15.
AF-JEV-P12-001-01,JEV-P12-001,P12,"¿Qué objetivos de calidad, disponibilidad y latencia debe definir cada flujo antes de fijar su dependencia de Jev?","Fundamentación técnica documentada en TypeSafe AI Official Documentation relativa a ¿qué objetivos de calidad, disponibilidad y latencia debe definir cada flujo antes de fija...",SRC-0002,Fuente SRC-0002,https://docs.typesafe.ai/,documentado_proveedor,Válido bajo contrato typesafe-sdk 0.7.0 y supuestos operacionales del Pilar P12.
AF-JEV-P12-001-02,JEV-P12-001,P12,"¿Qué objetivos de calidad, disponibilidad y latencia debe definir cada flujo antes de fijar su dependencia de Jev?","Fundamentación técnica documentada en Niculescu-Mizil & Caruana (2005): Predicting Good Probabilities With Supervised Learning relativa a ¿qué objetivos de calidad, disponibilidad y latencia debe definir cada flujo antes de fija...",SRC-0042,Fuente SRC-0042,https://doi.org/10.1145/1102351.1102430,referencia_tecnica,Válido bajo contrato typesafe-sdk 0.7.0 y supuestos operacionales del Pilar P12.
AF-JEV-P12-001-03,JEV-P12-001,P12,"¿Qué objetivos de calidad, disponibilidad y latencia debe definir cada flujo antes de fijar su dependencia de Jev?","Fundamentación técnica documentada en Martin Fowler: CircuitBreaker Pattern for Software Architecture & Resilient Systems relativa a ¿qué objetivos de calidad, disponibilidad y latencia debe definir cada flujo antes de fija...",SRC-0064,Fuente SRC-0064,https://martinfowler.com/bliki/CircuitBreaker.html,metodo_general,Válido bajo contrato typesafe-sdk 0.7.0 y supuestos operacionales del Pilar P12.
AF-JEV-P12-001-04,JEV-P12-001,P12,"¿Qué objetivos de calidad, disponibilidad y latencia debe definir cada flujo antes de fijar su dependencia de Jev?","Fundamentación técnica documentada en Documentos Analíticos Canónicos P12 (P12_DEEP_DIVE, EVIDENCE_MAP, WORKFLOW_PLAYBOOK, EXPERIMENT_PROTOCOL, GAPS_AND_ACTIONS, SOURCE_INDEX) relativa a ¿qué objetivos de calidad, disponibilidad y latencia debe definir cada flujo antes de fija...",SRC-0114,Fuente SRC-0114,Cuaderno canónico P12 (`5b02c0e7-672b-44b8-8b7c-a10c718f9f6f`),analisis_interno,Válido bajo contrato typesafe-sdk 0.7.0 y supuestos operacionales del Pilar P12.
AF-JEV-P12-002-01,JEV-P12-002,P12,"¿Qué errores se deben reintentar y cuáles requieren corregir entrada, credenciales, cuota o configuración antes de repetir una llamada?","Fundamentación técnica documentada en TypeSafe AI Official Documentation relativa a ¿qué errores se deben reintentar y cuáles requieren corregir entrada, credenciales, cuota ...",SRC-0002,Fuente SRC-0002,https://docs.typesafe.ai/,documentado_proveedor,Válido bajo contrato typesafe-sdk 0.7.0 y supuestos operacionales del Pilar P12.
AF-JEV-P12-002-02,JEV-P12-002,P12,"¿Qué errores se deben reintentar y cuáles requieren corregir entrada, credenciales, cuota o configuración antes de repetir una llamada?","Fundamentación técnica documentada en Niculescu-Mizil & Caruana (2005): Predicting Good Probabilities With Supervised Learning relativa a ¿qué errores se deben reintentar y cuáles requieren corregir entrada, credenciales, cuota ...",SRC-0042,Fuente SRC-0042,https://doi.org/10.1145/1102351.1102430,referencia_tecnica,Válido bajo contrato typesafe-sdk 0.7.0 y supuestos operacionales del Pilar P12.
AF-JEV-P12-002-03,JEV-P12-002,P12,"¿Qué errores se deben reintentar y cuáles requieren corregir entrada, credenciales, cuota o configuración antes de repetir una llamada?","Fundamentación técnica documentada en Martin Fowler: CircuitBreaker Pattern for Software Architecture & Resilient Systems relativa a ¿qué errores se deben reintentar y cuáles requieren corregir entrada, credenciales, cuota ...",SRC-0064,Fuente SRC-0064,https://martinfowler.com/bliki/CircuitBreaker.html,metodo_general,Válido bajo contrato typesafe-sdk 0.7.0 y supuestos operacionales del Pilar P12.
AF-JEV-P12-002-04,JEV-P12-002,P12,"¿Qué errores se deben reintentar y cuáles requieren corregir entrada, credenciales, cuota o configuración antes de repetir una llamada?","Fundamentación técnica documentada en Documentos Analíticos Canónicos P12 (P12_DEEP_DIVE, EVIDENCE_MAP, WORKFLOW_PLAYBOOK, EXPERIMENT_PROTOCOL, GAPS_AND_ACTIONS, SOURCE_INDEX) relativa a ¿qué errores se deben reintentar y cuáles requieren corregir entrada, credenciales, cuota ...",SRC-0114,Fuente SRC-0114,Cuaderno canónico P12 (`5b02c0e7-672b-44b8-8b7c-a10c718f9f6f`),analisis_interno,Válido bajo contrato typesafe-sdk 0.7.0 y supuestos operacionales del Pilar P12.
AF-JEV-P12-003-01,JEV-P12-003,P12,¿Cómo impedir que un timeout o reintento duplique una acción posterior aunque el estado de la llamada original sea incierto?,Fundamentación técnica documentada en TypeSafe AI Official Documentation relativa a ¿cómo impedir que un timeout o reintento duplique una acción posterior aunque el estado de...,SRC-0002,Fuente SRC-0002,https://docs.typesafe.ai/,documentado_proveedor,Válido bajo contrato typesafe-sdk 0.7.0 y supuestos operacionales del Pilar P12.
AF-JEV-P12-003-02,JEV-P12-003,P12,¿Cómo impedir que un timeout o reintento duplique una acción posterior aunque el estado de la llamada original sea incierto?,Fundamentación técnica documentada en Niculescu-Mizil & Caruana (2005): Predicting Good Probabilities With Supervised Learning relativa a ¿cómo impedir que un timeout o reintento duplique una acción posterior aunque el estado de...,SRC-0042,Fuente SRC-0042,https://doi.org/10.1145/1102351.1102430,referencia_tecnica,Válido bajo contrato typesafe-sdk 0.7.0 y supuestos operacionales del Pilar P12.
AF-JEV-P12-003-03,JEV-P12-003,P12,¿Cómo impedir que un timeout o reintento duplique una acción posterior aunque el estado de la llamada original sea incierto?,Fundamentación técnica documentada en Martin Fowler: CircuitBreaker Pattern for Software Architecture & Resilient Systems relativa a ¿cómo impedir que un timeout o reintento duplique una acción posterior aunque el estado de...,SRC-0064,Fuente SRC-0064,https://martinfowler.com/bliki/CircuitBreaker.html,metodo_general,Válido bajo contrato typesafe-sdk 0.7.0 y supuestos operacionales del Pilar P12.
AF-JEV-P12-003-04,JEV-P12-003,P12,¿Cómo impedir que un timeout o reintento duplique una acción posterior aunque el estado de la llamada original sea incierto?,"Fundamentación técnica documentada en Documentos Analíticos Canónicos P12 (P12_DEEP_DIVE, EVIDENCE_MAP, WORKFLOW_PLAYBOOK, EXPERIMENT_PROTOCOL, GAPS_AND_ACTIONS, SOURCE_INDEX) relativa a ¿cómo impedir que un timeout o reintento duplique una acción posterior aunque el estado de...",SRC-0114,Fuente SRC-0114,Cuaderno canónico P12 (`5b02c0e7-672b-44b8-8b7c-a10c718f9f6f`),analisis_interno,Válido bajo contrato typesafe-sdk 0.7.0 y supuestos operacionales del Pilar P12.
AF-JEV-P12-004-01,JEV-P12-004,P12,"¿Qué presupuesto de tiempo asignar a preparación, inferencia, respaldo y revisión para cumplir un objetivo de extremo a extremo?","Fundamentación técnica documentada en TypeSafe AI Official Documentation relativa a ¿qué presupuesto de tiempo asignar a preparación, inferencia, respaldo y revisión para cum...",SRC-0002,Fuente SRC-0002,https://docs.typesafe.ai/,documentado_proveedor,Válido bajo contrato typesafe-sdk 0.7.0 y supuestos operacionales del Pilar P12.
AF-JEV-P12-004-02,JEV-P12-004,P12,"¿Qué presupuesto de tiempo asignar a preparación, inferencia, respaldo y revisión para cumplir un objetivo de extremo a extremo?","Fundamentación técnica documentada en Niculescu-Mizil & Caruana (2005): Predicting Good Probabilities With Supervised Learning relativa a ¿qué presupuesto de tiempo asignar a preparación, inferencia, respaldo y revisión para cum...",SRC-0042,Fuente SRC-0042,https://doi.org/10.1145/1102351.1102430,referencia_tecnica,Válido bajo contrato typesafe-sdk 0.7.0 y supuestos operacionales del Pilar P12.
AF-JEV-P12-004-03,JEV-P12-004,P12,"¿Qué presupuesto de tiempo asignar a preparación, inferencia, respaldo y revisión para cumplir un objetivo de extremo a extremo?","Fundamentación técnica documentada en Martin Fowler: CircuitBreaker Pattern for Software Architecture & Resilient Systems relativa a ¿qué presupuesto de tiempo asignar a preparación, inferencia, respaldo y revisión para cum...",SRC-0064,Fuente SRC-0064,https://martinfowler.com/bliki/CircuitBreaker.html,metodo_general,Válido bajo contrato typesafe-sdk 0.7.0 y supuestos operacionales del Pilar P12.
AF-JEV-P12-004-04,JEV-P12-004,P12,"¿Qué presupuesto de tiempo asignar a preparación, inferencia, respaldo y revisión para cumplir un objetivo de extremo a extremo?","Fundamentación técnica documentada en Documentos Analíticos Canónicos P12 (P12_DEEP_DIVE, EVIDENCE_MAP, WORKFLOW_PLAYBOOK, EXPERIMENT_PROTOCOL, GAPS_AND_ACTIONS, SOURCE_INDEX) relativa a ¿qué presupuesto de tiempo asignar a preparación, inferencia, respaldo y revisión para cum...",SRC-0114,Fuente SRC-0114,Cuaderno canónico P12 (`5b02c0e7-672b-44b8-8b7c-a10c718f9f6f`),analisis_interno,Válido bajo contrato typesafe-sdk 0.7.0 y supuestos operacionales del Pilar P12.
AF-JEV-P12-005-01,JEV-P12-005,P12,¿Cómo controlar concurrencia y colas sin asumir que el límite del servicio o la capacidad del sistema son constantes?,Fundamentación técnica documentada en TypeSafe AI Official Documentation relativa a ¿cómo controlar concurrencia y colas sin asumir que el límite del servicio o la capacidad ...,SRC-0002,Fuente SRC-0002,https://docs.typesafe.ai/,documentado_proveedor,Válido bajo contrato typesafe-sdk 0.7.0 y supuestos operacionales del Pilar P12.
AF-JEV-P12-005-02,JEV-P12-005,P12,¿Cómo controlar concurrencia y colas sin asumir que el límite del servicio o la capacidad del sistema son constantes?,Fundamentación técnica documentada en Niculescu-Mizil & Caruana (2005): Predicting Good Probabilities With Supervised Learning relativa a ¿cómo controlar concurrencia y colas sin asumir que el límite del servicio o la capacidad ...,SRC-0042,Fuente SRC-0042,https://doi.org/10.1145/1102351.1102430,referencia_tecnica,Válido bajo contrato typesafe-sdk 0.7.0 y supuestos operacionales del Pilar P12.
AF-JEV-P12-005-03,JEV-P12-005,P12,¿Cómo controlar concurrencia y colas sin asumir que el límite del servicio o la capacidad del sistema son constantes?,Fundamentación técnica documentada en Martin Fowler: CircuitBreaker Pattern for Software Architecture & Resilient Systems relativa a ¿cómo controlar concurrencia y colas sin asumir que el límite del servicio o la capacidad ...,SRC-0064,Fuente SRC-0064,https://martinfowler.com/bliki/CircuitBreaker.html,metodo_general,Válido bajo contrato typesafe-sdk 0.7.0 y supuestos operacionales del Pilar P12.
AF-JEV-P12-005-04,JEV-P12-005,P12,¿Cómo controlar concurrencia y colas sin asumir que el límite del servicio o la capacidad del sistema son constantes?,"Fundamentación técnica documentada en Documentos Analíticos Canónicos P12 (P12_DEEP_DIVE, EVIDENCE_MAP, WORKFLOW_PLAYBOOK, EXPERIMENT_PROTOCOL, GAPS_AND_ACTIONS, SOURCE_INDEX) relativa a ¿cómo controlar concurrencia y colas sin asumir que el límite del servicio o la capacidad ...",SRC-0114,Fuente SRC-0114,Cuaderno canónico P12 (`5b02c0e7-672b-44b8-8b7c-a10c718f9f6f`),analisis_interno,Válido bajo contrato typesafe-sdk 0.7.0 y supuestos operacionales del Pilar P12.
AF-JEV-P12-006-01,JEV-P12-006,P12,"¿Qué métricas y registros permiten distinguir fallos del modelo, del proveedor, de los datos y de la integración?","Fundamentación técnica documentada en TypeSafe AI Official Documentation relativa a ¿qué métricas y registros permiten distinguir fallos del modelo, del proveedor, de los dat...",SRC-0002,Fuente SRC-0002,https://docs.typesafe.ai/,documentado_proveedor,Válido bajo contrato typesafe-sdk 0.7.0 y supuestos operacionales del Pilar P12.
AF-JEV-P12-006-02,JEV-P12-006,P12,"¿Qué métricas y registros permiten distinguir fallos del modelo, del proveedor, de los datos y de la integración?","Fundamentación técnica documentada en Niculescu-Mizil & Caruana (2005): Predicting Good Probabilities With Supervised Learning relativa a ¿qué métricas y registros permiten distinguir fallos del modelo, del proveedor, de los dat...",SRC-0042,Fuente SRC-0042,https://doi.org/10.1145/1102351.1102430,referencia_tecnica,Válido bajo contrato typesafe-sdk 0.7.0 y supuestos operacionales del Pilar P12.
AF-JEV-P12-006-03,JEV-P12-006,P12,"¿Qué métricas y registros permiten distinguir fallos del modelo, del proveedor, de los datos y de la integración?","Fundamentación técnica documentada en Martin Fowler: CircuitBreaker Pattern for Software Architecture & Resilient Systems relativa a ¿qué métricas y registros permiten distinguir fallos del modelo, del proveedor, de los dat...",SRC-0064,Fuente SRC-0064,https://martinfowler.com/bliki/CircuitBreaker.html,metodo_general,Válido bajo contrato typesafe-sdk 0.7.0 y supuestos operacionales del Pilar P12.
AF-JEV-P12-006-04,JEV-P12-006,P12,"¿Qué métricas y registros permiten distinguir fallos del modelo, del proveedor, de los datos y de la integración?","Fundamentación técnica documentada en Documentos Analíticos Canónicos P12 (P12_DEEP_DIVE, EVIDENCE_MAP, WORKFLOW_PLAYBOOK, EXPERIMENT_PROTOCOL, GAPS_AND_ACTIONS, SOURCE_INDEX) relativa a ¿qué métricas y registros permiten distinguir fallos del modelo, del proveedor, de los dat...",SRC-0114,Fuente SRC-0114,Cuaderno canónico P12 (`5b02c0e7-672b-44b8-8b7c-a10c718f9f6f`),analisis_interno,Válido bajo contrato typesafe-sdk 0.7.0 y supuestos operacionales del Pilar P12.
AF-JEV-P12-007-01,JEV-P12-007,P12,"¿Qué condiciones activan degradación, interrupción temporal, escalamiento humano o reversión a una configuración validada?","Fundamentación técnica documentada en TypeSafe AI Official Documentation relativa a ¿qué condiciones activan degradación, interrupción temporal, escalamiento humano o reversi...",SRC-0002,Fuente SRC-0002,https://docs.typesafe.ai/,documentado_proveedor,Válido bajo contrato typesafe-sdk 0.7.0 y supuestos operacionales del Pilar P12.
AF-JEV-P12-007-02,JEV-P12-007,P12,"¿Qué condiciones activan degradación, interrupción temporal, escalamiento humano o reversión a una configuración validada?","Fundamentación técnica documentada en Niculescu-Mizil & Caruana (2005): Predicting Good Probabilities With Supervised Learning relativa a ¿qué condiciones activan degradación, interrupción temporal, escalamiento humano o reversi...",SRC-0042,Fuente SRC-0042,https://doi.org/10.1145/1102351.1102430,referencia_tecnica,Válido bajo contrato typesafe-sdk 0.7.0 y supuestos operacionales del Pilar P12.
AF-JEV-P12-007-03,JEV-P12-007,P12,"¿Qué condiciones activan degradación, interrupción temporal, escalamiento humano o reversión a una configuración validada?","Fundamentación técnica documentada en Martin Fowler: CircuitBreaker Pattern for Software Architecture & Resilient Systems relativa a ¿qué condiciones activan degradación, interrupción temporal, escalamiento humano o reversi...",SRC-0064,Fuente SRC-0064,https://martinfowler.com/bliki/CircuitBreaker.html,metodo_general,Válido bajo contrato typesafe-sdk 0.7.0 y supuestos operacionales del Pilar P12.
AF-JEV-P12-007-04,JEV-P12-007,P12,"¿Qué condiciones activan degradación, interrupción temporal, escalamiento humano o reversión a una configuración validada?","Fundamentación técnica documentada en Documentos Analíticos Canónicos P12 (P12_DEEP_DIVE, EVIDENCE_MAP, WORKFLOW_PLAYBOOK, EXPERIMENT_PROTOCOL, GAPS_AND_ACTIONS, SOURCE_INDEX) relativa a ¿qué condiciones activan degradación, interrupción temporal, escalamiento humano o reversi...",SRC-0114,Fuente SRC-0114,Cuaderno canónico P12 (`5b02c0e7-672b-44b8-8b7c-a10c718f9f6f`),analisis_interno,Válido bajo contrato typesafe-sdk 0.7.0 y supuestos operacionales del Pilar P12.
AF-JEV-P12-008-01,JEV-P12-008,P12,"¿Cómo fijar y registrar versiones del modelo, SDK, taxonomía, criterios y preparación de contexto en cada decisión?","Fundamentación técnica documentada en TypeSafe AI Official Documentation relativa a ¿cómo fijar y registrar versiones del modelo, sdk, taxonomía, criterios y preparación de c...",SRC-0002,Fuente SRC-0002,https://docs.typesafe.ai/,documentado_proveedor,Válido bajo contrato typesafe-sdk 0.7.0 y supuestos operacionales del Pilar P12.
AF-JEV-P12-008-02,JEV-P12-008,P12,"¿Cómo fijar y registrar versiones del modelo, SDK, taxonomía, criterios y preparación de contexto en cada decisión?","Fundamentación técnica documentada en Niculescu-Mizil & Caruana (2005): Predicting Good Probabilities With Supervised Learning relativa a ¿cómo fijar y registrar versiones del modelo, sdk, taxonomía, criterios y preparación de c...",SRC-0042,Fuente SRC-0042,https://doi.org/10.1145/1102351.1102430,referencia_tecnica,Válido bajo contrato typesafe-sdk 0.7.0 y supuestos operacionales del Pilar P12.
AF-JEV-P12-008-03,JEV-P12-008,P12,"¿Cómo fijar y registrar versiones del modelo, SDK, taxonomía, criterios y preparación de contexto en cada decisión?","Fundamentación técnica documentada en Martin Fowler: CircuitBreaker Pattern for Software Architecture & Resilient Systems relativa a ¿cómo fijar y registrar versiones del modelo, sdk, taxonomía, criterios y preparación de c...",SRC-0064,Fuente SRC-0064,https://martinfowler.com/bliki/CircuitBreaker.html,metodo_general,Válido bajo contrato typesafe-sdk 0.7.0 y supuestos operacionales del Pilar P12.
AF-JEV-P12-008-04,JEV-P12-008,P12,"¿Cómo fijar y registrar versiones del modelo, SDK, taxonomía, criterios y preparación de contexto en cada decisión?","Fundamentación técnica documentada en Documentos Analíticos Canónicos P12 (P12_DEEP_DIVE, EVIDENCE_MAP, WORKFLOW_PLAYBOOK, EXPERIMENT_PROTOCOL, GAPS_AND_ACTIONS, SOURCE_INDEX) relativa a ¿cómo fijar y registrar versiones del modelo, sdk, taxonomía, criterios y preparación de c...",SRC-0114,Fuente SRC-0114,Cuaderno canónico P12 (`5b02c0e7-672b-44b8-8b7c-a10c718f9f6f`),analisis_interno,Válido bajo contrato typesafe-sdk 0.7.0 y supuestos operacionales del Pilar P12.
AF-JEV-P12-009-01,JEV-P12-009,P12,¿Cómo ensayar una nueva versión en modo de observación antes de permitir que sus decisiones afecten procesos reales?,Fundamentación técnica documentada en TypeSafe AI Official Documentation relativa a ¿cómo ensayar una nueva versión en modo de observación antes de permitir que sus decisione...,SRC-0002,Fuente SRC-0002,https://docs.typesafe.ai/,documentado_proveedor,Válido bajo contrato typesafe-sdk 0.7.0 y supuestos operacionales del Pilar P12.
AF-JEV-P12-009-02,JEV-P12-009,P12,¿Cómo ensayar una nueva versión en modo de observación antes de permitir que sus decisiones afecten procesos reales?,Fundamentación técnica documentada en Niculescu-Mizil & Caruana (2005): Predicting Good Probabilities With Supervised Learning relativa a ¿cómo ensayar una nueva versión en modo de observación antes de permitir que sus decisione...,SRC-0042,Fuente SRC-0042,https://doi.org/10.1145/1102351.1102430,referencia_tecnica,Válido bajo contrato typesafe-sdk 0.7.0 y supuestos operacionales del Pilar P12.
AF-JEV-P12-009-03,JEV-P12-009,P12,¿Cómo ensayar una nueva versión en modo de observación antes de permitir que sus decisiones afecten procesos reales?,Fundamentación técnica documentada en Martin Fowler: CircuitBreaker Pattern for Software Architecture & Resilient Systems relativa a ¿cómo ensayar una nueva versión en modo de observación antes de permitir que sus decisione...,SRC-0064,Fuente SRC-0064,https://martinfowler.com/bliki/CircuitBreaker.html,metodo_general,Válido bajo contrato typesafe-sdk 0.7.0 y supuestos operacionales del Pilar P12.
AF-JEV-P12-009-04,JEV-P12-009,P12,¿Cómo ensayar una nueva versión en modo de observación antes de permitir que sus decisiones afecten procesos reales?,"Fundamentación técnica documentada en Documentos Analíticos Canónicos P12 (P12_DEEP_DIVE, EVIDENCE_MAP, WORKFLOW_PLAYBOOK, EXPERIMENT_PROTOCOL, GAPS_AND_ACTIONS, SOURCE_INDEX) relativa a ¿cómo ensayar una nueva versión en modo de observación antes de permitir que sus decisione...",SRC-0114,Fuente SRC-0114,Cuaderno canónico P12 (`5b02c0e7-672b-44b8-8b7c-a10c718f9f6f`),analisis_interno,Válido bajo contrato typesafe-sdk 0.7.0 y supuestos operacionales del Pilar P12.
AF-JEV-P12-010-01,JEV-P12-010,P12,¿Qué conjunto de regresión detectaría pérdida de calidad en casos raros importantes tras cambios aparentemente menores?,Fundamentación técnica documentada en TypeSafe AI Official Documentation relativa a ¿qué conjunto de regresión detectaría pérdida de calidad en casos raros importantes tras c...,SRC-0002,Fuente SRC-0002,https://docs.typesafe.ai/,documentado_proveedor,Válido bajo contrato typesafe-sdk 0.7.0 y supuestos operacionales del Pilar P12.
AF-JEV-P12-010-02,JEV-P12-010,P12,¿Qué conjunto de regresión detectaría pérdida de calidad en casos raros importantes tras cambios aparentemente menores?,Fundamentación técnica documentada en Niculescu-Mizil & Caruana (2005): Predicting Good Probabilities With Supervised Learning relativa a ¿qué conjunto de regresión detectaría pérdida de calidad en casos raros importantes tras c...,SRC-0042,Fuente SRC-0042,https://doi.org/10.1145/1102351.1102430,referencia_tecnica,Válido bajo contrato typesafe-sdk 0.7.0 y supuestos operacionales del Pilar P12.
AF-JEV-P12-010-03,JEV-P12-010,P12,¿Qué conjunto de regresión detectaría pérdida de calidad en casos raros importantes tras cambios aparentemente menores?,Fundamentación técnica documentada en Martin Fowler: CircuitBreaker Pattern for Software Architecture & Resilient Systems relativa a ¿qué conjunto de regresión detectaría pérdida de calidad en casos raros importantes tras c...,SRC-0064,Fuente SRC-0064,https://martinfowler.com/bliki/CircuitBreaker.html,metodo_general,Válido bajo contrato typesafe-sdk 0.7.0 y supuestos operacionales del Pilar P12.
AF-JEV-P12-010-04,JEV-P12-010,P12,¿Qué conjunto de regresión detectaría pérdida de calidad en casos raros importantes tras cambios aparentemente menores?,"Fundamentación técnica documentada en Documentos Analíticos Canónicos P12 (P12_DEEP_DIVE, EVIDENCE_MAP, WORKFLOW_PLAYBOOK, EXPERIMENT_PROTOCOL, GAPS_AND_ACTIONS, SOURCE_INDEX) relativa a ¿qué conjunto de regresión detectaría pérdida de calidad en casos raros importantes tras c...",SRC-0114,Fuente SRC-0114,Cuaderno canónico P12 (`5b02c0e7-672b-44b8-8b7c-a10c718f9f6f`),analisis_interno,Válido bajo contrato typesafe-sdk 0.7.0 y supuestos operacionales del Pilar P12.
AF-JEV-P12-011-01,JEV-P12-011,P12,¿Cómo desplegar gradualmente y comparar resultados sin que tráfico distinto o estacionalidad falseen la comparación?,Fundamentación técnica documentada en TypeSafe AI Official Documentation relativa a ¿cómo desplegar gradualmente y comparar resultados sin que tráfico distinto o estacionalid...,SRC-0002,Fuente SRC-0002,https://docs.typesafe.ai/,documentado_proveedor,Válido bajo contrato typesafe-sdk 0.7.0 y supuestos operacionales del Pilar P12.
AF-JEV-P12-011-02,JEV-P12-011,P12,¿Cómo desplegar gradualmente y comparar resultados sin que tráfico distinto o estacionalidad falseen la comparación?,Fundamentación técnica documentada en Niculescu-Mizil & Caruana (2005): Predicting Good Probabilities With Supervised Learning relativa a ¿cómo desplegar gradualmente y comparar resultados sin que tráfico distinto o estacionalid...,SRC-0042,Fuente SRC-0042,https://doi.org/10.1145/1102351.1102430,referencia_tecnica,Válido bajo contrato typesafe-sdk 0.7.0 y supuestos operacionales del Pilar P12.
AF-JEV-P12-011-03,JEV-P12-011,P12,¿Cómo desplegar gradualmente y comparar resultados sin que tráfico distinto o estacionalidad falseen la comparación?,Fundamentación técnica documentada en Martin Fowler: CircuitBreaker Pattern for Software Architecture & Resilient Systems relativa a ¿cómo desplegar gradualmente y comparar resultados sin que tráfico distinto o estacionalid...,SRC-0064,Fuente SRC-0064,https://martinfowler.com/bliki/CircuitBreaker.html,metodo_general,Válido bajo contrato typesafe-sdk 0.7.0 y supuestos operacionales del Pilar P12.
AF-JEV-P12-011-04,JEV-P12-011,P12,¿Cómo desplegar gradualmente y comparar resultados sin que tráfico distinto o estacionalidad falseen la comparación?,"Fundamentación técnica documentada en Documentos Analíticos Canónicos P12 (P12_DEEP_DIVE, EVIDENCE_MAP, WORKFLOW_PLAYBOOK, EXPERIMENT_PROTOCOL, GAPS_AND_ACTIONS, SOURCE_INDEX) relativa a ¿cómo desplegar gradualmente y comparar resultados sin que tráfico distinto o estacionalid...",SRC-0114,Fuente SRC-0114,Cuaderno canónico P12 (`5b02c0e7-672b-44b8-8b7c-a10c718f9f6f`),analisis_interno,Válido bajo contrato typesafe-sdk 0.7.0 y supuestos operacionales del Pilar P12.
AF-JEV-P12-012-01,JEV-P12-012,P12,¿Cómo detectar deriva de entradas cuando todavía no existen etiquetas recientes para medir deterioro de las decisiones?,Fundamentación técnica documentada en TypeSafe AI Official Documentation relativa a ¿cómo detectar deriva de entradas cuando todavía no existen etiquetas recientes para medir...,SRC-0002,Fuente SRC-0002,https://docs.typesafe.ai/,documentado_proveedor,Válido bajo contrato typesafe-sdk 0.7.0 y supuestos operacionales del Pilar P12.
AF-JEV-P12-012-02,JEV-P12-012,P12,¿Cómo detectar deriva de entradas cuando todavía no existen etiquetas recientes para medir deterioro de las decisiones?,Fundamentación técnica documentada en Niculescu-Mizil & Caruana (2005): Predicting Good Probabilities With Supervised Learning relativa a ¿cómo detectar deriva de entradas cuando todavía no existen etiquetas recientes para medir...,SRC-0042,Fuente SRC-0042,https://doi.org/10.1145/1102351.1102430,referencia_tecnica,Válido bajo contrato typesafe-sdk 0.7.0 y supuestos operacionales del Pilar P12.
AF-JEV-P12-012-03,JEV-P12-012,P12,¿Cómo detectar deriva de entradas cuando todavía no existen etiquetas recientes para medir deterioro de las decisiones?,Fundamentación técnica documentada en Martin Fowler: CircuitBreaker Pattern for Software Architecture & Resilient Systems relativa a ¿cómo detectar deriva de entradas cuando todavía no existen etiquetas recientes para medir...,SRC-0064,Fuente SRC-0064,https://martinfowler.com/bliki/CircuitBreaker.html,metodo_general,Válido bajo contrato typesafe-sdk 0.7.0 y supuestos operacionales del Pilar P12.
AF-JEV-P12-012-04,JEV-P12-012,P12,¿Cómo detectar deriva de entradas cuando todavía no existen etiquetas recientes para medir deterioro de las decisiones?,"Fundamentación técnica documentada en Documentos Analíticos Canónicos P12 (P12_DEEP_DIVE, EVIDENCE_MAP, WORKFLOW_PLAYBOOK, EXPERIMENT_PROTOCOL, GAPS_AND_ACTIONS, SOURCE_INDEX) relativa a ¿cómo detectar deriva de entradas cuando todavía no existen etiquetas recientes para medir...",SRC-0114,Fuente SRC-0114,Cuaderno canónico P12 (`5b02c0e7-672b-44b8-8b7c-a10c718f9f6f`),analisis_interno,Válido bajo contrato typesafe-sdk 0.7.0 y supuestos operacionales del Pilar P12.
AF-JEV-P12-013-01,JEV-P12-013,P12,¿Cómo obtener etiquetas posteriores y retroalimentación humana sin introducir sesgo al observar solo los casos escalados?,Fundamentación técnica documentada en TypeSafe AI Official Documentation relativa a ¿cómo obtener etiquetas posteriores y retroalimentación humana sin introducir sesgo al obs...,SRC-0002,Fuente SRC-0002,https://docs.typesafe.ai/,documentado_proveedor,Válido bajo contrato typesafe-sdk 0.7.0 y supuestos operacionales del Pilar P12.
AF-JEV-P12-013-02,JEV-P12-013,P12,¿Cómo obtener etiquetas posteriores y retroalimentación humana sin introducir sesgo al observar solo los casos escalados?,Fundamentación técnica documentada en Niculescu-Mizil & Caruana (2005): Predicting Good Probabilities With Supervised Learning relativa a ¿cómo obtener etiquetas posteriores y retroalimentación humana sin introducir sesgo al obs...,SRC-0042,Fuente SRC-0042,https://doi.org/10.1145/1102351.1102430,referencia_tecnica,Válido bajo contrato typesafe-sdk 0.7.0 y supuestos operacionales del Pilar P12.
AF-JEV-P12-013-03,JEV-P12-013,P12,¿Cómo obtener etiquetas posteriores y retroalimentación humana sin introducir sesgo al observar solo los casos escalados?,Fundamentación técnica documentada en Martin Fowler: CircuitBreaker Pattern for Software Architecture & Resilient Systems relativa a ¿cómo obtener etiquetas posteriores y retroalimentación humana sin introducir sesgo al obs...,SRC-0064,Fuente SRC-0064,https://martinfowler.com/bliki/CircuitBreaker.html,metodo_general,Válido bajo contrato typesafe-sdk 0.7.0 y supuestos operacionales del Pilar P12.
AF-JEV-P12-013-04,JEV-P12-013,P12,¿Cómo obtener etiquetas posteriores y retroalimentación humana sin introducir sesgo al observar solo los casos escalados?,"Fundamentación técnica documentada en Documentos Analíticos Canónicos P12 (P12_DEEP_DIVE, EVIDENCE_MAP, WORKFLOW_PLAYBOOK, EXPERIMENT_PROTOCOL, GAPS_AND_ACTIONS, SOURCE_INDEX) relativa a ¿cómo obtener etiquetas posteriores y retroalimentación humana sin introducir sesgo al obs...",SRC-0114,Fuente SRC-0114,Cuaderno canónico P12 (`5b02c0e7-672b-44b8-8b7c-a10c718f9f6f`),analisis_interno,Válido bajo contrato typesafe-sdk 0.7.0 y supuestos operacionales del Pilar P12.
AF-JEV-P12-014-01,JEV-P12-014,P12,¿Qué estrategia de alertas evita tanto silencio ante daños como saturación por variaciones sin importancia práctica?,Fundamentación técnica documentada en TypeSafe AI Official Documentation relativa a ¿qué estrategia de alertas evita tanto silencio ante daños como saturación por variaciones...,SRC-0002,Fuente SRC-0002,https://docs.typesafe.ai/,documentado_proveedor,Válido bajo contrato typesafe-sdk 0.7.0 y supuestos operacionales del Pilar P12.
AF-JEV-P12-014-02,JEV-P12-014,P12,¿Qué estrategia de alertas evita tanto silencio ante daños como saturación por variaciones sin importancia práctica?,Fundamentación técnica documentada en Niculescu-Mizil & Caruana (2005): Predicting Good Probabilities With Supervised Learning relativa a ¿qué estrategia de alertas evita tanto silencio ante daños como saturación por variaciones...,SRC-0042,Fuente SRC-0042,https://doi.org/10.1145/1102351.1102430,referencia_tecnica,Válido bajo contrato typesafe-sdk 0.7.0 y supuestos operacionales del Pilar P12.
AF-JEV-P12-014-03,JEV-P12-014,P12,¿Qué estrategia de alertas evita tanto silencio ante daños como saturación por variaciones sin importancia práctica?,Fundamentación técnica documentada en Martin Fowler: CircuitBreaker Pattern for Software Architecture & Resilient Systems relativa a ¿qué estrategia de alertas evita tanto silencio ante daños como saturación por variaciones...,SRC-0064,Fuente SRC-0064,https://martinfowler.com/bliki/CircuitBreaker.html,metodo_general,Válido bajo contrato typesafe-sdk 0.7.0 y supuestos operacionales del Pilar P12.
AF-JEV-P12-014-04,JEV-P12-014,P12,¿Qué estrategia de alertas evita tanto silencio ante daños como saturación por variaciones sin importancia práctica?,"Fundamentación técnica documentada en Documentos Analíticos Canónicos P12 (P12_DEEP_DIVE, EVIDENCE_MAP, WORKFLOW_PLAYBOOK, EXPERIMENT_PROTOCOL, GAPS_AND_ACTIONS, SOURCE_INDEX) relativa a ¿qué estrategia de alertas evita tanto silencio ante daños como saturación por variaciones...",SRC-0114,Fuente SRC-0114,Cuaderno canónico P12 (`5b02c0e7-672b-44b8-8b7c-a10c718f9f6f`),analisis_interno,Válido bajo contrato typesafe-sdk 0.7.0 y supuestos operacionales del Pilar P12.
AF-JEV-P12-015-01,JEV-P12-015,P12,"¿Cómo mantener registros suficientes para auditoría aplicando límites de retención, minimización y acceso?","Fundamentación técnica documentada en TypeSafe AI Official Documentation relativa a ¿cómo mantener registros suficientes para auditoría aplicando límites de retención, minimi...",SRC-0002,Fuente SRC-0002,https://docs.typesafe.ai/,documentado_proveedor,Válido bajo contrato typesafe-sdk 0.7.0 y supuestos operacionales del Pilar P12.
AF-JEV-P12-015-02,JEV-P12-015,P12,"¿Cómo mantener registros suficientes para auditoría aplicando límites de retención, minimización y acceso?","Fundamentación técnica documentada en Benchmarks Comunitarios de Calibración (scienthoon & yodablocks) relativa a ¿cómo mantener registros suficientes para auditoría aplicando límites de retención, minimi...",SRC-0028,Fuente SRC-0028,"GitHub: scienthoon/jev-ood-calibration, yodablocks/jev-orderby-bench",medido_independiente,Válido bajo contrato typesafe-sdk 0.7.0 y supuestos operacionales del Pilar P12.
AF-JEV-P12-015-03,JEV-P12-015,P12,"¿Cómo mantener registros suficientes para auditoría aplicando límites de retención, minimización y acceso?","Fundamentación técnica documentada en Niculescu-Mizil & Caruana (2005): Predicting Good Probabilities With Supervised Learning relativa a ¿cómo mantener registros suficientes para auditoría aplicando límites de retención, minimi...",SRC-0042,Fuente SRC-0042,https://doi.org/10.1145/1102351.1102430,referencia_tecnica,Válido bajo contrato typesafe-sdk 0.7.0 y supuestos operacionales del Pilar P12.
AF-JEV-P12-015-04,JEV-P12-015,P12,"¿Cómo mantener registros suficientes para auditoría aplicando límites de retención, minimización y acceso?","Fundamentación técnica documentada en Documentos Analíticos Canónicos P12 (P12_DEEP_DIVE, EVIDENCE_MAP, WORKFLOW_PLAYBOOK, EXPERIMENT_PROTOCOL, GAPS_AND_ACTIONS, SOURCE_INDEX) relativa a ¿cómo mantener registros suficientes para auditoría aplicando límites de retención, minimi...",SRC-0114,Fuente SRC-0114,Cuaderno canónico P12 (`5b02c0e7-672b-44b8-8b7c-a10c718f9f6f`),analisis_interno,Válido bajo contrato typesafe-sdk 0.7.0 y supuestos operacionales del Pilar P12.
AF-JEV-P12-016-01,JEV-P12-016,P12,"¿Cómo definir claves de caché, caducidad e invalidación durante una actualización de modelo o de reglas del negocio?","Fundamentación técnica documentada en TypeSafe AI Official Documentation relativa a ¿cómo definir claves de caché, caducidad e invalidación durante una actualización de model...",SRC-0002,Fuente SRC-0002,https://docs.typesafe.ai/,documentado_proveedor,Válido bajo contrato typesafe-sdk 0.7.0 y supuestos operacionales del Pilar P12.
AF-JEV-P12-016-02,JEV-P12-016,P12,"¿Cómo definir claves de caché, caducidad e invalidación durante una actualización de modelo o de reglas del negocio?","Fundamentación técnica documentada en Niculescu-Mizil & Caruana (2005): Predicting Good Probabilities With Supervised Learning relativa a ¿cómo definir claves de caché, caducidad e invalidación durante una actualización de model...",SRC-0042,Fuente SRC-0042,https://doi.org/10.1145/1102351.1102430,referencia_tecnica,Válido bajo contrato typesafe-sdk 0.7.0 y supuestos operacionales del Pilar P12.
AF-JEV-P12-016-03,JEV-P12-016,P12,"¿Cómo definir claves de caché, caducidad e invalidación durante una actualización de modelo o de reglas del negocio?","Fundamentación técnica documentada en Martin Fowler: CircuitBreaker Pattern for Software Architecture & Resilient Systems relativa a ¿cómo definir claves de caché, caducidad e invalidación durante una actualización de model...",SRC-0064,Fuente SRC-0064,https://martinfowler.com/bliki/CircuitBreaker.html,metodo_general,Válido bajo contrato typesafe-sdk 0.7.0 y supuestos operacionales del Pilar P12.
AF-JEV-P12-016-04,JEV-P12-016,P12,"¿Cómo definir claves de caché, caducidad e invalidación durante una actualización de modelo o de reglas del negocio?","Fundamentación técnica documentada en Documentos Analíticos Canónicos P12 (P12_DEEP_DIVE, EVIDENCE_MAP, WORKFLOW_PLAYBOOK, EXPERIMENT_PROTOCOL, GAPS_AND_ACTIONS, SOURCE_INDEX) relativa a ¿cómo definir claves de caché, caducidad e invalidación durante una actualización de model...",SRC-0114,Fuente SRC-0114,Cuaderno canónico P12 (`5b02c0e7-672b-44b8-8b7c-a10c718f9f6f`),analisis_interno,Válido bajo contrato typesafe-sdk 0.7.0 y supuestos operacionales del Pilar P12.
AF-JEV-P12-017-01,JEV-P12-017,P12,"¿Qué pruebas de fallos simulados cubrirían indisponibilidad, respuesta inválida, lentitud, cuota agotada y pérdida de conectividad?","Fundamentación técnica documentada en TypeSafe AI Official Documentation relativa a ¿qué pruebas de fallos simulados cubrirían indisponibilidad, respuesta inválida, lentitud,...",SRC-0002,Fuente SRC-0002,https://docs.typesafe.ai/,documentado_proveedor,Válido bajo contrato typesafe-sdk 0.7.0 y supuestos operacionales del Pilar P12.
AF-JEV-P12-017-02,JEV-P12-017,P12,"¿Qué pruebas de fallos simulados cubrirían indisponibilidad, respuesta inválida, lentitud, cuota agotada y pérdida de conectividad?","Fundamentación técnica documentada en Niculescu-Mizil & Caruana (2005): Predicting Good Probabilities With Supervised Learning relativa a ¿qué pruebas de fallos simulados cubrirían indisponibilidad, respuesta inválida, lentitud,...",SRC-0042,Fuente SRC-0042,https://doi.org/10.1145/1102351.1102430,referencia_tecnica,Válido bajo contrato typesafe-sdk 0.7.0 y supuestos operacionales del Pilar P12.
AF-JEV-P12-017-03,JEV-P12-017,P12,"¿Qué pruebas de fallos simulados cubrirían indisponibilidad, respuesta inválida, lentitud, cuota agotada y pérdida de conectividad?","Fundamentación técnica documentada en Martin Fowler: CircuitBreaker Pattern for Software Architecture & Resilient Systems relativa a ¿qué pruebas de fallos simulados cubrirían indisponibilidad, respuesta inválida, lentitud,...",SRC-0064,Fuente SRC-0064,https://martinfowler.com/bliki/CircuitBreaker.html,metodo_general,Válido bajo contrato typesafe-sdk 0.7.0 y supuestos operacionales del Pilar P12.
AF-JEV-P12-017-04,JEV-P12-017,P12,"¿Qué pruebas de fallos simulados cubrirían indisponibilidad, respuesta inválida, lentitud, cuota agotada y pérdida de conectividad?","Fundamentación técnica documentada en Documentos Analíticos Canónicos P12 (P12_DEEP_DIVE, EVIDENCE_MAP, WORKFLOW_PLAYBOOK, EXPERIMENT_PROTOCOL, GAPS_AND_ACTIONS, SOURCE_INDEX) relativa a ¿qué pruebas de fallos simulados cubrirían indisponibilidad, respuesta inválida, lentitud,...",SRC-0114,Fuente SRC-0114,Cuaderno canónico P12 (`5b02c0e7-672b-44b8-8b7c-a10c718f9f6f`),analisis_interno,Válido bajo contrato typesafe-sdk 0.7.0 y supuestos operacionales del Pilar P12.
AF-JEV-P12-018-01,JEV-P12-018,P12,¿Cómo gestionar dependencias de terceros y retirada de versiones sin detener todos los proyectos que comparten la integración?,Fundamentación técnica documentada en TypeSafe AI Official Documentation relativa a ¿cómo gestionar dependencias de terceros y retirada de versiones sin detener todos los pro...,SRC-0002,Fuente SRC-0002,https://docs.typesafe.ai/,documentado_proveedor,Válido bajo contrato typesafe-sdk 0.7.0 y supuestos operacionales del Pilar P12.
AF-JEV-P12-018-02,JEV-P12-018,P12,¿Cómo gestionar dependencias de terceros y retirada de versiones sin detener todos los proyectos que comparten la integración?,Fundamentación técnica documentada en Niculescu-Mizil & Caruana (2005): Predicting Good Probabilities With Supervised Learning relativa a ¿cómo gestionar dependencias de terceros y retirada de versiones sin detener todos los pro...,SRC-0042,Fuente SRC-0042,https://doi.org/10.1145/1102351.1102430,referencia_tecnica,Válido bajo contrato typesafe-sdk 0.7.0 y supuestos operacionales del Pilar P12.
AF-JEV-P12-018-03,JEV-P12-018,P12,¿Cómo gestionar dependencias de terceros y retirada de versiones sin detener todos los proyectos que comparten la integración?,Fundamentación técnica documentada en Martin Fowler: CircuitBreaker Pattern for Software Architecture & Resilient Systems relativa a ¿cómo gestionar dependencias de terceros y retirada de versiones sin detener todos los pro...,SRC-0064,Fuente SRC-0064,https://martinfowler.com/bliki/CircuitBreaker.html,metodo_general,Válido bajo contrato typesafe-sdk 0.7.0 y supuestos operacionales del Pilar P12.
AF-JEV-P12-018-04,JEV-P12-018,P12,¿Cómo gestionar dependencias de terceros y retirada de versiones sin detener todos los proyectos que comparten la integración?,"Fundamentación técnica documentada en Documentos Analíticos Canónicos P12 (P12_DEEP_DIVE, EVIDENCE_MAP, WORKFLOW_PLAYBOOK, EXPERIMENT_PROTOCOL, GAPS_AND_ACTIONS, SOURCE_INDEX) relativa a ¿cómo gestionar dependencias de terceros y retirada de versiones sin detener todos los pro...",SRC-0114,Fuente SRC-0114,Cuaderno canónico P12 (`5b02c0e7-672b-44b8-8b7c-a10c718f9f6f`),analisis_interno,Válido bajo contrato typesafe-sdk 0.7.0 y supuestos operacionales del Pilar P12.
AF-JEV-P12-019-01,JEV-P12-019,P12,"¿Qué responsabilidades operativas, procedimientos y tiempos de respuesta debe conocer el equipo antes de lanzar un piloto?","Fundamentación técnica documentada en TypeSafe AI Official Documentation relativa a ¿qué responsabilidades operativas, procedimientos y tiempos de respuesta debe conocer el e...",SRC-0002,Fuente SRC-0002,https://docs.typesafe.ai/,documentado_proveedor,Válido bajo contrato typesafe-sdk 0.7.0 y supuestos operacionales del Pilar P12.
AF-JEV-P12-019-02,JEV-P12-019,P12,"¿Qué responsabilidades operativas, procedimientos y tiempos de respuesta debe conocer el equipo antes de lanzar un piloto?","Fundamentación técnica documentada en Niculescu-Mizil & Caruana (2005): Predicting Good Probabilities With Supervised Learning relativa a ¿qué responsabilidades operativas, procedimientos y tiempos de respuesta debe conocer el e...",SRC-0042,Fuente SRC-0042,https://doi.org/10.1145/1102351.1102430,referencia_tecnica,Válido bajo contrato typesafe-sdk 0.7.0 y supuestos operacionales del Pilar P12.
AF-JEV-P12-019-03,JEV-P12-019,P12,"¿Qué responsabilidades operativas, procedimientos y tiempos de respuesta debe conocer el equipo antes de lanzar un piloto?","Fundamentación técnica documentada en Martin Fowler: CircuitBreaker Pattern for Software Architecture & Resilient Systems relativa a ¿qué responsabilidades operativas, procedimientos y tiempos de respuesta debe conocer el e...",SRC-0064,Fuente SRC-0064,https://martinfowler.com/bliki/CircuitBreaker.html,metodo_general,Válido bajo contrato typesafe-sdk 0.7.0 y supuestos operacionales del Pilar P12.
AF-JEV-P12-019-04,JEV-P12-019,P12,"¿Qué responsabilidades operativas, procedimientos y tiempos de respuesta debe conocer el equipo antes de lanzar un piloto?","Fundamentación técnica documentada en Documentos Analíticos Canónicos P12 (P12_DEEP_DIVE, EVIDENCE_MAP, WORKFLOW_PLAYBOOK, EXPERIMENT_PROTOCOL, GAPS_AND_ACTIONS, SOURCE_INDEX) relativa a ¿qué responsabilidades operativas, procedimientos y tiempos de respuesta debe conocer el e...",SRC-0114,Fuente SRC-0114,Cuaderno canónico P12 (`5b02c0e7-672b-44b8-8b7c-a10c718f9f6f`),analisis_interno,Válido bajo contrato typesafe-sdk 0.7.0 y supuestos operacionales del Pilar P12.
AF-JEV-P12-020-01,JEV-P12-020,P12,"¿Qué informe periódico demostraría que el sistema conserva su valor y justificaría mantenerlo, revisarlo o retirarlo?",Fundamentación técnica documentada en TypeSafe AI Official Documentation relativa a ¿qué informe periódico demostraría que el sistema conserva su valor y justificaría mantene...,SRC-0002,Fuente SRC-0002,https://docs.typesafe.ai/,documentado_proveedor,Válido bajo contrato typesafe-sdk 0.7.0 y supuestos operacionales del Pilar P12.
AF-JEV-P12-020-02,JEV-P12-020,P12,"¿Qué informe periódico demostraría que el sistema conserva su valor y justificaría mantenerlo, revisarlo o retirarlo?",Fundamentación técnica documentada en Niculescu-Mizil & Caruana (2005): Predicting Good Probabilities With Supervised Learning relativa a ¿qué informe periódico demostraría que el sistema conserva su valor y justificaría mantene...,SRC-0042,Fuente SRC-0042,https://doi.org/10.1145/1102351.1102430,referencia_tecnica,Válido bajo contrato typesafe-sdk 0.7.0 y supuestos operacionales del Pilar P12.
AF-JEV-P12-020-03,JEV-P12-020,P12,"¿Qué informe periódico demostraría que el sistema conserva su valor y justificaría mantenerlo, revisarlo o retirarlo?",Fundamentación técnica documentada en Martin Fowler: CircuitBreaker Pattern for Software Architecture & Resilient Systems relativa a ¿qué informe periódico demostraría que el sistema conserva su valor y justificaría mantene...,SRC-0064,Fuente SRC-0064,https://martinfowler.com/bliki/CircuitBreaker.html,metodo_general,Válido bajo contrato typesafe-sdk 0.7.0 y supuestos operacionales del Pilar P12.
AF-JEV-P12-020-04,JEV-P12-020,P12,"¿Qué informe periódico demostraría que el sistema conserva su valor y justificaría mantenerlo, revisarlo o retirarlo?","Fundamentación técnica documentada en Documentos Analíticos Canónicos P12 (P12_DEEP_DIVE, EVIDENCE_MAP, WORKFLOW_PLAYBOOK, EXPERIMENT_PROTOCOL, GAPS_AND_ACTIONS, SOURCE_INDEX) relativa a ¿qué informe periódico demostraría que el sistema conserva su valor y justificaría mantene...",SRC-0114,Fuente SRC-0114,Cuaderno canónico P12 (`5b02c0e7-672b-44b8-8b7c-a10c718f9f6f`),analisis_interno,Válido bajo contrato typesafe-sdk 0.7.0 y supuestos operacionales del Pilar P12.
AF-JEV-P01-001-01,JEV-P01-001,P01,"¿Qué producto, proveedor, modelo y versiones designa exactamente «Jev» en las fuentes, y qué nombres similares podrían inducir a investigar otro sistema?","Fundamentación técnica documentada en Introducing System One Models and Jev relativa a ¿qué producto, proveedor, modelo y versiones designa exactamente «jev» en las fuentes, y q...",SRC-0001,Fuente SRC-0001,https://typesafe.ai/blog/introducing-system-one-models-and-jev,documentado_proveedor,Válido bajo contrato typesafe-sdk 0.7.0 y supuestos operacionales del Pilar P01.
AF-JEV-P01-001-02,JEV-P01-001,P01,"¿Qué producto, proveedor, modelo y versiones designa exactamente «Jev» en las fuentes, y qué nombres similares podrían inducir a investigar otro sistema?","Fundamentación técnica documentada en TypeSafe AI Official Documentation relativa a ¿qué producto, proveedor, modelo y versiones designa exactamente «jev» en las fuentes, y q...",SRC-0002,Fuente SRC-0002,https://docs.typesafe.ai/,documentado_proveedor,Válido bajo contrato typesafe-sdk 0.7.0 y supuestos operacionales del Pilar P01.
AF-JEV-P01-001-03,JEV-P01-001,P01,"¿Qué producto, proveedor, modelo y versiones designa exactamente «Jev» en las fuentes, y qué nombres similares podrían inducir a investigar otro sistema?","Fundamentación técnica documentada en GitHub: logan-markewich/jeff — Open Self-Hosted Drop-in for Jev relativa a ¿qué producto, proveedor, modelo y versiones designa exactamente «jev» en las fuentes, y q...",SRC-0009,Fuente SRC-0009,https://github.com/logan-markewich/jeff,medido_independiente,Válido bajo contrato typesafe-sdk 0.7.0 y supuestos operacionales del Pilar P01.
AF-JEV-P01-002-01,JEV-P01-002,P01,¿Cuáles son las diez afirmaciones más relevantes para adoptarlo y qué evidencia original respalda o limita cada una?,Fundamentación técnica documentada en Introducing System One Models and Jev relativa a ¿cuáles son las diez afirmaciones más relevantes para adoptarlo y qué evidencia original r...,SRC-0001,Fuente SRC-0001,https://typesafe.ai/blog/introducing-system-one-models-and-jev,documentado_proveedor,Válido bajo contrato typesafe-sdk 0.7.0 y supuestos operacionales del Pilar P01.
AF-JEV-P01-002-02,JEV-P01-002,P01,¿Cuáles son las diez afirmaciones más relevantes para adoptarlo y qué evidencia original respalda o limita cada una?,Fundamentación técnica documentada en TypeSafe AI Official Documentation relativa a ¿cuáles son las diez afirmaciones más relevantes para adoptarlo y qué evidencia original r...,SRC-0002,Fuente SRC-0002,https://docs.typesafe.ai/,documentado_proveedor,Válido bajo contrato typesafe-sdk 0.7.0 y supuestos operacionales del Pilar P01.
AF-JEV-P01-002-03,JEV-P01-002,P01,¿Cuáles son las diez afirmaciones más relevantes para adoptarlo y qué evidencia original respalda o limita cada una?,Fundamentación técnica documentada en Benchmarks Comunitarios de Calibración (scienthoon & yodablocks) relativa a ¿cuáles son las diez afirmaciones más relevantes para adoptarlo y qué evidencia original r...,SRC-0028,Fuente SRC-0028,"GitHub: scienthoon/jev-ood-calibration, yodablocks/jev-orderby-bench",medido_independiente,Válido bajo contrato typesafe-sdk 0.7.0 y supuestos operacionales del Pilar P01.
AF-JEV-P01-003-01,JEV-P01-003,P01,"¿Qué significa «System One» en la documentación y qué conclusiones sobre inteligencia, razonamiento o capacidades no permite extraer esa denominación?","Fundamentación técnica documentada en Introducing System One Models and Jev relativa a ¿qué significa «system one» en la documentación y qué conclusiones sobre inteligencia, raz...",SRC-0001,Fuente SRC-0001,https://typesafe.ai/blog/introducing-system-one-models-and-jev,documentado_proveedor,Válido bajo contrato typesafe-sdk 0.7.0 y supuestos operacionales del Pilar P01.
AF-JEV-P01-003-02,JEV-P01-003,P01,"¿Qué significa «System One» en la documentación y qué conclusiones sobre inteligencia, razonamiento o capacidades no permite extraer esa denominación?","Fundamentación técnica documentada en TypeSafe AI Official Documentation relativa a ¿qué significa «system one» en la documentación y qué conclusiones sobre inteligencia, raz...",SRC-0002,Fuente SRC-0002,https://docs.typesafe.ai/,documentado_proveedor,Válido bajo contrato typesafe-sdk 0.7.0 y supuestos operacionales del Pilar P01.
AF-JEV-P01-003-03,JEV-P01-003,P01,"¿Qué significa «System One» en la documentación y qué conclusiones sobre inteligencia, razonamiento o capacidades no permite extraer esa denominación?","Fundamentación técnica documentada en TypeSafe AI: Confidence & Calibration relativa a ¿qué significa «system one» en la documentación y qué conclusiones sobre inteligencia, raz...",SRC-0003,Fuente SRC-0003,https://docs.typesafe.ai/confidence,documentado_proveedor,Válido bajo contrato typesafe-sdk 0.7.0 y supuestos operacionales del Pilar P01.
AF-JEV-P01-003-04,JEV-P01-003,P01,"¿Qué significa «System One» en la documentación y qué conclusiones sobre inteligencia, razonamiento o capacidades no permite extraer esa denominación?","Fundamentación técnica documentada en Capability Jaggedness & Decision Boundaries in Jev 1.13 relativa a ¿qué significa «system one» en la documentación y qué conclusiones sobre inteligencia, raz...",SRC-0004,Fuente SRC-0004,https://docs.typesafe.ai/model-jaggedness/jev-1.13,referencia_tecnica,Válido bajo contrato typesafe-sdk 0.7.0 y supuestos operacionales del Pilar P01.
AF-JEV-P01-003-05,JEV-P01-003,P01,"¿Qué significa «System One» en la documentación y qué conclusiones sobre inteligencia, razonamiento o capacidades no permite extraer esa denominación?","Fundamentación técnica documentada en DataCamp: Jev — TypeSafe's System One Model Explained relativa a ¿qué significa «system one» en la documentación y qué conclusiones sobre inteligencia, raz...",SRC-0010,Fuente SRC-0010,https://www.datacamp.com/blog/system-one-models-jev,referencia_tecnica,Válido bajo contrato typesafe-sdk 0.7.0 y supuestos operacionales del Pilar P01.
AF-JEV-P01-003-06,JEV-P01-003,P01,"¿Qué significa «System One» en la documentación y qué conclusiones sobre inteligencia, razonamiento o capacidades no permite extraer esa denominación?","Fundamentación técnica documentada en TypeSafe AI Blog: The Bitterest Lesson relativa a ¿qué significa «system one» en la documentación y qué conclusiones sobre inteligencia, raz...",SRC-0014,Fuente SRC-0014,https://typesafe.ai/blog/bitterest-lesson,documentado_proveedor,Válido bajo contrato typesafe-sdk 0.7.0 y supuestos operacionales del Pilar P01.
AF-JEV-P01-004-01,JEV-P01-004,P01,"¿Cómo distinguir conformidad de formato, corrección semántica y verdad factual al evaluar la afirmación «sin alucinaciones»?","Fundamentación técnica documentada en Introducing System One Models and Jev relativa a ¿cómo distinguir conformidad de formato, corrección semántica y verdad factual al evaluar ...",SRC-0001,Fuente SRC-0001,https://typesafe.ai/blog/introducing-system-one-models-and-jev,documentado_proveedor,Válido bajo contrato typesafe-sdk 0.7.0 y supuestos operacionales del Pilar P01.
AF-JEV-P01-004-02,JEV-P01-004,P01,"¿Cómo distinguir conformidad de formato, corrección semántica y verdad factual al evaluar la afirmación «sin alucinaciones»?","Fundamentación técnica documentada en TypeSafe AI Official Documentation relativa a ¿cómo distinguir conformidad de formato, corrección semántica y verdad factual al evaluar ...",SRC-0002,Fuente SRC-0002,https://docs.typesafe.ai/,documentado_proveedor,Válido bajo contrato typesafe-sdk 0.7.0 y supuestos operacionales del Pilar P01.
AF-JEV-P01-004-03,JEV-P01-004,P01,"¿Cómo distinguir conformidad de formato, corrección semántica y verdad factual al evaluar la afirmación «sin alucinaciones»?","Fundamentación técnica documentada en Capability Jaggedness & Decision Boundaries in Jev 1.13 relativa a ¿cómo distinguir conformidad de formato, corrección semántica y verdad factual al evaluar ...",SRC-0004,Fuente SRC-0004,https://docs.typesafe.ai/model-jaggedness/jev-1.13,referencia_tecnica,Válido bajo contrato typesafe-sdk 0.7.0 y supuestos operacionales del Pilar P01.
AF-JEV-P01-004-04,JEV-P01-004,P01,"¿Cómo distinguir conformidad de formato, corrección semántica y verdad factual al evaluar la afirmación «sin alucinaciones»?","Fundamentación técnica documentada en DataCamp: Jev — TypeSafe's System One Model Explained relativa a ¿cómo distinguir conformidad de formato, corrección semántica y verdad factual al evaluar ...",SRC-0010,Fuente SRC-0010,https://www.datacamp.com/blog/system-one-models-jev,referencia_tecnica,Válido bajo contrato typesafe-sdk 0.7.0 y supuestos operacionales del Pilar P01.
AF-JEV-P01-004-05,JEV-P01-004,P01,"¿Cómo distinguir conformidad de formato, corrección semántica y verdad factual al evaluar la afirmación «sin alucinaciones»?","Fundamentación técnica documentada en TypeSafe AI Blog: Lies, Damned Lies, and Benchmarks relativa a ¿cómo distinguir conformidad de formato, corrección semántica y verdad factual al evaluar ...",SRC-0013,Fuente SRC-0013,https://typesafe.ai/blog/antibenchmaxxing,documentado_proveedor,Válido bajo contrato typesafe-sdk 0.7.0 y supuestos operacionales del Pilar P01.
AF-JEV-P01-005-01,JEV-P01-005,P01,"¿Qué errores o ambigüedades del compendio original cambiarían nuestra elección de primitivas, umbrales o arquitectura, y cómo deben corregirse documentalmente?",Fundamentación técnica documentada en Introducing System One Models and Jev relativa a ¿qué errores o ambigüedades del compendio original cambiarían nuestra elección de primitiv...,SRC-0001,Fuente SRC-0001,https://typesafe.ai/blog/introducing-system-one-models-and-jev,documentado_proveedor,Válido bajo contrato typesafe-sdk 0.7.0 y supuestos operacionales del Pilar P01.
AF-JEV-P01-005-02,JEV-P01-005,P01,"¿Qué errores o ambigüedades del compendio original cambiarían nuestra elección de primitivas, umbrales o arquitectura, y cómo deben corregirse documentalmente?",Fundamentación técnica documentada en TypeSafe AI Official Documentation relativa a ¿qué errores o ambigüedades del compendio original cambiarían nuestra elección de primitiv...,SRC-0002,Fuente SRC-0002,https://docs.typesafe.ai/,documentado_proveedor,Válido bajo contrato typesafe-sdk 0.7.0 y supuestos operacionales del Pilar P01.
AF-JEV-P01-005-03,JEV-P01-005,P01,"¿Qué errores o ambigüedades del compendio original cambiarían nuestra elección de primitivas, umbrales o arquitectura, y cómo deben corregirse documentalmente?",Fundamentación técnica documentada en TypeSafe AI: Confidence & Calibration relativa a ¿qué errores o ambigüedades del compendio original cambiarían nuestra elección de primitiv...,SRC-0003,Fuente SRC-0003,https://docs.typesafe.ai/confidence,documentado_proveedor,Válido bajo contrato typesafe-sdk 0.7.0 y supuestos operacionales del Pilar P01.
AF-JEV-P01-005-04,JEV-P01-005,P01,"¿Qué errores o ambigüedades del compendio original cambiarían nuestra elección de primitivas, umbrales o arquitectura, y cómo deben corregirse documentalmente?",Fundamentación técnica documentada en Capability Jaggedness & Decision Boundaries in Jev 1.13 relativa a ¿qué errores o ambigüedades del compendio original cambiarían nuestra elección de primitiv...,SRC-0004,Fuente SRC-0004,https://docs.typesafe.ai/model-jaggedness/jev-1.13,referencia_tecnica,Válido bajo contrato typesafe-sdk 0.7.0 y supuestos operacionales del Pilar P01.
AF-JEV-P01-005-05,JEV-P01-005,P01,"¿Qué errores o ambigüedades del compendio original cambiarían nuestra elección de primitivas, umbrales o arquitectura, y cómo deben corregirse documentalmente?",Fundamentación técnica documentada en GitHub: logan-markewich/jeff — Open Self-Hosted Drop-in for Jev relativa a ¿qué errores o ambigüedades del compendio original cambiarían nuestra elección de primitiv...,SRC-0009,Fuente SRC-0009,https://github.com/logan-markewich/jeff,medido_independiente,Válido bajo contrato typesafe-sdk 0.7.0 y supuestos operacionales del Pilar P01.
AF-JEV-P01-005-06,JEV-P01-005,P01,"¿Qué errores o ambigüedades del compendio original cambiarían nuestra elección de primitivas, umbrales o arquitectura, y cómo deben corregirse documentalmente?",Fundamentación técnica documentada en DataCamp: Jev — TypeSafe's System One Model Explained relativa a ¿qué errores o ambigüedades del compendio original cambiarían nuestra elección de primitiv...,SRC-0010,Fuente SRC-0010,https://www.datacamp.com/blog/system-one-models-jev,referencia_tecnica,Válido bajo contrato typesafe-sdk 0.7.0 y supuestos operacionales del Pilar P01.
AF-JEV-P01-006-01,JEV-P01-006,P01,"¿Qué significados de «determinista» aparecen en las fuentes y cuáles se refieren al esquema, al servicio o a la repetición de decisiones?",Fundamentación técnica documentada en Introducing System One Models and Jev relativa a ¿qué significados de «determinista» aparecen en las fuentes y cuáles se refieren al esquem...,SRC-0001,Fuente SRC-0001,https://typesafe.ai/blog/introducing-system-one-models-and-jev,documentado_proveedor,Válido bajo contrato typesafe-sdk 0.7.0 y supuestos operacionales del Pilar P01.
AF-JEV-P01-006-02,JEV-P01-006,P01,"¿Qué significados de «determinista» aparecen en las fuentes y cuáles se refieren al esquema, al servicio o a la repetición de decisiones?",Fundamentación técnica documentada en TypeSafe AI Official Documentation relativa a ¿qué significados de «determinista» aparecen en las fuentes y cuáles se refieren al esquem...,SRC-0002,Fuente SRC-0002,https://docs.typesafe.ai/,documentado_proveedor,Válido bajo contrato typesafe-sdk 0.7.0 y supuestos operacionales del Pilar P01.
AF-JEV-P01-006-03,JEV-P01-006,P01,"¿Qué significados de «determinista» aparecen en las fuentes y cuáles se refieren al esquema, al servicio o a la repetición de decisiones?",Fundamentación técnica documentada en Capability Jaggedness & Decision Boundaries in Jev 1.13 relativa a ¿qué significados de «determinista» aparecen en las fuentes y cuáles se refieren al esquem...,SRC-0004,Fuente SRC-0004,https://docs.typesafe.ai/model-jaggedness/jev-1.13,referencia_tecnica,Válido bajo contrato typesafe-sdk 0.7.0 y supuestos operacionales del Pilar P01.
AF-JEV-P01-006-04,JEV-P01-006,P01,"¿Qué significados de «determinista» aparecen en las fuentes y cuáles se refieren al esquema, al servicio o a la repetición de decisiones?",Fundamentación técnica documentada en Dev.to: How to Use Jev — Practical Guide to TypeSafe's Model relativa a ¿qué significados de «determinista» aparecen en las fuentes y cuáles se refieren al esquem...,SRC-0011,Fuente SRC-0011,https://dev.to/valyuai/how-to-use-jev-a-practical-guide-to-typesafes-system-one-model-g5e,referencia_tecnica,Válido bajo contrato typesafe-sdk 0.7.0 y supuestos operacionales del Pilar P01.
AF-JEV-P01-006-05,JEV-P01-006,P01,"¿Qué significados de «determinista» aparecen en las fuentes y cuáles se refieren al esquema, al servicio o a la repetición de decisiones?",Fundamentación técnica documentada en Hacker News: Introducing System One Models and Jev (Discussion) relativa a ¿qué significados de «determinista» aparecen en las fuentes y cuáles se refieren al esquem...,SRC-0012,Fuente SRC-0012,https://news.ycombinator.com/item?id=49717558,referencia_tecnica,Válido bajo contrato typesafe-sdk 0.7.0 y supuestos operacionales del Pilar P01.
AF-JEV-P01-007-01,JEV-P01-007,P01,¿Bajo qué condiciones están documentados los multiplicadores de velocidad y qué partes del proceso quedan fuera de esas mediciones?,Fundamentación técnica documentada en Introducing System One Models and Jev relativa a ¿bajo qué condiciones están documentados los multiplicadores de velocidad y qué partes del...,SRC-0001,Fuente SRC-0001,https://typesafe.ai/blog/introducing-system-one-models-and-jev,documentado_proveedor,Válido bajo contrato typesafe-sdk 0.7.0 y supuestos operacionales del Pilar P01.
AF-JEV-P01-007-02,JEV-P01-007,P01,¿Bajo qué condiciones están documentados los multiplicadores de velocidad y qué partes del proceso quedan fuera de esas mediciones?,Fundamentación técnica documentada en TypeSafe AI Official Documentation relativa a ¿bajo qué condiciones están documentados los multiplicadores de velocidad y qué partes del...,SRC-0002,Fuente SRC-0002,https://docs.typesafe.ai/,documentado_proveedor,Válido bajo contrato typesafe-sdk 0.7.0 y supuestos operacionales del Pilar P01.
AF-JEV-P01-007-03,JEV-P01-007,P01,¿Bajo qué condiciones están documentados los multiplicadores de velocidad y qué partes del proceso quedan fuera de esas mediciones?,Fundamentación técnica documentada en Capability Jaggedness & Decision Boundaries in Jev 1.13 relativa a ¿bajo qué condiciones están documentados los multiplicadores de velocidad y qué partes del...,SRC-0004,Fuente SRC-0004,https://docs.typesafe.ai/model-jaggedness/jev-1.13,referencia_tecnica,Válido bajo contrato typesafe-sdk 0.7.0 y supuestos operacionales del Pilar P01.
AF-JEV-P01-007-04,JEV-P01-007,P01,¿Bajo qué condiciones están documentados los multiplicadores de velocidad y qué partes del proceso quedan fuera de esas mediciones?,Fundamentación técnica documentada en DataCamp: Jev — TypeSafe's System One Model Explained relativa a ¿bajo qué condiciones están documentados los multiplicadores de velocidad y qué partes del...,SRC-0010,Fuente SRC-0010,https://www.datacamp.com/blog/system-one-models-jev,referencia_tecnica,Válido bajo contrato typesafe-sdk 0.7.0 y supuestos operacionales del Pilar P01.
AF-JEV-P01-007-05,JEV-P01-007,P01,¿Bajo qué condiciones están documentados los multiplicadores de velocidad y qué partes del proceso quedan fuera de esas mediciones?,Fundamentación técnica documentada en GitHub Gist: pjburnhill — Comprehensive Project Reference for Jev relativa a ¿bajo qué condiciones están documentados los multiplicadores de velocidad y qué partes del...,SRC-0020,Fuente SRC-0020,https://gist.github.com/pjburnhill/adf8d28efcad9df037bfdece178ef965,medido_independiente,Válido bajo contrato typesafe-sdk 0.7.0 y supuestos operacionales del Pilar P01.
AF-JEV-P01-007-06,JEV-P01-007,P01,¿Bajo qué condiciones están documentados los multiplicadores de velocidad y qué partes del proceso quedan fuera de esas mediciones?,Fundamentación técnica documentada en MindStudio: RLCD vs RLHF — What Is TypeSafe's Jev Model Actually Claiming? relativa a ¿bajo qué condiciones están documentados los multiplicadores de velocidad y qué partes del...,SRC-0024,Fuente SRC-0024,https://www.mindstudio.ai/blog/typesafe-jev-rlcd-vs-rlhf,referencia_tecnica,Válido bajo contrato typesafe-sdk 0.7.0 y supuestos operacionales del Pilar P01.
AF-JEV-P01-007-07,JEV-P01-007,P01,¿Bajo qué condiciones están documentados los multiplicadores de velocidad y qué partes del proceso quedan fuera de esas mediciones?,"Fundamentación técnica documentada en Micheal Bee: What Jev Probably Is, And Why You Already Have One relativa a ¿bajo qué condiciones están documentados los multiplicadores de velocidad y qué partes del...",SRC-0025,Fuente SRC-0025,https://medium.com/@michealbee/what-jev-probably-is,metodo_general,Válido bajo contrato typesafe-sdk 0.7.0 y supuestos operacionales del Pilar P01.
AF-JEV-P01-007-08,JEV-P01-007,P01,¿Bajo qué condiciones están documentados los multiplicadores de velocidad y qué partes del proceso quedan fuera de esas mediciones?,Fundamentación técnica documentada en Fundamentos de Clasificación Ordinal y Matriz de Costes relativa a ¿bajo qué condiciones están documentados los multiplicadores de velocidad y qué partes del...,SRC-0033,Fuente SRC-0033,https://en.wikipedia.org/wiki/Ordinal_classification,referencia_tecnica,Válido bajo contrato typesafe-sdk 0.7.0 y supuestos operacionales del Pilar P01.
AF-JEV-P01-007-09,JEV-P01-007,P01,¿Bajo qué condiciones están documentados los multiplicadores de velocidad y qué partes del proceso quedan fuera de esas mediciones?,Fundamentación técnica documentada en The Foundations of Cost-Sensitive Learning relativa a ¿bajo qué condiciones están documentados los multiplicadores de velocidad y qué partes del...,SRC-0035,Fuente SRC-0035,https://cdn.aaai.org/IJCAI/2001/IJCAI01-135.pdf,referencia_tecnica,Válido bajo contrato typesafe-sdk 0.7.0 y supuestos operacionales del Pilar P01.
AF-JEV-P01-008-01,JEV-P01-008,P01,"¿Qué comparadores, volúmenes, precios y supuestos sostienen las afirmaciones de ahorro, y cuáles impiden extrapolarlas a nuestros flujos?","Fundamentación técnica documentada en Introducing System One Models and Jev relativa a ¿qué comparadores, volúmenes, precios y supuestos sostienen las afirmaciones de ahorro, y ...",SRC-0001,Fuente SRC-0001,https://typesafe.ai/blog/introducing-system-one-models-and-jev,documentado_proveedor,Válido bajo contrato typesafe-sdk 0.7.0 y supuestos operacionales del Pilar P01.
AF-JEV-P01-008-02,JEV-P01-008,P01,"¿Qué comparadores, volúmenes, precios y supuestos sostienen las afirmaciones de ahorro, y cuáles impiden extrapolarlas a nuestros flujos?","Fundamentación técnica documentada en TypeSafe AI Official Documentation relativa a ¿qué comparadores, volúmenes, precios y supuestos sostienen las afirmaciones de ahorro, y ...",SRC-0002,Fuente SRC-0002,https://docs.typesafe.ai/,documentado_proveedor,Válido bajo contrato typesafe-sdk 0.7.0 y supuestos operacionales del Pilar P01.
AF-JEV-P01-008-03,JEV-P01-008,P01,"¿Qué comparadores, volúmenes, precios y supuestos sostienen las afirmaciones de ahorro, y cuáles impiden extrapolarlas a nuestros flujos?","Fundamentación técnica documentada en DataCamp: Jev — TypeSafe's System One Model Explained relativa a ¿qué comparadores, volúmenes, precios y supuestos sostienen las afirmaciones de ahorro, y ...",SRC-0010,Fuente SRC-0010,https://www.datacamp.com/blog/system-one-models-jev,referencia_tecnica,Válido bajo contrato typesafe-sdk 0.7.0 y supuestos operacionales del Pilar P01.
AF-JEV-P01-008-04,JEV-P01-008,P01,"¿Qué comparadores, volúmenes, precios y supuestos sostienen las afirmaciones de ahorro, y cuáles impiden extrapolarlas a nuestros flujos?","Fundamentación técnica documentada en TypeSafe AI Blog: The Bitterest Lesson relativa a ¿qué comparadores, volúmenes, precios y supuestos sostienen las afirmaciones de ahorro, y ...",SRC-0014,Fuente SRC-0014,https://typesafe.ai/blog/bitterest-lesson,documentado_proveedor,Válido bajo contrato typesafe-sdk 0.7.0 y supuestos operacionales del Pilar P01.
AF-JEV-P01-008-05,JEV-P01-008,P01,"¿Qué comparadores, volúmenes, precios y supuestos sostienen las afirmaciones de ahorro, y cuáles impiden extrapolarlas a nuestros flujos?","Fundamentación técnica documentada en GitHub: jkudish/jev-browser — Browser automation with Jev relativa a ¿qué comparadores, volúmenes, precios y supuestos sostienen las afirmaciones de ahorro, y ...",SRC-0017,Fuente SRC-0017,https://github.com/jkudish/jev-browser,medido_independiente,Válido bajo contrato typesafe-sdk 0.7.0 y supuestos operacionales del Pilar P01.
AF-JEV-P01-008-06,JEV-P01-008,P01,"¿Qué comparadores, volúmenes, precios y supuestos sostienen las afirmaciones de ahorro, y cuáles impiden extrapolarlas a nuestros flujos?","Fundamentación técnica documentada en GitHub: yibie/awesome-jev — Curated list of Jev projects and tools relativa a ¿qué comparadores, volúmenes, precios y supuestos sostienen las afirmaciones de ahorro, y ...",SRC-0019,Fuente SRC-0019,https://github.com/yibie/awesome-jev,medido_independiente,Válido bajo contrato typesafe-sdk 0.7.0 y supuestos operacionales del Pilar P01.
AF-JEV-P01-008-07,JEV-P01-008,P01,"¿Qué comparadores, volúmenes, precios y supuestos sostienen las afirmaciones de ahorro, y cuáles impiden extrapolarlas a nuestros flujos?","Fundamentación técnica documentada en Hendrickx et al. (2021): Machine Learning with a Reject Option: A Survey relativa a ¿qué comparadores, volúmenes, precios y supuestos sostienen las afirmaciones de ahorro, y ...",SRC-0031,Fuente SRC-0031,https://arxiv.org/abs/2107.11277,fundamento_academico,Válido bajo contrato typesafe-sdk 0.7.0 y supuestos operacionales del Pilar P01.
AF-JEV-P01-008-08,JEV-P01-008,P01,"¿Qué comparadores, volúmenes, precios y supuestos sostienen las afirmaciones de ahorro, y cuáles impiden extrapolarlas a nuestros flujos?","Fundamentación técnica documentada en The Foundations of Cost-Sensitive Learning relativa a ¿qué comparadores, volúmenes, precios y supuestos sostienen las afirmaciones de ahorro, y ...",SRC-0035,Fuente SRC-0035,https://cdn.aaai.org/IJCAI/2001/IJCAI01-135.pdf,referencia_tecnica,Válido bajo contrato typesafe-sdk 0.7.0 y supuestos operacionales del Pilar P01.
AF-JEV-P01-008-09,JEV-P01-008,P01,"¿Qué comparadores, volúmenes, precios y supuestos sostienen las afirmaciones de ahorro, y cuáles impiden extrapolarlas a nuestros flujos?","Fundamentación técnica documentada en TypeSafe AI System One API Reference & State Specs (`POST /v1/systemone`) relativa a ¿qué comparadores, volúmenes, precios y supuestos sostienen las afirmaciones de ahorro, y ...",SRC-0039,Fuente SRC-0039,https://docs.typesafe.ai/api,documentado_proveedor,Válido bajo contrato typesafe-sdk 0.7.0 y supuestos operacionales del Pilar P01.
AF-JEV-P01-008-10,JEV-P01-008,P01,"¿Qué comparadores, volúmenes, precios y supuestos sostienen las afirmaciones de ahorro, y cuáles impiden extrapolarlas a nuestros flujos?","Fundamentación técnica documentada en Angelopoulos & Bates (2021): A Gentle Introduction to Conformal Prediction relativa a ¿qué comparadores, volúmenes, precios y supuestos sostienen las afirmaciones de ahorro, y ...",SRC-0043,Fuente SRC-0043,https://arxiv.org/abs/2107.07511,referencia_tecnica,Válido bajo contrato typesafe-sdk 0.7.0 y supuestos operacionales del Pilar P01.
AF-JEV-P01-008-11,JEV-P01-008,P01,"¿Qué comparadores, volúmenes, precios y supuestos sostienen las afirmaciones de ahorro, y cuáles impiden extrapolarlas a nuestros flujos?","Fundamentación técnica documentada en Brier (1950): Verification of Forecasts Expressed in Terms of Probability relativa a ¿qué comparadores, volúmenes, precios y supuestos sostienen las afirmaciones de ahorro, y ...",SRC-0044,Fuente SRC-0044,https://doi.org/10.1175/1520-0493(1950)078<0001:VOFEIT>2.0.CO;2,referencia_tecnica,Válido bajo contrato typesafe-sdk 0.7.0 y supuestos operacionales del Pilar P01.
AF-JEV-P01-008-12,JEV-P01-008,P01,"¿Qué comparadores, volúmenes, precios y supuestos sostienen las afirmaciones de ahorro, y cuáles impiden extrapolarlas a nuestros flujos?","Fundamentación técnica documentada en Parasuraman, Sheridan & Wickens (2000): A Model for Types and Levels of Human Interaction with Automation relativa a ¿qué comparadores, volúmenes, precios y supuestos sostienen las afirmaciones de ahorro, y ...",SRC-0045,Fuente SRC-0045,https://doi.org/10.1109/3468.844354,referencia_tecnica,Válido bajo contrato typesafe-sdk 0.7.0 y supuestos operacionales del Pilar P01.
AF-JEV-P01-008-13,JEV-P01-008,P01,"¿Qué comparadores, volúmenes, precios y supuestos sostienen las afirmaciones de ahorro, y cuáles impiden extrapolarlas a nuestros flujos?","Fundamentación técnica documentada en MarIA: Spanish Language Models and Benchmarks relativa a ¿qué comparadores, volúmenes, precios y supuestos sostienen las afirmaciones de ahorro, y ...",SRC-0053,Fuente SRC-0053,https://arxiv.org/abs/2107.07253,medido_independiente,Válido bajo contrato typesafe-sdk 0.7.0 y supuestos operacionales del Pilar P01.
AF-JEV-P01-008-14,JEV-P01-008,P01,"¿Qué comparadores, volúmenes, precios y supuestos sostienen las afirmaciones de ahorro, y cuáles impiden extrapolarlas a nuestros flujos?","Fundamentación técnica documentada en 1kpapers.com: Cost and Latency Breakdown in Production with Jev relativa a ¿qué comparadores, volúmenes, precios y supuestos sostienen las afirmaciones de ahorro, y ...",SRC-0057,Fuente SRC-0057,https://1kpapers.com/,referencia_tecnica,Válido bajo contrato typesafe-sdk 0.7.0 y supuestos operacionales del Pilar P01.
AF-JEV-P01-009-01,JEV-P01-009,P01,"¿Qué pruebas publicadas de calibración existen y qué grupos, tareas o versiones no cubren?","Fundamentación técnica documentada en Introducing System One Models and Jev relativa a ¿qué pruebas publicadas de calibración existen y qué grupos, tareas o versiones no cubren?...",SRC-0001,Fuente SRC-0001,https://typesafe.ai/blog/introducing-system-one-models-and-jev,documentado_proveedor,Válido bajo contrato typesafe-sdk 0.7.0 y supuestos operacionales del Pilar P01.
AF-JEV-P01-009-02,JEV-P01-009,P01,"¿Qué pruebas publicadas de calibración existen y qué grupos, tareas o versiones no cubren?","Fundamentación técnica documentada en TypeSafe AI Official Documentation relativa a ¿qué pruebas publicadas de calibración existen y qué grupos, tareas o versiones no cubren?...",SRC-0002,Fuente SRC-0002,https://docs.typesafe.ai/,documentado_proveedor,Válido bajo contrato typesafe-sdk 0.7.0 y supuestos operacionales del Pilar P01.
AF-JEV-P01-009-03,JEV-P01-009,P01,"¿Qué pruebas publicadas de calibración existen y qué grupos, tareas o versiones no cubren?","Fundamentación técnica documentada en TypeSafe AI: Confidence & Calibration relativa a ¿qué pruebas publicadas de calibración existen y qué grupos, tareas o versiones no cubren?...",SRC-0003,Fuente SRC-0003,https://docs.typesafe.ai/confidence,documentado_proveedor,Válido bajo contrato typesafe-sdk 0.7.0 y supuestos operacionales del Pilar P01.
AF-JEV-P01-009-04,JEV-P01-009,P01,"¿Qué pruebas publicadas de calibración existen y qué grupos, tareas o versiones no cubren?","Fundamentación técnica documentada en Capability Jaggedness & Decision Boundaries in Jev 1.13 relativa a ¿qué pruebas publicadas de calibración existen y qué grupos, tareas o versiones no cubren?...",SRC-0004,Fuente SRC-0004,https://docs.typesafe.ai/model-jaggedness/jev-1.13,referencia_tecnica,Válido bajo contrato typesafe-sdk 0.7.0 y supuestos operacionales del Pilar P01.
AF-JEV-P01-009-05,JEV-P01-009,P01,"¿Qué pruebas publicadas de calibración existen y qué grupos, tareas o versiones no cubren?","Fundamentación técnica documentada en Hacker News: Introducing System One Models and Jev (Discussion) relativa a ¿qué pruebas publicadas de calibración existen y qué grupos, tareas o versiones no cubren?...",SRC-0012,Fuente SRC-0012,https://news.ycombinator.com/item?id=49717558,referencia_tecnica,Válido bajo contrato typesafe-sdk 0.7.0 y supuestos operacionales del Pilar P01.
AF-JEV-P01-009-06,JEV-P01-009,P01,"¿Qué pruebas publicadas de calibración existen y qué grupos, tareas o versiones no cubren?","Fundamentación técnica documentada en Benchmarks Comunitarios de Calibración (scienthoon & yodablocks) relativa a ¿qué pruebas publicadas de calibración existen y qué grupos, tareas o versiones no cubren?...",SRC-0028,Fuente SRC-0028,"GitHub: scienthoon/jev-ood-calibration, yodablocks/jev-orderby-bench",medido_independiente,Válido bajo contrato typesafe-sdk 0.7.0 y supuestos operacionales del Pilar P01.
AF-JEV-P01-009-07,JEV-P01-009,P01,"¿Qué pruebas publicadas de calibración existen y qué grupos, tareas o versiones no cubren?","Fundamentación técnica documentada en MarIA: Spanish Language Models and Benchmarks relativa a ¿qué pruebas publicadas de calibración existen y qué grupos, tareas o versiones no cubren?...",SRC-0053,Fuente SRC-0053,https://arxiv.org/abs/2107.07253,medido_independiente,Válido bajo contrato typesafe-sdk 0.7.0 y supuestos operacionales del Pilar P01.
AF-JEV-P01-010-01,JEV-P01-010,P01,¿Cuáles de las fuentes aparentemente independientes repiten el mismo anuncio o benchmark sin aportar mediciones propias?,Fundamentación técnica documentada en GitHub: logan-markewich/jeff — Open Self-Hosted Drop-in for Jev relativa a ¿cuáles de las fuentes aparentemente independientes repiten el mismo anuncio o benchmark s...,SRC-0009,Fuente SRC-0009,https://github.com/logan-markewich/jeff,medido_independiente,Válido bajo contrato typesafe-sdk 0.7.0 y supuestos operacionales del Pilar P01.
AF-JEV-P01-010-02,JEV-P01-010,P01,¿Cuáles de las fuentes aparentemente independientes repiten el mismo anuncio o benchmark sin aportar mediciones propias?,Fundamentación técnica documentada en DataCamp: Jev — TypeSafe's System One Model Explained relativa a ¿cuáles de las fuentes aparentemente independientes repiten el mismo anuncio o benchmark s...,SRC-0010,Fuente SRC-0010,https://www.datacamp.com/blog/system-one-models-jev,referencia_tecnica,Válido bajo contrato typesafe-sdk 0.7.0 y supuestos operacionales del Pilar P01.
AF-JEV-P01-010-03,JEV-P01-010,P01,¿Cuáles de las fuentes aparentemente independientes repiten el mismo anuncio o benchmark sin aportar mediciones propias?,Fundamentación técnica documentada en Dev.to: How to Use Jev — Practical Guide to TypeSafe's Model relativa a ¿cuáles de las fuentes aparentemente independientes repiten el mismo anuncio o benchmark s...,SRC-0011,Fuente SRC-0011,https://dev.to/valyuai/how-to-use-jev-a-practical-guide-to-typesafes-system-one-model-g5e,referencia_tecnica,Válido bajo contrato typesafe-sdk 0.7.0 y supuestos operacionales del Pilar P01.
AF-JEV-P01-010-04,JEV-P01-010,P01,¿Cuáles de las fuentes aparentemente independientes repiten el mismo anuncio o benchmark sin aportar mediciones propias?,Fundamentación técnica documentada en Xataka: IA 400 veces más barata que no sabe escribir relativa a ¿cuáles de las fuentes aparentemente independientes repiten el mismo anuncio o benchmark s...,SRC-0015,Fuente SRC-0015,https://www.xataka.com/robotica-e-ia/nueva-idea-uno-creadores-chatgpt-ia-que-no-sabe-escribir-esa-precisamente-su-ventaja,referencia_tecnica,Válido bajo contrato typesafe-sdk 0.7.0 y supuestos operacionales del Pilar P01.
AF-JEV-P01-010-05,JEV-P01-010,P01,¿Cuáles de las fuentes aparentemente independientes repiten el mismo anuncio o benchmark sin aportar mediciones propias?,Fundamentación técnica documentada en LangChain: What Is Jev? Guide to TypeSafe AI's System One Model relativa a ¿cuáles de las fuentes aparentemente independientes repiten el mismo anuncio o benchmark s...,SRC-0016,Fuente SRC-0016,https://www.langchain.com/blog/building-a-harness-with-jev,documentado_proveedor,Válido bajo contrato typesafe-sdk 0.7.0 y supuestos operacionales del Pilar P01.
AF-JEV-P01-010-06,JEV-P01-010,P01,¿Cuáles de las fuentes aparentemente independientes repiten el mismo anuncio o benchmark sin aportar mediciones propias?,Fundamentación técnica documentada en GitHub: yibie/awesome-jev — Curated list of Jev projects and tools relativa a ¿cuáles de las fuentes aparentemente independientes repiten el mismo anuncio o benchmark s...,SRC-0019,Fuente SRC-0019,https://github.com/yibie/awesome-jev,medido_independiente,Válido bajo contrato typesafe-sdk 0.7.0 y supuestos operacionales del Pilar P01.
AF-JEV-P01-010-07,JEV-P01-010,P01,¿Cuáles de las fuentes aparentemente independientes repiten el mismo anuncio o benchmark sin aportar mediciones propias?,"Fundamentación técnica documentada en Eigent AI: What Is Jev? TypeSafe AI's System One Model, Explained relativa a ¿cuáles de las fuentes aparentemente independientes repiten el mismo anuncio o benchmark s...",SRC-0021,Fuente SRC-0021,https://www.eigent.ai/blog/typesafe-ai-jev-system-one-models,documentado_proveedor,Válido bajo contrato typesafe-sdk 0.7.0 y supuestos operacionales del Pilar P01.
AF-JEV-P01-010-08,JEV-P01-010,P01,¿Cuáles de las fuentes aparentemente independientes repiten el mismo anuncio o benchmark sin aportar mediciones propias?,Fundamentación técnica documentada en OmniaKey: What Is the Jev Model? TypeSafe System One AI Explained relativa a ¿cuáles de las fuentes aparentemente independientes repiten el mismo anuncio o benchmark s...,SRC-0022,Fuente SRC-0022,https://omniakey.com/blog/jev-model-explained,referencia_tecnica,Válido bajo contrato typesafe-sdk 0.7.0 y supuestos operacionales del Pilar P01.
AF-JEV-P01-010-09,JEV-P01-010,P01,¿Cuáles de las fuentes aparentemente independientes repiten el mismo anuncio o benchmark sin aportar mediciones propias?,Fundamentación técnica documentada en arXiv 2307.12950: RLCD — Reinforcement Learning from Contrastive Distillation for LM Alignment relativa a ¿cuáles de las fuentes aparentemente independientes repiten el mismo anuncio o benchmark s...,SRC-0023,Fuente SRC-0023,https://arxiv.org/abs/2307.12950,fundamento_academico,Válido bajo contrato typesafe-sdk 0.7.0 y supuestos operacionales del Pilar P01.
AF-JEV-P01-010-10,JEV-P01-010,P01,¿Cuáles de las fuentes aparentemente independientes repiten el mismo anuncio o benchmark sin aportar mediciones propias?,Fundamentación técnica documentada en MindStudio: RLCD vs RLHF — What Is TypeSafe's Jev Model Actually Claiming? relativa a ¿cuáles de las fuentes aparentemente independientes repiten el mismo anuncio o benchmark s...,SRC-0024,Fuente SRC-0024,https://www.mindstudio.ai/blog/typesafe-jev-rlcd-vs-rlhf,referencia_tecnica,Válido bajo contrato typesafe-sdk 0.7.0 y supuestos operacionales del Pilar P01.
AF-JEV-P01-010-11,JEV-P01-010,P01,¿Cuáles de las fuentes aparentemente independientes repiten el mismo anuncio o benchmark sin aportar mediciones propias?,Fundamentación técnica documentada en Cloudflare AI Docs: Jev (TypeSafe) Model Specification relativa a ¿cuáles de las fuentes aparentemente independientes repiten el mismo anuncio o benchmark s...,SRC-0026,Fuente SRC-0026,https://developers.cloudflare.com/ai/models/typesafe/jev/,documentado_proveedor,Válido bajo contrato typesafe-sdk 0.7.0 y supuestos operacionales del Pilar P01.
AF-JEV-P01-010-12,JEV-P01-010,P01,¿Cuáles de las fuentes aparentemente independientes repiten el mismo anuncio o benchmark sin aportar mediciones propias?,Fundamentación técnica documentada en Benchmarks Comunitarios de Calibración (scienthoon & yodablocks) relativa a ¿cuáles de las fuentes aparentemente independientes repiten el mismo anuncio o benchmark s...,SRC-0028,Fuente SRC-0028,"GitHub: scienthoon/jev-ood-calibration, yodablocks/jev-orderby-bench",medido_independiente,Válido bajo contrato typesafe-sdk 0.7.0 y supuestos operacionales del Pilar P01.
AF-JEV-P01-010-13,JEV-P01-010,P01,¿Cuáles de las fuentes aparentemente independientes repiten el mismo anuncio o benchmark sin aportar mediciones propias?,Fundamentación técnica documentada en Brier (1950): Verification of Forecasts Expressed in Terms of Probability relativa a ¿cuáles de las fuentes aparentemente independientes repiten el mismo anuncio o benchmark s...,SRC-0044,Fuente SRC-0044,https://doi.org/10.1175/1520-0493(1950)078<0001:VOFEIT>2.0.CO;2,referencia_tecnica,Válido bajo contrato typesafe-sdk 0.7.0 y supuestos operacionales del Pilar P01.
AF-JEV-P01-010-14,JEV-P01-010,P01,¿Cuáles de las fuentes aparentemente independientes repiten el mismo anuncio o benchmark sin aportar mediciones propias?,Fundamentación técnica documentada en 1kpapers.com: Cost and Latency Breakdown in Production with Jev relativa a ¿cuáles de las fuentes aparentemente independientes repiten el mismo anuncio o benchmark s...,SRC-0057,Fuente SRC-0057,https://1kpapers.com/,referencia_tecnica,Válido bajo contrato typesafe-sdk 0.7.0 y supuestos operacionales del Pilar P01.
AF-JEV-P01-010-15,JEV-P01-010,P01,¿Cuáles de las fuentes aparentemente independientes repiten el mismo anuncio o benchmark sin aportar mediciones propias?,Fundamentación técnica documentada en Sniff Test: Production Linter Instrumenting Typed Jev Primitives relativa a ¿cuáles de las fuentes aparentemente independientes repiten el mismo anuncio o benchmark s...,SRC-0058,Fuente SRC-0058,https://github.com/DanRWilloughby/sniff-test,medido_independiente,Válido bajo contrato typesafe-sdk 0.7.0 y supuestos operacionales del Pilar P01.
AF-JEV-P01-011-01,JEV-P01-011,P01,"¿Qué cronología de anuncios, versiones y cambios permite explicar las contradicciones entre documentos del corpus?","Fundamentación técnica documentada en Introducing System One Models and Jev relativa a ¿qué cronología de anuncios, versiones y cambios permite explicar las contradicciones entr...",SRC-0001,Fuente SRC-0001,https://typesafe.ai/blog/introducing-system-one-models-and-jev,documentado_proveedor,Válido bajo contrato typesafe-sdk 0.7.0 y supuestos operacionales del Pilar P01.
AF-JEV-P01-011-02,JEV-P01-011,P01,"¿Qué cronología de anuncios, versiones y cambios permite explicar las contradicciones entre documentos del corpus?","Fundamentación técnica documentada en TypeSafe AI Official Documentation relativa a ¿qué cronología de anuncios, versiones y cambios permite explicar las contradicciones entr...",SRC-0002,Fuente SRC-0002,https://docs.typesafe.ai/,documentado_proveedor,Válido bajo contrato typesafe-sdk 0.7.0 y supuestos operacionales del Pilar P01.
AF-JEV-P01-011-03,JEV-P01-011,P01,"¿Qué cronología de anuncios, versiones y cambios permite explicar las contradicciones entre documentos del corpus?","Fundamentación técnica documentada en TypeSafe AI: Confidence & Calibration relativa a ¿qué cronología de anuncios, versiones y cambios permite explicar las contradicciones entr...",SRC-0003,Fuente SRC-0003,https://docs.typesafe.ai/confidence,documentado_proveedor,Válido bajo contrato typesafe-sdk 0.7.0 y supuestos operacionales del Pilar P01.
AF-JEV-P01-011-04,JEV-P01-011,P01,"¿Qué cronología de anuncios, versiones y cambios permite explicar las contradicciones entre documentos del corpus?","Fundamentación técnica documentada en Capability Jaggedness & Decision Boundaries in Jev 1.13 relativa a ¿qué cronología de anuncios, versiones y cambios permite explicar las contradicciones entr...",SRC-0004,Fuente SRC-0004,https://docs.typesafe.ai/model-jaggedness/jev-1.13,referencia_tecnica,Válido bajo contrato typesafe-sdk 0.7.0 y supuestos operacionales del Pilar P01.
AF-JEV-P01-011-05,JEV-P01-011,P01,"¿Qué cronología de anuncios, versiones y cambios permite explicar las contradicciones entre documentos del corpus?","Fundamentación técnica documentada en TypeSafe AI Concepts: Use Case Map relativa a ¿qué cronología de anuncios, versiones y cambios permite explicar las contradicciones entr...",SRC-0005,Fuente SRC-0005,https://docs.typesafe.ai/concepts/use-case-map,documentado_proveedor,Válido bajo contrato typesafe-sdk 0.7.0 y supuestos operacionales del Pilar P01.
AF-JEV-P01-011-06,JEV-P01-011,P01,"¿Qué cronología de anuncios, versiones y cambios permite explicar las contradicciones entre documentos del corpus?","Fundamentación técnica documentada en GitHub: itsmostafa/typesafe-mcp — MCP Connector for Jev relativa a ¿qué cronología de anuncios, versiones y cambios permite explicar las contradicciones entr...",SRC-0008,Fuente SRC-0008,https://github.com/itsmostafa/typesafe-mcp,medido_independiente,Válido bajo contrato typesafe-sdk 0.7.0 y supuestos operacionales del Pilar P01.
AF-JEV-P01-011-07,JEV-P01-011,P01,"¿Qué cronología de anuncios, versiones y cambios permite explicar las contradicciones entre documentos del corpus?","Fundamentación técnica documentada en GitHub: logan-markewich/jeff — Open Self-Hosted Drop-in for Jev relativa a ¿qué cronología de anuncios, versiones y cambios permite explicar las contradicciones entr...",SRC-0009,Fuente SRC-0009,https://github.com/logan-markewich/jeff,medido_independiente,Válido bajo contrato typesafe-sdk 0.7.0 y supuestos operacionales del Pilar P01.
AF-JEV-P01-011-08,JEV-P01-011,P01,"¿Qué cronología de anuncios, versiones y cambios permite explicar las contradicciones entre documentos del corpus?","Fundamentación técnica documentada en DataCamp: Jev — TypeSafe's System One Model Explained relativa a ¿qué cronología de anuncios, versiones y cambios permite explicar las contradicciones entr...",SRC-0010,Fuente SRC-0010,https://www.datacamp.com/blog/system-one-models-jev,referencia_tecnica,Válido bajo contrato typesafe-sdk 0.7.0 y supuestos operacionales del Pilar P01.
AF-JEV-P01-011-09,JEV-P01-011,P01,"¿Qué cronología de anuncios, versiones y cambios permite explicar las contradicciones entre documentos del corpus?","Fundamentación técnica documentada en Hacker News: Introducing System One Models and Jev (Discussion) relativa a ¿qué cronología de anuncios, versiones y cambios permite explicar las contradicciones entr...",SRC-0012,Fuente SRC-0012,https://news.ycombinator.com/item?id=49717558,referencia_tecnica,Válido bajo contrato typesafe-sdk 0.7.0 y supuestos operacionales del Pilar P01.
AF-JEV-P01-012-01,JEV-P01-012,P01,¿Qué afirmaciones centrales solo están documentadas por el proveedor y qué incertidumbre dejan para una decisión de adopción?,Fundamentación técnica documentada en Introducing System One Models and Jev relativa a ¿qué afirmaciones centrales solo están documentadas por el proveedor y qué incertidumbre d...,SRC-0001,Fuente SRC-0001,https://typesafe.ai/blog/introducing-system-one-models-and-jev,documentado_proveedor,Válido bajo contrato typesafe-sdk 0.7.0 y supuestos operacionales del Pilar P01.
AF-JEV-P01-012-02,JEV-P01-012,P01,¿Qué afirmaciones centrales solo están documentadas por el proveedor y qué incertidumbre dejan para una decisión de adopción?,Fundamentación técnica documentada en TypeSafe AI Official Documentation relativa a ¿qué afirmaciones centrales solo están documentadas por el proveedor y qué incertidumbre d...,SRC-0002,Fuente SRC-0002,https://docs.typesafe.ai/,documentado_proveedor,Válido bajo contrato typesafe-sdk 0.7.0 y supuestos operacionales del Pilar P01.
AF-JEV-P01-012-03,JEV-P01-012,P01,¿Qué afirmaciones centrales solo están documentadas por el proveedor y qué incertidumbre dejan para una decisión de adopción?,Fundamentación técnica documentada en TypeSafe AI Concepts: Use Case Map relativa a ¿qué afirmaciones centrales solo están documentadas por el proveedor y qué incertidumbre d...,SRC-0005,Fuente SRC-0005,https://docs.typesafe.ai/concepts/use-case-map,documentado_proveedor,Válido bajo contrato typesafe-sdk 0.7.0 y supuestos operacionales del Pilar P01.
AF-JEV-P01-012-04,JEV-P01-012,P01,¿Qué afirmaciones centrales solo están documentadas por el proveedor y qué incertidumbre dejan para una decisión de adopción?,Fundamentación técnica documentada en DataCamp: Jev — TypeSafe's System One Model Explained relativa a ¿qué afirmaciones centrales solo están documentadas por el proveedor y qué incertidumbre d...,SRC-0010,Fuente SRC-0010,https://www.datacamp.com/blog/system-one-models-jev,referencia_tecnica,Válido bajo contrato typesafe-sdk 0.7.0 y supuestos operacionales del Pilar P01.
AF-JEV-P01-012-05,JEV-P01-012,P01,¿Qué afirmaciones centrales solo están documentadas por el proveedor y qué incertidumbre dejan para una decisión de adopción?,Fundamentación técnica documentada en GitHub: yibie/awesome-jev — Curated list of Jev projects and tools relativa a ¿qué afirmaciones centrales solo están documentadas por el proveedor y qué incertidumbre d...,SRC-0019,Fuente SRC-0019,https://github.com/yibie/awesome-jev,medido_independiente,Válido bajo contrato typesafe-sdk 0.7.0 y supuestos operacionales del Pilar P01.
AF-JEV-P01-012-06,JEV-P01-012,P01,¿Qué afirmaciones centrales solo están documentadas por el proveedor y qué incertidumbre dejan para una decisión de adopción?,Fundamentación técnica documentada en Guo et al. (2017): On Calibration of Modern Neural Networks relativa a ¿qué afirmaciones centrales solo están documentadas por el proveedor y qué incertidumbre d...,SRC-0030,Fuente SRC-0030,https://arxiv.org/abs/1706.04599,referencia_tecnica,Válido bajo contrato typesafe-sdk 0.7.0 y supuestos operacionales del Pilar P01.
AF-JEV-P01-012-07,JEV-P01-012,P01,¿Qué afirmaciones centrales solo están documentadas por el proveedor y qué incertidumbre dejan para una decisión de adopción?,"Fundamentación técnica documentada en Documentos Analíticos Canónicos P03 (P03_DEEP_DIVE, EVIDENCE_MAP, WORKFLOW_PLAYBOOK) relativa a ¿qué afirmaciones centrales solo están documentadas por el proveedor y qué incertidumbre d...",SRC-0034,Fuente SRC-0034,Cuaderno canónico P03 (`420bc955-32d2-44bf-b9ad-e3b8a7874d43`),analisis_interno,Válido bajo contrato typesafe-sdk 0.7.0 y supuestos operacionales del Pilar P01.
AF-JEV-P01-012-08,JEV-P01-012,P01,¿Qué afirmaciones centrales solo están documentadas por el proveedor y qué incertidumbre dejan para una decisión de adopción?,Fundamentación técnica documentada en Patterns of Distributed Systems & Decoupled Execution (CQRS / Sagas) relativa a ¿qué afirmaciones centrales solo están documentadas por el proveedor y qué incertidumbre d...,SRC-0038,Fuente SRC-0038,https://martinfowler.com/bliki/CQRS.html,referencia_tecnica,Válido bajo contrato typesafe-sdk 0.7.0 y supuestos operacionales del Pilar P01.
AF-JEV-P01-012-09,JEV-P01-012,P01,¿Qué afirmaciones centrales solo están documentadas por el proveedor y qué incertidumbre dejan para una decisión de adopción?,"Fundamentación técnica documentada en Documentos Analíticos Canónicos P05 (P05_DEEP_DIVE, EVIDENCE_MAP, CALIBRATION_PLAYBOOK) relativa a ¿qué afirmaciones centrales solo están documentadas por el proveedor y qué incertidumbre d...",SRC-0041,Fuente SRC-0041,Cuaderno canónico P05 (`d65c48bf-c7d3-44d4-b0cf-79842f3df7dc`),analisis_interno,Válido bajo contrato typesafe-sdk 0.7.0 y supuestos operacionales del Pilar P01.
AF-JEV-P01-012-10,JEV-P01-012,P01,¿Qué afirmaciones centrales solo están documentadas por el proveedor y qué incertidumbre dejan para una decisión de adopción?,Fundamentación técnica documentada en Niculescu-Mizil & Caruana (2005): Predicting Good Probabilities With Supervised Learning relativa a ¿qué afirmaciones centrales solo están documentadas por el proveedor y qué incertidumbre d...,SRC-0042,Fuente SRC-0042,https://doi.org/10.1145/1102351.1102430,referencia_tecnica,Válido bajo contrato typesafe-sdk 0.7.0 y supuestos operacionales del Pilar P01.
AF-JEV-P01-012-11,JEV-P01-012,P01,¿Qué afirmaciones centrales solo están documentadas por el proveedor y qué incertidumbre dejan para una decisión de adopción?,Fundamentación técnica documentada en Brier (1950): Verification of Forecasts Expressed in Terms of Probability relativa a ¿qué afirmaciones centrales solo están documentadas por el proveedor y qué incertidumbre d...,SRC-0044,Fuente SRC-0044,https://doi.org/10.1175/1520-0493(1950)078<0001:VOFEIT>2.0.CO;2,referencia_tecnica,Válido bajo contrato typesafe-sdk 0.7.0 y supuestos operacionales del Pilar P01.
AF-JEV-P01-013-01,JEV-P01-013,P01,¿Qué fallos reconocidos públicamente ofrecen más información práctica que los ejemplos exitosos y cómo delimitan el uso?,Fundamentación técnica documentada en Introducing System One Models and Jev relativa a ¿qué fallos reconocidos públicamente ofrecen más información práctica que los ejemplos exi...,SRC-0001,Fuente SRC-0001,https://typesafe.ai/blog/introducing-system-one-models-and-jev,documentado_proveedor,Válido bajo contrato typesafe-sdk 0.7.0 y supuestos operacionales del Pilar P01.
AF-JEV-P01-013-02,JEV-P01-013,P01,¿Qué fallos reconocidos públicamente ofrecen más información práctica que los ejemplos exitosos y cómo delimitan el uso?,Fundamentación técnica documentada en TypeSafe AI Official Documentation relativa a ¿qué fallos reconocidos públicamente ofrecen más información práctica que los ejemplos exi...,SRC-0002,Fuente SRC-0002,https://docs.typesafe.ai/,documentado_proveedor,Válido bajo contrato typesafe-sdk 0.7.0 y supuestos operacionales del Pilar P01.
AF-JEV-P01-013-03,JEV-P01-013,P01,¿Qué fallos reconocidos públicamente ofrecen más información práctica que los ejemplos exitosos y cómo delimitan el uso?,Fundamentación técnica documentada en Capability Jaggedness & Decision Boundaries in Jev 1.13 relativa a ¿qué fallos reconocidos públicamente ofrecen más información práctica que los ejemplos exi...,SRC-0004,Fuente SRC-0004,https://docs.typesafe.ai/model-jaggedness/jev-1.13,referencia_tecnica,Válido bajo contrato typesafe-sdk 0.7.0 y supuestos operacionales del Pilar P01.
AF-JEV-P01-013-04,JEV-P01-013,P01,¿Qué fallos reconocidos públicamente ofrecen más información práctica que los ejemplos exitosos y cómo delimitan el uso?,Fundamentación técnica documentada en TypeSafe AI Concepts: Use Case Map relativa a ¿qué fallos reconocidos públicamente ofrecen más información práctica que los ejemplos exi...,SRC-0005,Fuente SRC-0005,https://docs.typesafe.ai/concepts/use-case-map,documentado_proveedor,Válido bajo contrato typesafe-sdk 0.7.0 y supuestos operacionales del Pilar P01.
AF-JEV-P01-013-05,JEV-P01-013,P01,¿Qué fallos reconocidos públicamente ofrecen más información práctica que los ejemplos exitosos y cómo delimitan el uso?,Fundamentación técnica documentada en Patterns of Distributed Systems & Decoupled Execution (CQRS / Sagas) relativa a ¿qué fallos reconocidos públicamente ofrecen más información práctica que los ejemplos exi...,SRC-0038,Fuente SRC-0038,https://martinfowler.com/bliki/CQRS.html,referencia_tecnica,Válido bajo contrato typesafe-sdk 0.7.0 y supuestos operacionales del Pilar P01.
AF-JEV-P01-013-06,JEV-P01-013,P01,¿Qué fallos reconocidos públicamente ofrecen más información práctica que los ejemplos exitosos y cómo delimitan el uso?,Fundamentación técnica documentada en LinCE: Centralized Benchmark for Linguistic Code-switching Evaluation relativa a ¿qué fallos reconocidos públicamente ofrecen más información práctica que los ejemplos exi...,SRC-0054,Fuente SRC-0054,https://arxiv.org/abs/2005.04322,medido_independiente,Válido bajo contrato typesafe-sdk 0.7.0 y supuestos operacionales del Pilar P01.
AF-JEV-P01-013-07,JEV-P01-013,P01,¿Qué fallos reconocidos públicamente ofrecen más información práctica que los ejemplos exitosos y cómo delimitan el uso?,Fundamentación técnica documentada en Corpus Normativo Ley Chile relativa a ¿qué fallos reconocidos públicamente ofrecen más información práctica que los ejemplos exi...,SRC-0056,Fuente SRC-0056,https://www.bcn.cl/leychile,marco_normativo,Válido bajo contrato typesafe-sdk 0.7.0 y supuestos operacionales del Pilar P01.
AF-JEV-P01-014-01,JEV-P01-014,P01,"¿Qué conclusiones se debilitan al retirar fuentes fallidas, documentos duplicados y resúmenes generados del conjunto de evidencia?","Fundamentación técnica documentada en Introducing System One Models and Jev relativa a ¿qué conclusiones se debilitan al retirar fuentes fallidas, documentos duplicados y resúme...",SRC-0001,Fuente SRC-0001,https://typesafe.ai/blog/introducing-system-one-models-and-jev,documentado_proveedor,Válido bajo contrato typesafe-sdk 0.7.0 y supuestos operacionales del Pilar P01.
AF-JEV-P01-014-02,JEV-P01-014,P01,"¿Qué conclusiones se debilitan al retirar fuentes fallidas, documentos duplicados y resúmenes generados del conjunto de evidencia?","Fundamentación técnica documentada en GitHub: logan-markewich/jeff — Open Self-Hosted Drop-in for Jev relativa a ¿qué conclusiones se debilitan al retirar fuentes fallidas, documentos duplicados y resúme...",SRC-0009,Fuente SRC-0009,https://github.com/logan-markewich/jeff,medido_independiente,Válido bajo contrato typesafe-sdk 0.7.0 y supuestos operacionales del Pilar P01.
AF-JEV-P01-014-03,JEV-P01-014,P01,"¿Qué conclusiones se debilitan al retirar fuentes fallidas, documentos duplicados y resúmenes generados del conjunto de evidencia?","Fundamentación técnica documentada en DataCamp: Jev — TypeSafe's System One Model Explained relativa a ¿qué conclusiones se debilitan al retirar fuentes fallidas, documentos duplicados y resúme...",SRC-0010,Fuente SRC-0010,https://www.datacamp.com/blog/system-one-models-jev,referencia_tecnica,Válido bajo contrato typesafe-sdk 0.7.0 y supuestos operacionales del Pilar P01.
AF-JEV-P01-014-04,JEV-P01-014,P01,"¿Qué conclusiones se debilitan al retirar fuentes fallidas, documentos duplicados y resúmenes generados del conjunto de evidencia?","Fundamentación técnica documentada en GitHub: yibie/awesome-jev — Curated list of Jev projects and tools relativa a ¿qué conclusiones se debilitan al retirar fuentes fallidas, documentos duplicados y resúme...",SRC-0019,Fuente SRC-0019,https://github.com/yibie/awesome-jev,medido_independiente,Válido bajo contrato typesafe-sdk 0.7.0 y supuestos operacionales del Pilar P01.
AF-JEV-P01-014-05,JEV-P01-014,P01,"¿Qué conclusiones se debilitan al retirar fuentes fallidas, documentos duplicados y resúmenes generados del conjunto de evidencia?","Fundamentación técnica documentada en MindStudio: RLCD vs RLHF — What Is TypeSafe's Jev Model Actually Claiming? relativa a ¿qué conclusiones se debilitan al retirar fuentes fallidas, documentos duplicados y resúme...",SRC-0024,Fuente SRC-0024,https://www.mindstudio.ai/blog/typesafe-jev-rlcd-vs-rlhf,referencia_tecnica,Válido bajo contrato typesafe-sdk 0.7.0 y supuestos operacionales del Pilar P01.
AF-JEV-P01-014-06,JEV-P01-014,P01,"¿Qué conclusiones se debilitan al retirar fuentes fallidas, documentos duplicados y resúmenes generados del conjunto de evidencia?","Fundamentación técnica documentada en Documentos Analíticos Canónicos P02 (P02_DEEP_DIVE, EVIDENCE_MAP, WORKFLOW) relativa a ¿qué conclusiones se debilitan al retirar fuentes fallidas, documentos duplicados y resúme...",SRC-0027,Fuente SRC-0027,Cuaderno canónico P02,analisis_interno,Válido bajo contrato typesafe-sdk 0.7.0 y supuestos operacionales del Pilar P01.
AF-JEV-P01-014-07,JEV-P01-014,P01,"¿Qué conclusiones se debilitan al retirar fuentes fallidas, documentos duplicados y resúmenes generados del conjunto de evidencia?","Fundamentación técnica documentada en Guo et al. (2017): On Calibration of Modern Neural Networks relativa a ¿qué conclusiones se debilitan al retirar fuentes fallidas, documentos duplicados y resúme...",SRC-0030,Fuente SRC-0030,https://arxiv.org/abs/1706.04599,referencia_tecnica,Válido bajo contrato typesafe-sdk 0.7.0 y supuestos operacionales del Pilar P01.
AF-JEV-P01-014-08,JEV-P01-014,P01,"¿Qué conclusiones se debilitan al retirar fuentes fallidas, documentos duplicados y resúmenes generados del conjunto de evidencia?","Fundamentación técnica documentada en Patterns of Distributed Systems & Decoupled Execution (CQRS / Sagas) relativa a ¿qué conclusiones se debilitan al retirar fuentes fallidas, documentos duplicados y resúme...",SRC-0038,Fuente SRC-0038,https://martinfowler.com/bliki/CQRS.html,referencia_tecnica,Válido bajo contrato typesafe-sdk 0.7.0 y supuestos operacionales del Pilar P01.
AF-JEV-P01-015-01,JEV-P01-015,P01,"¿Qué garantías corresponden a documentación técnica, condiciones contractuales o mensajes comerciales, y cuáles no constituyen compromisos verificables?","Fundamentación técnica documentada en Introducing System One Models and Jev relativa a ¿qué garantías corresponden a documentación técnica, condiciones contractuales o mensajes ...",SRC-0001,Fuente SRC-0001,https://typesafe.ai/blog/introducing-system-one-models-and-jev,documentado_proveedor,Válido bajo contrato typesafe-sdk 0.7.0 y supuestos operacionales del Pilar P01.
AF-JEV-P01-015-02,JEV-P01-015,P01,"¿Qué garantías corresponden a documentación técnica, condiciones contractuales o mensajes comerciales, y cuáles no constituyen compromisos verificables?","Fundamentación técnica documentada en TypeSafe AI Official Documentation relativa a ¿qué garantías corresponden a documentación técnica, condiciones contractuales o mensajes ...",SRC-0002,Fuente SRC-0002,https://docs.typesafe.ai/,documentado_proveedor,Válido bajo contrato typesafe-sdk 0.7.0 y supuestos operacionales del Pilar P01.
AF-JEV-P01-015-03,JEV-P01-015,P01,"¿Qué garantías corresponden a documentación técnica, condiciones contractuales o mensajes comerciales, y cuáles no constituyen compromisos verificables?","Fundamentación técnica documentada en Capability Jaggedness & Decision Boundaries in Jev 1.13 relativa a ¿qué garantías corresponden a documentación técnica, condiciones contractuales o mensajes ...",SRC-0004,Fuente SRC-0004,https://docs.typesafe.ai/model-jaggedness/jev-1.13,referencia_tecnica,Válido bajo contrato typesafe-sdk 0.7.0 y supuestos operacionales del Pilar P01.
AF-JEV-P01-015-04,JEV-P01-015,P01,"¿Qué garantías corresponden a documentación técnica, condiciones contractuales o mensajes comerciales, y cuáles no constituyen compromisos verificables?","Fundamentación técnica documentada en TypeSafe AI Concepts: Use Case Map relativa a ¿qué garantías corresponden a documentación técnica, condiciones contractuales o mensajes ...",SRC-0005,Fuente SRC-0005,https://docs.typesafe.ai/concepts/use-case-map,documentado_proveedor,Válido bajo contrato typesafe-sdk 0.7.0 y supuestos operacionales del Pilar P01.
AF-JEV-P01-015-05,JEV-P01-015,P01,"¿Qué garantías corresponden a documentación técnica, condiciones contractuales o mensajes comerciales, y cuáles no constituyen compromisos verificables?","Fundamentación técnica documentada en DataCamp: Jev — TypeSafe's System One Model Explained relativa a ¿qué garantías corresponden a documentación técnica, condiciones contractuales o mensajes ...",SRC-0010,Fuente SRC-0010,https://www.datacamp.com/blog/system-one-models-jev,referencia_tecnica,Válido bajo contrato typesafe-sdk 0.7.0 y supuestos operacionales del Pilar P01.
AF-JEV-P01-015-06,JEV-P01-015,P01,"¿Qué garantías corresponden a documentación técnica, condiciones contractuales o mensajes comerciales, y cuáles no constituyen compromisos verificables?","Fundamentación técnica documentada en GitHub: jkudish/jev-browser — Browser automation with Jev relativa a ¿qué garantías corresponden a documentación técnica, condiciones contractuales o mensajes ...",SRC-0017,Fuente SRC-0017,https://github.com/jkudish/jev-browser,medido_independiente,Válido bajo contrato typesafe-sdk 0.7.0 y supuestos operacionales del Pilar P01.
AF-JEV-P01-015-07,JEV-P01-015,P01,"¿Qué garantías corresponden a documentación técnica, condiciones contractuales o mensajes comerciales, y cuáles no constituyen compromisos verificables?","Fundamentación técnica documentada en Patterns of Distributed Systems & Decoupled Execution (CQRS / Sagas) relativa a ¿qué garantías corresponden a documentación técnica, condiciones contractuales o mensajes ...",SRC-0038,Fuente SRC-0038,https://martinfowler.com/bliki/CQRS.html,referencia_tecnica,Válido bajo contrato typesafe-sdk 0.7.0 y supuestos operacionales del Pilar P01.
AF-JEV-P01-015-08,JEV-P01-015,P01,"¿Qué garantías corresponden a documentación técnica, condiciones contractuales o mensajes comerciales, y cuáles no constituyen compromisos verificables?","Fundamentación técnica documentada en TypeSafe AI System One API Reference & State Specs (`POST /v1/systemone`) relativa a ¿qué garantías corresponden a documentación técnica, condiciones contractuales o mensajes ...",SRC-0039,Fuente SRC-0039,https://docs.typesafe.ai/api,documentado_proveedor,Válido bajo contrato typesafe-sdk 0.7.0 y supuestos operacionales del Pilar P01.
AF-JEV-P01-015-09,JEV-P01-015,P01,"¿Qué garantías corresponden a documentación técnica, condiciones contractuales o mensajes comerciales, y cuáles no constituyen compromisos verificables?","Fundamentación técnica documentada en Documentos Analíticos Canónicos P06 (P06_DEEP_DIVE, EVIDENCE_MAP, EVALUATION_PLAYBOOK) relativa a ¿qué garantías corresponden a documentación técnica, condiciones contractuales o mensajes ...",SRC-0046,Fuente SRC-0046,Cuaderno canónico P06 (`9b87f42f-e3f9-49ca-afb4-affe7c6259da`),analisis_interno,Válido bajo contrato typesafe-sdk 0.7.0 y supuestos operacionales del Pilar P01.
AF-JEV-P01-016-01,JEV-P01-016,P01,"¿Qué afirmaciones sobre privacidad, retención o uso de datos requieren leer términos vigentes y no pueden deducirse de la arquitectura anunciada?","Fundamentación técnica documentada en Introducing System One Models and Jev relativa a ¿qué afirmaciones sobre privacidad, retención o uso de datos requieren leer términos vigen...",SRC-0001,Fuente SRC-0001,https://typesafe.ai/blog/introducing-system-one-models-and-jev,documentado_proveedor,Válido bajo contrato typesafe-sdk 0.7.0 y supuestos operacionales del Pilar P01.
AF-JEV-P01-016-02,JEV-P01-016,P01,"¿Qué afirmaciones sobre privacidad, retención o uso de datos requieren leer términos vigentes y no pueden deducirse de la arquitectura anunciada?","Fundamentación técnica documentada en TypeSafe AI Official Documentation relativa a ¿qué afirmaciones sobre privacidad, retención o uso de datos requieren leer términos vigen...",SRC-0002,Fuente SRC-0002,https://docs.typesafe.ai/,documentado_proveedor,Válido bajo contrato typesafe-sdk 0.7.0 y supuestos operacionales del Pilar P01.
AF-JEV-P01-016-03,JEV-P01-016,P01,"¿Qué afirmaciones sobre privacidad, retención o uso de datos requieren leer términos vigentes y no pueden deducirse de la arquitectura anunciada?","Fundamentación técnica documentada en Capability Jaggedness & Decision Boundaries in Jev 1.13 relativa a ¿qué afirmaciones sobre privacidad, retención o uso de datos requieren leer términos vigen...",SRC-0004,Fuente SRC-0004,https://docs.typesafe.ai/model-jaggedness/jev-1.13,referencia_tecnica,Válido bajo contrato typesafe-sdk 0.7.0 y supuestos operacionales del Pilar P01.
AF-JEV-P01-016-04,JEV-P01-016,P01,"¿Qué afirmaciones sobre privacidad, retención o uso de datos requieren leer términos vigentes y no pueden deducirse de la arquitectura anunciada?","Fundamentación técnica documentada en TypeSafe AI Concepts: Use Case Map relativa a ¿qué afirmaciones sobre privacidad, retención o uso de datos requieren leer términos vigen...",SRC-0005,Fuente SRC-0005,https://docs.typesafe.ai/concepts/use-case-map,documentado_proveedor,Válido bajo contrato typesafe-sdk 0.7.0 y supuestos operacionales del Pilar P01.
AF-JEV-P01-016-05,JEV-P01-016,P01,"¿Qué afirmaciones sobre privacidad, retención o uso de datos requieren leer términos vigentes y no pueden deducirse de la arquitectura anunciada?","Fundamentación técnica documentada en TypeSafe Cookbooks: Autoresearch Feature Discovery relativa a ¿qué afirmaciones sobre privacidad, retención o uso de datos requieren leer términos vigen...",SRC-0007,Fuente SRC-0007,https://docs.typesafe.ai/cookbooks/autoresearch_feature_discovery,referencia_tecnica,Válido bajo contrato typesafe-sdk 0.7.0 y supuestos operacionales del Pilar P01.
AF-JEV-P01-016-06,JEV-P01-016,P01,"¿Qué afirmaciones sobre privacidad, retención o uso de datos requieren leer términos vigentes y no pueden deducirse de la arquitectura anunciada?","Fundamentación técnica documentada en DataCamp: Jev — TypeSafe's System One Model Explained relativa a ¿qué afirmaciones sobre privacidad, retención o uso de datos requieren leer términos vigen...",SRC-0010,Fuente SRC-0010,https://www.datacamp.com/blog/system-one-models-jev,referencia_tecnica,Válido bajo contrato typesafe-sdk 0.7.0 y supuestos operacionales del Pilar P01.
AF-JEV-P01-016-07,JEV-P01-016,P01,"¿Qué afirmaciones sobre privacidad, retención o uso de datos requieren leer términos vigentes y no pueden deducirse de la arquitectura anunciada?","Fundamentación técnica documentada en TypeSafe AI Blog: Lies, Damned Lies, and Benchmarks relativa a ¿qué afirmaciones sobre privacidad, retención o uso de datos requieren leer términos vigen...",SRC-0013,Fuente SRC-0013,https://typesafe.ai/blog/antibenchmaxxing,documentado_proveedor,Válido bajo contrato typesafe-sdk 0.7.0 y supuestos operacionales del Pilar P01.
AF-JEV-P01-016-08,JEV-P01-016,P01,"¿Qué afirmaciones sobre privacidad, retención o uso de datos requieren leer términos vigentes y no pueden deducirse de la arquitectura anunciada?","Fundamentación técnica documentada en Xataka: IA 400 veces más barata que no sabe escribir relativa a ¿qué afirmaciones sobre privacidad, retención o uso de datos requieren leer términos vigen...",SRC-0015,Fuente SRC-0015,https://www.xataka.com/robotica-e-ia/nueva-idea-uno-creadores-chatgpt-ia-que-no-sabe-escribir-esa-precisamente-su-ventaja,referencia_tecnica,Válido bajo contrato typesafe-sdk 0.7.0 y supuestos operacionales del Pilar P01.
AF-JEV-P01-016-09,JEV-P01-016,P01,"¿Qué afirmaciones sobre privacidad, retención o uso de datos requieren leer términos vigentes y no pueden deducirse de la arquitectura anunciada?","Fundamentación técnica documentada en GitHub: superagents-lab/jev-search — Fast semantic search with Jev relativa a ¿qué afirmaciones sobre privacidad, retención o uso de datos requieren leer términos vigen...",SRC-0018,Fuente SRC-0018,https://github.com/superagents-lab/jev-search,medido_independiente,Válido bajo contrato typesafe-sdk 0.7.0 y supuestos operacionales del Pilar P01.
AF-JEV-P01-017-01,JEV-P01-017,P01,¿Qué tabla de «afirmación popular / formulación precisa / implicación de diseño» ayudaría a explicar Jev sin exageraciones al equipo?,Fundamentación técnica documentada en Introducing System One Models and Jev relativa a ¿qué tabla de «afirmación popular / formulación precisa / implicación de diseño» ayudaría ...,SRC-0001,Fuente SRC-0001,https://typesafe.ai/blog/introducing-system-one-models-and-jev,documentado_proveedor,Válido bajo contrato typesafe-sdk 0.7.0 y supuestos operacionales del Pilar P01.
AF-JEV-P01-017-02,JEV-P01-017,P01,¿Qué tabla de «afirmación popular / formulación precisa / implicación de diseño» ayudaría a explicar Jev sin exageraciones al equipo?,Fundamentación técnica documentada en TypeSafe AI Official Documentation relativa a ¿qué tabla de «afirmación popular / formulación precisa / implicación de diseño» ayudaría ...,SRC-0002,Fuente SRC-0002,https://docs.typesafe.ai/,documentado_proveedor,Válido bajo contrato typesafe-sdk 0.7.0 y supuestos operacionales del Pilar P01.
AF-JEV-P01-017-03,JEV-P01-017,P01,¿Qué tabla de «afirmación popular / formulación precisa / implicación de diseño» ayudaría a explicar Jev sin exageraciones al equipo?,Fundamentación técnica documentada en Capability Jaggedness & Decision Boundaries in Jev 1.13 relativa a ¿qué tabla de «afirmación popular / formulación precisa / implicación de diseño» ayudaría ...,SRC-0004,Fuente SRC-0004,https://docs.typesafe.ai/model-jaggedness/jev-1.13,referencia_tecnica,Válido bajo contrato typesafe-sdk 0.7.0 y supuestos operacionales del Pilar P01.
AF-JEV-P01-017-04,JEV-P01-017,P01,¿Qué tabla de «afirmación popular / formulación precisa / implicación de diseño» ayudaría a explicar Jev sin exageraciones al equipo?,Fundamentación técnica documentada en TypeSafe AI Concepts: Use Case Map relativa a ¿qué tabla de «afirmación popular / formulación precisa / implicación de diseño» ayudaría ...,SRC-0005,Fuente SRC-0005,https://docs.typesafe.ai/concepts/use-case-map,documentado_proveedor,Válido bajo contrato typesafe-sdk 0.7.0 y supuestos operacionales del Pilar P01.
AF-JEV-P01-017-05,JEV-P01-017,P01,¿Qué tabla de «afirmación popular / formulación precisa / implicación de diseño» ayudaría a explicar Jev sin exageraciones al equipo?,Fundamentación técnica documentada en DataCamp: Jev — TypeSafe's System One Model Explained relativa a ¿qué tabla de «afirmación popular / formulación precisa / implicación de diseño» ayudaría ...,SRC-0010,Fuente SRC-0010,https://www.datacamp.com/blog/system-one-models-jev,referencia_tecnica,Válido bajo contrato typesafe-sdk 0.7.0 y supuestos operacionales del Pilar P01.
AF-JEV-P01-017-06,JEV-P01-017,P01,¿Qué tabla de «afirmación popular / formulación precisa / implicación de diseño» ayudaría a explicar Jev sin exageraciones al equipo?,Fundamentación técnica documentada en GitHub Gist: pjburnhill — Comprehensive Project Reference for Jev relativa a ¿qué tabla de «afirmación popular / formulación precisa / implicación de diseño» ayudaría ...,SRC-0020,Fuente SRC-0020,https://gist.github.com/pjburnhill/adf8d28efcad9df037bfdece178ef965,medido_independiente,Válido bajo contrato typesafe-sdk 0.7.0 y supuestos operacionales del Pilar P01.
AF-JEV-P01-017-07,JEV-P01-017,P01,¿Qué tabla de «afirmación popular / formulación precisa / implicación de diseño» ayudaría a explicar Jev sin exageraciones al equipo?,Fundamentación técnica documentada en Cloudflare AI Docs: Jev (TypeSafe) Model Specification relativa a ¿qué tabla de «afirmación popular / formulación precisa / implicación de diseño» ayudaría ...,SRC-0026,Fuente SRC-0026,https://developers.cloudflare.com/ai/models/typesafe/jev/,documentado_proveedor,Válido bajo contrato typesafe-sdk 0.7.0 y supuestos operacionales del Pilar P01.
AF-JEV-P01-017-08,JEV-P01-017,P01,¿Qué tabla de «afirmación popular / formulación precisa / implicación de diseño» ayudaría a explicar Jev sin exageraciones al equipo?,"Fundamentación técnica documentada en Parasuraman, Sheridan & Wickens (2000): A Model for Types and Levels of Human Interaction with Automation relativa a ¿qué tabla de «afirmación popular / formulación precisa / implicación de diseño» ayudaría ...",SRC-0045,Fuente SRC-0045,https://doi.org/10.1109/3468.844354,referencia_tecnica,Válido bajo contrato typesafe-sdk 0.7.0 y supuestos operacionales del Pilar P01.
AF-JEV-P01-018-01,JEV-P01-018,P01,¿Qué evidencia mínima faltante cambiaría una recomendación de esperar por una de realizar un piloto acotado?,Fundamentación técnica documentada en Capability Jaggedness & Decision Boundaries in Jev 1.13 relativa a ¿qué evidencia mínima faltante cambiaría una recomendación de esperar por una de realizar ...,SRC-0004,Fuente SRC-0004,https://docs.typesafe.ai/model-jaggedness/jev-1.13,referencia_tecnica,Válido bajo contrato typesafe-sdk 0.7.0 y supuestos operacionales del Pilar P01.
AF-JEV-P01-018-02,JEV-P01-018,P01,¿Qué evidencia mínima faltante cambiaría una recomendación de esperar por una de realizar un piloto acotado?,Fundamentación técnica documentada en Hacker News: Introducing System One Models and Jev (Discussion) relativa a ¿qué evidencia mínima faltante cambiaría una recomendación de esperar por una de realizar ...,SRC-0012,Fuente SRC-0012,https://news.ycombinator.com/item?id=49717558,referencia_tecnica,Válido bajo contrato typesafe-sdk 0.7.0 y supuestos operacionales del Pilar P01.
AF-JEV-P01-018-03,JEV-P01-018,P01,¿Qué evidencia mínima faltante cambiaría una recomendación de esperar por una de realizar un piloto acotado?,"Fundamentación técnica documentada en TypeSafe AI Blog: Lies, Damned Lies, and Benchmarks relativa a ¿qué evidencia mínima faltante cambiaría una recomendación de esperar por una de realizar ...",SRC-0013,Fuente SRC-0013,https://typesafe.ai/blog/antibenchmaxxing,documentado_proveedor,Válido bajo contrato typesafe-sdk 0.7.0 y supuestos operacionales del Pilar P01.
AF-JEV-P01-018-04,JEV-P01-018,P01,¿Qué evidencia mínima faltante cambiaría una recomendación de esperar por una de realizar un piloto acotado?,Fundamentación técnica documentada en Xataka: IA 400 veces más barata que no sabe escribir relativa a ¿qué evidencia mínima faltante cambiaría una recomendación de esperar por una de realizar ...,SRC-0015,Fuente SRC-0015,https://www.xataka.com/robotica-e-ia/nueva-idea-uno-creadores-chatgpt-ia-que-no-sabe-escribir-esa-precisamente-su-ventaja,referencia_tecnica,Válido bajo contrato typesafe-sdk 0.7.0 y supuestos operacionales del Pilar P01.
AF-JEV-P01-018-05,JEV-P01-018,P01,¿Qué evidencia mínima faltante cambiaría una recomendación de esperar por una de realizar un piloto acotado?,Fundamentación técnica documentada en GitHub: jkudish/jev-browser — Browser automation with Jev relativa a ¿qué evidencia mínima faltante cambiaría una recomendación de esperar por una de realizar ...,SRC-0017,Fuente SRC-0017,https://github.com/jkudish/jev-browser,medido_independiente,Válido bajo contrato typesafe-sdk 0.7.0 y supuestos operacionales del Pilar P01.
AF-JEV-P01-018-06,JEV-P01-018,P01,¿Qué evidencia mínima faltante cambiaría una recomendación de esperar por una de realizar un piloto acotado?,Fundamentación técnica documentada en Guo et al. (2017): On Calibration of Modern Neural Networks relativa a ¿qué evidencia mínima faltante cambiaría una recomendación de esperar por una de realizar ...,SRC-0030,Fuente SRC-0030,https://arxiv.org/abs/1706.04599,referencia_tecnica,Válido bajo contrato typesafe-sdk 0.7.0 y supuestos operacionales del Pilar P01.
AF-JEV-P01-018-07,JEV-P01-018,P01,¿Qué evidencia mínima faltante cambiaría una recomendación de esperar por una de realizar un piloto acotado?,Fundamentación técnica documentada en The Foundations of Cost-Sensitive Learning relativa a ¿qué evidencia mínima faltante cambiaría una recomendación de esperar por una de realizar ...,SRC-0035,Fuente SRC-0035,https://cdn.aaai.org/IJCAI/2001/IJCAI01-135.pdf,referencia_tecnica,Válido bajo contrato typesafe-sdk 0.7.0 y supuestos operacionales del Pilar P01.
AF-JEV-P01-018-08,JEV-P01-018,P01,¿Qué evidencia mínima faltante cambiaría una recomendación de esperar por una de realizar un piloto acotado?,Fundamentación técnica documentada en Patterns of Distributed Systems & Decoupled Execution (CQRS / Sagas) relativa a ¿qué evidencia mínima faltante cambiaría una recomendación de esperar por una de realizar ...,SRC-0038,Fuente SRC-0038,https://martinfowler.com/bliki/CQRS.html,referencia_tecnica,Válido bajo contrato typesafe-sdk 0.7.0 y supuestos operacionales del Pilar P01.
AF-JEV-P01-018-09,JEV-P01-018,P01,¿Qué evidencia mínima faltante cambiaría una recomendación de esperar por una de realizar un piloto acotado?,Fundamentación técnica documentada en FLORES-200: Evaluation of Massive Multilingual NMT across Dialects relativa a ¿qué evidencia mínima faltante cambiaría una recomendación de esperar por una de realizar ...,SRC-0052,Fuente SRC-0052,https://arxiv.org/abs/2207.04672,referencia_tecnica,Válido bajo contrato typesafe-sdk 0.7.0 y supuestos operacionales del Pilar P01.
AF-JEV-P01-018-10,JEV-P01-018,P01,¿Qué evidencia mínima faltante cambiaría una recomendación de esperar por una de realizar un piloto acotado?,Fundamentación técnica documentada en Corpus Normativo Ley Chile relativa a ¿qué evidencia mínima faltante cambiaría una recomendación de esperar por una de realizar ...,SRC-0056,Fuente SRC-0056,https://www.bcn.cl/leychile,marco_normativo,Válido bajo contrato typesafe-sdk 0.7.0 y supuestos operacionales del Pilar P01.
AF-JEV-P01-019-01,JEV-P01-019,P01,¿Cómo construir una ficha breve de capacidades y límites que una persona nueva pueda contrastar con las fuentes originales?,Fundamentación técnica documentada en Introducing System One Models and Jev relativa a ¿cómo construir una ficha breve de capacidades y límites que una persona nueva pueda contr...,SRC-0001,Fuente SRC-0001,https://typesafe.ai/blog/introducing-system-one-models-and-jev,documentado_proveedor,Válido bajo contrato typesafe-sdk 0.7.0 y supuestos operacionales del Pilar P01.
AF-JEV-P01-019-02,JEV-P01-019,P01,¿Cómo construir una ficha breve de capacidades y límites que una persona nueva pueda contrastar con las fuentes originales?,Fundamentación técnica documentada en TypeSafe AI Official Documentation relativa a ¿cómo construir una ficha breve de capacidades y límites que una persona nueva pueda contr...,SRC-0002,Fuente SRC-0002,https://docs.typesafe.ai/,documentado_proveedor,Válido bajo contrato typesafe-sdk 0.7.0 y supuestos operacionales del Pilar P01.
AF-JEV-P01-019-03,JEV-P01-019,P01,¿Cómo construir una ficha breve de capacidades y límites que una persona nueva pueda contrastar con las fuentes originales?,Fundamentación técnica documentada en Capability Jaggedness & Decision Boundaries in Jev 1.13 relativa a ¿cómo construir una ficha breve de capacidades y límites que una persona nueva pueda contr...,SRC-0004,Fuente SRC-0004,https://docs.typesafe.ai/model-jaggedness/jev-1.13,referencia_tecnica,Válido bajo contrato typesafe-sdk 0.7.0 y supuestos operacionales del Pilar P01.
AF-JEV-P01-019-04,JEV-P01-019,P01,¿Cómo construir una ficha breve de capacidades y límites que una persona nueva pueda contrastar con las fuentes originales?,Fundamentación técnica documentada en TypeSafe AI Concepts: Use Case Map relativa a ¿cómo construir una ficha breve de capacidades y límites que una persona nueva pueda contr...,SRC-0005,Fuente SRC-0005,https://docs.typesafe.ai/concepts/use-case-map,documentado_proveedor,Válido bajo contrato typesafe-sdk 0.7.0 y supuestos operacionales del Pilar P01.
AF-JEV-P01-019-05,JEV-P01-019,P01,¿Cómo construir una ficha breve de capacidades y límites que una persona nueva pueda contrastar con las fuentes originales?,Fundamentación técnica documentada en TypeSafe Cookbooks: Citation Check relativa a ¿cómo construir una ficha breve de capacidades y límites que una persona nueva pueda contr...,SRC-0006,Fuente SRC-0006,https://docs.typesafe.ai/cookbooks/citation_check,referencia_tecnica,Válido bajo contrato typesafe-sdk 0.7.0 y supuestos operacionales del Pilar P01.
AF-JEV-P01-019-06,JEV-P01-019,P01,¿Cómo construir una ficha breve de capacidades y límites que una persona nueva pueda contrastar con las fuentes originales?,Fundamentación técnica documentada en GitHub: logan-markewich/jeff — Open Self-Hosted Drop-in for Jev relativa a ¿cómo construir una ficha breve de capacidades y límites que una persona nueva pueda contr...,SRC-0009,Fuente SRC-0009,https://github.com/logan-markewich/jeff,medido_independiente,Válido bajo contrato typesafe-sdk 0.7.0 y supuestos operacionales del Pilar P01.
AF-JEV-P01-019-07,JEV-P01-019,P01,¿Cómo construir una ficha breve de capacidades y límites que una persona nueva pueda contrastar con las fuentes originales?,Fundamentación técnica documentada en DataCamp: Jev — TypeSafe's System One Model Explained relativa a ¿cómo construir una ficha breve de capacidades y límites que una persona nueva pueda contr...,SRC-0010,Fuente SRC-0010,https://www.datacamp.com/blog/system-one-models-jev,referencia_tecnica,Válido bajo contrato typesafe-sdk 0.7.0 y supuestos operacionales del Pilar P01.
AF-JEV-P01-020-01,JEV-P01-020,P01,¿Qué afirmaciones debemos revisar primero después de una actualización y qué decisiones del proyecto dependen de cada una?,Fundamentación técnica documentada en TypeSafe AI Official Documentation relativa a ¿qué afirmaciones debemos revisar primero después de una actualización y qué decisiones de...,SRC-0002,Fuente SRC-0002,https://docs.typesafe.ai/,documentado_proveedor,Válido bajo contrato typesafe-sdk 0.7.0 y supuestos operacionales del Pilar P01.
AF-JEV-P01-020-02,JEV-P01-020,P01,¿Qué afirmaciones debemos revisar primero después de una actualización y qué decisiones del proyecto dependen de cada una?,Fundamentación técnica documentada en Capability Jaggedness & Decision Boundaries in Jev 1.13 relativa a ¿qué afirmaciones debemos revisar primero después de una actualización y qué decisiones de...,SRC-0004,Fuente SRC-0004,https://docs.typesafe.ai/model-jaggedness/jev-1.13,referencia_tecnica,Válido bajo contrato typesafe-sdk 0.7.0 y supuestos operacionales del Pilar P01.
AF-JEV-P01-020-03,JEV-P01-020,P01,¿Qué afirmaciones debemos revisar primero después de una actualización y qué decisiones del proyecto dependen de cada una?,Fundamentación técnica documentada en TypeSafe AI Concepts: Use Case Map relativa a ¿qué afirmaciones debemos revisar primero después de una actualización y qué decisiones de...,SRC-0005,Fuente SRC-0005,https://docs.typesafe.ai/concepts/use-case-map,documentado_proveedor,Válido bajo contrato typesafe-sdk 0.7.0 y supuestos operacionales del Pilar P01.
AF-JEV-P01-020-04,JEV-P01-020,P01,¿Qué afirmaciones debemos revisar primero después de una actualización y qué decisiones del proyecto dependen de cada una?,Fundamentación técnica documentada en GitHub: logan-markewich/jeff — Open Self-Hosted Drop-in for Jev relativa a ¿qué afirmaciones debemos revisar primero después de una actualización y qué decisiones de...,SRC-0009,Fuente SRC-0009,https://github.com/logan-markewich/jeff,medido_independiente,Válido bajo contrato typesafe-sdk 0.7.0 y supuestos operacionales del Pilar P01.
AF-JEV-P01-020-05,JEV-P01-020,P01,¿Qué afirmaciones debemos revisar primero después de una actualización y qué decisiones del proyecto dependen de cada una?,Fundamentación técnica documentada en DataCamp: Jev — TypeSafe's System One Model Explained relativa a ¿qué afirmaciones debemos revisar primero después de una actualización y qué decisiones de...,SRC-0010,Fuente SRC-0010,https://www.datacamp.com/blog/system-one-models-jev,referencia_tecnica,Válido bajo contrato typesafe-sdk 0.7.0 y supuestos operacionales del Pilar P01.
AF-JEV-P01-020-06,JEV-P01-020,P01,¿Qué afirmaciones debemos revisar primero después de una actualización y qué decisiones del proyecto dependen de cada una?,"Fundamentación técnica documentada en TypeSafe AI Blog: Lies, Damned Lies, and Benchmarks relativa a ¿qué afirmaciones debemos revisar primero después de una actualización y qué decisiones de...",SRC-0013,Fuente SRC-0013,https://typesafe.ai/blog/antibenchmaxxing,documentado_proveedor,Válido bajo contrato typesafe-sdk 0.7.0 y supuestos operacionales del Pilar P01.
AF-JEV-P01-020-07,JEV-P01-020,P01,¿Qué afirmaciones debemos revisar primero después de una actualización y qué decisiones del proyecto dependen de cada una?,Fundamentación técnica documentada en GitHub: jkudish/jev-browser — Browser automation with Jev relativa a ¿qué afirmaciones debemos revisar primero después de una actualización y qué decisiones de...,SRC-0017,Fuente SRC-0017,https://github.com/jkudish/jev-browser,medido_independiente,Válido bajo contrato typesafe-sdk 0.7.0 y supuestos operacionales del Pilar P01.
AF-JEV-P01-020-08,JEV-P01-020,P01,¿Qué afirmaciones debemos revisar primero después de una actualización y qué decisiones del proyecto dependen de cada una?,Fundamentación técnica documentada en The Foundations of Cost-Sensitive Learning relativa a ¿qué afirmaciones debemos revisar primero después de una actualización y qué decisiones de...,SRC-0035,Fuente SRC-0035,https://cdn.aaai.org/IJCAI/2001/IJCAI01-135.pdf,referencia_tecnica,Válido bajo contrato typesafe-sdk 0.7.0 y supuestos operacionales del Pilar P01.
AF-JEV-P01-020-09,JEV-P01-020,P01,¿Qué afirmaciones debemos revisar primero después de una actualización y qué decisiones del proyecto dependen de cada una?,Fundamentación técnica documentada en Patterns of Distributed Systems & Decoupled Execution (CQRS / Sagas) relativa a ¿qué afirmaciones debemos revisar primero después de una actualización y qué decisiones de...,SRC-0038,Fuente SRC-0038,https://martinfowler.com/bliki/CQRS.html,referencia_tecnica,Válido bajo contrato typesafe-sdk 0.7.0 y supuestos operacionales del Pilar P01.
AF-JEV-P01-020-10,JEV-P01-020,P01,¿Qué afirmaciones debemos revisar primero después de una actualización y qué decisiones del proyecto dependen de cada una?,Fundamentación técnica documentada en FLORES-200: Evaluation of Massive Multilingual NMT across Dialects relativa a ¿qué afirmaciones debemos revisar primero después de una actualización y qué decisiones de...,SRC-0052,Fuente SRC-0052,https://arxiv.org/abs/2207.04672,referencia_tecnica,Válido bajo contrato typesafe-sdk 0.7.0 y supuestos operacionales del Pilar P01.
AF-JEV-P06-001-01,JEV-P06-001,P06,¿Qué hipótesis concreta de utilidad debe aprobar Jev frente a una línea base antes de incorporarlo a un desarrollo?,Fundamentación técnica documentada en TypeSafe AI Official Documentation relativa a ¿qué hipótesis concreta de utilidad debe aprobar jev frente a una línea base antes de inco...,SRC-0002,Fuente SRC-0002,https://docs.typesafe.ai/,documentado_proveedor,Válido bajo contrato typesafe-sdk 0.7.0 y supuestos operacionales del Pilar P06.
AF-JEV-P06-001-02,JEV-P06-001,P06,¿Qué hipótesis concreta de utilidad debe aprobar Jev frente a una línea base antes de incorporarlo a un desarrollo?,Fundamentación técnica documentada en Guo et al. (2017): On Calibration of Modern Neural Networks relativa a ¿qué hipótesis concreta de utilidad debe aprobar jev frente a una línea base antes de inco...,SRC-0030,Fuente SRC-0030,https://arxiv.org/abs/1706.04599,referencia_tecnica,Válido bajo contrato typesafe-sdk 0.7.0 y supuestos operacionales del Pilar P06.
AF-JEV-P06-001-03,JEV-P06-001,P06,¿Qué hipótesis concreta de utilidad debe aprobar Jev frente a una línea base antes de incorporarlo a un desarrollo?,Fundamentación técnica documentada en The Foundations of Cost-Sensitive Learning relativa a ¿qué hipótesis concreta de utilidad debe aprobar jev frente a una línea base antes de inco...,SRC-0035,Fuente SRC-0035,https://cdn.aaai.org/IJCAI/2001/IJCAI01-135.pdf,referencia_tecnica,Válido bajo contrato typesafe-sdk 0.7.0 y supuestos operacionales del Pilar P06.
AF-JEV-P06-001-04,JEV-P06-001,P06,¿Qué hipótesis concreta de utilidad debe aprobar Jev frente a una línea base antes de incorporarlo a un desarrollo?,"Fundamentación técnica documentada en Documentos Analíticos Canónicos P06 (P06_DEEP_DIVE, EVIDENCE_MAP, EVALUATION_PLAYBOOK) relativa a ¿qué hipótesis concreta de utilidad debe aprobar jev frente a una línea base antes de inco...",SRC-0046,Fuente SRC-0046,Cuaderno canónico P06 (`9b87f42f-e3f9-49ca-afb4-affe7c6259da`),analisis_interno,Válido bajo contrato typesafe-sdk 0.7.0 y supuestos operacionales del Pilar P06.
AF-JEV-P06-001-05,JEV-P06-001,P06,¿Qué hipótesis concreta de utilidad debe aprobar Jev frente a una línea base antes de incorporarlo a un desarrollo?,Fundamentación técnica documentada en Dietterich (1998): Approximate Statistical Tests for Comparing Supervised Learning Algorithms relativa a ¿qué hipótesis concreta de utilidad debe aprobar jev frente a una línea base antes de inco...,SRC-0049,Fuente SRC-0049,https://doi.org/10.1162/089976698300017197,referencia_tecnica,Válido bajo contrato typesafe-sdk 0.7.0 y supuestos operacionales del Pilar P06.
AF-JEV-P06-002-01,JEV-P06-002,P06,"¿Qué comparadores representan alternativas realistas: reglas, búsqueda, modelos clásicos, modelos pequeños, LLM estructurado o trabajo humano?","Fundamentación técnica documentada en Introducing System One Models and Jev relativa a ¿qué comparadores representan alternativas realistas: reglas, búsqueda, modelos clásicos, ...",SRC-0001,Fuente SRC-0001,https://typesafe.ai/blog/introducing-system-one-models-and-jev,documentado_proveedor,Válido bajo contrato typesafe-sdk 0.7.0 y supuestos operacionales del Pilar P06.
AF-JEV-P06-002-02,JEV-P06-002,P06,"¿Qué comparadores representan alternativas realistas: reglas, búsqueda, modelos clásicos, modelos pequeños, LLM estructurado o trabajo humano?","Fundamentación técnica documentada en TypeSafe AI Official Documentation relativa a ¿qué comparadores representan alternativas realistas: reglas, búsqueda, modelos clásicos, ...",SRC-0002,Fuente SRC-0002,https://docs.typesafe.ai/,documentado_proveedor,Válido bajo contrato typesafe-sdk 0.7.0 y supuestos operacionales del Pilar P06.
AF-JEV-P06-002-03,JEV-P06-002,P06,"¿Qué comparadores representan alternativas realistas: reglas, búsqueda, modelos clásicos, modelos pequeños, LLM estructurado o trabajo humano?","Fundamentación técnica documentada en The Foundations of Cost-Sensitive Learning relativa a ¿qué comparadores representan alternativas realistas: reglas, búsqueda, modelos clásicos, ...",SRC-0035,Fuente SRC-0035,https://cdn.aaai.org/IJCAI/2001/IJCAI01-135.pdf,referencia_tecnica,Válido bajo contrato typesafe-sdk 0.7.0 y supuestos operacionales del Pilar P06.
AF-JEV-P06-002-04,JEV-P06-002,P06,"¿Qué comparadores representan alternativas realistas: reglas, búsqueda, modelos clásicos, modelos pequeños, LLM estructurado o trabajo humano?","Fundamentación técnica documentada en Documentos Analíticos Canónicos P06 (P06_DEEP_DIVE, EVIDENCE_MAP, EVALUATION_PLAYBOOK) relativa a ¿qué comparadores representan alternativas realistas: reglas, búsqueda, modelos clásicos, ...",SRC-0046,Fuente SRC-0046,Cuaderno canónico P06 (`9b87f42f-e3f9-49ca-afb4-affe7c6259da`),analisis_interno,Válido bajo contrato typesafe-sdk 0.7.0 y supuestos operacionales del Pilar P06.
AF-JEV-P06-002-05,JEV-P06-002,P06,"¿Qué comparadores representan alternativas realistas: reglas, búsqueda, modelos clásicos, modelos pequeños, LLM estructurado o trabajo humano?","Fundamentación técnica documentada en Ribeiro et al. (2020): Beyond Accuracy — Behavioral Testing of NLP Models with CheckList relativa a ¿qué comparadores representan alternativas realistas: reglas, búsqueda, modelos clásicos, ...",SRC-0048,Fuente SRC-0048,https://arxiv.org/abs/2005.04118,referencia_tecnica,Válido bajo contrato typesafe-sdk 0.7.0 y supuestos operacionales del Pilar P06.
AF-JEV-P06-003-01,JEV-P06-003,P06,¿Cómo construir un conjunto representativo de decisiones reales usando inicialmente datos públicos o sintéticos y documentando el límite de transferencia?,Fundamentación técnica documentada en TypeSafe AI Official Documentation relativa a ¿cómo construir un conjunto representativo de decisiones reales usando inicialmente datos ...,SRC-0002,Fuente SRC-0002,https://docs.typesafe.ai/,documentado_proveedor,Válido bajo contrato typesafe-sdk 0.7.0 y supuestos operacionales del Pilar P06.
AF-JEV-P06-003-02,JEV-P06-003,P06,¿Cómo construir un conjunto representativo de decisiones reales usando inicialmente datos públicos o sintéticos y documentando el límite de transferencia?,Fundamentación técnica documentada en Guo et al. (2017): On Calibration of Modern Neural Networks relativa a ¿cómo construir un conjunto representativo de decisiones reales usando inicialmente datos ...,SRC-0030,Fuente SRC-0030,https://arxiv.org/abs/1706.04599,referencia_tecnica,Válido bajo contrato typesafe-sdk 0.7.0 y supuestos operacionales del Pilar P06.
AF-JEV-P06-003-03,JEV-P06-003,P06,¿Cómo construir un conjunto representativo de decisiones reales usando inicialmente datos públicos o sintéticos y documentando el límite de transferencia?,"Fundamentación técnica documentada en Documentos Analíticos Canónicos P06 (P06_DEEP_DIVE, EVIDENCE_MAP, EVALUATION_PLAYBOOK) relativa a ¿cómo construir un conjunto representativo de decisiones reales usando inicialmente datos ...",SRC-0046,Fuente SRC-0046,Cuaderno canónico P06 (`9b87f42f-e3f9-49ca-afb4-affe7c6259da`),analisis_interno,Válido bajo contrato typesafe-sdk 0.7.0 y supuestos operacionales del Pilar P06.
AF-JEV-P06-003-04,JEV-P06-003,P06,¿Cómo construir un conjunto representativo de decisiones reales usando inicialmente datos públicos o sintéticos y documentando el límite de transferencia?,Fundamentación técnica documentada en Mitchell et al. (2019): Model Cards for Model Reporting relativa a ¿cómo construir un conjunto representativo de decisiones reales usando inicialmente datos ...,SRC-0047,Fuente SRC-0047,https://arxiv.org/abs/1810.03993,referencia_tecnica,Válido bajo contrato typesafe-sdk 0.7.0 y supuestos operacionales del Pilar P06.
AF-JEV-P06-003-05,JEV-P06-003,P06,¿Cómo construir un conjunto representativo de decisiones reales usando inicialmente datos públicos o sintéticos y documentando el límite de transferencia?,Fundamentación técnica documentada en Ribeiro et al. (2020): Beyond Accuracy — Behavioral Testing of NLP Models with CheckList relativa a ¿cómo construir un conjunto representativo de decisiones reales usando inicialmente datos ...,SRC-0048,Fuente SRC-0048,https://arxiv.org/abs/2005.04118,referencia_tecnica,Válido bajo contrato typesafe-sdk 0.7.0 y supuestos operacionales del Pilar P06.
AF-JEV-P06-004-01,JEV-P06-004,P06,"¿Cómo separar ajuste, calibración y evaluación final evitando filtración entre entidades, documentos relacionados o períodos?","Fundamentación técnica documentada en TypeSafe AI Official Documentation relativa a ¿cómo separar ajuste, calibración y evaluación final evitando filtración entre entidades, ...",SRC-0002,Fuente SRC-0002,https://docs.typesafe.ai/,documentado_proveedor,Válido bajo contrato typesafe-sdk 0.7.0 y supuestos operacionales del Pilar P06.
AF-JEV-P06-004-02,JEV-P06-004,P06,"¿Cómo separar ajuste, calibración y evaluación final evitando filtración entre entidades, documentos relacionados o períodos?","Fundamentación técnica documentada en Guo et al. (2017): On Calibration of Modern Neural Networks relativa a ¿cómo separar ajuste, calibración y evaluación final evitando filtración entre entidades, ...",SRC-0030,Fuente SRC-0030,https://arxiv.org/abs/1706.04599,referencia_tecnica,Válido bajo contrato typesafe-sdk 0.7.0 y supuestos operacionales del Pilar P06.
AF-JEV-P06-004-03,JEV-P06-004,P06,"¿Cómo separar ajuste, calibración y evaluación final evitando filtración entre entidades, documentos relacionados o períodos?","Fundamentación técnica documentada en Documentos Analíticos Canónicos P06 (P06_DEEP_DIVE, EVIDENCE_MAP, EVALUATION_PLAYBOOK) relativa a ¿cómo separar ajuste, calibración y evaluación final evitando filtración entre entidades, ...",SRC-0046,Fuente SRC-0046,Cuaderno canónico P06 (`9b87f42f-e3f9-49ca-afb4-affe7c6259da`),analisis_interno,Válido bajo contrato typesafe-sdk 0.7.0 y supuestos operacionales del Pilar P06.
AF-JEV-P06-004-04,JEV-P06-004,P06,"¿Cómo separar ajuste, calibración y evaluación final evitando filtración entre entidades, documentos relacionados o períodos?","Fundamentación técnica documentada en Mitchell et al. (2019): Model Cards for Model Reporting relativa a ¿cómo separar ajuste, calibración y evaluación final evitando filtración entre entidades, ...",SRC-0047,Fuente SRC-0047,https://arxiv.org/abs/1810.03993,referencia_tecnica,Válido bajo contrato typesafe-sdk 0.7.0 y supuestos operacionales del Pilar P06.
AF-JEV-P06-004-05,JEV-P06-004,P06,"¿Cómo separar ajuste, calibración y evaluación final evitando filtración entre entidades, documentos relacionados o períodos?","Fundamentación técnica documentada en Dietterich (1998): Approximate Statistical Tests for Comparing Supervised Learning Algorithms relativa a ¿cómo separar ajuste, calibración y evaluación final evitando filtración entre entidades, ...",SRC-0049,Fuente SRC-0049,https://doi.org/10.1162/089976698300017197,referencia_tecnica,Válido bajo contrato typesafe-sdk 0.7.0 y supuestos operacionales del Pilar P06.
AF-JEV-P06-005-01,JEV-P06-005,P06,¿Qué protocolo de anotación humana produce etiquetas y desacuerdos auditables sin tomar el consenso de modelos como verdad absoluta?,Fundamentación técnica documentada en Introducing System One Models and Jev relativa a ¿qué protocolo de anotación humana produce etiquetas y desacuerdos auditables sin tomar el...,SRC-0001,Fuente SRC-0001,https://typesafe.ai/blog/introducing-system-one-models-and-jev,documentado_proveedor,Válido bajo contrato typesafe-sdk 0.7.0 y supuestos operacionales del Pilar P06.
AF-JEV-P06-005-02,JEV-P06-005,P06,¿Qué protocolo de anotación humana produce etiquetas y desacuerdos auditables sin tomar el consenso de modelos como verdad absoluta?,Fundamentación técnica documentada en Guo et al. (2017): On Calibration of Modern Neural Networks relativa a ¿qué protocolo de anotación humana produce etiquetas y desacuerdos auditables sin tomar el...,SRC-0030,Fuente SRC-0030,https://arxiv.org/abs/1706.04599,referencia_tecnica,Válido bajo contrato typesafe-sdk 0.7.0 y supuestos operacionales del Pilar P06.
AF-JEV-P06-005-03,JEV-P06-005,P06,¿Qué protocolo de anotación humana produce etiquetas y desacuerdos auditables sin tomar el consenso de modelos como verdad absoluta?,"Fundamentación técnica documentada en Documentos Analíticos Canónicos P05 (P05_DEEP_DIVE, EVIDENCE_MAP, CALIBRATION_PLAYBOOK) relativa a ¿qué protocolo de anotación humana produce etiquetas y desacuerdos auditables sin tomar el...",SRC-0041,Fuente SRC-0041,Cuaderno canónico P05 (`d65c48bf-c7d3-44d4-b0cf-79842f3df7dc`),analisis_interno,Válido bajo contrato typesafe-sdk 0.7.0 y supuestos operacionales del Pilar P06.
AF-JEV-P06-005-04,JEV-P06-005,P06,¿Qué protocolo de anotación humana produce etiquetas y desacuerdos auditables sin tomar el consenso de modelos como verdad absoluta?,"Fundamentación técnica documentada en Documentos Analíticos Canónicos P06 (P06_DEEP_DIVE, EVIDENCE_MAP, EVALUATION_PLAYBOOK) relativa a ¿qué protocolo de anotación humana produce etiquetas y desacuerdos auditables sin tomar el...",SRC-0046,Fuente SRC-0046,Cuaderno canónico P06 (`9b87f42f-e3f9-49ca-afb4-affe7c6259da`),analisis_interno,Válido bajo contrato typesafe-sdk 0.7.0 y supuestos operacionales del Pilar P06.
AF-JEV-P06-005-05,JEV-P06-005,P06,¿Qué protocolo de anotación humana produce etiquetas y desacuerdos auditables sin tomar el consenso de modelos como verdad absoluta?,Fundamentación técnica documentada en Mitchell et al. (2019): Model Cards for Model Reporting relativa a ¿qué protocolo de anotación humana produce etiquetas y desacuerdos auditables sin tomar el...,SRC-0047,Fuente SRC-0047,https://arxiv.org/abs/1810.03993,referencia_tecnica,Válido bajo contrato typesafe-sdk 0.7.0 y supuestos operacionales del Pilar P06.
AF-JEV-P06-005-06,JEV-P06-005,P06,¿Qué protocolo de anotación humana produce etiquetas y desacuerdos auditables sin tomar el consenso de modelos como verdad absoluta?,Fundamentación técnica documentada en Ribeiro et al. (2020): Beyond Accuracy — Behavioral Testing of NLP Models with CheckList relativa a ¿qué protocolo de anotación humana produce etiquetas y desacuerdos auditables sin tomar el...,SRC-0048,Fuente SRC-0048,https://arxiv.org/abs/2005.04118,referencia_tecnica,Válido bajo contrato typesafe-sdk 0.7.0 y supuestos operacionales del Pilar P06.
AF-JEV-P06-006-01,JEV-P06-006,P06,"¿Cómo calcular o justificar tamaño de muestra según frecuencia del error importante, efecto mínimo y precisión de la estimación?","Fundamentación técnica documentada en TypeSafe AI Official Documentation relativa a ¿cómo calcular o justificar tamaño de muestra según frecuencia del error importante, efect...",SRC-0002,Fuente SRC-0002,https://docs.typesafe.ai/,documentado_proveedor,Válido bajo contrato typesafe-sdk 0.7.0 y supuestos operacionales del Pilar P06.
AF-JEV-P06-006-02,JEV-P06-006,P06,"¿Cómo calcular o justificar tamaño de muestra según frecuencia del error importante, efecto mínimo y precisión de la estimación?","Fundamentación técnica documentada en Documentos Analíticos Canónicos P06 (P06_DEEP_DIVE, EVIDENCE_MAP, EVALUATION_PLAYBOOK) relativa a ¿cómo calcular o justificar tamaño de muestra según frecuencia del error importante, efect...",SRC-0046,Fuente SRC-0046,Cuaderno canónico P06 (`9b87f42f-e3f9-49ca-afb4-affe7c6259da`),analisis_interno,Válido bajo contrato typesafe-sdk 0.7.0 y supuestos operacionales del Pilar P06.
AF-JEV-P06-006-03,JEV-P06-006,P06,"¿Cómo calcular o justificar tamaño de muestra según frecuencia del error importante, efecto mínimo y precisión de la estimación?","Fundamentación técnica documentada en Mitchell et al. (2019): Model Cards for Model Reporting relativa a ¿cómo calcular o justificar tamaño de muestra según frecuencia del error importante, efect...",SRC-0047,Fuente SRC-0047,https://arxiv.org/abs/1810.03993,referencia_tecnica,Válido bajo contrato typesafe-sdk 0.7.0 y supuestos operacionales del Pilar P06.
AF-JEV-P06-006-04,JEV-P06-006,P06,"¿Cómo calcular o justificar tamaño de muestra según frecuencia del error importante, efecto mínimo y precisión de la estimación?","Fundamentación técnica documentada en Dietterich (1998): Approximate Statistical Tests for Comparing Supervised Learning Algorithms relativa a ¿cómo calcular o justificar tamaño de muestra según frecuencia del error importante, efect...",SRC-0049,Fuente SRC-0049,https://doi.org/10.1162/089976698300017197,referencia_tecnica,Válido bajo contrato typesafe-sdk 0.7.0 y supuestos operacionales del Pilar P06.
AF-JEV-P06-007-01,JEV-P06-007,P06,¿Qué métricas por clase y segmento evitan que la exactitud global oculte fracasos operativamente costosos?,Fundamentación técnica documentada en TypeSafe AI: Confidence & Calibration relativa a ¿qué métricas por clase y segmento evitan que la exactitud global oculte fracasos operativ...,SRC-0003,Fuente SRC-0003,https://docs.typesafe.ai/confidence,documentado_proveedor,Válido bajo contrato typesafe-sdk 0.7.0 y supuestos operacionales del Pilar P06.
AF-JEV-P06-007-02,JEV-P06-007,P06,¿Qué métricas por clase y segmento evitan que la exactitud global oculte fracasos operativamente costosos?,Fundamentación técnica documentada en The Foundations of Cost-Sensitive Learning relativa a ¿qué métricas por clase y segmento evitan que la exactitud global oculte fracasos operativ...,SRC-0035,Fuente SRC-0035,https://cdn.aaai.org/IJCAI/2001/IJCAI01-135.pdf,referencia_tecnica,Válido bajo contrato typesafe-sdk 0.7.0 y supuestos operacionales del Pilar P06.
AF-JEV-P06-007-03,JEV-P06-007,P06,¿Qué métricas por clase y segmento evitan que la exactitud global oculte fracasos operativamente costosos?,"Fundamentación técnica documentada en Documentos Analíticos Canónicos P06 (P06_DEEP_DIVE, EVIDENCE_MAP, EVALUATION_PLAYBOOK) relativa a ¿qué métricas por clase y segmento evitan que la exactitud global oculte fracasos operativ...",SRC-0046,Fuente SRC-0046,Cuaderno canónico P06 (`9b87f42f-e3f9-49ca-afb4-affe7c6259da`),analisis_interno,Válido bajo contrato typesafe-sdk 0.7.0 y supuestos operacionales del Pilar P06.
AF-JEV-P06-007-04,JEV-P06-007,P06,¿Qué métricas por clase y segmento evitan que la exactitud global oculte fracasos operativamente costosos?,Fundamentación técnica documentada en Mitchell et al. (2019): Model Cards for Model Reporting relativa a ¿qué métricas por clase y segmento evitan que la exactitud global oculte fracasos operativ...,SRC-0047,Fuente SRC-0047,https://arxiv.org/abs/1810.03993,referencia_tecnica,Válido bajo contrato typesafe-sdk 0.7.0 y supuestos operacionales del Pilar P06.
AF-JEV-P06-007-05,JEV-P06-007,P06,¿Qué métricas por clase y segmento evitan que la exactitud global oculte fracasos operativamente costosos?,Fundamentación técnica documentada en Ribeiro et al. (2020): Beyond Accuracy — Behavioral Testing of NLP Models with CheckList relativa a ¿qué métricas por clase y segmento evitan que la exactitud global oculte fracasos operativ...,SRC-0048,Fuente SRC-0048,https://arxiv.org/abs/2005.04118,referencia_tecnica,Válido bajo contrato typesafe-sdk 0.7.0 y supuestos operacionales del Pilar P06.
AF-JEV-P06-008-01,JEV-P06-008,P06,¿Cómo comparar sistemas en los mismos casos mediante un diseño pareado y estimar incertidumbre de las diferencias?,Fundamentación técnica documentada en TypeSafe AI Official Documentation relativa a ¿cómo comparar sistemas en los mismos casos mediante un diseño pareado y estimar incertidu...,SRC-0002,Fuente SRC-0002,https://docs.typesafe.ai/,documentado_proveedor,Válido bajo contrato typesafe-sdk 0.7.0 y supuestos operacionales del Pilar P06.
AF-JEV-P06-008-02,JEV-P06-008,P06,¿Cómo comparar sistemas en los mismos casos mediante un diseño pareado y estimar incertidumbre de las diferencias?,"Fundamentación técnica documentada en Documentos Analíticos Canónicos P06 (P06_DEEP_DIVE, EVIDENCE_MAP, EVALUATION_PLAYBOOK) relativa a ¿cómo comparar sistemas en los mismos casos mediante un diseño pareado y estimar incertidu...",SRC-0046,Fuente SRC-0046,Cuaderno canónico P06 (`9b87f42f-e3f9-49ca-afb4-affe7c6259da`),analisis_interno,Válido bajo contrato typesafe-sdk 0.7.0 y supuestos operacionales del Pilar P06.
AF-JEV-P06-008-03,JEV-P06-008,P06,¿Cómo comparar sistemas en los mismos casos mediante un diseño pareado y estimar incertidumbre de las diferencias?,Fundamentación técnica documentada en Mitchell et al. (2019): Model Cards for Model Reporting relativa a ¿cómo comparar sistemas en los mismos casos mediante un diseño pareado y estimar incertidu...,SRC-0047,Fuente SRC-0047,https://arxiv.org/abs/1810.03993,referencia_tecnica,Válido bajo contrato typesafe-sdk 0.7.0 y supuestos operacionales del Pilar P06.
AF-JEV-P06-008-04,JEV-P06-008,P06,¿Cómo comparar sistemas en los mismos casos mediante un diseño pareado y estimar incertidumbre de las diferencias?,Fundamentación técnica documentada en Ribeiro et al. (2020): Beyond Accuracy — Behavioral Testing of NLP Models with CheckList relativa a ¿cómo comparar sistemas en los mismos casos mediante un diseño pareado y estimar incertidu...,SRC-0048,Fuente SRC-0048,https://arxiv.org/abs/2005.04118,referencia_tecnica,Válido bajo contrato typesafe-sdk 0.7.0 y supuestos operacionales del Pilar P06.
AF-JEV-P06-008-05,JEV-P06-008,P06,¿Cómo comparar sistemas en los mismos casos mediante un diseño pareado y estimar incertidumbre de las diferencias?,Fundamentación técnica documentada en Dietterich (1998): Approximate Statistical Tests for Comparing Supervised Learning Algorithms relativa a ¿cómo comparar sistemas en los mismos casos mediante un diseño pareado y estimar incertidu...,SRC-0049,Fuente SRC-0049,https://doi.org/10.1162/089976698300017197,referencia_tecnica,Válido bajo contrato typesafe-sdk 0.7.0 y supuestos operacionales del Pilar P06.
AF-JEV-P06-009-01,JEV-P06-009,P06,"¿Cómo medir latencia de extremo a extremo, incluida red, preparación, colas, reintentos y validación de la salida?","Fundamentación técnica documentada en Introducing System One Models and Jev relativa a ¿cómo medir latencia de extremo a extremo, incluida red, preparación, colas, reintentos y ...",SRC-0001,Fuente SRC-0001,https://typesafe.ai/blog/introducing-system-one-models-and-jev,documentado_proveedor,Válido bajo contrato typesafe-sdk 0.7.0 y supuestos operacionales del Pilar P06.
AF-JEV-P06-009-02,JEV-P06-009,P06,"¿Cómo medir latencia de extremo a extremo, incluida red, preparación, colas, reintentos y validación de la salida?","Fundamentación técnica documentada en TypeSafe AI Official Documentation relativa a ¿cómo medir latencia de extremo a extremo, incluida red, preparación, colas, reintentos y ...",SRC-0002,Fuente SRC-0002,https://docs.typesafe.ai/,documentado_proveedor,Válido bajo contrato typesafe-sdk 0.7.0 y supuestos operacionales del Pilar P06.
AF-JEV-P06-009-03,JEV-P06-009,P06,"¿Cómo medir latencia de extremo a extremo, incluida red, preparación, colas, reintentos y validación de la salida?","Fundamentación técnica documentada en Cloudflare AI Docs: Jev (TypeSafe) Model Specification relativa a ¿cómo medir latencia de extremo a extremo, incluida red, preparación, colas, reintentos y ...",SRC-0026,Fuente SRC-0026,https://developers.cloudflare.com/ai/models/typesafe/jev/,documentado_proveedor,Válido bajo contrato typesafe-sdk 0.7.0 y supuestos operacionales del Pilar P06.
AF-JEV-P06-009-04,JEV-P06-009,P06,"¿Cómo medir latencia de extremo a extremo, incluida red, preparación, colas, reintentos y validación de la salida?","Fundamentación técnica documentada en Patterns of Distributed Systems & Decoupled Execution (CQRS / Sagas) relativa a ¿cómo medir latencia de extremo a extremo, incluida red, preparación, colas, reintentos y ...",SRC-0038,Fuente SRC-0038,https://martinfowler.com/bliki/CQRS.html,referencia_tecnica,Válido bajo contrato typesafe-sdk 0.7.0 y supuestos operacionales del Pilar P06.
AF-JEV-P06-009-05,JEV-P06-009,P06,"¿Cómo medir latencia de extremo a extremo, incluida red, preparación, colas, reintentos y validación de la salida?","Fundamentación técnica documentada en Documentos Analíticos Canónicos P04 (P04_DEEP_DIVE, EVIDENCE_MAP, CONTEXT_PLAYBOOK) relativa a ¿cómo medir latencia de extremo a extremo, incluida red, preparación, colas, reintentos y ...",SRC-0040,Fuente SRC-0040,Cuaderno canónico P04 (`97480264-ff2c-4816-9dec-4b8ce071500a`),analisis_interno,Válido bajo contrato typesafe-sdk 0.7.0 y supuestos operacionales del Pilar P06.
AF-JEV-P06-009-06,JEV-P06-009,P06,"¿Cómo medir latencia de extremo a extremo, incluida red, preparación, colas, reintentos y validación de la salida?","Fundamentación técnica documentada en Documentos Analíticos Canónicos P06 (P06_DEEP_DIVE, EVIDENCE_MAP, EVALUATION_PLAYBOOK) relativa a ¿cómo medir latencia de extremo a extremo, incluida red, preparación, colas, reintentos y ...",SRC-0046,Fuente SRC-0046,Cuaderno canónico P06 (`9b87f42f-e3f9-49ca-afb4-affe7c6259da`),analisis_interno,Válido bajo contrato typesafe-sdk 0.7.0 y supuestos operacionales del Pilar P06.
AF-JEV-P06-010-01,JEV-P06-010,P06,"¿Cómo medir costo por resultado aceptado contabilizando abstenciones, escalamiento, errores y revisión humana?","Fundamentación técnica documentada en Introducing System One Models and Jev relativa a ¿cómo medir costo por resultado aceptado contabilizando abstenciones, escalamiento, errore...",SRC-0001,Fuente SRC-0001,https://typesafe.ai/blog/introducing-system-one-models-and-jev,documentado_proveedor,Válido bajo contrato typesafe-sdk 0.7.0 y supuestos operacionales del Pilar P06.
AF-JEV-P06-010-02,JEV-P06-010,P06,"¿Cómo medir costo por resultado aceptado contabilizando abstenciones, escalamiento, errores y revisión humana?","Fundamentación técnica documentada en Geifman & El-Yaniv (2017): Selective Classification for Deep Neural Networks relativa a ¿cómo medir costo por resultado aceptado contabilizando abstenciones, escalamiento, errore...",SRC-0029,Fuente SRC-0029,https://arxiv.org/abs/1705.08500,referencia_tecnica,Válido bajo contrato typesafe-sdk 0.7.0 y supuestos operacionales del Pilar P06.
AF-JEV-P06-010-03,JEV-P06-010,P06,"¿Cómo medir costo por resultado aceptado contabilizando abstenciones, escalamiento, errores y revisión humana?","Fundamentación técnica documentada en Mozannar & Sontag (2020): Consistent Estimators for Learning to Defer to an Expert relativa a ¿cómo medir costo por resultado aceptado contabilizando abstenciones, escalamiento, errore...",SRC-0032,Fuente SRC-0032,https://arxiv.org/abs/2006.01862,referencia_tecnica,Válido bajo contrato typesafe-sdk 0.7.0 y supuestos operacionales del Pilar P06.
AF-JEV-P06-010-04,JEV-P06-010,P06,"¿Cómo medir costo por resultado aceptado contabilizando abstenciones, escalamiento, errores y revisión humana?","Fundamentación técnica documentada en The Foundations of Cost-Sensitive Learning relativa a ¿cómo medir costo por resultado aceptado contabilizando abstenciones, escalamiento, errore...",SRC-0035,Fuente SRC-0035,https://cdn.aaai.org/IJCAI/2001/IJCAI01-135.pdf,referencia_tecnica,Válido bajo contrato typesafe-sdk 0.7.0 y supuestos operacionales del Pilar P06.
AF-JEV-P06-010-05,JEV-P06-010,P06,"¿Cómo medir costo por resultado aceptado contabilizando abstenciones, escalamiento, errores y revisión humana?","Fundamentación técnica documentada en Documentos Analíticos Canónicos P05 (P05_DEEP_DIVE, EVIDENCE_MAP, CALIBRATION_PLAYBOOK) relativa a ¿cómo medir costo por resultado aceptado contabilizando abstenciones, escalamiento, errore...",SRC-0041,Fuente SRC-0041,Cuaderno canónico P05 (`d65c48bf-c7d3-44d4-b0cf-79842f3df7dc`),analisis_interno,Válido bajo contrato typesafe-sdk 0.7.0 y supuestos operacionales del Pilar P06.
AF-JEV-P06-010-06,JEV-P06-010,P06,"¿Cómo medir costo por resultado aceptado contabilizando abstenciones, escalamiento, errores y revisión humana?","Fundamentación técnica documentada en Documentos Analíticos Canónicos P06 (P06_DEEP_DIVE, EVIDENCE_MAP, EVALUATION_PLAYBOOK) relativa a ¿cómo medir costo por resultado aceptado contabilizando abstenciones, escalamiento, errore...",SRC-0046,Fuente SRC-0046,Cuaderno canónico P06 (`9b87f42f-e3f9-49ca-afb4-affe7c6259da`),analisis_interno,Válido bajo contrato typesafe-sdk 0.7.0 y supuestos operacionales del Pilar P06.
AF-JEV-P06-011-01,JEV-P06-011,P06,"¿Qué criterios previos de aprobación, rechazo y suspensión impiden seleccionar retrospectivamente la métrica favorable?","Fundamentación técnica documentada en TypeSafe AI Official Documentation relativa a ¿qué criterios previos de aprobación, rechazo y suspensión impiden seleccionar retrospecti...",SRC-0002,Fuente SRC-0002,https://docs.typesafe.ai/,documentado_proveedor,Válido bajo contrato typesafe-sdk 0.7.0 y supuestos operacionales del Pilar P06.
AF-JEV-P06-011-02,JEV-P06-011,P06,"¿Qué criterios previos de aprobación, rechazo y suspensión impiden seleccionar retrospectivamente la métrica favorable?","Fundamentación técnica documentada en Patterns of Distributed Systems & Decoupled Execution (CQRS / Sagas) relativa a ¿qué criterios previos de aprobación, rechazo y suspensión impiden seleccionar retrospecti...",SRC-0038,Fuente SRC-0038,https://martinfowler.com/bliki/CQRS.html,referencia_tecnica,Válido bajo contrato typesafe-sdk 0.7.0 y supuestos operacionales del Pilar P06.
AF-JEV-P06-011-03,JEV-P06-011,P06,"¿Qué criterios previos de aprobación, rechazo y suspensión impiden seleccionar retrospectivamente la métrica favorable?","Fundamentación técnica documentada en Documentos Analíticos Canónicos P05 (P05_DEEP_DIVE, EVIDENCE_MAP, CALIBRATION_PLAYBOOK) relativa a ¿qué criterios previos de aprobación, rechazo y suspensión impiden seleccionar retrospecti...",SRC-0041,Fuente SRC-0041,Cuaderno canónico P05 (`d65c48bf-c7d3-44d4-b0cf-79842f3df7dc`),analisis_interno,Válido bajo contrato typesafe-sdk 0.7.0 y supuestos operacionales del Pilar P06.
AF-JEV-P06-011-04,JEV-P06-011,P06,"¿Qué criterios previos de aprobación, rechazo y suspensión impiden seleccionar retrospectivamente la métrica favorable?","Fundamentación técnica documentada en Documentos Analíticos Canónicos P06 (P06_DEEP_DIVE, EVIDENCE_MAP, EVALUATION_PLAYBOOK) relativa a ¿qué criterios previos de aprobación, rechazo y suspensión impiden seleccionar retrospecti...",SRC-0046,Fuente SRC-0046,Cuaderno canónico P06 (`9b87f42f-e3f9-49ca-afb4-affe7c6259da`),analisis_interno,Válido bajo contrato typesafe-sdk 0.7.0 y supuestos operacionales del Pilar P06.
AF-JEV-P06-011-05,JEV-P06-011,P06,"¿Qué criterios previos de aprobación, rechazo y suspensión impiden seleccionar retrospectivamente la métrica favorable?","Fundamentación técnica documentada en Dietterich (1998): Approximate Statistical Tests for Comparing Supervised Learning Algorithms relativa a ¿qué criterios previos de aprobación, rechazo y suspensión impiden seleccionar retrospecti...",SRC-0049,Fuente SRC-0049,https://doi.org/10.1162/089976698300017197,referencia_tecnica,Válido bajo contrato typesafe-sdk 0.7.0 y supuestos operacionales del Pilar P06.
AF-JEV-P06-012-01,JEV-P06-012,P06,¿Cómo evaluar repetibilidad entre llamadas y estabilidad ante pequeñas reformulaciones sin confundirlas con corrección?,Fundamentación técnica documentada en TypeSafe AI Official Documentation relativa a ¿cómo evaluar repetibilidad entre llamadas y estabilidad ante pequeñas reformulaciones sin...,SRC-0002,Fuente SRC-0002,https://docs.typesafe.ai/,documentado_proveedor,Válido bajo contrato typesafe-sdk 0.7.0 y supuestos operacionales del Pilar P06.
AF-JEV-P06-012-02,JEV-P06-012,P06,¿Cómo evaluar repetibilidad entre llamadas y estabilidad ante pequeñas reformulaciones sin confundirlas con corrección?,Fundamentación técnica documentada en Guo et al. (2017): On Calibration of Modern Neural Networks relativa a ¿cómo evaluar repetibilidad entre llamadas y estabilidad ante pequeñas reformulaciones sin...,SRC-0030,Fuente SRC-0030,https://arxiv.org/abs/1706.04599,referencia_tecnica,Válido bajo contrato typesafe-sdk 0.7.0 y supuestos operacionales del Pilar P06.
AF-JEV-P06-012-03,JEV-P06-012,P06,¿Cómo evaluar repetibilidad entre llamadas y estabilidad ante pequeñas reformulaciones sin confundirlas con corrección?,Fundamentación técnica documentada en Calibrate Before Use: Improving Few-Shot Performance of Language Models relativa a ¿cómo evaluar repetibilidad entre llamadas y estabilidad ante pequeñas reformulaciones sin...,SRC-0037,Fuente SRC-0037,https://arxiv.org/abs/2102.09690,referencia_tecnica,Válido bajo contrato typesafe-sdk 0.7.0 y supuestos operacionales del Pilar P06.
AF-JEV-P06-012-04,JEV-P06-012,P06,¿Cómo evaluar repetibilidad entre llamadas y estabilidad ante pequeñas reformulaciones sin confundirlas con corrección?,"Fundamentación técnica documentada en Documentos Analíticos Canónicos P06 (P06_DEEP_DIVE, EVIDENCE_MAP, EVALUATION_PLAYBOOK) relativa a ¿cómo evaluar repetibilidad entre llamadas y estabilidad ante pequeñas reformulaciones sin...",SRC-0046,Fuente SRC-0046,Cuaderno canónico P06 (`9b87f42f-e3f9-49ca-afb4-affe7c6259da`),analisis_interno,Válido bajo contrato typesafe-sdk 0.7.0 y supuestos operacionales del Pilar P06.
AF-JEV-P06-012-05,JEV-P06-012,P06,¿Cómo evaluar repetibilidad entre llamadas y estabilidad ante pequeñas reformulaciones sin confundirlas con corrección?,Fundamentación técnica documentada en Mitchell et al. (2019): Model Cards for Model Reporting relativa a ¿cómo evaluar repetibilidad entre llamadas y estabilidad ante pequeñas reformulaciones sin...,SRC-0047,Fuente SRC-0047,https://arxiv.org/abs/1810.03993,referencia_tecnica,Válido bajo contrato typesafe-sdk 0.7.0 y supuestos operacionales del Pilar P06.
AF-JEV-P06-012-06,JEV-P06-012,P06,¿Cómo evaluar repetibilidad entre llamadas y estabilidad ante pequeñas reformulaciones sin confundirlas con corrección?,Fundamentación técnica documentada en Ribeiro et al. (2020): Beyond Accuracy — Behavioral Testing of NLP Models with CheckList relativa a ¿cómo evaluar repetibilidad entre llamadas y estabilidad ante pequeñas reformulaciones sin...,SRC-0048,Fuente SRC-0048,https://arxiv.org/abs/2005.04118,referencia_tecnica,Válido bajo contrato typesafe-sdk 0.7.0 y supuestos operacionales del Pilar P06.
AF-JEV-P06-013-01,JEV-P06-013,P06,"¿Qué pruebas de perturbación revelan sensibilidad a distractores, orden, longitud, ortografía y evidencia contradictoria?","Fundamentación técnica documentada en Introducing System One Models and Jev relativa a ¿qué pruebas de perturbación revelan sensibilidad a distractores, orden, longitud, ortogra...",SRC-0001,Fuente SRC-0001,https://typesafe.ai/blog/introducing-system-one-models-and-jev,documentado_proveedor,Válido bajo contrato typesafe-sdk 0.7.0 y supuestos operacionales del Pilar P06.
AF-JEV-P06-013-02,JEV-P06-013,P06,"¿Qué pruebas de perturbación revelan sensibilidad a distractores, orden, longitud, ortografía y evidencia contradictoria?","Fundamentación técnica documentada en GitHub: jkudish/jev-browser — Browser automation with Jev relativa a ¿qué pruebas de perturbación revelan sensibilidad a distractores, orden, longitud, ortogra...",SRC-0017,Fuente SRC-0017,https://github.com/jkudish/jev-browser,medido_independiente,Válido bajo contrato typesafe-sdk 0.7.0 y supuestos operacionales del Pilar P06.
AF-JEV-P06-013-03,JEV-P06-013,P06,"¿Qué pruebas de perturbación revelan sensibilidad a distractores, orden, longitud, ortografía y evidencia contradictoria?","Fundamentación técnica documentada en Documentos Analíticos Canónicos P04 (P04_DEEP_DIVE, EVIDENCE_MAP, CONTEXT_PLAYBOOK) relativa a ¿qué pruebas de perturbación revelan sensibilidad a distractores, orden, longitud, ortogra...",SRC-0040,Fuente SRC-0040,Cuaderno canónico P04 (`97480264-ff2c-4816-9dec-4b8ce071500a`),analisis_interno,Válido bajo contrato typesafe-sdk 0.7.0 y supuestos operacionales del Pilar P06.
AF-JEV-P06-013-04,JEV-P06-013,P06,"¿Qué pruebas de perturbación revelan sensibilidad a distractores, orden, longitud, ortografía y evidencia contradictoria?","Fundamentación técnica documentada en Documentos Analíticos Canónicos P05 (P05_DEEP_DIVE, EVIDENCE_MAP, CALIBRATION_PLAYBOOK) relativa a ¿qué pruebas de perturbación revelan sensibilidad a distractores, orden, longitud, ortogra...",SRC-0041,Fuente SRC-0041,Cuaderno canónico P05 (`d65c48bf-c7d3-44d4-b0cf-79842f3df7dc`),analisis_interno,Válido bajo contrato typesafe-sdk 0.7.0 y supuestos operacionales del Pilar P06.
AF-JEV-P06-013-05,JEV-P06-013,P06,"¿Qué pruebas de perturbación revelan sensibilidad a distractores, orden, longitud, ortografía y evidencia contradictoria?","Fundamentación técnica documentada en Documentos Analíticos Canónicos P06 (P06_DEEP_DIVE, EVIDENCE_MAP, EVALUATION_PLAYBOOK) relativa a ¿qué pruebas de perturbación revelan sensibilidad a distractores, orden, longitud, ortogra...",SRC-0046,Fuente SRC-0046,Cuaderno canónico P06 (`9b87f42f-e3f9-49ca-afb4-affe7c6259da`),analisis_interno,Válido bajo contrato typesafe-sdk 0.7.0 y supuestos operacionales del Pilar P06.
AF-JEV-P06-013-06,JEV-P06-013,P06,"¿Qué pruebas de perturbación revelan sensibilidad a distractores, orden, longitud, ortografía y evidencia contradictoria?","Fundamentación técnica documentada en Ribeiro et al. (2020): Beyond Accuracy — Behavioral Testing of NLP Models with CheckList relativa a ¿qué pruebas de perturbación revelan sensibilidad a distractores, orden, longitud, ortogra...",SRC-0048,Fuente SRC-0048,https://arxiv.org/abs/2005.04118,referencia_tecnica,Válido bajo contrato typesafe-sdk 0.7.0 y supuestos operacionales del Pilar P06.
AF-JEV-P06-014-01,JEV-P06-014,P06,¿Cómo diseñar un conjunto adversarial separado sin permitir que domine artificialmente la estimación del desempeño cotidiano?,Fundamentación técnica documentada en TypeSafe AI Official Documentation relativa a ¿cómo diseñar un conjunto adversarial separado sin permitir que domine artificialmente la ...,SRC-0002,Fuente SRC-0002,https://docs.typesafe.ai/,documentado_proveedor,Válido bajo contrato typesafe-sdk 0.7.0 y supuestos operacionales del Pilar P06.
AF-JEV-P06-014-02,JEV-P06-014,P06,¿Cómo diseñar un conjunto adversarial separado sin permitir que domine artificialmente la estimación del desempeño cotidiano?,"Fundamentación técnica documentada en Documentos Analíticos Canónicos P04 (P04_DEEP_DIVE, EVIDENCE_MAP, CONTEXT_PLAYBOOK) relativa a ¿cómo diseñar un conjunto adversarial separado sin permitir que domine artificialmente la ...",SRC-0040,Fuente SRC-0040,Cuaderno canónico P04 (`97480264-ff2c-4816-9dec-4b8ce071500a`),analisis_interno,Válido bajo contrato typesafe-sdk 0.7.0 y supuestos operacionales del Pilar P06.
AF-JEV-P06-014-03,JEV-P06-014,P06,¿Cómo diseñar un conjunto adversarial separado sin permitir que domine artificialmente la estimación del desempeño cotidiano?,"Fundamentación técnica documentada en Documentos Analíticos Canónicos P05 (P05_DEEP_DIVE, EVIDENCE_MAP, CALIBRATION_PLAYBOOK) relativa a ¿cómo diseñar un conjunto adversarial separado sin permitir que domine artificialmente la ...",SRC-0041,Fuente SRC-0041,Cuaderno canónico P05 (`d65c48bf-c7d3-44d4-b0cf-79842f3df7dc`),analisis_interno,Válido bajo contrato typesafe-sdk 0.7.0 y supuestos operacionales del Pilar P06.
AF-JEV-P06-014-04,JEV-P06-014,P06,¿Cómo diseñar un conjunto adversarial separado sin permitir que domine artificialmente la estimación del desempeño cotidiano?,"Fundamentación técnica documentada en Documentos Analíticos Canónicos P06 (P06_DEEP_DIVE, EVIDENCE_MAP, EVALUATION_PLAYBOOK) relativa a ¿cómo diseñar un conjunto adversarial separado sin permitir que domine artificialmente la ...",SRC-0046,Fuente SRC-0046,Cuaderno canónico P06 (`9b87f42f-e3f9-49ca-afb4-affe7c6259da`),analisis_interno,Válido bajo contrato typesafe-sdk 0.7.0 y supuestos operacionales del Pilar P06.
AF-JEV-P06-014-05,JEV-P06-014,P06,¿Cómo diseñar un conjunto adversarial separado sin permitir que domine artificialmente la estimación del desempeño cotidiano?,Fundamentación técnica documentada en Mitchell et al. (2019): Model Cards for Model Reporting relativa a ¿cómo diseñar un conjunto adversarial separado sin permitir que domine artificialmente la ...,SRC-0047,Fuente SRC-0047,https://arxiv.org/abs/1810.03993,referencia_tecnica,Válido bajo contrato typesafe-sdk 0.7.0 y supuestos operacionales del Pilar P06.
AF-JEV-P06-014-06,JEV-P06-014,P06,¿Cómo diseñar un conjunto adversarial separado sin permitir que domine artificialmente la estimación del desempeño cotidiano?,Fundamentación técnica documentada en Ribeiro et al. (2020): Beyond Accuracy — Behavioral Testing of NLP Models with CheckList relativa a ¿cómo diseñar un conjunto adversarial separado sin permitir que domine artificialmente la ...,SRC-0048,Fuente SRC-0048,https://arxiv.org/abs/2005.04118,referencia_tecnica,Válido bajo contrato typesafe-sdk 0.7.0 y supuestos operacionales del Pilar P06.
AF-JEV-P06-015-01,JEV-P06-015,P06,"¿Qué ablaciones identifican el aporte real de Jev frente al de recuperación, preprocesamiento, rúbrica y revisión humana?","Fundamentación técnica documentada en Introducing System One Models and Jev relativa a ¿qué ablaciones identifican el aporte real de jev frente al de recuperación, preprocesamie...",SRC-0001,Fuente SRC-0001,https://typesafe.ai/blog/introducing-system-one-models-and-jev,documentado_proveedor,Válido bajo contrato typesafe-sdk 0.7.0 y supuestos operacionales del Pilar P06.
AF-JEV-P06-015-02,JEV-P06-015,P06,"¿Qué ablaciones identifican el aporte real de Jev frente al de recuperación, preprocesamiento, rúbrica y revisión humana?","Fundamentación técnica documentada en Documentos Analíticos Canónicos P03 (P03_DEEP_DIVE, EVIDENCE_MAP, WORKFLOW_PLAYBOOK) relativa a ¿qué ablaciones identifican el aporte real de jev frente al de recuperación, preprocesamie...",SRC-0034,Fuente SRC-0034,Cuaderno canónico P03 (`420bc955-32d2-44bf-b9ad-e3b8a7874d43`),analisis_interno,Válido bajo contrato typesafe-sdk 0.7.0 y supuestos operacionales del Pilar P06.
AF-JEV-P06-015-03,JEV-P06-015,P06,"¿Qué ablaciones identifican el aporte real de Jev frente al de recuperación, preprocesamiento, rúbrica y revisión humana?","Fundamentación técnica documentada en Documentos Analíticos Canónicos P04 (P04_DEEP_DIVE, EVIDENCE_MAP, CONTEXT_PLAYBOOK) relativa a ¿qué ablaciones identifican el aporte real de jev frente al de recuperación, preprocesamie...",SRC-0040,Fuente SRC-0040,Cuaderno canónico P04 (`97480264-ff2c-4816-9dec-4b8ce071500a`),analisis_interno,Válido bajo contrato typesafe-sdk 0.7.0 y supuestos operacionales del Pilar P06.
AF-JEV-P06-015-04,JEV-P06-015,P06,"¿Qué ablaciones identifican el aporte real de Jev frente al de recuperación, preprocesamiento, rúbrica y revisión humana?","Fundamentación técnica documentada en Documentos Analíticos Canónicos P06 (P06_DEEP_DIVE, EVIDENCE_MAP, EVALUATION_PLAYBOOK) relativa a ¿qué ablaciones identifican el aporte real de jev frente al de recuperación, preprocesamie...",SRC-0046,Fuente SRC-0046,Cuaderno canónico P06 (`9b87f42f-e3f9-49ca-afb4-affe7c6259da`),analisis_interno,Válido bajo contrato typesafe-sdk 0.7.0 y supuestos operacionales del Pilar P06.
AF-JEV-P06-015-05,JEV-P06-015,P06,"¿Qué ablaciones identifican el aporte real de Jev frente al de recuperación, preprocesamiento, rúbrica y revisión humana?","Fundamentación técnica documentada en Ribeiro et al. (2020): Beyond Accuracy — Behavioral Testing of NLP Models with CheckList relativa a ¿qué ablaciones identifican el aporte real de jev frente al de recuperación, preprocesamie...",SRC-0048,Fuente SRC-0048,https://arxiv.org/abs/2005.04118,referencia_tecnica,Válido bajo contrato typesafe-sdk 0.7.0 y supuestos operacionales del Pilar P06.
AF-JEV-P06-016-01,JEV-P06-016,P06,"¿Cómo auditar benchmarks publicados por el proveedor respecto de selección de tareas, jueces, costos y reproducibilidad?","Fundamentación técnica documentada en Introducing System One Models and Jev relativa a ¿cómo auditar benchmarks publicados por el proveedor respecto de selección de tareas, juec...",SRC-0001,Fuente SRC-0001,https://typesafe.ai/blog/introducing-system-one-models-and-jev,documentado_proveedor,Válido bajo contrato typesafe-sdk 0.7.0 y supuestos operacionales del Pilar P06.
AF-JEV-P06-016-02,JEV-P06-016,P06,"¿Cómo auditar benchmarks publicados por el proveedor respecto de selección de tareas, jueces, costos y reproducibilidad?","Fundamentación técnica documentada en TypeSafe AI Official Documentation relativa a ¿cómo auditar benchmarks publicados por el proveedor respecto de selección de tareas, juec...",SRC-0002,Fuente SRC-0002,https://docs.typesafe.ai/,documentado_proveedor,Válido bajo contrato typesafe-sdk 0.7.0 y supuestos operacionales del Pilar P06.
AF-JEV-P06-016-03,JEV-P06-016,P06,"¿Cómo auditar benchmarks publicados por el proveedor respecto de selección de tareas, jueces, costos y reproducibilidad?","Fundamentación técnica documentada en TypeSafe AI Blog: Lies, Damned Lies, and Benchmarks relativa a ¿cómo auditar benchmarks publicados por el proveedor respecto de selección de tareas, juec...",SRC-0013,Fuente SRC-0013,https://typesafe.ai/blog/antibenchmaxxing,documentado_proveedor,Válido bajo contrato typesafe-sdk 0.7.0 y supuestos operacionales del Pilar P06.
AF-JEV-P06-016-04,JEV-P06-016,P06,"¿Cómo auditar benchmarks publicados por el proveedor respecto de selección de tareas, jueces, costos y reproducibilidad?","Fundamentación técnica documentada en Cloudflare AI Docs: Jev (TypeSafe) Model Specification relativa a ¿cómo auditar benchmarks publicados por el proveedor respecto de selección de tareas, juec...",SRC-0026,Fuente SRC-0026,https://developers.cloudflare.com/ai/models/typesafe/jev/,documentado_proveedor,Válido bajo contrato typesafe-sdk 0.7.0 y supuestos operacionales del Pilar P06.
AF-JEV-P06-016-05,JEV-P06-016,P06,"¿Cómo auditar benchmarks publicados por el proveedor respecto de selección de tareas, jueces, costos y reproducibilidad?","Fundamentación técnica documentada en Guo et al. (2017): On Calibration of Modern Neural Networks relativa a ¿cómo auditar benchmarks publicados por el proveedor respecto de selección de tareas, juec...",SRC-0030,Fuente SRC-0030,https://arxiv.org/abs/1706.04599,referencia_tecnica,Válido bajo contrato typesafe-sdk 0.7.0 y supuestos operacionales del Pilar P06.
AF-JEV-P06-016-06,JEV-P06-016,P06,"¿Cómo auditar benchmarks publicados por el proveedor respecto de selección de tareas, jueces, costos y reproducibilidad?","Fundamentación técnica documentada en Documentos Analíticos Canónicos P06 (P06_DEEP_DIVE, EVIDENCE_MAP, EVALUATION_PLAYBOOK) relativa a ¿cómo auditar benchmarks publicados por el proveedor respecto de selección de tareas, juec...",SRC-0046,Fuente SRC-0046,Cuaderno canónico P06 (`9b87f42f-e3f9-49ca-afb4-affe7c6259da`),analisis_interno,Válido bajo contrato typesafe-sdk 0.7.0 y supuestos operacionales del Pilar P06.
AF-JEV-P06-017-01,JEV-P06-017,P06,¿Cómo controlar comparaciones múltiples y reutilización del conjunto de prueba al explorar muchas formulaciones o modelos?,Fundamentación técnica documentada en TypeSafe AI Official Documentation relativa a ¿cómo controlar comparaciones múltiples y reutilización del conjunto de prueba al explorar...,SRC-0002,Fuente SRC-0002,https://docs.typesafe.ai/,documentado_proveedor,Válido bajo contrato typesafe-sdk 0.7.0 y supuestos operacionales del Pilar P06.
AF-JEV-P06-017-02,JEV-P06-017,P06,¿Cómo controlar comparaciones múltiples y reutilización del conjunto de prueba al explorar muchas formulaciones o modelos?,Fundamentación técnica documentada en Guo et al. (2017): On Calibration of Modern Neural Networks relativa a ¿cómo controlar comparaciones múltiples y reutilización del conjunto de prueba al explorar...,SRC-0030,Fuente SRC-0030,https://arxiv.org/abs/1706.04599,referencia_tecnica,Válido bajo contrato typesafe-sdk 0.7.0 y supuestos operacionales del Pilar P06.
AF-JEV-P06-017-03,JEV-P06-017,P06,¿Cómo controlar comparaciones múltiples y reutilización del conjunto de prueba al explorar muchas formulaciones o modelos?,"Fundamentación técnica documentada en Documentos Analíticos Canónicos P06 (P06_DEEP_DIVE, EVIDENCE_MAP, EVALUATION_PLAYBOOK) relativa a ¿cómo controlar comparaciones múltiples y reutilización del conjunto de prueba al explorar...",SRC-0046,Fuente SRC-0046,Cuaderno canónico P06 (`9b87f42f-e3f9-49ca-afb4-affe7c6259da`),analisis_interno,Válido bajo contrato typesafe-sdk 0.7.0 y supuestos operacionales del Pilar P06.
AF-JEV-P06-017-04,JEV-P06-017,P06,¿Cómo controlar comparaciones múltiples y reutilización del conjunto de prueba al explorar muchas formulaciones o modelos?,Fundamentación técnica documentada en Mitchell et al. (2019): Model Cards for Model Reporting relativa a ¿cómo controlar comparaciones múltiples y reutilización del conjunto de prueba al explorar...,SRC-0047,Fuente SRC-0047,https://arxiv.org/abs/1810.03993,referencia_tecnica,Válido bajo contrato typesafe-sdk 0.7.0 y supuestos operacionales del Pilar P06.
AF-JEV-P06-017-05,JEV-P06-017,P06,¿Cómo controlar comparaciones múltiples y reutilización del conjunto de prueba al explorar muchas formulaciones o modelos?,Fundamentación técnica documentada en Dietterich (1998): Approximate Statistical Tests for Comparing Supervised Learning Algorithms relativa a ¿cómo controlar comparaciones múltiples y reutilización del conjunto de prueba al explorar...,SRC-0049,Fuente SRC-0049,https://doi.org/10.1162/089976698300017197,referencia_tecnica,Válido bajo contrato typesafe-sdk 0.7.0 y supuestos operacionales del Pilar P06.
AF-JEV-P06-018-01,JEV-P06-018,P06,"¿Qué configuración, versiones, datos y registros debe contener un paquete de reproducción sin exponer credenciales ni información privada?","Fundamentación técnica documentada en TypeSafe AI Official Documentation relativa a ¿qué configuración, versiones, datos y registros debe contener un paquete de reproducción ...",SRC-0002,Fuente SRC-0002,https://docs.typesafe.ai/,documentado_proveedor,Válido bajo contrato typesafe-sdk 0.7.0 y supuestos operacionales del Pilar P06.
AF-JEV-P06-018-02,JEV-P06-018,P06,"¿Qué configuración, versiones, datos y registros debe contener un paquete de reproducción sin exponer credenciales ni información privada?","Fundamentación técnica documentada en Patterns of Distributed Systems & Decoupled Execution (CQRS / Sagas) relativa a ¿qué configuración, versiones, datos y registros debe contener un paquete de reproducción ...",SRC-0038,Fuente SRC-0038,https://martinfowler.com/bliki/CQRS.html,referencia_tecnica,Válido bajo contrato typesafe-sdk 0.7.0 y supuestos operacionales del Pilar P06.
AF-JEV-P06-018-03,JEV-P06-018,P06,"¿Qué configuración, versiones, datos y registros debe contener un paquete de reproducción sin exponer credenciales ni información privada?","Fundamentación técnica documentada en Documentos Analíticos Canónicos P06 (P06_DEEP_DIVE, EVIDENCE_MAP, EVALUATION_PLAYBOOK) relativa a ¿qué configuración, versiones, datos y registros debe contener un paquete de reproducción ...",SRC-0046,Fuente SRC-0046,Cuaderno canónico P06 (`9b87f42f-e3f9-49ca-afb4-affe7c6259da`),analisis_interno,Válido bajo contrato typesafe-sdk 0.7.0 y supuestos operacionales del Pilar P06.
AF-JEV-P06-018-04,JEV-P06-018,P06,"¿Qué configuración, versiones, datos y registros debe contener un paquete de reproducción sin exponer credenciales ni información privada?","Fundamentación técnica documentada en Mitchell et al. (2019): Model Cards for Model Reporting relativa a ¿qué configuración, versiones, datos y registros debe contener un paquete de reproducción ...",SRC-0047,Fuente SRC-0047,https://arxiv.org/abs/1810.03993,referencia_tecnica,Válido bajo contrato typesafe-sdk 0.7.0 y supuestos operacionales del Pilar P06.
AF-JEV-P06-018-05,JEV-P06-018,P06,"¿Qué configuración, versiones, datos y registros debe contener un paquete de reproducción sin exponer credenciales ni información privada?","Fundamentación técnica documentada en Dietterich (1998): Approximate Statistical Tests for Comparing Supervised Learning Algorithms relativa a ¿qué configuración, versiones, datos y registros debe contener un paquete de reproducción ...",SRC-0049,Fuente SRC-0049,https://doi.org/10.1162/089976698300017197,referencia_tecnica,Válido bajo contrato typesafe-sdk 0.7.0 y supuestos operacionales del Pilar P06.
AF-JEV-P06-019-01,JEV-P06-019,P06,"¿Cómo interpretar un resultado inconcluso y elegir entre recolectar más datos, rediseñar la tarea o abandonar el caso?","Fundamentación técnica documentada en Introducing System One Models and Jev relativa a ¿cómo interpretar un resultado inconcluso y elegir entre recolectar más datos, rediseñar l...",SRC-0001,Fuente SRC-0001,https://typesafe.ai/blog/introducing-system-one-models-and-jev,documentado_proveedor,Válido bajo contrato typesafe-sdk 0.7.0 y supuestos operacionales del Pilar P06.
AF-JEV-P06-019-02,JEV-P06-019,P06,"¿Cómo interpretar un resultado inconcluso y elegir entre recolectar más datos, rediseñar la tarea o abandonar el caso?","Fundamentación técnica documentada en TypeSafe AI Blog: The Bitterest Lesson relativa a ¿cómo interpretar un resultado inconcluso y elegir entre recolectar más datos, rediseñar l...",SRC-0014,Fuente SRC-0014,https://typesafe.ai/blog/bitterest-lesson,documentado_proveedor,Válido bajo contrato typesafe-sdk 0.7.0 y supuestos operacionales del Pilar P06.
AF-JEV-P06-019-03,JEV-P06-019,P06,"¿Cómo interpretar un resultado inconcluso y elegir entre recolectar más datos, rediseñar la tarea o abandonar el caso?","Fundamentación técnica documentada en Documentos Analíticos Canónicos P06 (P06_DEEP_DIVE, EVIDENCE_MAP, EVALUATION_PLAYBOOK) relativa a ¿cómo interpretar un resultado inconcluso y elegir entre recolectar más datos, rediseñar l...",SRC-0046,Fuente SRC-0046,Cuaderno canónico P06 (`9b87f42f-e3f9-49ca-afb4-affe7c6259da`),analisis_interno,Válido bajo contrato typesafe-sdk 0.7.0 y supuestos operacionales del Pilar P06.
AF-JEV-P06-019-04,JEV-P06-019,P06,"¿Cómo interpretar un resultado inconcluso y elegir entre recolectar más datos, rediseñar la tarea o abandonar el caso?","Fundamentación técnica documentada en Ribeiro et al. (2020): Beyond Accuracy — Behavioral Testing of NLP Models with CheckList relativa a ¿cómo interpretar un resultado inconcluso y elegir entre recolectar más datos, rediseñar l...",SRC-0048,Fuente SRC-0048,https://arxiv.org/abs/2005.04118,referencia_tecnica,Válido bajo contrato typesafe-sdk 0.7.0 y supuestos operacionales del Pilar P06.
AF-JEV-P06-019-05,JEV-P06-019,P06,"¿Cómo interpretar un resultado inconcluso y elegir entre recolectar más datos, rediseñar la tarea o abandonar el caso?","Fundamentación técnica documentada en Dietterich (1998): Approximate Statistical Tests for Comparing Supervised Learning Algorithms relativa a ¿cómo interpretar un resultado inconcluso y elegir entre recolectar más datos, rediseñar l...",SRC-0049,Fuente SRC-0049,https://doi.org/10.1162/089976698300017197,referencia_tecnica,Válido bajo contrato typesafe-sdk 0.7.0 y supuestos operacionales del Pilar P06.
AF-JEV-P06-020-01,JEV-P06-020,P06,¿Qué informe de evaluación permitiría a un equipo ajeno decidir si el resultado es transferible a su propio contexto?,Fundamentación técnica documentada en Introducing System One Models and Jev relativa a ¿qué informe de evaluación permitiría a un equipo ajeno decidir si el resultado es transfe...,SRC-0001,Fuente SRC-0001,https://typesafe.ai/blog/introducing-system-one-models-and-jev,documentado_proveedor,Válido bajo contrato typesafe-sdk 0.7.0 y supuestos operacionales del Pilar P06.
AF-JEV-P06-020-02,JEV-P06-020,P06,¿Qué informe de evaluación permitiría a un equipo ajeno decidir si el resultado es transferible a su propio contexto?,Fundamentación técnica documentada en TypeSafe AI Official Documentation relativa a ¿qué informe de evaluación permitiría a un equipo ajeno decidir si el resultado es transfe...,SRC-0002,Fuente SRC-0002,https://docs.typesafe.ai/,documentado_proveedor,Válido bajo contrato typesafe-sdk 0.7.0 y supuestos operacionales del Pilar P06.
AF-JEV-P06-020-03,JEV-P06-020,P06,¿Qué informe de evaluación permitiría a un equipo ajeno decidir si el resultado es transferible a su propio contexto?,Fundamentación técnica documentada en TypeSafe AI Concepts: Use Case Map relativa a ¿qué informe de evaluación permitiría a un equipo ajeno decidir si el resultado es transfe...,SRC-0005,Fuente SRC-0005,https://docs.typesafe.ai/concepts/use-case-map,documentado_proveedor,Válido bajo contrato typesafe-sdk 0.7.0 y supuestos operacionales del Pilar P06.
AF-JEV-P06-020-04,JEV-P06-020,P06,¿Qué informe de evaluación permitiría a un equipo ajeno decidir si el resultado es transferible a su propio contexto?,Fundamentación técnica documentada en TypeSafe AI Blog: The Bitterest Lesson relativa a ¿qué informe de evaluación permitiría a un equipo ajeno decidir si el resultado es transfe...,SRC-0014,Fuente SRC-0014,https://typesafe.ai/blog/bitterest-lesson,documentado_proveedor,Válido bajo contrato typesafe-sdk 0.7.0 y supuestos operacionales del Pilar P06.
AF-JEV-P06-020-05,JEV-P06-020,P06,¿Qué informe de evaluación permitiría a un equipo ajeno decidir si el resultado es transferible a su propio contexto?,"Fundamentación técnica documentada en Documentos Analíticos Canónicos P05 (P05_DEEP_DIVE, EVIDENCE_MAP, CALIBRATION_PLAYBOOK) relativa a ¿qué informe de evaluación permitiría a un equipo ajeno decidir si el resultado es transfe...",SRC-0041,Fuente SRC-0041,Cuaderno canónico P05 (`d65c48bf-c7d3-44d4-b0cf-79842f3df7dc`),analisis_interno,Válido bajo contrato typesafe-sdk 0.7.0 y supuestos operacionales del Pilar P06.
AF-JEV-P06-020-06,JEV-P06-020,P06,¿Qué informe de evaluación permitiría a un equipo ajeno decidir si el resultado es transferible a su propio contexto?,"Fundamentación técnica documentada en Documentos Analíticos Canónicos P06 (P06_DEEP_DIVE, EVIDENCE_MAP, EVALUATION_PLAYBOOK) relativa a ¿qué informe de evaluación permitiría a un equipo ajeno decidir si el resultado es transfe...",SRC-0046,Fuente SRC-0046,Cuaderno canónico P06 (`9b87f42f-e3f9-49ca-afb4-affe7c6259da`),analisis_interno,Válido bajo contrato typesafe-sdk 0.7.0 y supuestos operacionales del Pilar P06.
AF-JEV-P06-020-07,JEV-P06-020,P06,¿Qué informe de evaluación permitiría a un equipo ajeno decidir si el resultado es transferible a su propio contexto?,Fundamentación técnica documentada en Mitchell et al. (2019): Model Cards for Model Reporting relativa a ¿qué informe de evaluación permitiría a un equipo ajeno decidir si el resultado es transfe...,SRC-0047,Fuente SRC-0047,https://arxiv.org/abs/1810.03993,referencia_tecnica,Válido bajo contrato typesafe-sdk 0.7.0 y supuestos operacionales del Pilar P06.
AF-JEV-P06-020-08,JEV-P06-020,P06,¿Qué informe de evaluación permitiría a un equipo ajeno decidir si el resultado es transferible a su propio contexto?,Fundamentación técnica documentada en Ribeiro et al. (2020): Beyond Accuracy — Behavioral Testing of NLP Models with CheckList relativa a ¿qué informe de evaluación permitiría a un equipo ajeno decidir si el resultado es transfe...,SRC-0048,Fuente SRC-0048,https://arxiv.org/abs/2005.04118,referencia_tecnica,Válido bajo contrato typesafe-sdk 0.7.0 y supuestos operacionales del Pilar P06.
AF-JEV-P08-001-01,JEV-P08-001,P08,"¿Qué decisiones debe tomar Jev y cuáles deben permanecer en código determinista, otro modelo o supervisión humana?","Fundamentación técnica documentada en Introducing System One Models and Jev relativa a ¿qué decisiones debe tomar jev y cuáles deben permanecer en código determinista, otro mode...",SRC-0001,Fuente SRC-0001,https://typesafe.ai/blog/introducing-system-one-models-and-jev,documentado_proveedor,Válido bajo contrato typesafe-sdk 0.7.0 y supuestos operacionales del Pilar P08.
AF-JEV-P08-001-02,JEV-P08-001,P08,"¿Qué decisiones debe tomar Jev y cuáles deben permanecer en código determinista, otro modelo o supervisión humana?","Fundamentación técnica documentada en Patterns of Distributed Systems & Decoupled Execution (CQRS / Sagas) relativa a ¿qué decisiones debe tomar jev y cuáles deben permanecer en código determinista, otro mode...",SRC-0038,Fuente SRC-0038,https://martinfowler.com/bliki/CQRS.html,referencia_tecnica,Válido bajo contrato typesafe-sdk 0.7.0 y supuestos operacionales del Pilar P08.
AF-JEV-P08-001-03,JEV-P08-001,P08,"¿Qué decisiones debe tomar Jev y cuáles deben permanecer en código determinista, otro modelo o supervisión humana?","Fundamentación técnica documentada en Anthropic Research: Building Effective Agents (Workflow & Agent Architecture Patterns) relativa a ¿qué decisiones debe tomar jev y cuáles deben permanecer en código determinista, otro mode...",SRC-0059,Fuente SRC-0059,https://www.anthropic.com/research/building-effective-agents,referencia_tecnica,Válido bajo contrato typesafe-sdk 0.7.0 y supuestos operacionales del Pilar P08.
AF-JEV-P08-001-04,JEV-P08-001,P08,"¿Qué decisiones debe tomar Jev y cuáles deben permanecer en código determinista, otro modelo o supervisión humana?","Fundamentación técnica documentada en Documentos Analíticos Canónicos P08 (P08_DEEP_DIVE, EVIDENCE_MAP, WORKFLOW_PLAYBOOK, EXPERIMENT_PROTOCOL, GAPS_AND_ACTIONS, SOURCE_INDEX) relativa a ¿qué decisiones debe tomar jev y cuáles deben permanecer en código determinista, otro mode...",SRC-0110,Fuente SRC-0110,Cuaderno canónico P08 (`ec4c11a4-5a35-49f7-83fa-743ade425e0f`),metodo_general,Válido bajo contrato typesafe-sdk 0.7.0 y supuestos operacionales del Pilar P08.
AF-JEV-P08-002-01,JEV-P08-002,P08,¿Qué arquitectura mínima permite introducir un juicio semántico sin rehacer el sistema completo ni convertirlo en dependencia indispensable?,Fundamentación técnica documentada en TypeSafe AI Official Documentation relativa a ¿qué arquitectura mínima permite introducir un juicio semántico sin rehacer el sistema com...,SRC-0002,Fuente SRC-0002,https://docs.typesafe.ai/,documentado_proveedor,Válido bajo contrato typesafe-sdk 0.7.0 y supuestos operacionales del Pilar P08.
AF-JEV-P08-002-02,JEV-P08-002,P08,¿Qué arquitectura mínima permite introducir un juicio semántico sin rehacer el sistema completo ni convertirlo en dependencia indispensable?,Fundamentación técnica documentada en Patterns of Distributed Systems & Decoupled Execution (CQRS / Sagas) relativa a ¿qué arquitectura mínima permite introducir un juicio semántico sin rehacer el sistema com...,SRC-0038,Fuente SRC-0038,https://martinfowler.com/bliki/CQRS.html,referencia_tecnica,Válido bajo contrato typesafe-sdk 0.7.0 y supuestos operacionales del Pilar P08.
AF-JEV-P08-002-03,JEV-P08-002,P08,¿Qué arquitectura mínima permite introducir un juicio semántico sin rehacer el sistema completo ni convertirlo en dependencia indispensable?,Fundamentación técnica documentada en Martin Fowler: CircuitBreaker Pattern for Software Architecture & Resilient Systems relativa a ¿qué arquitectura mínima permite introducir un juicio semántico sin rehacer el sistema com...,SRC-0064,Fuente SRC-0064,https://martinfowler.com/bliki/CircuitBreaker.html,metodo_general,Válido bajo contrato typesafe-sdk 0.7.0 y supuestos operacionales del Pilar P08.
AF-JEV-P08-002-04,JEV-P08-002,P08,¿Qué arquitectura mínima permite introducir un juicio semántico sin rehacer el sistema completo ni convertirlo en dependencia indispensable?,"Fundamentación técnica documentada en Documentos Analíticos Canónicos P08 (P08_DEEP_DIVE, EVIDENCE_MAP, WORKFLOW_PLAYBOOK, EXPERIMENT_PROTOCOL, GAPS_AND_ACTIONS, SOURCE_INDEX) relativa a ¿qué arquitectura mínima permite introducir un juicio semántico sin rehacer el sistema com...",SRC-0110,Fuente SRC-0110,Cuaderno canónico P08 (`ec4c11a4-5a35-49f7-83fa-743ade425e0f`),metodo_general,Válido bajo contrato typesafe-sdk 0.7.0 y supuestos operacionales del Pilar P08.
AF-JEV-P08-003-01,JEV-P08-003,P08,¿Cómo diseñar una cascada que escale casos difíciles usando calidad y costo total como criterios de selección?,Fundamentación técnica documentada en Introducing System One Models and Jev relativa a ¿cómo diseñar una cascada que escale casos difíciles usando calidad y costo total como cri...,SRC-0001,Fuente SRC-0001,https://typesafe.ai/blog/introducing-system-one-models-and-jev,documentado_proveedor,Válido bajo contrato typesafe-sdk 0.7.0 y supuestos operacionales del Pilar P08.
AF-JEV-P08-003-02,JEV-P08-003,P08,¿Cómo diseñar una cascada que escale casos difíciles usando calidad y costo total como criterios de selección?,Fundamentación técnica documentada en TypeSafe AI: Confidence & Calibration relativa a ¿cómo diseñar una cascada que escale casos difíciles usando calidad y costo total como cri...,SRC-0003,Fuente SRC-0003,https://docs.typesafe.ai/confidence,documentado_proveedor,Válido bajo contrato typesafe-sdk 0.7.0 y supuestos operacionales del Pilar P08.
AF-JEV-P08-003-03,JEV-P08-003,P08,¿Cómo diseñar una cascada que escale casos difíciles usando calidad y costo total como criterios de selección?,Fundamentación técnica documentada en FrugalGPT (2023) — How to Use Large Language Models While Reducing Cost and Improving Performance relativa a ¿cómo diseñar una cascada que escale casos difíciles usando calidad y costo total como cri...,SRC-0108,Fuente SRC-0108,https://arxiv.org/abs/2305.05176,referencia_tecnica,Válido bajo contrato typesafe-sdk 0.7.0 y supuestos operacionales del Pilar P08.
AF-JEV-P08-003-04,JEV-P08-003,P08,¿Cómo diseñar una cascada que escale casos difíciles usando calidad y costo total como criterios de selección?,Fundamentación técnica documentada en RouteLLM (2024) — Learning to Route LLMs with Preference Data relativa a ¿cómo diseñar una cascada que escale casos difíciles usando calidad y costo total como cri...,SRC-0109,Fuente SRC-0109,https://arxiv.org/abs/2406.18665,referencia_tecnica,Válido bajo contrato typesafe-sdk 0.7.0 y supuestos operacionales del Pilar P08.
AF-JEV-P08-003-05,JEV-P08-003,P08,¿Cómo diseñar una cascada que escale casos difíciles usando calidad y costo total como criterios de selección?,"Fundamentación técnica documentada en Documentos Analíticos Canónicos P08 (P08_DEEP_DIVE, EVIDENCE_MAP, WORKFLOW_PLAYBOOK, EXPERIMENT_PROTOCOL, GAPS_AND_ACTIONS, SOURCE_INDEX) relativa a ¿cómo diseñar una cascada que escale casos difíciles usando calidad y costo total como cri...",SRC-0110,Fuente SRC-0110,Cuaderno canónico P08 (`ec4c11a4-5a35-49f7-83fa-743ade425e0f`),metodo_general,Válido bajo contrato typesafe-sdk 0.7.0 y supuestos operacionales del Pilar P08.
AF-JEV-P08-004-01,JEV-P08-004,P08,"¿Cómo separar recomendación, autorización y ejecución para que una salida del modelo no active por sí sola acciones sensibles?","Fundamentación técnica documentada en Patterns of Distributed Systems & Decoupled Execution (CQRS / Sagas) relativa a ¿cómo separar recomendación, autorización y ejecución para que una salida del modelo no ac...",SRC-0038,Fuente SRC-0038,https://martinfowler.com/bliki/CQRS.html,referencia_tecnica,Válido bajo contrato typesafe-sdk 0.7.0 y supuestos operacionales del Pilar P08.
AF-JEV-P08-004-02,JEV-P08-004,P08,"¿Cómo separar recomendación, autorización y ejecución para que una salida del modelo no active por sí sola acciones sensibles?","Fundamentación técnica documentada en Corpus Normativo Ley Chile relativa a ¿cómo separar recomendación, autorización y ejecución para que una salida del modelo no ac...",SRC-0056,Fuente SRC-0056,https://www.bcn.cl/leychile,marco_normativo,Válido bajo contrato typesafe-sdk 0.7.0 y supuestos operacionales del Pilar P08.
AF-JEV-P08-004-03,JEV-P08-004,P08,"¿Cómo separar recomendación, autorización y ejecución para que una salida del modelo no active por sí sola acciones sensibles?","Fundamentación técnica documentada en OWASP Top 10 for Large Language Model Applications (2025) relativa a ¿cómo separar recomendación, autorización y ejecución para que una salida del modelo no ac...",SRC-0089,Fuente SRC-0089,https://owasp.org/projects/top-10-for-large-language-model-applications,referencia_tecnica,Válido bajo contrato typesafe-sdk 0.7.0 y supuestos operacionales del Pilar P08.
AF-JEV-P08-004-04,JEV-P08-004,P08,"¿Cómo separar recomendación, autorización y ejecución para que una salida del modelo no active por sí sola acciones sensibles?","Fundamentación técnica documentada en Documentos Analíticos Canónicos P08 (P08_DEEP_DIVE, EVIDENCE_MAP, WORKFLOW_PLAYBOOK, EXPERIMENT_PROTOCOL, GAPS_AND_ACTIONS, SOURCE_INDEX) relativa a ¿cómo separar recomendación, autorización y ejecución para que una salida del modelo no ac...",SRC-0110,Fuente SRC-0110,Cuaderno canónico P08 (`ec4c11a4-5a35-49f7-83fa-743ade425e0f`),metodo_general,Válido bajo contrato typesafe-sdk 0.7.0 y supuestos operacionales del Pilar P08.
AF-JEV-P08-005-01,JEV-P08-005,P08,¿Qué contratos entre componentes evitan que una salida tipada pero semánticamente incorrecta se propague como dato confiable?,Fundamentación técnica documentada en TypeSafe AI Official Documentation relativa a ¿qué contratos entre componentes evitan que una salida tipada pero semánticamente incorrec...,SRC-0002,Fuente SRC-0002,https://docs.typesafe.ai/,documentado_proveedor,Válido bajo contrato typesafe-sdk 0.7.0 y supuestos operacionales del Pilar P08.
AF-JEV-P08-005-02,JEV-P08-005,P08,¿Qué contratos entre componentes evitan que una salida tipada pero semánticamente incorrecta se propague como dato confiable?,Fundamentación técnica documentada en Patterns of Distributed Systems & Decoupled Execution (CQRS / Sagas) relativa a ¿qué contratos entre componentes evitan que una salida tipada pero semánticamente incorrec...,SRC-0038,Fuente SRC-0038,https://martinfowler.com/bliki/CQRS.html,referencia_tecnica,Válido bajo contrato typesafe-sdk 0.7.0 y supuestos operacionales del Pilar P08.
AF-JEV-P08-005-03,JEV-P08-005,P08,¿Qué contratos entre componentes evitan que una salida tipada pero semánticamente incorrecta se propague como dato confiable?,Fundamentación técnica documentada en OWASP Top 10 for Large Language Model Applications (2025) relativa a ¿qué contratos entre componentes evitan que una salida tipada pero semánticamente incorrec...,SRC-0089,Fuente SRC-0089,https://owasp.org/projects/top-10-for-large-language-model-applications,referencia_tecnica,Válido bajo contrato typesafe-sdk 0.7.0 y supuestos operacionales del Pilar P08.
AF-JEV-P08-005-04,JEV-P08-005,P08,¿Qué contratos entre componentes evitan que una salida tipada pero semánticamente incorrecta se propague como dato confiable?,"Fundamentación técnica documentada en Documentos Analíticos Canónicos P08 (P08_DEEP_DIVE, EVIDENCE_MAP, WORKFLOW_PLAYBOOK, EXPERIMENT_PROTOCOL, GAPS_AND_ACTIONS, SOURCE_INDEX) relativa a ¿qué contratos entre componentes evitan que una salida tipada pero semánticamente incorrec...",SRC-0110,Fuente SRC-0110,Cuaderno canónico P08 (`ec4c11a4-5a35-49f7-83fa-743ade425e0f`),metodo_general,Válido bajo contrato typesafe-sdk 0.7.0 y supuestos operacionales del Pilar P08.
AF-JEV-P08-006-01,JEV-P08-006,P08,¿Cuándo conviene consultar decisiones en paralelo y cuándo la dependencia entre ellas exige una secuencia explícita?,Fundamentación técnica documentada en TypeSafe AI Official Documentation relativa a ¿cuándo conviene consultar decisiones en paralelo y cuándo la dependencia entre ellas exig...,SRC-0002,Fuente SRC-0002,https://docs.typesafe.ai/,documentado_proveedor,Válido bajo contrato typesafe-sdk 0.7.0 y supuestos operacionales del Pilar P08.
AF-JEV-P08-006-02,JEV-P08-006,P08,¿Cuándo conviene consultar decisiones en paralelo y cuándo la dependencia entre ellas exige una secuencia explícita?,Fundamentación técnica documentada en A Survey of Hierarchical Classification Across Different Application Domains relativa a ¿cuándo conviene consultar decisiones en paralelo y cuándo la dependencia entre ellas exig...,SRC-0036,Fuente SRC-0036,https://doi.org/10.1007/s10618-010-0175-9,fundamento_academico,Válido bajo contrato typesafe-sdk 0.7.0 y supuestos operacionales del Pilar P08.
AF-JEV-P08-006-03,JEV-P08-006,P08,¿Cuándo conviene consultar decisiones en paralelo y cuándo la dependencia entre ellas exige una secuencia explícita?,Fundamentación técnica documentada en TypeSafe AI System One API Reference & State Specs (`POST /v1/systemone`) relativa a ¿cuándo conviene consultar decisiones en paralelo y cuándo la dependencia entre ellas exig...,SRC-0039,Fuente SRC-0039,https://docs.typesafe.ai/api,documentado_proveedor,Válido bajo contrato typesafe-sdk 0.7.0 y supuestos operacionales del Pilar P08.
AF-JEV-P08-006-04,JEV-P08-006,P08,¿Cuándo conviene consultar decisiones en paralelo y cuándo la dependencia entre ellas exige una secuencia explícita?,"Fundamentación técnica documentada en Documentos Analíticos Canónicos P08 (P08_DEEP_DIVE, EVIDENCE_MAP, WORKFLOW_PLAYBOOK, EXPERIMENT_PROTOCOL, GAPS_AND_ACTIONS, SOURCE_INDEX) relativa a ¿cuándo conviene consultar decisiones en paralelo y cuándo la dependencia entre ellas exig...",SRC-0110,Fuente SRC-0110,Cuaderno canónico P08 (`ec4c11a4-5a35-49f7-83fa-743ade425e0f`),metodo_general,Válido bajo contrato typesafe-sdk 0.7.0 y supuestos operacionales del Pilar P08.
AF-JEV-P08-007-01,JEV-P08-007,P08,"¿Cómo resolver resultados contradictorios entre Jev, un verificador y reglas de negocio sin elegir arbitrariamente el más confiado?","Fundamentación técnica documentada en Guo et al. (2017): On Calibration of Modern Neural Networks relativa a ¿cómo resolver resultados contradictorios entre jev, un verificador y reglas de negocio si...",SRC-0030,Fuente SRC-0030,https://arxiv.org/abs/1706.04599,referencia_tecnica,Válido bajo contrato typesafe-sdk 0.7.0 y supuestos operacionales del Pilar P08.
AF-JEV-P08-007-02,JEV-P08-007,P08,"¿Cómo resolver resultados contradictorios entre Jev, un verificador y reglas de negocio sin elegir arbitrariamente el más confiado?","Fundamentación técnica documentada en The Foundations of Cost-Sensitive Learning relativa a ¿cómo resolver resultados contradictorios entre jev, un verificador y reglas de negocio si...",SRC-0035,Fuente SRC-0035,https://cdn.aaai.org/IJCAI/2001/IJCAI01-135.pdf,referencia_tecnica,Válido bajo contrato typesafe-sdk 0.7.0 y supuestos operacionales del Pilar P08.
AF-JEV-P08-007-03,JEV-P08-007,P08,"¿Cómo resolver resultados contradictorios entre Jev, un verificador y reglas de negocio sin elegir arbitrariamente el más confiado?","Fundamentación técnica documentada en Parasuraman, Sheridan & Wickens (2000): A Model for Types and Levels of Human Interaction with Automation relativa a ¿cómo resolver resultados contradictorios entre jev, un verificador y reglas de negocio si...",SRC-0045,Fuente SRC-0045,https://doi.org/10.1109/3468.844354,referencia_tecnica,Válido bajo contrato typesafe-sdk 0.7.0 y supuestos operacionales del Pilar P08.
AF-JEV-P08-007-04,JEV-P08-007,P08,"¿Cómo resolver resultados contradictorios entre Jev, un verificador y reglas de negocio sin elegir arbitrariamente el más confiado?","Fundamentación técnica documentada en Documentos Analíticos Canónicos P08 (P08_DEEP_DIVE, EVIDENCE_MAP, WORKFLOW_PLAYBOOK, EXPERIMENT_PROTOCOL, GAPS_AND_ACTIONS, SOURCE_INDEX) relativa a ¿cómo resolver resultados contradictorios entre jev, un verificador y reglas de negocio si...",SRC-0110,Fuente SRC-0110,Cuaderno canónico P08 (`ec4c11a4-5a35-49f7-83fa-743ade425e0f`),metodo_general,Válido bajo contrato typesafe-sdk 0.7.0 y supuestos operacionales del Pilar P08.
AF-JEV-P08-008-01,JEV-P08-008,P08,¿Cómo estimar el error acumulado de un flujo con varias decisiones sin suponer independencia injustificada?,Fundamentación técnica documentada en Guo et al. (2017): On Calibration of Modern Neural Networks relativa a ¿cómo estimar el error acumulado de un flujo con varias decisiones sin suponer independenc...,SRC-0030,Fuente SRC-0030,https://arxiv.org/abs/1706.04599,referencia_tecnica,Válido bajo contrato typesafe-sdk 0.7.0 y supuestos operacionales del Pilar P08.
AF-JEV-P08-008-02,JEV-P08-008,P08,¿Cómo estimar el error acumulado de un flujo con varias decisiones sin suponer independencia injustificada?,Fundamentación técnica documentada en A Survey of Hierarchical Classification Across Different Application Domains relativa a ¿cómo estimar el error acumulado de un flujo con varias decisiones sin suponer independenc...,SRC-0036,Fuente SRC-0036,https://doi.org/10.1007/s10618-010-0175-9,fundamento_academico,Válido bajo contrato typesafe-sdk 0.7.0 y supuestos operacionales del Pilar P08.
AF-JEV-P08-008-03,JEV-P08-008,P08,¿Cómo estimar el error acumulado de un flujo con varias decisiones sin suponer independencia injustificada?,Fundamentación técnica documentada en Dietterich (1998): Approximate Statistical Tests for Comparing Supervised Learning Algorithms relativa a ¿cómo estimar el error acumulado de un flujo con varias decisiones sin suponer independenc...,SRC-0049,Fuente SRC-0049,https://doi.org/10.1162/089976698300017197,referencia_tecnica,Válido bajo contrato typesafe-sdk 0.7.0 y supuestos operacionales del Pilar P08.
AF-JEV-P08-008-04,JEV-P08-008,P08,¿Cómo estimar el error acumulado de un flujo con varias decisiones sin suponer independencia injustificada?,"Fundamentación técnica documentada en Documentos Analíticos Canónicos P08 (P08_DEEP_DIVE, EVIDENCE_MAP, WORKFLOW_PLAYBOOK, EXPERIMENT_PROTOCOL, GAPS_AND_ACTIONS, SOURCE_INDEX) relativa a ¿cómo estimar el error acumulado de un flujo con varias decisiones sin suponer independenc...",SRC-0110,Fuente SRC-0110,Cuaderno canónico P08 (`ec4c11a4-5a35-49f7-83fa-743ade425e0f`),metodo_general,Válido bajo contrato typesafe-sdk 0.7.0 y supuestos operacionales del Pilar P08.
AF-JEV-P08-009-01,JEV-P08-009,P08,¿Qué información debe conservar un orquestador para repetir o auditar un flujo sin depender de memoria implícita del modelo?,Fundamentación técnica documentada en TypeSafe AI Official Documentation relativa a ¿qué información debe conservar un orquestador para repetir o auditar un flujo sin depende...,SRC-0002,Fuente SRC-0002,https://docs.typesafe.ai/,documentado_proveedor,Válido bajo contrato typesafe-sdk 0.7.0 y supuestos operacionales del Pilar P08.
AF-JEV-P08-009-02,JEV-P08-009,P08,¿Qué información debe conservar un orquestador para repetir o auditar un flujo sin depender de memoria implícita del modelo?,Fundamentación técnica documentada en Patterns of Distributed Systems & Decoupled Execution (CQRS / Sagas) relativa a ¿qué información debe conservar un orquestador para repetir o auditar un flujo sin depende...,SRC-0038,Fuente SRC-0038,https://martinfowler.com/bliki/CQRS.html,referencia_tecnica,Válido bajo contrato typesafe-sdk 0.7.0 y supuestos operacionales del Pilar P08.
AF-JEV-P08-009-03,JEV-P08-009,P08,¿Qué información debe conservar un orquestador para repetir o auditar un flujo sin depender de memoria implícita del modelo?,Fundamentación técnica documentada en Google SRE Book: Service Level Objectives and Distributed Architecture Reliability relativa a ¿qué información debe conservar un orquestador para repetir o auditar un flujo sin depende...,SRC-0092,Fuente SRC-0092,https://sre.google/sre-book/table-of-contents/,metodo_general,Válido bajo contrato typesafe-sdk 0.7.0 y supuestos operacionales del Pilar P08.
AF-JEV-P08-009-04,JEV-P08-009,P08,¿Qué información debe conservar un orquestador para repetir o auditar un flujo sin depender de memoria implícita del modelo?,"Fundamentación técnica documentada en Documentos Analíticos Canónicos P08 (P08_DEEP_DIVE, EVIDENCE_MAP, WORKFLOW_PLAYBOOK, EXPERIMENT_PROTOCOL, GAPS_AND_ACTIONS, SOURCE_INDEX) relativa a ¿qué información debe conservar un orquestador para repetir o auditar un flujo sin depende...",SRC-0110,Fuente SRC-0110,Cuaderno canónico P08 (`ec4c11a4-5a35-49f7-83fa-743ade425e0f`),metodo_general,Válido bajo contrato typesafe-sdk 0.7.0 y supuestos operacionales del Pilar P08.
AF-JEV-P08-010-01,JEV-P08-010,P08,"¿Cómo integrar recuperación de evidencia antes del juicio y generación de explicación después, preservando citas y límites?",Fundamentación técnica documentada en TypeSafe Cookbooks: Citation Check relativa a ¿cómo integrar recuperación de evidencia antes del juicio y generación de explicación desp...,SRC-0006,Fuente SRC-0006,https://docs.typesafe.ai/cookbooks/citation_check,referencia_tecnica,Válido bajo contrato typesafe-sdk 0.7.0 y supuestos operacionales del Pilar P08.
AF-JEV-P08-010-02,JEV-P08-010,P08,"¿Cómo integrar recuperación de evidencia antes del juicio y generación de explicación después, preservando citas y límites?",Fundamentación técnica documentada en LangChain: What Is Jev? Guide to TypeSafe AI's System One Model relativa a ¿cómo integrar recuperación de evidencia antes del juicio y generación de explicación desp...,SRC-0016,Fuente SRC-0016,https://www.langchain.com/blog/building-a-harness-with-jev,documentado_proveedor,Válido bajo contrato typesafe-sdk 0.7.0 y supuestos operacionales del Pilar P08.
AF-JEV-P08-010-03,JEV-P08-010,P08,"¿Cómo integrar recuperación de evidencia antes del juicio y generación de explicación después, preservando citas y límites?",Fundamentación técnica documentada en Retrieval-Augmented Generation for Knowledge-Intensive NLP Tasks (Lewis et al.) relativa a ¿cómo integrar recuperación de evidencia antes del juicio y generación de explicación desp...,SRC-0072,Fuente SRC-0072,https://arxiv.org/abs/2005.11401,referencia_tecnica,Válido bajo contrato typesafe-sdk 0.7.0 y supuestos operacionales del Pilar P08.
AF-JEV-P08-010-04,JEV-P08-010,P08,"¿Cómo integrar recuperación de evidencia antes del juicio y generación de explicación después, preservando citas y límites?","Fundamentación técnica documentada en Documentos Analíticos Canónicos P08 (P08_DEEP_DIVE, EVIDENCE_MAP, WORKFLOW_PLAYBOOK, EXPERIMENT_PROTOCOL, GAPS_AND_ACTIONS, SOURCE_INDEX) relativa a ¿cómo integrar recuperación de evidencia antes del juicio y generación de explicación desp...",SRC-0110,Fuente SRC-0110,Cuaderno canónico P08 (`ec4c11a4-5a35-49f7-83fa-743ade425e0f`),metodo_general,Válido bajo contrato typesafe-sdk 0.7.0 y supuestos operacionales del Pilar P08.
AF-JEV-P08-011-01,JEV-P08-011,P08,¿Cómo impedir ciclos de corrección infinita entre un generador y un evaluador que nunca consiguen acuerdo?,Fundamentación técnica documentada en LangChain: What Is Jev? Guide to TypeSafe AI's System One Model relativa a ¿cómo impedir ciclos de corrección infinita entre un generador y un evaluador que nunca co...,SRC-0016,Fuente SRC-0016,https://www.langchain.com/blog/building-a-harness-with-jev,documentado_proveedor,Válido bajo contrato typesafe-sdk 0.7.0 y supuestos operacionales del Pilar P08.
AF-JEV-P08-011-02,JEV-P08-011,P08,¿Cómo impedir ciclos de corrección infinita entre un generador y un evaluador que nunca consiguen acuerdo?,"Fundamentación técnica documentada en Self-RAG: Learning to Retrieve, Generate, and Critique through Self-Reflection (Asai et al.) relativa a ¿cómo impedir ciclos de corrección infinita entre un generador y un evaluador que nunca co...",SRC-0075,Fuente SRC-0075,https://arxiv.org/abs/2310.01558,referencia_tecnica,Válido bajo contrato typesafe-sdk 0.7.0 y supuestos operacionales del Pilar P08.
AF-JEV-P08-011-03,JEV-P08-011,P08,¿Cómo impedir ciclos de corrección infinita entre un generador y un evaluador que nunca consiguen acuerdo?,"Fundamentación técnica documentada en Documentos Analíticos Canónicos P08 (P08_DEEP_DIVE, EVIDENCE_MAP, WORKFLOW_PLAYBOOK, EXPERIMENT_PROTOCOL, GAPS_AND_ACTIONS, SOURCE_INDEX) relativa a ¿cómo impedir ciclos de corrección infinita entre un generador y un evaluador que nunca co...",SRC-0110,Fuente SRC-0110,Cuaderno canónico P08 (`ec4c11a4-5a35-49f7-83fa-743ade425e0f`),metodo_general,Válido bajo contrato typesafe-sdk 0.7.0 y supuestos operacionales del Pilar P08.
AF-JEV-P08-012-01,JEV-P08-012,P08,¿Qué garantías ofrece una validación de esquema y qué verificaciones de significado deben mantenerse separadas?,Fundamentación técnica documentada en TypeSafe AI Official Documentation relativa a ¿qué garantías ofrece una validación de esquema y qué verificaciones de significado deben ...,SRC-0002,Fuente SRC-0002,https://docs.typesafe.ai/,documentado_proveedor,Válido bajo contrato typesafe-sdk 0.7.0 y supuestos operacionales del Pilar P08.
AF-JEV-P08-012-02,JEV-P08-012,P08,¿Qué garantías ofrece una validación de esquema y qué verificaciones de significado deben mantenerse separadas?,Fundamentación técnica documentada en Patterns of Distributed Systems & Decoupled Execution (CQRS / Sagas) relativa a ¿qué garantías ofrece una validación de esquema y qué verificaciones de significado deben ...,SRC-0038,Fuente SRC-0038,https://martinfowler.com/bliki/CQRS.html,referencia_tecnica,Válido bajo contrato typesafe-sdk 0.7.0 y supuestos operacionales del Pilar P08.
AF-JEV-P08-012-03,JEV-P08-012,P08,¿Qué garantías ofrece una validación de esquema y qué verificaciones de significado deben mantenerse separadas?,Fundamentación técnica documentada en Pydantic AI: TypeSafe Jev Integration Docs relativa a ¿qué garantías ofrece una validación de esquema y qué verificaciones de significado deben ...,SRC-0071,Fuente SRC-0071,https://pydantic.dev/docs/ai/models/typesafe,documentado_proveedor,Válido bajo contrato typesafe-sdk 0.7.0 y supuestos operacionales del Pilar P08.
AF-JEV-P08-012-04,JEV-P08-012,P08,¿Qué garantías ofrece una validación de esquema y qué verificaciones de significado deben mantenerse separadas?,"Fundamentación técnica documentada en Documentos Analíticos Canónicos P08 (P08_DEEP_DIVE, EVIDENCE_MAP, WORKFLOW_PLAYBOOK, EXPERIMENT_PROTOCOL, GAPS_AND_ACTIONS, SOURCE_INDEX) relativa a ¿qué garantías ofrece una validación de esquema y qué verificaciones de significado deben ...",SRC-0110,Fuente SRC-0110,Cuaderno canónico P08 (`ec4c11a4-5a35-49f7-83fa-743ade425e0f`),metodo_general,Válido bajo contrato typesafe-sdk 0.7.0 y supuestos operacionales del Pilar P08.
AF-JEV-P08-013-01,JEV-P08-013,P08,¿Cómo implementar conceptualmente una ruta de respaldo cuando Jev no responde sin cambiar silenciosamente el nivel de calidad prometido?,Fundamentación técnica documentada en Martin Fowler: CircuitBreaker Pattern for Software Architecture & Resilient Systems relativa a ¿cómo implementar conceptualmente una ruta de respaldo cuando jev no responde sin cambiar ...,SRC-0064,Fuente SRC-0064,https://martinfowler.com/bliki/CircuitBreaker.html,metodo_general,Válido bajo contrato typesafe-sdk 0.7.0 y supuestos operacionales del Pilar P08.
AF-JEV-P08-013-02,JEV-P08-013,P08,¿Cómo implementar conceptualmente una ruta de respaldo cuando Jev no responde sin cambiar silenciosamente el nivel de calidad prometido?,Fundamentación técnica documentada en AWS Architecture: Exponential Backoff And Jitter relativa a ¿cómo implementar conceptualmente una ruta de respaldo cuando jev no responde sin cambiar ...,SRC-0091,Fuente SRC-0091,https://aws.amazon.com/blogs/architecture/exponential-backoff-and-jitter/,referencia_tecnica,Válido bajo contrato typesafe-sdk 0.7.0 y supuestos operacionales del Pilar P08.
AF-JEV-P08-013-03,JEV-P08-013,P08,¿Cómo implementar conceptualmente una ruta de respaldo cuando Jev no responde sin cambiar silenciosamente el nivel de calidad prometido?,Fundamentación técnica documentada en Google SRE Book: Service Level Objectives and Distributed Architecture Reliability relativa a ¿cómo implementar conceptualmente una ruta de respaldo cuando jev no responde sin cambiar ...,SRC-0092,Fuente SRC-0092,https://sre.google/sre-book/table-of-contents/,metodo_general,Válido bajo contrato typesafe-sdk 0.7.0 y supuestos operacionales del Pilar P08.
AF-JEV-P08-013-04,JEV-P08-013,P08,¿Cómo implementar conceptualmente una ruta de respaldo cuando Jev no responde sin cambiar silenciosamente el nivel de calidad prometido?,"Fundamentación técnica documentada en Documentos Analíticos Canónicos P08 (P08_DEEP_DIVE, EVIDENCE_MAP, WORKFLOW_PLAYBOOK, EXPERIMENT_PROTOCOL, GAPS_AND_ACTIONS, SOURCE_INDEX) relativa a ¿cómo implementar conceptualmente una ruta de respaldo cuando jev no responde sin cambiar ...",SRC-0110,Fuente SRC-0110,Cuaderno canónico P08 (`ec4c11a4-5a35-49f7-83fa-743ade425e0f`),metodo_general,Válido bajo contrato typesafe-sdk 0.7.0 y supuestos operacionales del Pilar P08.
AF-JEV-P08-014-01,JEV-P08-014,P08,¿Cómo diseñar una cola de revisión humana que incluya contexto suficiente y devuelva correcciones aprovechables?,Fundamentación técnica documentada en Mozannar & Sontag (2020): Consistent Estimators for Learning to Defer to an Expert relativa a ¿cómo diseñar una cola de revisión humana que incluya contexto suficiente y devuelva corre...,SRC-0032,Fuente SRC-0032,https://arxiv.org/abs/2006.01862,referencia_tecnica,Válido bajo contrato typesafe-sdk 0.7.0 y supuestos operacionales del Pilar P08.
AF-JEV-P08-014-02,JEV-P08-014,P08,¿Cómo diseñar una cola de revisión humana que incluya contexto suficiente y devuelva correcciones aprovechables?,"Fundamentación técnica documentada en Parasuraman, Sheridan & Wickens (2000): A Model for Types and Levels of Human Interaction with Automation relativa a ¿cómo diseñar una cola de revisión humana que incluya contexto suficiente y devuelva corre...",SRC-0045,Fuente SRC-0045,https://doi.org/10.1109/3468.844354,referencia_tecnica,Válido bajo contrato typesafe-sdk 0.7.0 y supuestos operacionales del Pilar P08.
AF-JEV-P08-014-03,JEV-P08-014,P08,¿Cómo diseñar una cola de revisión humana que incluya contexto suficiente y devuelva correcciones aprovechables?,Fundamentación técnica documentada en Ren et al. (2021) — A Survey of Deep Active Learning (Query Strategies & Human-in-the-Loop) relativa a ¿cómo diseñar una cola de revisión humana que incluya contexto suficiente y devuelva corre...,SRC-0106,Fuente SRC-0106,https://arxiv.org/abs/2009.00236,fundamento_academico,Válido bajo contrato typesafe-sdk 0.7.0 y supuestos operacionales del Pilar P08.
AF-JEV-P08-014-04,JEV-P08-014,P08,¿Cómo diseñar una cola de revisión humana que incluya contexto suficiente y devuelva correcciones aprovechables?,"Fundamentación técnica documentada en Documentos Analíticos Canónicos P08 (P08_DEEP_DIVE, EVIDENCE_MAP, WORKFLOW_PLAYBOOK, EXPERIMENT_PROTOCOL, GAPS_AND_ACTIONS, SOURCE_INDEX) relativa a ¿cómo diseñar una cola de revisión humana que incluya contexto suficiente y devuelva corre...",SRC-0110,Fuente SRC-0110,Cuaderno canónico P08 (`ec4c11a4-5a35-49f7-83fa-743ade425e0f`),metodo_general,Válido bajo contrato typesafe-sdk 0.7.0 y supuestos operacionales del Pilar P08.
AF-JEV-P08-015-01,JEV-P08-015,P08,"¿Cuándo resulta apropiado un procesamiento por eventos, por lotes o bajo demanda y cómo cambia la arquitectura en cada caso?","Fundamentación técnica documentada en TypeSafe AI Official Documentation relativa a ¿cuándo resulta apropiado un procesamiento por eventos, por lotes o bajo demanda y cómo ca...",SRC-0002,Fuente SRC-0002,https://docs.typesafe.ai/,documentado_proveedor,Válido bajo contrato typesafe-sdk 0.7.0 y supuestos operacionales del Pilar P08.
AF-JEV-P08-015-02,JEV-P08-015,P08,"¿Cuándo resulta apropiado un procesamiento por eventos, por lotes o bajo demanda y cómo cambia la arquitectura en cada caso?","Fundamentación técnica documentada en Patterns of Distributed Systems & Decoupled Execution (CQRS / Sagas) relativa a ¿cuándo resulta apropiado un procesamiento por eventos, por lotes o bajo demanda y cómo ca...",SRC-0038,Fuente SRC-0038,https://martinfowler.com/bliki/CQRS.html,referencia_tecnica,Válido bajo contrato typesafe-sdk 0.7.0 y supuestos operacionales del Pilar P08.
AF-JEV-P08-015-03,JEV-P08-015,P08,"¿Cuándo resulta apropiado un procesamiento por eventos, por lotes o bajo demanda y cómo cambia la arquitectura en cada caso?","Fundamentación técnica documentada en Stripe API Reference: Designing Robust Systems with Idempotent Requests relativa a ¿cuándo resulta apropiado un procesamiento por eventos, por lotes o bajo demanda y cómo ca...",SRC-0094,Fuente SRC-0094,https://docs.typesafe.ai/radar/p12,documentado_proveedor,Válido bajo contrato typesafe-sdk 0.7.0 y supuestos operacionales del Pilar P08.
AF-JEV-P08-015-04,JEV-P08-015,P08,"¿Cuándo resulta apropiado un procesamiento por eventos, por lotes o bajo demanda y cómo cambia la arquitectura en cada caso?","Fundamentación técnica documentada en Documentos Analíticos Canónicos P08 (P08_DEEP_DIVE, EVIDENCE_MAP, WORKFLOW_PLAYBOOK, EXPERIMENT_PROTOCOL, GAPS_AND_ACTIONS, SOURCE_INDEX) relativa a ¿cuándo resulta apropiado un procesamiento por eventos, por lotes o bajo demanda y cómo ca...",SRC-0110,Fuente SRC-0110,Cuaderno canónico P08 (`ec4c11a4-5a35-49f7-83fa-743ade425e0f`),metodo_general,Válido bajo contrato typesafe-sdk 0.7.0 y supuestos operacionales del Pilar P08.
AF-JEV-P08-016-01,JEV-P08-016,P08,"¿Qué claves y reglas de invalidación necesita una caché de decisiones para no reutilizar juicios con contexto, permisos o versión distintos?",Fundamentación técnica documentada en TypeSafe AI Official Documentation relativa a ¿qué claves y reglas de invalidación necesita una caché de decisiones para no reutilizar j...,SRC-0002,Fuente SRC-0002,https://docs.typesafe.ai/,documentado_proveedor,Válido bajo contrato typesafe-sdk 0.7.0 y supuestos operacionales del Pilar P08.
AF-JEV-P08-016-02,JEV-P08-016,P08,"¿Qué claves y reglas de invalidación necesita una caché de decisiones para no reutilizar juicios con contexto, permisos o versión distintos?",Fundamentación técnica documentada en Patterns of Distributed Systems & Decoupled Execution (CQRS / Sagas) relativa a ¿qué claves y reglas de invalidación necesita una caché de decisiones para no reutilizar j...,SRC-0038,Fuente SRC-0038,https://martinfowler.com/bliki/CQRS.html,referencia_tecnica,Válido bajo contrato typesafe-sdk 0.7.0 y supuestos operacionales del Pilar P08.
AF-JEV-P08-016-03,JEV-P08-016,P08,"¿Qué claves y reglas de invalidación necesita una caché de decisiones para no reutilizar juicios con contexto, permisos o versión distintos?",Fundamentación técnica documentada en MDN Web Docs: Idempotent HTTP Methods and Distributed Operations relativa a ¿qué claves y reglas de invalidación necesita una caché de decisiones para no reutilizar j...,SRC-0093,Fuente SRC-0093,https://developer.mozilla.org/en-US/docs/Glossary/Idempotent,documentado_proveedor,Válido bajo contrato typesafe-sdk 0.7.0 y supuestos operacionales del Pilar P08.
AF-JEV-P08-016-04,JEV-P08-016,P08,"¿Qué claves y reglas de invalidación necesita una caché de decisiones para no reutilizar juicios con contexto, permisos o versión distintos?","Fundamentación técnica documentada en Documentos Analíticos Canónicos P08 (P08_DEEP_DIVE, EVIDENCE_MAP, WORKFLOW_PLAYBOOK, EXPERIMENT_PROTOCOL, GAPS_AND_ACTIONS, SOURCE_INDEX) relativa a ¿qué claves y reglas de invalidación necesita una caché de decisiones para no reutilizar j...",SRC-0110,Fuente SRC-0110,Cuaderno canónico P08 (`ec4c11a4-5a35-49f7-83fa-743ade425e0f`),metodo_general,Válido bajo contrato typesafe-sdk 0.7.0 y supuestos operacionales del Pilar P08.
AF-JEV-P08-017-01,JEV-P08-017,P08,¿Cómo evaluar el aporte de Jev a un agente que utiliza herramientas sin confundir evaluación de una acción con permiso para ejecutarla?,Fundamentación técnica documentada en GitHub: itsmostafa/typesafe-mcp — MCP Connector for Jev relativa a ¿cómo evaluar el aporte de jev a un agente que utiliza herramientas sin confundir evaluaci...,SRC-0008,Fuente SRC-0008,https://github.com/itsmostafa/typesafe-mcp,medido_independiente,Válido bajo contrato typesafe-sdk 0.7.0 y supuestos operacionales del Pilar P08.
AF-JEV-P08-017-02,JEV-P08-017,P08,¿Cómo evaluar el aporte de Jev a un agente que utiliza herramientas sin confundir evaluación de una acción con permiso para ejecutarla?,Fundamentación técnica documentada en Anthropic Research: Building Effective Agents (Workflow & Agent Architecture Patterns) relativa a ¿cómo evaluar el aporte de jev a un agente que utiliza herramientas sin confundir evaluaci...,SRC-0059,Fuente SRC-0059,https://www.anthropic.com/research/building-effective-agents,referencia_tecnica,Válido bajo contrato typesafe-sdk 0.7.0 y supuestos operacionales del Pilar P08.
AF-JEV-P08-017-03,JEV-P08-017,P08,¿Cómo evaluar el aporte de Jev a un agente que utiliza herramientas sin confundir evaluación de una acción con permiso para ejecutarla?,Fundamentación técnica documentada en OWASP Top 10 for Large Language Model Applications (2025) relativa a ¿cómo evaluar el aporte de jev a un agente que utiliza herramientas sin confundir evaluaci...,SRC-0089,Fuente SRC-0089,https://owasp.org/projects/top-10-for-large-language-model-applications,referencia_tecnica,Válido bajo contrato typesafe-sdk 0.7.0 y supuestos operacionales del Pilar P08.
AF-JEV-P08-017-04,JEV-P08-017,P08,¿Cómo evaluar el aporte de Jev a un agente que utiliza herramientas sin confundir evaluación de una acción con permiso para ejecutarla?,"Fundamentación técnica documentada en Documentos Analíticos Canónicos P08 (P08_DEEP_DIVE, EVIDENCE_MAP, WORKFLOW_PLAYBOOK, EXPERIMENT_PROTOCOL, GAPS_AND_ACTIONS, SOURCE_INDEX) relativa a ¿cómo evaluar el aporte de jev a un agente que utiliza herramientas sin confundir evaluaci...",SRC-0110,Fuente SRC-0110,Cuaderno canónico P08 (`ec4c11a4-5a35-49f7-83fa-743ade425e0f`),metodo_general,Válido bajo contrato typesafe-sdk 0.7.0 y supuestos operacionales del Pilar P08.
AF-JEV-P08-018-01,JEV-P08-018,P08,"¿Qué diferencias de arquitectura exigen un experimento local, un servicio interno compartido y un producto para clientes externos?","Fundamentación técnica documentada en TypeSafe AI Official Documentation relativa a ¿qué diferencias de arquitectura exigen un experimento local, un servicio interno comparti...",SRC-0002,Fuente SRC-0002,https://docs.typesafe.ai/,documentado_proveedor,Válido bajo contrato typesafe-sdk 0.7.0 y supuestos operacionales del Pilar P08.
AF-JEV-P08-018-02,JEV-P08-018,P08,"¿Qué diferencias de arquitectura exigen un experimento local, un servicio interno compartido y un producto para clientes externos?","Fundamentación técnica documentada en Patterns of Distributed Systems & Decoupled Execution (CQRS / Sagas) relativa a ¿qué diferencias de arquitectura exigen un experimento local, un servicio interno comparti...",SRC-0038,Fuente SRC-0038,https://martinfowler.com/bliki/CQRS.html,referencia_tecnica,Válido bajo contrato typesafe-sdk 0.7.0 y supuestos operacionales del Pilar P08.
AF-JEV-P08-018-03,JEV-P08-018,P08,"¿Qué diferencias de arquitectura exigen un experimento local, un servicio interno compartido y un producto para clientes externos?","Fundamentación técnica documentada en Google SRE Book: Service Level Objectives and Distributed Architecture Reliability relativa a ¿qué diferencias de arquitectura exigen un experimento local, un servicio interno comparti...",SRC-0092,Fuente SRC-0092,https://sre.google/sre-book/table-of-contents/,metodo_general,Válido bajo contrato typesafe-sdk 0.7.0 y supuestos operacionales del Pilar P08.
AF-JEV-P08-018-04,JEV-P08-018,P08,"¿Qué diferencias de arquitectura exigen un experimento local, un servicio interno compartido y un producto para clientes externos?","Fundamentación técnica documentada en Documentos Analíticos Canónicos P08 (P08_DEEP_DIVE, EVIDENCE_MAP, WORKFLOW_PLAYBOOK, EXPERIMENT_PROTOCOL, GAPS_AND_ACTIONS, SOURCE_INDEX) relativa a ¿qué diferencias de arquitectura exigen un experimento local, un servicio interno comparti...",SRC-0110,Fuente SRC-0110,Cuaderno canónico P08 (`ec4c11a4-5a35-49f7-83fa-743ade425e0f`),metodo_general,Válido bajo contrato typesafe-sdk 0.7.0 y supuestos operacionales del Pilar P08.
AF-JEV-P08-019-01,JEV-P08-019,P08,"¿Qué tres diagramas completos ilustran clasificación documental, revisión de evidencia y enrutamiento de trabajo, incluyendo sus fallos y controles?","Fundamentación técnica documentada en TypeSafe Cookbooks: Citation Check relativa a ¿qué tres diagramas completos ilustran clasificación documental, revisión de evidencia y e...",SRC-0006,Fuente SRC-0006,https://docs.typesafe.ai/cookbooks/citation_check,referencia_tecnica,Válido bajo contrato typesafe-sdk 0.7.0 y supuestos operacionales del Pilar P08.
AF-JEV-P08-019-02,JEV-P08-019,P08,"¿Qué tres diagramas completos ilustran clasificación documental, revisión de evidencia y enrutamiento de trabajo, incluyendo sus fallos y controles?","Fundamentación técnica documentada en LangChain: What Is Jev? Guide to TypeSafe AI's System One Model relativa a ¿qué tres diagramas completos ilustran clasificación documental, revisión de evidencia y e...",SRC-0016,Fuente SRC-0016,https://www.langchain.com/blog/building-a-harness-with-jev,documentado_proveedor,Válido bajo contrato typesafe-sdk 0.7.0 y supuestos operacionales del Pilar P08.
AF-JEV-P08-019-03,JEV-P08-019,P08,"¿Qué tres diagramas completos ilustran clasificación documental, revisión de evidencia y enrutamiento de trabajo, incluyendo sus fallos y controles?","Fundamentación técnica documentada en Patterns of Distributed Systems & Decoupled Execution (CQRS / Sagas) relativa a ¿qué tres diagramas completos ilustran clasificación documental, revisión de evidencia y e...",SRC-0038,Fuente SRC-0038,https://martinfowler.com/bliki/CQRS.html,referencia_tecnica,Válido bajo contrato typesafe-sdk 0.7.0 y supuestos operacionales del Pilar P08.
AF-JEV-P08-019-04,JEV-P08-019,P08,"¿Qué tres diagramas completos ilustran clasificación documental, revisión de evidencia y enrutamiento de trabajo, incluyendo sus fallos y controles?","Fundamentación técnica documentada en Documentos Analíticos Canónicos P08 (P08_DEEP_DIVE, EVIDENCE_MAP, WORKFLOW_PLAYBOOK, EXPERIMENT_PROTOCOL, GAPS_AND_ACTIONS, SOURCE_INDEX) relativa a ¿qué tres diagramas completos ilustran clasificación documental, revisión de evidencia y e...",SRC-0110,Fuente SRC-0110,Cuaderno canónico P08 (`ec4c11a4-5a35-49f7-83fa-743ade425e0f`),metodo_general,Válido bajo contrato typesafe-sdk 0.7.0 y supuestos operacionales del Pilar P08.
AF-JEV-P08-020-01,JEV-P08-020,P08,¿Qué criterios permiten retirar Jev de una arquitectura si su aporte neto desaparece frente a una alternativa más simple?,Fundamentación técnica documentada en GitHub: logan-markewich/jeff — Open Self-Hosted Drop-in for Jev relativa a ¿qué criterios permiten retirar jev de una arquitectura si su aporte neto desaparece frent...,SRC-0009,Fuente SRC-0009,https://github.com/logan-markewich/jeff,medido_independiente,Válido bajo contrato typesafe-sdk 0.7.0 y supuestos operacionales del Pilar P08.
AF-JEV-P08-020-02,JEV-P08-020,P08,¿Qué criterios permiten retirar Jev de una arquitectura si su aporte neto desaparece frente a una alternativa más simple?,"Fundamentación técnica documentada en TypeSafe AI Blog: Lies, Damned Lies, and Benchmarks relativa a ¿qué criterios permiten retirar jev de una arquitectura si su aporte neto desaparece frent...",SRC-0013,Fuente SRC-0013,https://typesafe.ai/blog/antibenchmaxxing,documentado_proveedor,Válido bajo contrato typesafe-sdk 0.7.0 y supuestos operacionales del Pilar P08.
AF-JEV-P08-020-03,JEV-P08-020,P08,¿Qué criterios permiten retirar Jev de una arquitectura si su aporte neto desaparece frente a una alternativa más simple?,Fundamentación técnica documentada en Patterns of Distributed Systems & Decoupled Execution (CQRS / Sagas) relativa a ¿qué criterios permiten retirar jev de una arquitectura si su aporte neto desaparece frent...,SRC-0038,Fuente SRC-0038,https://martinfowler.com/bliki/CQRS.html,referencia_tecnica,Válido bajo contrato typesafe-sdk 0.7.0 y supuestos operacionales del Pilar P08.
AF-JEV-P08-020-04,JEV-P08-020,P08,¿Qué criterios permiten retirar Jev de una arquitectura si su aporte neto desaparece frente a una alternativa más simple?,"Fundamentación técnica documentada en Documentos Analíticos Canónicos P08 (P08_DEEP_DIVE, EVIDENCE_MAP, WORKFLOW_PLAYBOOK, EXPERIMENT_PROTOCOL, GAPS_AND_ACTIONS, SOURCE_INDEX) relativa a ¿qué criterios permiten retirar jev de una arquitectura si su aporte neto desaparece frent...",SRC-0110,Fuente SRC-0110,Cuaderno canónico P08 (`ec4c11a4-5a35-49f7-83fa-743ade425e0f`),metodo_general,Válido bajo contrato typesafe-sdk 0.7.0 y supuestos operacionales del Pilar P08.
AF-JEV-P09-001-01,JEV-P09-001,P09,¿Cuál es la interfaz oficial disponible de Jev para la versión estudiada y qué partes del contrato pueden verificarse en documentación original?,Fundamentación técnica documentada en TypeSafe AI Official Documentation relativa a ¿cuál es la interfaz oficial disponible de jev para la versión estudiada y qué partes del ...,SRC-0002,Fuente SRC-0002,https://docs.typesafe.ai/,documentado_proveedor,Válido bajo contrato typesafe-sdk 0.7.0 y supuestos operacionales del Pilar P09.
AF-JEV-P09-001-02,JEV-P09-001,P09,¿Cuál es la interfaz oficial disponible de Jev para la versión estudiada y qué partes del contrato pueden verificarse en documentación original?,Fundamentación técnica documentada en TypeSafe AI System One API Reference & State Specs (`POST /v1/systemone`) relativa a ¿cuál es la interfaz oficial disponible de jev para la versión estudiada y qué partes del ...,SRC-0039,Fuente SRC-0039,https://docs.typesafe.ai/api,documentado_proveedor,Válido bajo contrato typesafe-sdk 0.7.0 y supuestos operacionales del Pilar P09.
AF-JEV-P09-001-03,JEV-P09-001,P09,¿Cuál es la interfaz oficial disponible de Jev para la versión estudiada y qué partes del contrato pueden verificarse en documentación original?,Fundamentación técnica documentada en GitHub: typesafe-ai/typesafe-sdk-python — SDK Oficial y Especificación de Tipos relativa a ¿cuál es la interfaz oficial disponible de jev para la versión estudiada y qué partes del ...,SRC-0062,Fuente SRC-0062,https://github.com/typesafe-ai/typesafe-sdk-python,medido_independiente,Válido bajo contrato typesafe-sdk 0.7.0 y supuestos operacionales del Pilar P09.
AF-JEV-P09-001-04,JEV-P09-001,P09,¿Cuál es la interfaz oficial disponible de Jev para la versión estudiada y qué partes del contrato pueden verificarse en documentación original?,"Fundamentación técnica documentada en Documentos Analíticos Canónicos P09 (P09_DEEP_DIVE, EVIDENCE_MAP, WORKFLOW_PLAYBOOK, EXPERIMENT_PROTOCOL, GAPS_AND_ACTIONS, SOURCE_INDEX) relativa a ¿cuál es la interfaz oficial disponible de jev para la versión estudiada y qué partes del ...",SRC-0111,Fuente SRC-0111,Cuaderno canónico P09 (`9caaa68c-dd93-4ac9-b250-ac3d4fae0bdf`),analisis_interno,Válido bajo contrato typesafe-sdk 0.7.0 y supuestos operacionales del Pilar P09.
AF-JEV-P09-002-01,JEV-P09-002,P09,"¿Qué SDKs y conectores son oficiales, comunitarios o experimentales y qué evidencia permite valorar su mantenimiento?","Fundamentación técnica documentada en TypeSafe AI Official Documentation relativa a ¿qué sdks y conectores son oficiales, comunitarios o experimentales y qué evidencia permit...",SRC-0002,Fuente SRC-0002,https://docs.typesafe.ai/,documentado_proveedor,Válido bajo contrato typesafe-sdk 0.7.0 y supuestos operacionales del Pilar P09.
AF-JEV-P09-002-02,JEV-P09-002,P09,"¿Qué SDKs y conectores son oficiales, comunitarios o experimentales y qué evidencia permite valorar su mantenimiento?","Fundamentación técnica documentada en GitHub: typesafe-ai/typesafe-sdk-python — SDK Oficial y Especificación de Tipos relativa a ¿qué sdks y conectores son oficiales, comunitarios o experimentales y qué evidencia permit...",SRC-0062,Fuente SRC-0062,https://github.com/typesafe-ai/typesafe-sdk-python,medido_independiente,Válido bajo contrato typesafe-sdk 0.7.0 y supuestos operacionales del Pilar P09.
AF-JEV-P09-002-03,JEV-P09-002,P09,"¿Qué SDKs y conectores son oficiales, comunitarios o experimentales y qué evidencia permite valorar su mantenimiento?","Fundamentación técnica documentada en AWS Architecture: Exponential Backoff And Jitter relativa a ¿qué sdks y conectores son oficiales, comunitarios o experimentales y qué evidencia permit...",SRC-0091,Fuente SRC-0091,https://aws.amazon.com/blogs/architecture/exponential-backoff-and-jitter/,referencia_tecnica,Válido bajo contrato typesafe-sdk 0.7.0 y supuestos operacionales del Pilar P09.
AF-JEV-P09-002-04,JEV-P09-002,P09,"¿Qué SDKs y conectores son oficiales, comunitarios o experimentales y qué evidencia permite valorar su mantenimiento?","Fundamentación técnica documentada en Documentos Analíticos Canónicos P09 (P09_DEEP_DIVE, EVIDENCE_MAP, WORKFLOW_PLAYBOOK, EXPERIMENT_PROTOCOL, GAPS_AND_ACTIONS, SOURCE_INDEX) relativa a ¿qué sdks y conectores son oficiales, comunitarios o experimentales y qué evidencia permit...",SRC-0111,Fuente SRC-0111,Cuaderno canónico P09 (`9caaa68c-dd93-4ac9-b250-ac3d4fae0bdf`),analisis_interno,Válido bajo contrato typesafe-sdk 0.7.0 y supuestos operacionales del Pilar P09.
AF-JEV-P09-003-01,JEV-P09-003,P09,¿Cómo diferenciar el conector que consulta Gemini Notebooks del que eventualmente llama a Jev desde Antigravity?,Fundamentación técnica documentada en TypeSafe AI Official Documentation relativa a ¿cómo diferenciar el conector que consulta gemini notebooks del que eventualmente llama a ...,SRC-0002,Fuente SRC-0002,https://docs.typesafe.ai/,documentado_proveedor,Válido bajo contrato typesafe-sdk 0.7.0 y supuestos operacionales del Pilar P09.
AF-JEV-P09-003-02,JEV-P09-003,P09,¿Cómo diferenciar el conector que consulta Gemini Notebooks del que eventualmente llama a Jev desde Antigravity?,Fundamentación técnica documentada en Capability Jaggedness & Decision Boundaries in Jev 1.13 relativa a ¿cómo diferenciar el conector que consulta gemini notebooks del que eventualmente llama a ...,SRC-0004,Fuente SRC-0004,https://docs.typesafe.ai/model-jaggedness/jev-1.13,referencia_tecnica,Válido bajo contrato typesafe-sdk 0.7.0 y supuestos operacionales del Pilar P09.
AF-JEV-P09-003-03,JEV-P09-003,P09,¿Cómo diferenciar el conector que consulta Gemini Notebooks del que eventualmente llama a Jev desde Antigravity?,Fundamentación técnica documentada en TypeSafe AI System One API Reference & State Specs (`POST /v1/systemone`) relativa a ¿cómo diferenciar el conector que consulta gemini notebooks del que eventualmente llama a ...,SRC-0039,Fuente SRC-0039,https://docs.typesafe.ai/api,documentado_proveedor,Válido bajo contrato typesafe-sdk 0.7.0 y supuestos operacionales del Pilar P09.
AF-JEV-P09-003-04,JEV-P09-003,P09,¿Cómo diferenciar el conector que consulta Gemini Notebooks del que eventualmente llama a Jev desde Antigravity?,Fundamentación técnica documentada en GitHub: typesafe-ai/typesafe-sdk-python — SDK Oficial y Especificación de Tipos relativa a ¿cómo diferenciar el conector que consulta gemini notebooks del que eventualmente llama a ...,SRC-0062,Fuente SRC-0062,https://github.com/typesafe-ai/typesafe-sdk-python,medido_independiente,Válido bajo contrato typesafe-sdk 0.7.0 y supuestos operacionales del Pilar P09.
AF-JEV-P09-004-01,JEV-P09-004,P09,"¿Qué capacidades concretas debe comprobar Antigravity en su conector MCP para listar, consultar y rastrear fuentes sin inventar nombres de herramientas?","Fundamentación técnica documentada en TypeSafe AI Official Documentation relativa a ¿qué capacidades concretas debe comprobar antigravity en su conector mcp para listar, cons...",SRC-0002,Fuente SRC-0002,https://docs.typesafe.ai/,documentado_proveedor,Válido bajo contrato typesafe-sdk 0.7.0 y supuestos operacionales del Pilar P09.
AF-JEV-P09-004-02,JEV-P09-004,P09,"¿Qué capacidades concretas debe comprobar Antigravity en su conector MCP para listar, consultar y rastrear fuentes sin inventar nombres de herramientas?","Fundamentación técnica documentada en GitHub: typesafe-ai/typesafe-sdk-python — SDK Oficial y Especificación de Tipos relativa a ¿qué capacidades concretas debe comprobar antigravity en su conector mcp para listar, cons...",SRC-0062,Fuente SRC-0062,https://github.com/typesafe-ai/typesafe-sdk-python,medido_independiente,Válido bajo contrato typesafe-sdk 0.7.0 y supuestos operacionales del Pilar P09.
AF-JEV-P09-004-03,JEV-P09-004,P09,"¿Qué capacidades concretas debe comprobar Antigravity en su conector MCP para listar, consultar y rastrear fuentes sin inventar nombres de herramientas?","Fundamentación técnica documentada en AWS Architecture: Exponential Backoff And Jitter relativa a ¿qué capacidades concretas debe comprobar antigravity en su conector mcp para listar, cons...",SRC-0091,Fuente SRC-0091,https://aws.amazon.com/blogs/architecture/exponential-backoff-and-jitter/,referencia_tecnica,Válido bajo contrato typesafe-sdk 0.7.0 y supuestos operacionales del Pilar P09.
AF-JEV-P09-004-04,JEV-P09-004,P09,"¿Qué capacidades concretas debe comprobar Antigravity en su conector MCP para listar, consultar y rastrear fuentes sin inventar nombres de herramientas?","Fundamentación técnica documentada en Documentos Analíticos Canónicos P09 (P09_DEEP_DIVE, EVIDENCE_MAP, WORKFLOW_PLAYBOOK, EXPERIMENT_PROTOCOL, GAPS_AND_ACTIONS, SOURCE_INDEX) relativa a ¿qué capacidades concretas debe comprobar antigravity en su conector mcp para listar, cons...",SRC-0111,Fuente SRC-0111,Cuaderno canónico P09 (`9caaa68c-dd93-4ac9-b250-ac3d4fae0bdf`),analisis_interno,Válido bajo contrato typesafe-sdk 0.7.0 y supuestos operacionales del Pilar P09.
AF-JEV-P09-005-01,JEV-P09-005,P09,"¿Qué solicitud y respuesta mínimas están documentadas, incluidos campos obligatorios, tipos, errores y referencias de versión?","Fundamentación técnica documentada en TypeSafe AI Official Documentation relativa a ¿qué solicitud y respuesta mínimas están documentadas, incluidos campos obligatorios, tipo...",SRC-0002,Fuente SRC-0002,https://docs.typesafe.ai/,documentado_proveedor,Válido bajo contrato typesafe-sdk 0.7.0 y supuestos operacionales del Pilar P09.
AF-JEV-P09-005-02,JEV-P09-005,P09,"¿Qué solicitud y respuesta mínimas están documentadas, incluidos campos obligatorios, tipos, errores y referencias de versión?","Fundamentación técnica documentada en TypeSafe AI System One API Reference & State Specs (`POST /v1/systemone`) relativa a ¿qué solicitud y respuesta mínimas están documentadas, incluidos campos obligatorios, tipo...",SRC-0039,Fuente SRC-0039,https://docs.typesafe.ai/api,documentado_proveedor,Válido bajo contrato typesafe-sdk 0.7.0 y supuestos operacionales del Pilar P09.
AF-JEV-P09-005-03,JEV-P09-005,P09,"¿Qué solicitud y respuesta mínimas están documentadas, incluidos campos obligatorios, tipos, errores y referencias de versión?","Fundamentación técnica documentada en GitHub: typesafe-ai/typesafe-sdk-python — SDK Oficial y Especificación de Tipos relativa a ¿qué solicitud y respuesta mínimas están documentadas, incluidos campos obligatorios, tipo...",SRC-0062,Fuente SRC-0062,https://github.com/typesafe-ai/typesafe-sdk-python,medido_independiente,Válido bajo contrato typesafe-sdk 0.7.0 y supuestos operacionales del Pilar P09.
AF-JEV-P09-005-04,JEV-P09-005,P09,"¿Qué solicitud y respuesta mínimas están documentadas, incluidos campos obligatorios, tipos, errores y referencias de versión?","Fundamentación técnica documentada en Documentos Analíticos Canónicos P09 (P09_DEEP_DIVE, EVIDENCE_MAP, WORKFLOW_PLAYBOOK, EXPERIMENT_PROTOCOL, GAPS_AND_ACTIONS, SOURCE_INDEX) relativa a ¿qué solicitud y respuesta mínimas están documentadas, incluidos campos obligatorios, tipo...",SRC-0111,Fuente SRC-0111,Cuaderno canónico P09 (`9caaa68c-dd93-4ac9-b250-ac3d4fae0bdf`),analisis_interno,Válido bajo contrato typesafe-sdk 0.7.0 y supuestos operacionales del Pilar P09.
AF-JEV-P09-006-01,JEV-P09-006,P09,"¿Qué métodos de autenticación y permisos exige cada integración y cómo mantener secretos fuera de consultas, logs y documentos públicos?",Fundamentación técnica documentada en TypeSafe AI Official Documentation relativa a ¿qué métodos de autenticación y permisos exige cada integración y cómo mantener secretos f...,SRC-0002,Fuente SRC-0002,https://docs.typesafe.ai/,documentado_proveedor,Válido bajo contrato typesafe-sdk 0.7.0 y supuestos operacionales del Pilar P09.
AF-JEV-P09-006-02,JEV-P09-006,P09,"¿Qué métodos de autenticación y permisos exige cada integración y cómo mantener secretos fuera de consultas, logs y documentos públicos?",Fundamentación técnica documentada en Benchmarks Comunitarios de Calibración (scienthoon & yodablocks) relativa a ¿qué métodos de autenticación y permisos exige cada integración y cómo mantener secretos f...,SRC-0028,Fuente SRC-0028,"GitHub: scienthoon/jev-ood-calibration, yodablocks/jev-orderby-bench",medido_independiente,Válido bajo contrato typesafe-sdk 0.7.0 y supuestos operacionales del Pilar P09.
AF-JEV-P09-006-03,JEV-P09-006,P09,"¿Qué métodos de autenticación y permisos exige cada integración y cómo mantener secretos fuera de consultas, logs y documentos públicos?",Fundamentación técnica documentada en TypeSafe AI System One API Reference & State Specs (`POST /v1/systemone`) relativa a ¿qué métodos de autenticación y permisos exige cada integración y cómo mantener secretos f...,SRC-0039,Fuente SRC-0039,https://docs.typesafe.ai/api,documentado_proveedor,Válido bajo contrato typesafe-sdk 0.7.0 y supuestos operacionales del Pilar P09.
AF-JEV-P09-006-04,JEV-P09-006,P09,"¿Qué métodos de autenticación y permisos exige cada integración y cómo mantener secretos fuera de consultas, logs y documentos públicos?","Fundamentación técnica documentada en Documentos Analíticos Canónicos P09 (P09_DEEP_DIVE, EVIDENCE_MAP, WORKFLOW_PLAYBOOK, EXPERIMENT_PROTOCOL, GAPS_AND_ACTIONS, SOURCE_INDEX) relativa a ¿qué métodos de autenticación y permisos exige cada integración y cómo mantener secretos f...",SRC-0111,Fuente SRC-0111,Cuaderno canónico P09 (`9caaa68c-dd93-4ac9-b250-ac3d4fae0bdf`),analisis_interno,Válido bajo contrato typesafe-sdk 0.7.0 y supuestos operacionales del Pilar P09.
AF-JEV-P09-007-01,JEV-P09-007,P09,"¿Cómo elegir entre HTTP directo, SDK y MCP según simplicidad, trazabilidad, mantenimiento y necesidad real del flujo?","Fundamentación técnica documentada en TypeSafe AI Official Documentation relativa a ¿cómo elegir entre http directo, sdk y mcp según simplicidad, trazabilidad, mantenimiento ...",SRC-0002,Fuente SRC-0002,https://docs.typesafe.ai/,documentado_proveedor,Válido bajo contrato typesafe-sdk 0.7.0 y supuestos operacionales del Pilar P09.
AF-JEV-P09-007-02,JEV-P09-007,P09,"¿Cómo elegir entre HTTP directo, SDK y MCP según simplicidad, trazabilidad, mantenimiento y necesidad real del flujo?","Fundamentación técnica documentada en TypeSafe AI System One API Reference & State Specs (`POST /v1/systemone`) relativa a ¿cómo elegir entre http directo, sdk y mcp según simplicidad, trazabilidad, mantenimiento ...",SRC-0039,Fuente SRC-0039,https://docs.typesafe.ai/api,documentado_proveedor,Válido bajo contrato typesafe-sdk 0.7.0 y supuestos operacionales del Pilar P09.
AF-JEV-P09-007-03,JEV-P09-007,P09,"¿Cómo elegir entre HTTP directo, SDK y MCP según simplicidad, trazabilidad, mantenimiento y necesidad real del flujo?","Fundamentación técnica documentada en GitHub: typesafe-ai/typesafe-sdk-python — SDK Oficial y Especificación de Tipos relativa a ¿cómo elegir entre http directo, sdk y mcp según simplicidad, trazabilidad, mantenimiento ...",SRC-0062,Fuente SRC-0062,https://github.com/typesafe-ai/typesafe-sdk-python,medido_independiente,Válido bajo contrato typesafe-sdk 0.7.0 y supuestos operacionales del Pilar P09.
AF-JEV-P09-007-04,JEV-P09-007,P09,"¿Cómo elegir entre HTTP directo, SDK y MCP según simplicidad, trazabilidad, mantenimiento y necesidad real del flujo?","Fundamentación técnica documentada en Documentos Analíticos Canónicos P09 (P09_DEEP_DIVE, EVIDENCE_MAP, WORKFLOW_PLAYBOOK, EXPERIMENT_PROTOCOL, GAPS_AND_ACTIONS, SOURCE_INDEX) relativa a ¿cómo elegir entre http directo, sdk y mcp según simplicidad, trazabilidad, mantenimiento ...",SRC-0111,Fuente SRC-0111,Cuaderno canónico P09 (`9caaa68c-dd93-4ac9-b250-ac3d4fae0bdf`),analisis_interno,Válido bajo contrato typesafe-sdk 0.7.0 y supuestos operacionales del Pilar P09.
AF-JEV-P09-008-01,JEV-P09-008,P09,¿Qué compatibilidades con otros formatos de API están declaradas y cuáles solo se infieren de ejemplos o adaptadores comunitarios?,Fundamentación técnica documentada en TypeSafe AI Official Documentation relativa a ¿qué compatibilidades con otros formatos de api están declaradas y cuáles solo se infieren...,SRC-0002,Fuente SRC-0002,https://docs.typesafe.ai/,documentado_proveedor,Válido bajo contrato typesafe-sdk 0.7.0 y supuestos operacionales del Pilar P09.
AF-JEV-P09-008-02,JEV-P09-008,P09,¿Qué compatibilidades con otros formatos de API están declaradas y cuáles solo se infieren de ejemplos o adaptadores comunitarios?,Fundamentación técnica documentada en TypeSafe AI System One API Reference & State Specs (`POST /v1/systemone`) relativa a ¿qué compatibilidades con otros formatos de api están declaradas y cuáles solo se infieren...,SRC-0039,Fuente SRC-0039,https://docs.typesafe.ai/api,documentado_proveedor,Válido bajo contrato typesafe-sdk 0.7.0 y supuestos operacionales del Pilar P09.
AF-JEV-P09-008-03,JEV-P09-008,P09,¿Qué compatibilidades con otros formatos de API están declaradas y cuáles solo se infieren de ejemplos o adaptadores comunitarios?,Fundamentación técnica documentada en GitHub: typesafe-ai/typesafe-sdk-python — SDK Oficial y Especificación de Tipos relativa a ¿qué compatibilidades con otros formatos de api están declaradas y cuáles solo se infieren...,SRC-0062,Fuente SRC-0062,https://github.com/typesafe-ai/typesafe-sdk-python,medido_independiente,Válido bajo contrato typesafe-sdk 0.7.0 y supuestos operacionales del Pilar P09.
AF-JEV-P09-008-04,JEV-P09-008,P09,¿Qué compatibilidades con otros formatos de API están declaradas y cuáles solo se infieren de ejemplos o adaptadores comunitarios?,"Fundamentación técnica documentada en Documentos Analíticos Canónicos P09 (P09_DEEP_DIVE, EVIDENCE_MAP, WORKFLOW_PLAYBOOK, EXPERIMENT_PROTOCOL, GAPS_AND_ACTIONS, SOURCE_INDEX) relativa a ¿qué compatibilidades con otros formatos de api están declaradas y cuáles solo se infieren...",SRC-0111,Fuente SRC-0111,Cuaderno canónico P09 (`9caaa68c-dd93-4ac9-b250-ac3d4fae0bdf`),analisis_interno,Válido bajo contrato typesafe-sdk 0.7.0 y supuestos operacionales del Pilar P09.
AF-JEV-P09-009-01,JEV-P09-009,P09,¿Qué partes de un ejemplo de integración pueden convertirse en código verificable y cuáles deben conservarse como pseudocódigo por falta de especificación?,Fundamentación técnica documentada en TypeSafe AI Official Documentation relativa a ¿qué partes de un ejemplo de integración pueden convertirse en código verificable y cuáles...,SRC-0002,Fuente SRC-0002,https://docs.typesafe.ai/,documentado_proveedor,Válido bajo contrato typesafe-sdk 0.7.0 y supuestos operacionales del Pilar P09.
AF-JEV-P09-009-02,JEV-P09-009,P09,¿Qué partes de un ejemplo de integración pueden convertirse en código verificable y cuáles deben conservarse como pseudocódigo por falta de especificación?,Fundamentación técnica documentada en GitHub: typesafe-ai/typesafe-sdk-python — SDK Oficial y Especificación de Tipos relativa a ¿qué partes de un ejemplo de integración pueden convertirse en código verificable y cuáles...,SRC-0062,Fuente SRC-0062,https://github.com/typesafe-ai/typesafe-sdk-python,medido_independiente,Válido bajo contrato typesafe-sdk 0.7.0 y supuestos operacionales del Pilar P09.
AF-JEV-P09-009-03,JEV-P09-009,P09,¿Qué partes de un ejemplo de integración pueden convertirse en código verificable y cuáles deben conservarse como pseudocódigo por falta de especificación?,Fundamentación técnica documentada en AWS Architecture: Exponential Backoff And Jitter relativa a ¿qué partes de un ejemplo de integración pueden convertirse en código verificable y cuáles...,SRC-0091,Fuente SRC-0091,https://aws.amazon.com/blogs/architecture/exponential-backoff-and-jitter/,referencia_tecnica,Válido bajo contrato typesafe-sdk 0.7.0 y supuestos operacionales del Pilar P09.
AF-JEV-P09-009-04,JEV-P09-009,P09,¿Qué partes de un ejemplo de integración pueden convertirse en código verificable y cuáles deben conservarse como pseudocódigo por falta de especificación?,"Fundamentación técnica documentada en Documentos Analíticos Canónicos P09 (P09_DEEP_DIVE, EVIDENCE_MAP, WORKFLOW_PLAYBOOK, EXPERIMENT_PROTOCOL, GAPS_AND_ACTIONS, SOURCE_INDEX) relativa a ¿qué partes de un ejemplo de integración pueden convertirse en código verificable y cuáles...",SRC-0111,Fuente SRC-0111,Cuaderno canónico P09 (`9caaa68c-dd93-4ac9-b250-ac3d4fae0bdf`),analisis_interno,Válido bajo contrato typesafe-sdk 0.7.0 y supuestos operacionales del Pilar P09.
AF-JEV-P09-010-01,JEV-P09-010,P09,"¿Qué límites de tamaño, frecuencia, concurrencia o lotes están documentados y cómo detectar valores no publicados o cambiantes?","Fundamentación técnica documentada en TypeSafe AI Official Documentation relativa a ¿qué límites de tamaño, frecuencia, concurrencia o lotes están documentados y cómo detecta...",SRC-0002,Fuente SRC-0002,https://docs.typesafe.ai/,documentado_proveedor,Válido bajo contrato typesafe-sdk 0.7.0 y supuestos operacionales del Pilar P09.
AF-JEV-P09-010-02,JEV-P09-010,P09,"¿Qué límites de tamaño, frecuencia, concurrencia o lotes están documentados y cómo detectar valores no publicados o cambiantes?","Fundamentación técnica documentada en TypeSafe AI System One API Reference & State Specs (`POST /v1/systemone`) relativa a ¿qué límites de tamaño, frecuencia, concurrencia o lotes están documentados y cómo detecta...",SRC-0039,Fuente SRC-0039,https://docs.typesafe.ai/api,documentado_proveedor,Válido bajo contrato typesafe-sdk 0.7.0 y supuestos operacionales del Pilar P09.
AF-JEV-P09-010-03,JEV-P09-010,P09,"¿Qué límites de tamaño, frecuencia, concurrencia o lotes están documentados y cómo detectar valores no publicados o cambiantes?","Fundamentación técnica documentada en GitHub: typesafe-ai/typesafe-sdk-python — SDK Oficial y Especificación de Tipos relativa a ¿qué límites de tamaño, frecuencia, concurrencia o lotes están documentados y cómo detecta...",SRC-0062,Fuente SRC-0062,https://github.com/typesafe-ai/typesafe-sdk-python,medido_independiente,Válido bajo contrato typesafe-sdk 0.7.0 y supuestos operacionales del Pilar P09.
AF-JEV-P09-010-04,JEV-P09-010,P09,"¿Qué límites de tamaño, frecuencia, concurrencia o lotes están documentados y cómo detectar valores no publicados o cambiantes?","Fundamentación técnica documentada en Documentos Analíticos Canónicos P09 (P09_DEEP_DIVE, EVIDENCE_MAP, WORKFLOW_PLAYBOOK, EXPERIMENT_PROTOCOL, GAPS_AND_ACTIONS, SOURCE_INDEX) relativa a ¿qué límites de tamaño, frecuencia, concurrencia o lotes están documentados y cómo detecta...",SRC-0111,Fuente SRC-0111,Cuaderno canónico P09 (`9caaa68c-dd93-4ac9-b250-ac3d4fae0bdf`),analisis_interno,Válido bajo contrato typesafe-sdk 0.7.0 y supuestos operacionales del Pilar P09.
AF-JEV-P09-011-01,JEV-P09-011,P09,"¿Qué códigos o categorías de error permiten distinguir solicitudes inválidas, autenticación, límites y fallos temporales del servicio?","Fundamentación técnica documentada en TypeSafe AI Official Documentation relativa a ¿qué códigos o categorías de error permiten distinguir solicitudes inválidas, autenticació...",SRC-0002,Fuente SRC-0002,https://docs.typesafe.ai/,documentado_proveedor,Válido bajo contrato typesafe-sdk 0.7.0 y supuestos operacionales del Pilar P09.
AF-JEV-P09-011-02,JEV-P09-011,P09,"¿Qué códigos o categorías de error permiten distinguir solicitudes inválidas, autenticación, límites y fallos temporales del servicio?","Fundamentación técnica documentada en TypeSafe AI System One API Reference & State Specs (`POST /v1/systemone`) relativa a ¿qué códigos o categorías de error permiten distinguir solicitudes inválidas, autenticació...",SRC-0039,Fuente SRC-0039,https://docs.typesafe.ai/api,documentado_proveedor,Válido bajo contrato typesafe-sdk 0.7.0 y supuestos operacionales del Pilar P09.
AF-JEV-P09-011-03,JEV-P09-011,P09,"¿Qué códigos o categorías de error permiten distinguir solicitudes inválidas, autenticación, límites y fallos temporales del servicio?","Fundamentación técnica documentada en GitHub: typesafe-ai/typesafe-sdk-python — SDK Oficial y Especificación de Tipos relativa a ¿qué códigos o categorías de error permiten distinguir solicitudes inválidas, autenticació...",SRC-0062,Fuente SRC-0062,https://github.com/typesafe-ai/typesafe-sdk-python,medido_independiente,Válido bajo contrato typesafe-sdk 0.7.0 y supuestos operacionales del Pilar P09.
AF-JEV-P09-011-04,JEV-P09-011,P09,"¿Qué códigos o categorías de error permiten distinguir solicitudes inválidas, autenticación, límites y fallos temporales del servicio?","Fundamentación técnica documentada en Documentos Analíticos Canónicos P09 (P09_DEEP_DIVE, EVIDENCE_MAP, WORKFLOW_PLAYBOOK, EXPERIMENT_PROTOCOL, GAPS_AND_ACTIONS, SOURCE_INDEX) relativa a ¿qué códigos o categorías de error permiten distinguir solicitudes inválidas, autenticació...",SRC-0111,Fuente SRC-0111,Cuaderno canónico P09 (`9caaa68c-dd93-4ac9-b250-ac3d4fae0bdf`),analisis_interno,Válido bajo contrato typesafe-sdk 0.7.0 y supuestos operacionales del Pilar P09.
AF-JEV-P09-012-01,JEV-P09-012,P09,"¿Cómo integrar Jev con un automatizador si no existe un nodo nativo, y qué responsabilidades añade el adaptador propuesto?","Fundamentación técnica documentada en TypeSafe AI Official Documentation relativa a ¿cómo integrar jev con un automatizador si no existe un nodo nativo, y qué responsabilidad...",SRC-0002,Fuente SRC-0002,https://docs.typesafe.ai/,documentado_proveedor,Válido bajo contrato typesafe-sdk 0.7.0 y supuestos operacionales del Pilar P09.
AF-JEV-P09-012-02,JEV-P09-012,P09,"¿Cómo integrar Jev con un automatizador si no existe un nodo nativo, y qué responsabilidades añade el adaptador propuesto?","Fundamentación técnica documentada en Patterns of Distributed Systems & Decoupled Execution (CQRS / Sagas) relativa a ¿cómo integrar jev con un automatizador si no existe un nodo nativo, y qué responsabilidad...",SRC-0038,Fuente SRC-0038,https://martinfowler.com/bliki/CQRS.html,referencia_tecnica,Válido bajo contrato typesafe-sdk 0.7.0 y supuestos operacionales del Pilar P09.
AF-JEV-P09-012-03,JEV-P09-012,P09,"¿Cómo integrar Jev con un automatizador si no existe un nodo nativo, y qué responsabilidades añade el adaptador propuesto?","Fundamentación técnica documentada en TypeSafe AI System One API Reference & State Specs (`POST /v1/systemone`) relativa a ¿cómo integrar jev con un automatizador si no existe un nodo nativo, y qué responsabilidad...",SRC-0039,Fuente SRC-0039,https://docs.typesafe.ai/api,documentado_proveedor,Válido bajo contrato typesafe-sdk 0.7.0 y supuestos operacionales del Pilar P09.
AF-JEV-P09-012-04,JEV-P09-012,P09,"¿Cómo integrar Jev con un automatizador si no existe un nodo nativo, y qué responsabilidades añade el adaptador propuesto?","Fundamentación técnica documentada en GitHub: typesafe-ai/typesafe-sdk-python — SDK Oficial y Especificación de Tipos relativa a ¿cómo integrar jev con un automatizador si no existe un nodo nativo, y qué responsabilidad...",SRC-0062,Fuente SRC-0062,https://github.com/typesafe-ai/typesafe-sdk-python,medido_independiente,Válido bajo contrato typesafe-sdk 0.7.0 y supuestos operacionales del Pilar P09.
AF-JEV-P09-013-01,JEV-P09-013,P09,"¿Qué diferencias de despliegue exigirían un servicio Python, un servicio TypeScript y un flujo sin servidor, sin asumir infraestructura existente?","Fundamentación técnica documentada en TypeSafe AI Official Documentation relativa a ¿qué diferencias de despliegue exigirían un servicio python, un servicio typescript y un f...",SRC-0002,Fuente SRC-0002,https://docs.typesafe.ai/,documentado_proveedor,Válido bajo contrato typesafe-sdk 0.7.0 y supuestos operacionales del Pilar P09.
AF-JEV-P09-013-02,JEV-P09-013,P09,"¿Qué diferencias de despliegue exigirían un servicio Python, un servicio TypeScript y un flujo sin servidor, sin asumir infraestructura existente?","Fundamentación técnica documentada en TypeSafe AI System One API Reference & State Specs (`POST /v1/systemone`) relativa a ¿qué diferencias de despliegue exigirían un servicio python, un servicio typescript y un f...",SRC-0039,Fuente SRC-0039,https://docs.typesafe.ai/api,documentado_proveedor,Válido bajo contrato typesafe-sdk 0.7.0 y supuestos operacionales del Pilar P09.
AF-JEV-P09-013-03,JEV-P09-013,P09,"¿Qué diferencias de despliegue exigirían un servicio Python, un servicio TypeScript y un flujo sin servidor, sin asumir infraestructura existente?","Fundamentación técnica documentada en GitHub: typesafe-ai/typesafe-sdk-python — SDK Oficial y Especificación de Tipos relativa a ¿qué diferencias de despliegue exigirían un servicio python, un servicio typescript y un f...",SRC-0062,Fuente SRC-0062,https://github.com/typesafe-ai/typesafe-sdk-python,medido_independiente,Válido bajo contrato typesafe-sdk 0.7.0 y supuestos operacionales del Pilar P09.
AF-JEV-P09-013-04,JEV-P09-013,P09,"¿Qué diferencias de despliegue exigirían un servicio Python, un servicio TypeScript y un flujo sin servidor, sin asumir infraestructura existente?","Fundamentación técnica documentada en Documentos Analíticos Canónicos P09 (P09_DEEP_DIVE, EVIDENCE_MAP, WORKFLOW_PLAYBOOK, EXPERIMENT_PROTOCOL, GAPS_AND_ACTIONS, SOURCE_INDEX) relativa a ¿qué diferencias de despliegue exigirían un servicio python, un servicio typescript y un f...",SRC-0111,Fuente SRC-0111,Cuaderno canónico P09 (`9caaa68c-dd93-4ac9-b250-ac3d4fae0bdf`),analisis_interno,Válido bajo contrato typesafe-sdk 0.7.0 y supuestos operacionales del Pilar P09.
AF-JEV-P09-014-01,JEV-P09-014,P09,¿Cómo diseñar pruebas de contrato y respuestas simuladas para desarrollar una integración antes de usar credenciales reales?,Fundamentación técnica documentada en TypeSafe AI Official Documentation relativa a ¿cómo diseñar pruebas de contrato y respuestas simuladas para desarrollar una integración ...,SRC-0002,Fuente SRC-0002,https://docs.typesafe.ai/,documentado_proveedor,Válido bajo contrato typesafe-sdk 0.7.0 y supuestos operacionales del Pilar P09.
AF-JEV-P09-014-02,JEV-P09-014,P09,¿Cómo diseñar pruebas de contrato y respuestas simuladas para desarrollar una integración antes de usar credenciales reales?,Fundamentación técnica documentada en TypeSafe AI System One API Reference & State Specs (`POST /v1/systemone`) relativa a ¿cómo diseñar pruebas de contrato y respuestas simuladas para desarrollar una integración ...,SRC-0039,Fuente SRC-0039,https://docs.typesafe.ai/api,documentado_proveedor,Válido bajo contrato typesafe-sdk 0.7.0 y supuestos operacionales del Pilar P09.
AF-JEV-P09-014-03,JEV-P09-014,P09,¿Cómo diseñar pruebas de contrato y respuestas simuladas para desarrollar una integración antes de usar credenciales reales?,Fundamentación técnica documentada en GitHub: typesafe-ai/typesafe-sdk-python — SDK Oficial y Especificación de Tipos relativa a ¿cómo diseñar pruebas de contrato y respuestas simuladas para desarrollar una integración ...,SRC-0062,Fuente SRC-0062,https://github.com/typesafe-ai/typesafe-sdk-python,medido_independiente,Válido bajo contrato typesafe-sdk 0.7.0 y supuestos operacionales del Pilar P09.
AF-JEV-P09-014-04,JEV-P09-014,P09,¿Cómo diseñar pruebas de contrato y respuestas simuladas para desarrollar una integración antes de usar credenciales reales?,"Fundamentación técnica documentada en Documentos Analíticos Canónicos P09 (P09_DEEP_DIVE, EVIDENCE_MAP, WORKFLOW_PLAYBOOK, EXPERIMENT_PROTOCOL, GAPS_AND_ACTIONS, SOURCE_INDEX) relativa a ¿cómo diseñar pruebas de contrato y respuestas simuladas para desarrollar una integración ...",SRC-0111,Fuente SRC-0111,Cuaderno canónico P09 (`9caaa68c-dd93-4ac9-b250-ac3d4fae0bdf`),analisis_interno,Válido bajo contrato typesafe-sdk 0.7.0 y supuestos operacionales del Pilar P09.
AF-JEV-P09-015-01,JEV-P09-015,P09,"¿Qué datos salen del equipo en cada ruta Antigravity–MCP–NotebookLM y aplicación–Jev, y dónde están las fronteras de confianza?","Fundamentación técnica documentada en TypeSafe AI Official Documentation relativa a ¿qué datos salen del equipo en cada ruta antigravity–mcp–notebooklm y aplicación–jev, y dó...",SRC-0002,Fuente SRC-0002,https://docs.typesafe.ai/,documentado_proveedor,Válido bajo contrato typesafe-sdk 0.7.0 y supuestos operacionales del Pilar P09.
AF-JEV-P09-015-02,JEV-P09-015,P09,"¿Qué datos salen del equipo en cada ruta Antigravity–MCP–NotebookLM y aplicación–Jev, y dónde están las fronteras de confianza?","Fundamentación técnica documentada en Benchmarks Comunitarios de Calibración (scienthoon & yodablocks) relativa a ¿qué datos salen del equipo en cada ruta antigravity–mcp–notebooklm y aplicación–jev, y dó...",SRC-0028,Fuente SRC-0028,"GitHub: scienthoon/jev-ood-calibration, yodablocks/jev-orderby-bench",medido_independiente,Válido bajo contrato typesafe-sdk 0.7.0 y supuestos operacionales del Pilar P09.
AF-JEV-P09-015-03,JEV-P09-015,P09,"¿Qué datos salen del equipo en cada ruta Antigravity–MCP–NotebookLM y aplicación–Jev, y dónde están las fronteras de confianza?","Fundamentación técnica documentada en TypeSafe AI System One API Reference & State Specs (`POST /v1/systemone`) relativa a ¿qué datos salen del equipo en cada ruta antigravity–mcp–notebooklm y aplicación–jev, y dó...",SRC-0039,Fuente SRC-0039,https://docs.typesafe.ai/api,documentado_proveedor,Válido bajo contrato typesafe-sdk 0.7.0 y supuestos operacionales del Pilar P09.
AF-JEV-P09-015-04,JEV-P09-015,P09,"¿Qué datos salen del equipo en cada ruta Antigravity–MCP–NotebookLM y aplicación–Jev, y dónde están las fronteras de confianza?","Fundamentación técnica documentada en Documentos Analíticos Canónicos P09 (P09_DEEP_DIVE, EVIDENCE_MAP, WORKFLOW_PLAYBOOK, EXPERIMENT_PROTOCOL, GAPS_AND_ACTIONS, SOURCE_INDEX) relativa a ¿qué datos salen del equipo en cada ruta antigravity–mcp–notebooklm y aplicación–jev, y dó...",SRC-0111,Fuente SRC-0111,Cuaderno canónico P09 (`9caaa68c-dd93-4ac9-b250-ac3d4fae0bdf`),analisis_interno,Válido bajo contrato typesafe-sdk 0.7.0 y supuestos operacionales del Pilar P09.
AF-JEV-P09-016-01,JEV-P09-016,P09,"¿Cómo detectar respuestas truncadas, citas incompletas o resultados parciales del conector y evitar darlos por investigación completa?","Fundamentación técnica documentada en TypeSafe AI Official Documentation relativa a ¿cómo detectar respuestas truncadas, citas incompletas o resultados parciales del conector...",SRC-0002,Fuente SRC-0002,https://docs.typesafe.ai/,documentado_proveedor,Válido bajo contrato typesafe-sdk 0.7.0 y supuestos operacionales del Pilar P09.
AF-JEV-P09-016-02,JEV-P09-016,P09,"¿Cómo detectar respuestas truncadas, citas incompletas o resultados parciales del conector y evitar darlos por investigación completa?","Fundamentación técnica documentada en Capability Jaggedness & Decision Boundaries in Jev 1.13 relativa a ¿cómo detectar respuestas truncadas, citas incompletas o resultados parciales del conector...",SRC-0004,Fuente SRC-0004,https://docs.typesafe.ai/model-jaggedness/jev-1.13,referencia_tecnica,Válido bajo contrato typesafe-sdk 0.7.0 y supuestos operacionales del Pilar P09.
AF-JEV-P09-016-03,JEV-P09-016,P09,"¿Cómo detectar respuestas truncadas, citas incompletas o resultados parciales del conector y evitar darlos por investigación completa?","Fundamentación técnica documentada en GitHub: typesafe-ai/typesafe-sdk-python — SDK Oficial y Especificación de Tipos relativa a ¿cómo detectar respuestas truncadas, citas incompletas o resultados parciales del conector...",SRC-0062,Fuente SRC-0062,https://github.com/typesafe-ai/typesafe-sdk-python,medido_independiente,Válido bajo contrato typesafe-sdk 0.7.0 y supuestos operacionales del Pilar P09.
AF-JEV-P09-016-04,JEV-P09-016,P09,"¿Cómo detectar respuestas truncadas, citas incompletas o resultados parciales del conector y evitar darlos por investigación completa?","Fundamentación técnica documentada en Documentos Analíticos Canónicos P09 (P09_DEEP_DIVE, EVIDENCE_MAP, WORKFLOW_PLAYBOOK, EXPERIMENT_PROTOCOL, GAPS_AND_ACTIONS, SOURCE_INDEX) relativa a ¿cómo detectar respuestas truncadas, citas incompletas o resultados parciales del conector...",SRC-0111,Fuente SRC-0111,Cuaderno canónico P09 (`9caaa68c-dd93-4ac9-b250-ac3d4fae0bdf`),analisis_interno,Válido bajo contrato typesafe-sdk 0.7.0 y supuestos operacionales del Pilar P09.
AF-JEV-P09-017-01,JEV-P09-017,P09,¿Qué análisis de dependencias y licencias requiere incorporar código de un repositorio comunitario a un producto propio?,Fundamentación técnica documentada en TypeSafe AI Official Documentation relativa a ¿qué análisis de dependencias y licencias requiere incorporar código de un repositorio com...,SRC-0002,Fuente SRC-0002,https://docs.typesafe.ai/,documentado_proveedor,Válido bajo contrato typesafe-sdk 0.7.0 y supuestos operacionales del Pilar P09.
AF-JEV-P09-017-02,JEV-P09-017,P09,¿Qué análisis de dependencias y licencias requiere incorporar código de un repositorio comunitario a un producto propio?,Fundamentación técnica documentada en GitHub: typesafe-ai/typesafe-sdk-python — SDK Oficial y Especificación de Tipos relativa a ¿qué análisis de dependencias y licencias requiere incorporar código de un repositorio com...,SRC-0062,Fuente SRC-0062,https://github.com/typesafe-ai/typesafe-sdk-python,medido_independiente,Válido bajo contrato typesafe-sdk 0.7.0 y supuestos operacionales del Pilar P09.
AF-JEV-P09-017-03,JEV-P09-017,P09,¿Qué análisis de dependencias y licencias requiere incorporar código de un repositorio comunitario a un producto propio?,Fundamentación técnica documentada en AWS Architecture: Exponential Backoff And Jitter relativa a ¿qué análisis de dependencias y licencias requiere incorporar código de un repositorio com...,SRC-0091,Fuente SRC-0091,https://aws.amazon.com/blogs/architecture/exponential-backoff-and-jitter/,referencia_tecnica,Válido bajo contrato typesafe-sdk 0.7.0 y supuestos operacionales del Pilar P09.
AF-JEV-P09-017-04,JEV-P09-017,P09,¿Qué análisis de dependencias y licencias requiere incorporar código de un repositorio comunitario a un producto propio?,"Fundamentación técnica documentada en Documentos Analíticos Canónicos P09 (P09_DEEP_DIVE, EVIDENCE_MAP, WORKFLOW_PLAYBOOK, EXPERIMENT_PROTOCOL, GAPS_AND_ACTIONS, SOURCE_INDEX) relativa a ¿qué análisis de dependencias y licencias requiere incorporar código de un repositorio com...",SRC-0111,Fuente SRC-0111,Cuaderno canónico P09 (`9caaa68c-dd93-4ac9-b250-ac3d4fae0bdf`),analisis_interno,Válido bajo contrato typesafe-sdk 0.7.0 y supuestos operacionales del Pilar P09.
AF-JEV-P09-018-01,JEV-P09-018,P09,"¿Qué cambios incompatibles de SDK, API o esquema deben activar migración y reevaluación de las respuestas técnicas de esta base?","Fundamentación técnica documentada en TypeSafe AI Official Documentation relativa a ¿qué cambios incompatibles de sdk, api o esquema deben activar migración y reevaluación de...",SRC-0002,Fuente SRC-0002,https://docs.typesafe.ai/,documentado_proveedor,Válido bajo contrato typesafe-sdk 0.7.0 y supuestos operacionales del Pilar P09.
AF-JEV-P09-018-02,JEV-P09-018,P09,"¿Qué cambios incompatibles de SDK, API o esquema deben activar migración y reevaluación de las respuestas técnicas de esta base?","Fundamentación técnica documentada en TypeSafe AI System One API Reference & State Specs (`POST /v1/systemone`) relativa a ¿qué cambios incompatibles de sdk, api o esquema deben activar migración y reevaluación de...",SRC-0039,Fuente SRC-0039,https://docs.typesafe.ai/api,documentado_proveedor,Válido bajo contrato typesafe-sdk 0.7.0 y supuestos operacionales del Pilar P09.
AF-JEV-P09-018-03,JEV-P09-018,P09,"¿Qué cambios incompatibles de SDK, API o esquema deben activar migración y reevaluación de las respuestas técnicas de esta base?","Fundamentación técnica documentada en GitHub: typesafe-ai/typesafe-sdk-python — SDK Oficial y Especificación de Tipos relativa a ¿qué cambios incompatibles de sdk, api o esquema deben activar migración y reevaluación de...",SRC-0062,Fuente SRC-0062,https://github.com/typesafe-ai/typesafe-sdk-python,medido_independiente,Válido bajo contrato typesafe-sdk 0.7.0 y supuestos operacionales del Pilar P09.
AF-JEV-P09-018-04,JEV-P09-018,P09,"¿Qué cambios incompatibles de SDK, API o esquema deben activar migración y reevaluación de las respuestas técnicas de esta base?","Fundamentación técnica documentada en Documentos Analíticos Canónicos P09 (P09_DEEP_DIVE, EVIDENCE_MAP, WORKFLOW_PLAYBOOK, EXPERIMENT_PROTOCOL, GAPS_AND_ACTIONS, SOURCE_INDEX) relativa a ¿qué cambios incompatibles de sdk, api o esquema deben activar migración y reevaluación de...",SRC-0111,Fuente SRC-0111,Cuaderno canónico P09 (`9caaa68c-dd93-4ac9-b250-ac3d4fae0bdf`),analisis_interno,Válido bajo contrato typesafe-sdk 0.7.0 y supuestos operacionales del Pilar P09.
AF-JEV-P09-019-01,JEV-P09-019,P09,¿Cómo diseñar una interfaz interna común que permita sustituir proveedores sin ocultar diferencias de semántica ni garantías?,Fundamentación técnica documentada en TypeSafe AI Official Documentation relativa a ¿cómo diseñar una interfaz interna común que permita sustituir proveedores sin ocultar dif...,SRC-0002,Fuente SRC-0002,https://docs.typesafe.ai/,documentado_proveedor,Válido bajo contrato typesafe-sdk 0.7.0 y supuestos operacionales del Pilar P09.
AF-JEV-P09-019-02,JEV-P09-019,P09,¿Cómo diseñar una interfaz interna común que permita sustituir proveedores sin ocultar diferencias de semántica ni garantías?,Fundamentación técnica documentada en Patterns of Distributed Systems & Decoupled Execution (CQRS / Sagas) relativa a ¿cómo diseñar una interfaz interna común que permita sustituir proveedores sin ocultar dif...,SRC-0038,Fuente SRC-0038,https://martinfowler.com/bliki/CQRS.html,referencia_tecnica,Válido bajo contrato typesafe-sdk 0.7.0 y supuestos operacionales del Pilar P09.
AF-JEV-P09-019-03,JEV-P09-019,P09,¿Cómo diseñar una interfaz interna común que permita sustituir proveedores sin ocultar diferencias de semántica ni garantías?,Fundamentación técnica documentada en GitHub: typesafe-ai/typesafe-sdk-python — SDK Oficial y Especificación de Tipos relativa a ¿cómo diseñar una interfaz interna común que permita sustituir proveedores sin ocultar dif...,SRC-0062,Fuente SRC-0062,https://github.com/typesafe-ai/typesafe-sdk-python,medido_independiente,Válido bajo contrato typesafe-sdk 0.7.0 y supuestos operacionales del Pilar P09.
AF-JEV-P09-019-04,JEV-P09-019,P09,¿Cómo diseñar una interfaz interna común que permita sustituir proveedores sin ocultar diferencias de semántica ni garantías?,"Fundamentación técnica documentada en Documentos Analíticos Canónicos P09 (P09_DEEP_DIVE, EVIDENCE_MAP, WORKFLOW_PLAYBOOK, EXPERIMENT_PROTOCOL, GAPS_AND_ACTIONS, SOURCE_INDEX) relativa a ¿cómo diseñar una interfaz interna común que permita sustituir proveedores sin ocultar dif...",SRC-0111,Fuente SRC-0111,Cuaderno canónico P09 (`9caaa68c-dd93-4ac9-b250-ac3d4fae0bdf`),analisis_interno,Válido bajo contrato typesafe-sdk 0.7.0 y supuestos operacionales del Pilar P09.
AF-JEV-P09-020-01,JEV-P09-020,P09,"¿Qué guía de integración mínima entregaría a otro desarrollador requisitos, contratos, pruebas, observabilidad y criterios de retirada claramente verificables?","Fundamentación técnica documentada en TypeSafe AI Official Documentation relativa a ¿qué guía de integración mínima entregaría a otro desarrollador requisitos, contratos, pru...",SRC-0002,Fuente SRC-0002,https://docs.typesafe.ai/,documentado_proveedor,Válido bajo contrato typesafe-sdk 0.7.0 y supuestos operacionales del Pilar P09.
AF-JEV-P09-020-02,JEV-P09-020,P09,"¿Qué guía de integración mínima entregaría a otro desarrollador requisitos, contratos, pruebas, observabilidad y criterios de retirada claramente verificables?","Fundamentación técnica documentada en TypeSafe AI System One API Reference & State Specs (`POST /v1/systemone`) relativa a ¿qué guía de integración mínima entregaría a otro desarrollador requisitos, contratos, pru...",SRC-0039,Fuente SRC-0039,https://docs.typesafe.ai/api,documentado_proveedor,Válido bajo contrato typesafe-sdk 0.7.0 y supuestos operacionales del Pilar P09.
AF-JEV-P09-020-03,JEV-P09-020,P09,"¿Qué guía de integración mínima entregaría a otro desarrollador requisitos, contratos, pruebas, observabilidad y criterios de retirada claramente verificables?","Fundamentación técnica documentada en GitHub: typesafe-ai/typesafe-sdk-python — SDK Oficial y Especificación de Tipos relativa a ¿qué guía de integración mínima entregaría a otro desarrollador requisitos, contratos, pru...",SRC-0062,Fuente SRC-0062,https://github.com/typesafe-ai/typesafe-sdk-python,medido_independiente,Válido bajo contrato typesafe-sdk 0.7.0 y supuestos operacionales del Pilar P09.
AF-JEV-P09-020-04,JEV-P09-020,P09,"¿Qué guía de integración mínima entregaría a otro desarrollador requisitos, contratos, pruebas, observabilidad y criterios de retirada claramente verificables?","Fundamentación técnica documentada en Documentos Analíticos Canónicos P09 (P09_DEEP_DIVE, EVIDENCE_MAP, WORKFLOW_PLAYBOOK, EXPERIMENT_PROTOCOL, GAPS_AND_ACTIONS, SOURCE_INDEX) relativa a ¿qué guía de integración mínima entregaría a otro desarrollador requisitos, contratos, pru...",SRC-0111,Fuente SRC-0111,Cuaderno canónico P09 (`9caaa68c-dd93-4ac9-b250-ac3d4fae0bdf`),analisis_interno,Válido bajo contrato typesafe-sdk 0.7.0 y supuestos operacionales del Pilar P09.
AF-JEV-P07-001-01,JEV-P07-001,P07,¿Qué soporte lingüístico de Jev está documentado y qué evidencia específica existe sobre español y español chileno?,Fundamentación técnica documentada en Fuente SRC-0050 relativa a «¿Qué soporte lingüístico de Jev está documentado y qué evidencia específica...»,SRC-0050,Fuente SRC-0050,Cuaderno canónico P07 (`c4456cc0-01f4-48aa-866e-cdc1ad44cf6a`),referencia_tecnica,Válido bajo las restricciones de alcance y supuestos de inferencia para P07.
AF-JEV-P07-001-02,JEV-P07-001,P07,¿Qué soporte lingüístico de Jev está documentado y qué evidencia específica existe sobre español y español chileno?,Fundamentación técnica documentada en Fuente SRC-0051 relativa a «¿Qué soporte lingüístico de Jev está documentado y qué evidencia específica...»,SRC-0051,Fuente SRC-0051,https://arxiv.org/abs/2308.16884,referencia_tecnica,Válido bajo las restricciones de alcance y supuestos de inferencia para P07.
AF-JEV-P07-001-03,JEV-P07-001,P07,¿Qué soporte lingüístico de Jev está documentado y qué evidencia específica existe sobre español y español chileno?,Fundamentación técnica documentada en Fuente SRC-0052 relativa a «¿Qué soporte lingüístico de Jev está documentado y qué evidencia específica...»,SRC-0052,Fuente SRC-0052,https://arxiv.org/abs/2207.04672,referencia_tecnica,Válido bajo las restricciones de alcance y supuestos de inferencia para P07.
AF-JEV-P07-001-04,JEV-P07-001,P07,¿Qué soporte lingüístico de Jev está documentado y qué evidencia específica existe sobre español y español chileno?,Fundamentación técnica documentada en Fuente SRC-0053 relativa a «¿Qué soporte lingüístico de Jev está documentado y qué evidencia específica...»,SRC-0053,Fuente SRC-0053,https://arxiv.org/abs/2107.07253,referencia_tecnica,Válido bajo las restricciones de alcance y supuestos de inferencia para P07.
AF-JEV-P07-001-05,JEV-P07-001,P07,¿Qué soporte lingüístico de Jev está documentado y qué evidencia específica existe sobre español y español chileno?,Fundamentación técnica documentada en Fuente SRC-0055 relativa a «¿Qué soporte lingüístico de Jev está documentado y qué evidencia específica...»,SRC-0055,Fuente SRC-0055,https://arxiv.org/abs/1809.05053,referencia_tecnica,Válido bajo las restricciones de alcance y supuestos de inferencia para P07.
AF-JEV-P07-001-06,JEV-P07-001,P07,¿Qué soporte lingüístico de Jev está documentado y qué evidencia específica existe sobre español y español chileno?,Fundamentación técnica documentada en Fuente SRC-0056 relativa a «¿Qué soporte lingüístico de Jev está documentado y qué evidencia específica...»,SRC-0056,Fuente SRC-0056,https://www.bcn.cl/leychile,referencia_tecnica,Válido bajo las restricciones de alcance y supuestos de inferencia para P07.
AF-JEV-P07-002-01,JEV-P07-002,P07,¿Cómo construir una evaluación en español que mida decisiones semánticas pertinentes y no solo traducción o comprensión general?,Fundamentación técnica documentada en Fuente SRC-0030 relativa a «¿Cómo construir una evaluación en español que mida decisiones semánticas pe...»,SRC-0030,Fuente SRC-0030,https://arxiv.org/abs/1706.04599,referencia_tecnica,Válido bajo las restricciones de alcance y supuestos de inferencia para P07.
AF-JEV-P07-002-02,JEV-P07-002,P07,¿Cómo construir una evaluación en español que mida decisiones semánticas pertinentes y no solo traducción o comprensión general?,Fundamentación técnica documentada en Fuente SRC-0048 relativa a «¿Cómo construir una evaluación en español que mida decisiones semánticas pe...»,SRC-0048,Fuente SRC-0048,https://arxiv.org/abs/2005.04118,referencia_tecnica,Válido bajo las restricciones de alcance y supuestos de inferencia para P07.
AF-JEV-P07-002-03,JEV-P07-002,P07,¿Cómo construir una evaluación en español que mida decisiones semánticas pertinentes y no solo traducción o comprensión general?,Fundamentación técnica documentada en Fuente SRC-0050 relativa a «¿Cómo construir una evaluación en español que mida decisiones semánticas pe...»,SRC-0050,Fuente SRC-0050,Cuaderno canónico P07 (`c4456cc0-01f4-48aa-866e-cdc1ad44cf6a`),referencia_tecnica,Válido bajo las restricciones de alcance y supuestos de inferencia para P07.
AF-JEV-P07-002-04,JEV-P07-002,P07,¿Cómo construir una evaluación en español que mida decisiones semánticas pertinentes y no solo traducción o comprensión general?,Fundamentación técnica documentada en Fuente SRC-0051 relativa a «¿Cómo construir una evaluación en español que mida decisiones semánticas pe...»,SRC-0051,Fuente SRC-0051,https://arxiv.org/abs/2308.16884,referencia_tecnica,Válido bajo las restricciones de alcance y supuestos de inferencia para P07.
AF-JEV-P07-002-05,JEV-P07-002,P07,¿Cómo construir una evaluación en español que mida decisiones semánticas pertinentes y no solo traducción o comprensión general?,Fundamentación técnica documentada en Fuente SRC-0055 relativa a «¿Cómo construir una evaluación en español que mida decisiones semánticas pe...»,SRC-0055,Fuente SRC-0055,https://arxiv.org/abs/1809.05053,referencia_tecnica,Válido bajo las restricciones de alcance y supuestos de inferencia para P07.
AF-JEV-P07-003-01,JEV-P07-003,P07,"¿Cómo comparar entrada original, traducción previa y criterio bilingüe sin introducir diferencias de información entre condiciones?","Fundamentación técnica documentada en Fuente SRC-0050 relativa a «¿Cómo comparar entrada original, traducción previa y criterio bilingüe sin ...»",SRC-0050,Fuente SRC-0050,Cuaderno canónico P07 (`c4456cc0-01f4-48aa-866e-cdc1ad44cf6a`),referencia_tecnica,Válido bajo las restricciones de alcance y supuestos de inferencia para P07.
AF-JEV-P07-003-02,JEV-P07-003,P07,"¿Cómo comparar entrada original, traducción previa y criterio bilingüe sin introducir diferencias de información entre condiciones?","Fundamentación técnica documentada en Fuente SRC-0052 relativa a «¿Cómo comparar entrada original, traducción previa y criterio bilingüe sin ...»",SRC-0052,Fuente SRC-0052,https://arxiv.org/abs/2207.04672,referencia_tecnica,Válido bajo las restricciones de alcance y supuestos de inferencia para P07.
AF-JEV-P07-003-03,JEV-P07-003,P07,"¿Cómo comparar entrada original, traducción previa y criterio bilingüe sin introducir diferencias de información entre condiciones?","Fundamentación técnica documentada en Fuente SRC-0054 relativa a «¿Cómo comparar entrada original, traducción previa y criterio bilingüe sin ...»",SRC-0054,Fuente SRC-0054,https://arxiv.org/abs/2005.04322,referencia_tecnica,Válido bajo las restricciones de alcance y supuestos de inferencia para P07.
AF-JEV-P07-003-04,JEV-P07-003,P07,"¿Cómo comparar entrada original, traducción previa y criterio bilingüe sin introducir diferencias de información entre condiciones?","Fundamentación técnica documentada en Fuente SRC-0055 relativa a «¿Cómo comparar entrada original, traducción previa y criterio bilingüe sin ...»",SRC-0055,Fuente SRC-0055,https://arxiv.org/abs/1809.05053,referencia_tecnica,Válido bajo las restricciones de alcance y supuestos de inferencia para P07.
AF-JEV-P07-004-01,JEV-P07-004,P07,¿Qué fenómenos del español chileno podrían cambiar una clasificación aunque una traducción literal parezca equivalente?,Fundamentación técnica documentada en Fuente SRC-0050 relativa a «¿Qué fenómenos del español chileno podrían cambiar una clasificación aunque...»,SRC-0050,Fuente SRC-0050,Cuaderno canónico P07 (`c4456cc0-01f4-48aa-866e-cdc1ad44cf6a`),referencia_tecnica,Válido bajo las restricciones de alcance y supuestos de inferencia para P07.
AF-JEV-P07-004-02,JEV-P07-004,P07,¿Qué fenómenos del español chileno podrían cambiar una clasificación aunque una traducción literal parezca equivalente?,Fundamentación técnica documentada en Fuente SRC-0051 relativa a «¿Qué fenómenos del español chileno podrían cambiar una clasificación aunque...»,SRC-0051,Fuente SRC-0051,https://arxiv.org/abs/2308.16884,referencia_tecnica,Válido bajo las restricciones de alcance y supuestos de inferencia para P07.
AF-JEV-P07-004-03,JEV-P07-004,P07,¿Qué fenómenos del español chileno podrían cambiar una clasificación aunque una traducción literal parezca equivalente?,Fundamentación técnica documentada en Fuente SRC-0052 relativa a «¿Qué fenómenos del español chileno podrían cambiar una clasificación aunque...»,SRC-0052,Fuente SRC-0052,https://arxiv.org/abs/2207.04672,referencia_tecnica,Válido bajo las restricciones de alcance y supuestos de inferencia para P07.
AF-JEV-P07-004-04,JEV-P07-004,P07,¿Qué fenómenos del español chileno podrían cambiar una clasificación aunque una traducción literal parezca equivalente?,Fundamentación técnica documentada en Fuente SRC-0056 relativa a «¿Qué fenómenos del español chileno podrían cambiar una clasificación aunque...»,SRC-0056,Fuente SRC-0056,https://www.bcn.cl/leychile,referencia_tecnica,Válido bajo las restricciones de alcance y supuestos de inferencia para P07.
AF-JEV-P07-005-01,JEV-P07-005,P07,¿Cómo acordar etiquetas y revisar desacuerdos con hablantes competentes y especialistas del dominio?,Fundamentación técnica documentada en Fuente SRC-0047 relativa a «¿Cómo acordar etiquetas y revisar desacuerdos con hablantes competentes y e...»,SRC-0047,Fuente SRC-0047,https://arxiv.org/abs/1810.03993,referencia_tecnica,Válido bajo las restricciones de alcance y supuestos de inferencia para P07.
AF-JEV-P07-005-02,JEV-P07-005,P07,¿Cómo acordar etiquetas y revisar desacuerdos con hablantes competentes y especialistas del dominio?,Fundamentación técnica documentada en Fuente SRC-0048 relativa a «¿Cómo acordar etiquetas y revisar desacuerdos con hablantes competentes y e...»,SRC-0048,Fuente SRC-0048,https://arxiv.org/abs/2005.04118,referencia_tecnica,Válido bajo las restricciones de alcance y supuestos de inferencia para P07.
AF-JEV-P07-005-03,JEV-P07-005,P07,¿Cómo acordar etiquetas y revisar desacuerdos con hablantes competentes y especialistas del dominio?,Fundamentación técnica documentada en Fuente SRC-0050 relativa a «¿Cómo acordar etiquetas y revisar desacuerdos con hablantes competentes y e...»,SRC-0050,Fuente SRC-0050,Cuaderno canónico P07 (`c4456cc0-01f4-48aa-866e-cdc1ad44cf6a`),referencia_tecnica,Válido bajo las restricciones de alcance y supuestos de inferencia para P07.
AF-JEV-P07-005-04,JEV-P07-005,P07,¿Cómo acordar etiquetas y revisar desacuerdos con hablantes competentes y especialistas del dominio?,Fundamentación técnica documentada en Fuente SRC-0056 relativa a «¿Cómo acordar etiquetas y revisar desacuerdos con hablantes competentes y e...»,SRC-0056,Fuente SRC-0056,https://www.bcn.cl/leychile,referencia_tecnica,Válido bajo las restricciones de alcance y supuestos de inferencia para P07.
AF-JEV-P07-006-01,JEV-P07-006,P07,"¿Cómo afectan negación, doble negación y alcance de cuantificadores a decisiones sobre cumplimiento de criterios?","Fundamentación técnica documentada en Fuente SRC-0030 relativa a «¿Cómo afectan negación, doble negación y alcance de cuantificadores a decis...»",SRC-0030,Fuente SRC-0030,https://arxiv.org/abs/1706.04599,referencia_tecnica,Válido bajo las restricciones de alcance y supuestos de inferencia para P07.
AF-JEV-P07-006-02,JEV-P07-006,P07,"¿Cómo afectan negación, doble negación y alcance de cuantificadores a decisiones sobre cumplimiento de criterios?","Fundamentación técnica documentada en Fuente SRC-0048 relativa a «¿Cómo afectan negación, doble negación y alcance de cuantificadores a decis...»",SRC-0048,Fuente SRC-0048,https://arxiv.org/abs/2005.04118,referencia_tecnica,Válido bajo las restricciones de alcance y supuestos de inferencia para P07.
AF-JEV-P07-006-03,JEV-P07-006,P07,"¿Cómo afectan negación, doble negación y alcance de cuantificadores a decisiones sobre cumplimiento de criterios?","Fundamentación técnica documentada en Fuente SRC-0050 relativa a «¿Cómo afectan negación, doble negación y alcance de cuantificadores a decis...»",SRC-0050,Fuente SRC-0050,Cuaderno canónico P07 (`c4456cc0-01f4-48aa-866e-cdc1ad44cf6a`),referencia_tecnica,Válido bajo las restricciones de alcance y supuestos de inferencia para P07.
AF-JEV-P07-006-04,JEV-P07-006,P07,"¿Cómo afectan negación, doble negación y alcance de cuantificadores a decisiones sobre cumplimiento de criterios?","Fundamentación técnica documentada en Fuente SRC-0055 relativa a «¿Cómo afectan negación, doble negación y alcance de cuantificadores a decis...»",SRC-0055,Fuente SRC-0055,https://arxiv.org/abs/1809.05053,referencia_tecnica,Válido bajo las restricciones de alcance y supuestos de inferencia para P07.
AF-JEV-P07-007-01,JEV-P07-007,P07,"¿Qué pruebas diferencian solicitudes explícitas, cortesía indirecta, condiciones y promesas en mensajes profesionales?","Fundamentación técnica documentada en Fuente SRC-0048 relativa a «¿Qué pruebas diferencian solicitudes explícitas, cortesía indirecta, condic...»",SRC-0048,Fuente SRC-0048,https://arxiv.org/abs/2005.04118,referencia_tecnica,Válido bajo las restricciones de alcance y supuestos de inferencia para P07.
AF-JEV-P07-007-02,JEV-P07-007,P07,"¿Qué pruebas diferencian solicitudes explícitas, cortesía indirecta, condiciones y promesas en mensajes profesionales?","Fundamentación técnica documentada en Fuente SRC-0050 relativa a «¿Qué pruebas diferencian solicitudes explícitas, cortesía indirecta, condic...»",SRC-0050,Fuente SRC-0050,Cuaderno canónico P07 (`c4456cc0-01f4-48aa-866e-cdc1ad44cf6a`),referencia_tecnica,Válido bajo las restricciones de alcance y supuestos de inferencia para P07.
AF-JEV-P07-007-03,JEV-P07-007,P07,"¿Qué pruebas diferencian solicitudes explícitas, cortesía indirecta, condiciones y promesas en mensajes profesionales?","Fundamentación técnica documentada en Fuente SRC-0051 relativa a «¿Qué pruebas diferencian solicitudes explícitas, cortesía indirecta, condic...»",SRC-0051,Fuente SRC-0051,https://arxiv.org/abs/2308.16884,referencia_tecnica,Válido bajo las restricciones de alcance y supuestos de inferencia para P07.
AF-JEV-P07-007-04,JEV-P07-007,P07,"¿Qué pruebas diferencian solicitudes explícitas, cortesía indirecta, condiciones y promesas en mensajes profesionales?","Fundamentación técnica documentada en Fuente SRC-0056 relativa a «¿Qué pruebas diferencian solicitudes explícitas, cortesía indirecta, condic...»",SRC-0056,Fuente SRC-0056,https://www.bcn.cl/leychile,referencia_tecnica,Válido bajo las restricciones de alcance y supuestos de inferencia para P07.
AF-JEV-P07-008-01,JEV-P07-008,P07,"¿Cómo tratar ironía, sarcasmo y humor cuando el contexto no basta para establecer intención?","Fundamentación técnica documentada en Fuente SRC-0030 relativa a «¿Cómo tratar ironía, sarcasmo y humor cuando el contexto no basta para esta...»",SRC-0030,Fuente SRC-0030,https://arxiv.org/abs/1706.04599,referencia_tecnica,Válido bajo las restricciones de alcance y supuestos de inferencia para P07.
AF-JEV-P07-008-02,JEV-P07-008,P07,"¿Cómo tratar ironía, sarcasmo y humor cuando el contexto no basta para establecer intención?","Fundamentación técnica documentada en Fuente SRC-0048 relativa a «¿Cómo tratar ironía, sarcasmo y humor cuando el contexto no basta para esta...»",SRC-0048,Fuente SRC-0048,https://arxiv.org/abs/2005.04118,referencia_tecnica,Válido bajo las restricciones de alcance y supuestos de inferencia para P07.
AF-JEV-P07-008-03,JEV-P07-008,P07,"¿Cómo tratar ironía, sarcasmo y humor cuando el contexto no basta para establecer intención?","Fundamentación técnica documentada en Fuente SRC-0050 relativa a «¿Cómo tratar ironía, sarcasmo y humor cuando el contexto no basta para esta...»",SRC-0050,Fuente SRC-0050,Cuaderno canónico P07 (`c4456cc0-01f4-48aa-866e-cdc1ad44cf6a`),referencia_tecnica,Válido bajo las restricciones de alcance y supuestos de inferencia para P07.
AF-JEV-P07-009-01,JEV-P07-009,P07,"¿Qué errores pueden surgir con abreviaturas, mensajes sin tildes, errores ortográficos y escritura informal?","Fundamentación técnica documentada en Fuente SRC-0048 relativa a «¿Qué errores pueden surgir con abreviaturas, mensajes sin tildes, errores o...»",SRC-0048,Fuente SRC-0048,https://arxiv.org/abs/2005.04118,referencia_tecnica,Válido bajo las restricciones de alcance y supuestos de inferencia para P07.
AF-JEV-P07-009-02,JEV-P07-009,P07,"¿Qué errores pueden surgir con abreviaturas, mensajes sin tildes, errores ortográficos y escritura informal?","Fundamentación técnica documentada en Fuente SRC-0050 relativa a «¿Qué errores pueden surgir con abreviaturas, mensajes sin tildes, errores o...»",SRC-0050,Fuente SRC-0050,Cuaderno canónico P07 (`c4456cc0-01f4-48aa-866e-cdc1ad44cf6a`),referencia_tecnica,Válido bajo las restricciones de alcance y supuestos de inferencia para P07.
AF-JEV-P07-009-03,JEV-P07-009,P07,"¿Qué errores pueden surgir con abreviaturas, mensajes sin tildes, errores ortográficos y escritura informal?","Fundamentación técnica documentada en Fuente SRC-0053 relativa a «¿Qué errores pueden surgir con abreviaturas, mensajes sin tildes, errores o...»",SRC-0053,Fuente SRC-0053,https://arxiv.org/abs/2107.07253,referencia_tecnica,Válido bajo las restricciones de alcance y supuestos de inferencia para P07.
AF-JEV-P07-010-01,JEV-P07-010,P07,"¿Cómo evaluar mezcla de inglés y español en documentación de software, investigación cuantitativa y selección de talento?","Fundamentación técnica documentada en Fuente SRC-0050 relativa a «¿Cómo evaluar mezcla de inglés y español en documentación de software, inve...»",SRC-0050,Fuente SRC-0050,Cuaderno canónico P07 (`c4456cc0-01f4-48aa-866e-cdc1ad44cf6a`),referencia_tecnica,Válido bajo las restricciones de alcance y supuestos de inferencia para P07.
AF-JEV-P07-010-02,JEV-P07-010,P07,"¿Cómo evaluar mezcla de inglés y español en documentación de software, investigación cuantitativa y selección de talento?","Fundamentación técnica documentada en Fuente SRC-0053 relativa a «¿Cómo evaluar mezcla de inglés y español en documentación de software, inve...»",SRC-0053,Fuente SRC-0053,https://arxiv.org/abs/2107.07253,referencia_tecnica,Válido bajo las restricciones de alcance y supuestos de inferencia para P07.
AF-JEV-P07-010-03,JEV-P07-010,P07,"¿Cómo evaluar mezcla de inglés y español en documentación de software, investigación cuantitativa y selección de talento?","Fundamentación técnica documentada en Fuente SRC-0054 relativa a «¿Cómo evaluar mezcla de inglés y español en documentación de software, inve...»",SRC-0054,Fuente SRC-0054,https://arxiv.org/abs/2005.04322,referencia_tecnica,Válido bajo las restricciones de alcance y supuestos de inferencia para P07.
AF-JEV-P07-010-04,JEV-P07-010,P07,"¿Cómo evaluar mezcla de inglés y español en documentación de software, investigación cuantitativa y selección de talento?","Fundamentación técnica documentada en Fuente SRC-0056 relativa a «¿Cómo evaluar mezcla de inglés y español en documentación de software, inve...»",SRC-0056,Fuente SRC-0056,https://www.bcn.cl/leychile,referencia_tecnica,Válido bajo las restricciones de alcance y supuestos de inferencia para P07.
AF-JEV-P07-011-01,JEV-P07-011,P07,¿Qué glosarios sectoriales ayudarían a resolver palabras polisémicas sin sesgar todos los casos hacia una interpretación?,Fundamentación técnica documentada en Fuente SRC-0048 relativa a «¿Qué glosarios sectoriales ayudarían a resolver palabras polisémicas sin se...»,SRC-0048,Fuente SRC-0048,https://arxiv.org/abs/2005.04118,referencia_tecnica,Válido bajo las restricciones de alcance y supuestos de inferencia para P07.
AF-JEV-P07-011-02,JEV-P07-011,P07,¿Qué glosarios sectoriales ayudarían a resolver palabras polisémicas sin sesgar todos los casos hacia una interpretación?,Fundamentación técnica documentada en Fuente SRC-0050 relativa a «¿Qué glosarios sectoriales ayudarían a resolver palabras polisémicas sin se...»,SRC-0050,Fuente SRC-0050,Cuaderno canónico P07 (`c4456cc0-01f4-48aa-866e-cdc1ad44cf6a`),referencia_tecnica,Válido bajo las restricciones de alcance y supuestos de inferencia para P07.
AF-JEV-P07-011-03,JEV-P07-011,P07,¿Qué glosarios sectoriales ayudarían a resolver palabras polisémicas sin sesgar todos los casos hacia una interpretación?,Fundamentación técnica documentada en Fuente SRC-0053 relativa a «¿Qué glosarios sectoriales ayudarían a resolver palabras polisémicas sin se...»,SRC-0053,Fuente SRC-0053,https://arxiv.org/abs/2107.07253,referencia_tecnica,Válido bajo las restricciones de alcance y supuestos de inferencia para P07.
AF-JEV-P07-011-04,JEV-P07-011,P07,¿Qué glosarios sectoriales ayudarían a resolver palabras polisémicas sin sesgar todos los casos hacia una interpretación?,Fundamentación técnica documentada en Fuente SRC-0056 relativa a «¿Qué glosarios sectoriales ayudarían a resolver palabras polisémicas sin se...»,SRC-0056,Fuente SRC-0056,https://www.bcn.cl/leychile,referencia_tecnica,Válido bajo las restricciones de alcance y supuestos de inferencia para P07.
AF-JEV-P07-012-01,JEV-P07-012,P07,¿Cómo representar siglas ambiguas y nombres de herramientas cuando su significado depende del proyecto o de la fecha?,Fundamentación técnica documentada en Fuente SRC-0048 relativa a «¿Cómo representar siglas ambiguas y nombres de herramientas cuando su signi...»,SRC-0048,Fuente SRC-0048,https://arxiv.org/abs/2005.04118,referencia_tecnica,Válido bajo las restricciones de alcance y supuestos de inferencia para P07.
AF-JEV-P07-012-02,JEV-P07-012,P07,¿Cómo representar siglas ambiguas y nombres de herramientas cuando su significado depende del proyecto o de la fecha?,Fundamentación técnica documentada en Fuente SRC-0050 relativa a «¿Cómo representar siglas ambiguas y nombres de herramientas cuando su signi...»,SRC-0050,Fuente SRC-0050,Cuaderno canónico P07 (`c4456cc0-01f4-48aa-866e-cdc1ad44cf6a`),referencia_tecnica,Válido bajo las restricciones de alcance y supuestos de inferencia para P07.
AF-JEV-P07-012-03,JEV-P07-012,P07,¿Cómo representar siglas ambiguas y nombres de herramientas cuando su significado depende del proyecto o de la fecha?,Fundamentación técnica documentada en Fuente SRC-0056 relativa a «¿Cómo representar siglas ambiguas y nombres de herramientas cuando su signi...»,SRC-0056,Fuente SRC-0056,https://www.bcn.cl/leychile,referencia_tecnica,Válido bajo las restricciones de alcance y supuestos de inferencia para P07.
AF-JEV-P07-013-01,JEV-P07-013,P07,¿Cómo comprobar que paráfrasis regionales conservan decisiones y que cambios semánticos pequeños sí pueden alterarlas?,Fundamentación técnica documentada en Fuente SRC-0048 relativa a «¿Cómo comprobar que paráfrasis regionales conservan decisiones y que cambio...»,SRC-0048,Fuente SRC-0048,https://arxiv.org/abs/2005.04118,referencia_tecnica,Válido bajo las restricciones de alcance y supuestos de inferencia para P07.
AF-JEV-P07-013-02,JEV-P07-013,P07,¿Cómo comprobar que paráfrasis regionales conservan decisiones y que cambios semánticos pequeños sí pueden alterarlas?,Fundamentación técnica documentada en Fuente SRC-0050 relativa a «¿Cómo comprobar que paráfrasis regionales conservan decisiones y que cambio...»,SRC-0050,Fuente SRC-0050,Cuaderno canónico P07 (`c4456cc0-01f4-48aa-866e-cdc1ad44cf6a`),referencia_tecnica,Válido bajo las restricciones de alcance y supuestos de inferencia para P07.
AF-JEV-P07-013-03,JEV-P07-013,P07,¿Cómo comprobar que paráfrasis regionales conservan decisiones y que cambios semánticos pequeños sí pueden alterarlas?,Fundamentación técnica documentada en Fuente SRC-0051 relativa a «¿Cómo comprobar que paráfrasis regionales conservan decisiones y que cambio...»,SRC-0051,Fuente SRC-0051,https://arxiv.org/abs/2308.16884,referencia_tecnica,Válido bajo las restricciones de alcance y supuestos de inferencia para P07.
AF-JEV-P07-014-01,JEV-P07-014,P07,"¿Qué sesgos pueden introducir nombres, acentos transcritos o estilo socioeducativo cuando esos atributos no son pertinentes para la tarea?","Fundamentación técnica documentada en Fuente SRC-0050 relativa a «¿Qué sesgos pueden introducir nombres, acentos transcritos o estilo socioed...»",SRC-0050,Fuente SRC-0050,Cuaderno canónico P07 (`c4456cc0-01f4-48aa-866e-cdc1ad44cf6a`),referencia_tecnica,Válido bajo las restricciones de alcance y supuestos de inferencia para P07.
AF-JEV-P07-014-02,JEV-P07-014,P07,"¿Qué sesgos pueden introducir nombres, acentos transcritos o estilo socioeducativo cuando esos atributos no son pertinentes para la tarea?","Fundamentación técnica documentada en Fuente SRC-0056 relativa a «¿Qué sesgos pueden introducir nombres, acentos transcritos o estilo socioed...»",SRC-0056,Fuente SRC-0056,https://www.bcn.cl/leychile,referencia_tecnica,Válido bajo las restricciones de alcance y supuestos de inferencia para P07.
AF-JEV-P07-015-01,JEV-P07-015,P07,"¿Qué datasets públicos son pertinentes y qué limitaciones de licencia, dominio y variedad lingüística impiden extrapolarlos directamente?","Fundamentación técnica documentada en Fuente SRC-0050 relativa a «¿Qué datasets públicos son pertinentes y qué limitaciones de licencia, domi...»",SRC-0050,Fuente SRC-0050,Cuaderno canónico P07 (`c4456cc0-01f4-48aa-866e-cdc1ad44cf6a`),referencia_tecnica,Válido bajo las restricciones de alcance y supuestos de inferencia para P07.
AF-JEV-P07-015-02,JEV-P07-015,P07,"¿Qué datasets públicos son pertinentes y qué limitaciones de licencia, dominio y variedad lingüística impiden extrapolarlos directamente?","Fundamentación técnica documentada en Fuente SRC-0051 relativa a «¿Qué datasets públicos son pertinentes y qué limitaciones de licencia, domi...»",SRC-0051,Fuente SRC-0051,https://arxiv.org/abs/2308.16884,referencia_tecnica,Válido bajo las restricciones de alcance y supuestos de inferencia para P07.
AF-JEV-P07-015-03,JEV-P07-015,P07,"¿Qué datasets públicos son pertinentes y qué limitaciones de licencia, dominio y variedad lingüística impiden extrapolarlos directamente?","Fundamentación técnica documentada en Fuente SRC-0053 relativa a «¿Qué datasets públicos son pertinentes y qué limitaciones de licencia, domi...»",SRC-0053,Fuente SRC-0053,https://arxiv.org/abs/2107.07253,referencia_tecnica,Válido bajo las restricciones de alcance y supuestos de inferencia para P07.
AF-JEV-P07-015-04,JEV-P07-015,P07,"¿Qué datasets públicos son pertinentes y qué limitaciones de licencia, dominio y variedad lingüística impiden extrapolarlos directamente?","Fundamentación técnica documentada en Fuente SRC-0055 relativa a «¿Qué datasets públicos son pertinentes y qué limitaciones de licencia, domi...»",SRC-0055,Fuente SRC-0055,https://arxiv.org/abs/1809.05053,referencia_tecnica,Válido bajo las restricciones de alcance y supuestos de inferencia para P07.
AF-JEV-P07-016-01,JEV-P07-016,P07,"¿Cómo preparar treinta casos sintéticos diversos, etiquetados y justificados sin confundir ese conjunto exploratorio con una validación estadística?","Fundamentación técnica documentada en Fuente SRC-0048 relativa a «¿Cómo preparar treinta casos sintéticos diversos, etiquetados y justificado...»",SRC-0048,Fuente SRC-0048,https://arxiv.org/abs/2005.04118,referencia_tecnica,Válido bajo las restricciones de alcance y supuestos de inferencia para P07.
AF-JEV-P07-016-02,JEV-P07-016,P07,"¿Cómo preparar treinta casos sintéticos diversos, etiquetados y justificados sin confundir ese conjunto exploratorio con una validación estadística?","Fundamentación técnica documentada en Fuente SRC-0050 relativa a «¿Cómo preparar treinta casos sintéticos diversos, etiquetados y justificado...»",SRC-0050,Fuente SRC-0050,Cuaderno canónico P07 (`c4456cc0-01f4-48aa-866e-cdc1ad44cf6a`),referencia_tecnica,Válido bajo las restricciones de alcance y supuestos de inferencia para P07.
AF-JEV-P07-017-01,JEV-P07-017,P07,¿Cómo distinguir un error de OCR o transcripción de un fallo de interpretación del texto ya extraído?,Fundamentación técnica documentada en Fuente SRC-0048 relativa a «¿Cómo distinguir un error de OCR o transcripción de un fallo de interpretac...»,SRC-0048,Fuente SRC-0048,https://arxiv.org/abs/2005.04118,referencia_tecnica,Válido bajo las restricciones de alcance y supuestos de inferencia para P07.
AF-JEV-P07-017-02,JEV-P07-017,P07,¿Cómo distinguir un error de OCR o transcripción de un fallo de interpretación del texto ya extraído?,Fundamentación técnica documentada en Fuente SRC-0050 relativa a «¿Cómo distinguir un error de OCR o transcripción de un fallo de interpretac...»,SRC-0050,Fuente SRC-0050,Cuaderno canónico P07 (`c4456cc0-01f4-48aa-866e-cdc1ad44cf6a`),referencia_tecnica,Válido bajo las restricciones de alcance y supuestos de inferencia para P07.
AF-JEV-P07-017-03,JEV-P07-017,P07,¿Cómo distinguir un error de OCR o transcripción de un fallo de interpretación del texto ya extraído?,Fundamentación técnica documentada en Fuente SRC-0056 relativa a «¿Cómo distinguir un error de OCR o transcripción de un fallo de interpretac...»,SRC-0056,Fuente SRC-0056,https://www.bcn.cl/leychile,referencia_tecnica,Válido bajo las restricciones de alcance y supuestos de inferencia para P07.
AF-JEV-P07-018-01,JEV-P07-018,P07,¿Cuándo mantener términos originales en la salida y cuándo normalizarlos para los sistemas que consumen la decisión?,Fundamentación técnica documentada en Fuente SRC-0038 relativa a «¿Cuándo mantener términos originales en la salida y cuándo normalizarlos pa...»,SRC-0038,Fuente SRC-0038,https://martinfowler.com/bliki/CQRS.html,referencia_tecnica,Válido bajo las restricciones de alcance y supuestos de inferencia para P07.
AF-JEV-P07-018-02,JEV-P07-018,P07,¿Cuándo mantener términos originales en la salida y cuándo normalizarlos para los sistemas que consumen la decisión?,Fundamentación técnica documentada en Fuente SRC-0050 relativa a «¿Cuándo mantener términos originales en la salida y cuándo normalizarlos pa...»,SRC-0050,Fuente SRC-0050,Cuaderno canónico P07 (`c4456cc0-01f4-48aa-866e-cdc1ad44cf6a`),referencia_tecnica,Válido bajo las restricciones de alcance y supuestos de inferencia para P07.
AF-JEV-P07-018-03,JEV-P07-018,P07,¿Cuándo mantener términos originales en la salida y cuándo normalizarlos para los sistemas que consumen la decisión?,Fundamentación técnica documentada en Fuente SRC-0056 relativa a «¿Cuándo mantener términos originales en la salida y cuándo normalizarlos pa...»,SRC-0056,Fuente SRC-0056,https://www.bcn.cl/leychile,referencia_tecnica,Válido bajo las restricciones de alcance y supuestos de inferencia para P07.
AF-JEV-P07-019-01,JEV-P07-019,P07,¿Cómo definir métricas por fenómeno lingüístico y actuar si una buena media oculta fallos en instrucciones críticas?,Fundamentación técnica documentada en Fuente SRC-0046 relativa a «¿Cómo definir métricas por fenómeno lingüístico y actuar si una buena media...»,SRC-0046,Fuente SRC-0046,Cuaderno canónico P06 (`9b87f42f-e3f9-49ca-afb4-affe7c6259da`),referencia_tecnica,Válido bajo las restricciones de alcance y supuestos de inferencia para P07.
AF-JEV-P07-019-02,JEV-P07-019,P07,¿Cómo definir métricas por fenómeno lingüístico y actuar si una buena media oculta fallos en instrucciones críticas?,Fundamentación técnica documentada en Fuente SRC-0048 relativa a «¿Cómo definir métricas por fenómeno lingüístico y actuar si una buena media...»,SRC-0048,Fuente SRC-0048,https://arxiv.org/abs/2005.04118,referencia_tecnica,Válido bajo las restricciones de alcance y supuestos de inferencia para P07.
AF-JEV-P07-019-03,JEV-P07-019,P07,¿Cómo definir métricas por fenómeno lingüístico y actuar si una buena media oculta fallos en instrucciones críticas?,Fundamentación técnica documentada en Fuente SRC-0050 relativa a «¿Cómo definir métricas por fenómeno lingüístico y actuar si una buena media...»,SRC-0050,Fuente SRC-0050,Cuaderno canónico P07 (`c4456cc0-01f4-48aa-866e-cdc1ad44cf6a`),referencia_tecnica,Válido bajo las restricciones de alcance y supuestos de inferencia para P07.
AF-JEV-P07-020-01,JEV-P07-020,P07,"¿Qué política de idioma, glosario, abstención y revisión necesita un componente compartido por QRT, Wheelwork y flujos personales?","Fundamentación técnica documentada en Fuente SRC-0030 relativa a «¿Qué política de idioma, glosario, abstención y revisión necesita un compon...»",SRC-0030,Fuente SRC-0030,https://arxiv.org/abs/1706.04599,referencia_tecnica,Válido bajo las restricciones de alcance y supuestos de inferencia para P07.
AF-JEV-P07-020-02,JEV-P07-020,P07,"¿Qué política de idioma, glosario, abstención y revisión necesita un componente compartido por QRT, Wheelwork y flujos personales?","Fundamentación técnica documentada en Fuente SRC-0045 relativa a «¿Qué política de idioma, glosario, abstención y revisión necesita un compon...»",SRC-0045,Fuente SRC-0045,https://doi.org/10.1109/3468.844354,referencia_tecnica,Válido bajo las restricciones de alcance y supuestos de inferencia para P07.
AF-JEV-P07-020-03,JEV-P07-020,P07,"¿Qué política de idioma, glosario, abstención y revisión necesita un componente compartido por QRT, Wheelwork y flujos personales?","Fundamentación técnica documentada en Fuente SRC-0050 relativa a «¿Qué política de idioma, glosario, abstención y revisión necesita un compon...»",SRC-0050,Fuente SRC-0050,Cuaderno canónico P07 (`c4456cc0-01f4-48aa-866e-cdc1ad44cf6a`),referencia_tecnica,Válido bajo las restricciones de alcance y supuestos de inferencia para P07.
AF-JEV-P07-020-04,JEV-P07-020,P07,"¿Qué política de idioma, glosario, abstención y revisión necesita un componente compartido por QRT, Wheelwork y flujos personales?","Fundamentación técnica documentada en Fuente SRC-0056 relativa a «¿Qué política de idioma, glosario, abstención y revisión necesita un compon...»",SRC-0056,Fuente SRC-0056,https://www.bcn.cl/leychile,referencia_tecnica,Válido bajo las restricciones de alcance y supuestos de inferencia para P07.
AF-JEV-X-001-01,JEV-X-001,X,"¿Qué explicación unificada de Jev conserva las distinciones comprobadas entre producto, arquitectura, contrato de salida y política de acción?","Fundamentación técnica documentada en Introducing System One Models and Jev relativa a ¿qué explicación unificada de jev conserva las distinciones comprobadas entre producto, ar...",SRC-0001,Fuente SRC-0001,https://typesafe.ai/blog/introducing-system-one-models-and-jev,documentado_proveedor,Válido bajo contrato typesafe-sdk 0.7.0 y supuestos operacionales del Pilar X.
AF-JEV-X-001-02,JEV-X-001,X,"¿Qué explicación unificada de Jev conserva las distinciones comprobadas entre producto, arquitectura, contrato de salida y política de acción?","Fundamentación técnica documentada en TypeSafe AI Concepts: Use Case Map relativa a ¿qué explicación unificada de jev conserva las distinciones comprobadas entre producto, ar...",SRC-0005,Fuente SRC-0005,https://docs.typesafe.ai/concepts/use-case-map,documentado_proveedor,Válido bajo contrato typesafe-sdk 0.7.0 y supuestos operacionales del Pilar X.
AF-JEV-X-001-03,JEV-X-001,X,"¿Qué explicación unificada de Jev conserva las distinciones comprobadas entre producto, arquitectura, contrato de salida y política de acción?","Fundamentación técnica documentada en DataCamp: Jev — TypeSafe's System One Model Explained relativa a ¿qué explicación unificada de jev conserva las distinciones comprobadas entre producto, ar...",SRC-0010,Fuente SRC-0010,https://www.datacamp.com/blog/system-one-models-jev,referencia_tecnica,Válido bajo contrato typesafe-sdk 0.7.0 y supuestos operacionales del Pilar X.
AF-JEV-X-001-04,JEV-X-001,X,"¿Qué explicación unificada de Jev conserva las distinciones comprobadas entre producto, arquitectura, contrato de salida y política de acción?","Fundamentación técnica documentada en TypeSafe AI System One API Reference & State Specs (`POST /v1/systemone`) relativa a ¿qué explicación unificada de jev conserva las distinciones comprobadas entre producto, ar...",SRC-0039,Fuente SRC-0039,https://docs.typesafe.ai/api,documentado_proveedor,Válido bajo contrato typesafe-sdk 0.7.0 y supuestos operacionales del Pilar X.
AF-JEV-X-002-01,JEV-X-002,X,"¿Qué matriz de tareas permite elegir entre Jev, reglas, modelos clásicos, búsqueda, un LLM generativo y una persona, mostrando condiciones y evidencia?","Fundamentación técnica documentada en Introducing System One Models and Jev relativa a ¿qué matriz de tareas permite elegir entre jev, reglas, modelos clásicos, búsqueda, un llm...",SRC-0001,Fuente SRC-0001,https://typesafe.ai/blog/introducing-system-one-models-and-jev,documentado_proveedor,Válido bajo contrato typesafe-sdk 0.7.0 y supuestos operacionales del Pilar X.
AF-JEV-X-002-02,JEV-X-002,X,"¿Qué matriz de tareas permite elegir entre Jev, reglas, modelos clásicos, búsqueda, un LLM generativo y una persona, mostrando condiciones y evidencia?","Fundamentación técnica documentada en DataCamp: Jev — TypeSafe's System One Model Explained relativa a ¿qué matriz de tareas permite elegir entre jev, reglas, modelos clásicos, búsqueda, un llm...",SRC-0010,Fuente SRC-0010,https://www.datacamp.com/blog/system-one-models-jev,referencia_tecnica,Válido bajo contrato typesafe-sdk 0.7.0 y supuestos operacionales del Pilar X.
AF-JEV-X-002-03,JEV-X-002,X,"¿Qué matriz de tareas permite elegir entre Jev, reglas, modelos clásicos, búsqueda, un LLM generativo y una persona, mostrando condiciones y evidencia?","Fundamentación técnica documentada en TypeSafe AI System One API Reference & State Specs (`POST /v1/systemone`) relativa a ¿qué matriz de tareas permite elegir entre jev, reglas, modelos clásicos, búsqueda, un llm...",SRC-0039,Fuente SRC-0039,https://docs.typesafe.ai/api,documentado_proveedor,Válido bajo contrato typesafe-sdk 0.7.0 y supuestos operacionales del Pilar X.
AF-JEV-X-002-04,JEV-X-002,X,"¿Qué matriz de tareas permite elegir entre Jev, reglas, modelos clásicos, búsqueda, un LLM generativo y una persona, mostrando condiciones y evidencia?","Fundamentación técnica documentada en CloudZero: Groq Pricing In 2026 — Model, Tier, and Cost Compared relativa a ¿qué matriz de tareas permite elegir entre jev, reglas, modelos clásicos, búsqueda, un llm...",SRC-0095,Fuente SRC-0095,https://www.cloudzero.com/blog/groq-pricing/,referencia_tecnica,Válido bajo contrato typesafe-sdk 0.7.0 y supuestos operacionales del Pilar X.
AF-JEV-X-003-01,JEV-X-003,X,¿Qué patrones de fallo se repiten entre pilares y cuáles deben bloquear cualquier recomendación de automatización?,Fundamentación técnica documentada en Introducing System One Models and Jev relativa a ¿qué patrones de fallo se repiten entre pilares y cuáles deben bloquear cualquier recomend...,SRC-0001,Fuente SRC-0001,https://typesafe.ai/blog/introducing-system-one-models-and-jev,documentado_proveedor,Válido bajo contrato typesafe-sdk 0.7.0 y supuestos operacionales del Pilar X.
AF-JEV-X-003-02,JEV-X-003,X,¿Qué patrones de fallo se repiten entre pilares y cuáles deben bloquear cualquier recomendación de automatización?,Fundamentación técnica documentada en TypeSafe AI Concepts: Use Case Map relativa a ¿qué patrones de fallo se repiten entre pilares y cuáles deben bloquear cualquier recomend...,SRC-0005,Fuente SRC-0005,https://docs.typesafe.ai/concepts/use-case-map,documentado_proveedor,Válido bajo contrato typesafe-sdk 0.7.0 y supuestos operacionales del Pilar X.
AF-JEV-X-003-03,JEV-X-003,X,¿Qué patrones de fallo se repiten entre pilares y cuáles deben bloquear cualquier recomendación de automatización?,"Fundamentación técnica documentada en Documentos Analíticos Canónicos P06 (P06_DEEP_DIVE, EVIDENCE_MAP, EVALUATION_PLAYBOOK) relativa a ¿qué patrones de fallo se repiten entre pilares y cuáles deben bloquear cualquier recomend...",SRC-0046,Fuente SRC-0046,Cuaderno canónico P06 (`9b87f42f-e3f9-49ca-afb4-affe7c6259da`),analisis_interno,Válido bajo contrato typesafe-sdk 0.7.0 y supuestos operacionales del Pilar X.
AF-JEV-X-003-04,JEV-X-003,X,¿Qué patrones de fallo se repiten entre pilares y cuáles deben bloquear cualquier recomendación de automatización?,Fundamentación técnica documentada en Corrective Retrieval Augmented Generation (CRAG - Yan et al.) relativa a ¿qué patrones de fallo se repiten entre pilares y cuáles deben bloquear cualquier recomend...,SRC-0068,Fuente SRC-0068,https://arxiv.org/abs/2402.16840,referencia_tecnica,Válido bajo contrato typesafe-sdk 0.7.0 y supuestos operacionales del Pilar X.
AF-JEV-X-004-01,JEV-X-004,X,"¿Qué lista de descubrimiento debe aplicarse a cada desarrollo actual para determinar problema, datos, decisiones, impacto y alternativas antes de proponer Jev?",Fundamentación técnica documentada en Introducing System One Models and Jev relativa a ¿qué lista de descubrimiento debe aplicarse a cada desarrollo actual para determinar probl...,SRC-0001,Fuente SRC-0001,https://typesafe.ai/blog/introducing-system-one-models-and-jev,documentado_proveedor,Válido bajo contrato typesafe-sdk 0.7.0 y supuestos operacionales del Pilar X.
AF-JEV-X-004-02,JEV-X-004,X,"¿Qué lista de descubrimiento debe aplicarse a cada desarrollo actual para determinar problema, datos, decisiones, impacto y alternativas antes de proponer Jev?",Fundamentación técnica documentada en TypeSafe AI Concepts: Use Case Map relativa a ¿qué lista de descubrimiento debe aplicarse a cada desarrollo actual para determinar probl...,SRC-0005,Fuente SRC-0005,https://docs.typesafe.ai/concepts/use-case-map,documentado_proveedor,Válido bajo contrato typesafe-sdk 0.7.0 y supuestos operacionales del Pilar X.
AF-JEV-X-004-03,JEV-X-004,X,"¿Qué lista de descubrimiento debe aplicarse a cada desarrollo actual para determinar problema, datos, decisiones, impacto y alternativas antes de proponer Jev?",Fundamentación técnica documentada en DataCamp: Jev — TypeSafe's System One Model Explained relativa a ¿qué lista de descubrimiento debe aplicarse a cada desarrollo actual para determinar probl...,SRC-0010,Fuente SRC-0010,https://www.datacamp.com/blog/system-one-models-jev,referencia_tecnica,Válido bajo contrato typesafe-sdk 0.7.0 y supuestos operacionales del Pilar X.
AF-JEV-X-004-04,JEV-X-004,X,"¿Qué lista de descubrimiento debe aplicarse a cada desarrollo actual para determinar problema, datos, decisiones, impacto y alternativas antes de proponer Jev?","Fundamentación técnica documentada en CloudZero: Groq Pricing In 2026 — Model, Tier, and Cost Compared relativa a ¿qué lista de descubrimiento debe aplicarse a cada desarrollo actual para determinar probl...",SRC-0095,Fuente SRC-0095,https://www.cloudzero.com/blog/groq-pricing/,referencia_tecnica,Válido bajo contrato typesafe-sdk 0.7.0 y supuestos operacionales del Pilar X.
AF-JEV-X-005-01,JEV-X-005,X,¿Qué decisiones de arquitectura son comunes a todos los proyectos y cuáles deben permanecer configurables por dominio?,Fundamentación técnica documentada en Introducing System One Models and Jev relativa a ¿qué decisiones de arquitectura son comunes a todos los proyectos y cuáles deben permanece...,SRC-0001,Fuente SRC-0001,https://typesafe.ai/blog/introducing-system-one-models-and-jev,documentado_proveedor,Válido bajo contrato typesafe-sdk 0.7.0 y supuestos operacionales del Pilar X.
AF-JEV-X-005-02,JEV-X-005,X,¿Qué decisiones de arquitectura son comunes a todos los proyectos y cuáles deben permanecer configurables por dominio?,Fundamentación técnica documentada en DataCamp: Jev — TypeSafe's System One Model Explained relativa a ¿qué decisiones de arquitectura son comunes a todos los proyectos y cuáles deben permanece...,SRC-0010,Fuente SRC-0010,https://www.datacamp.com/blog/system-one-models-jev,referencia_tecnica,Válido bajo contrato typesafe-sdk 0.7.0 y supuestos operacionales del Pilar X.
AF-JEV-X-005-03,JEV-X-005,X,¿Qué decisiones de arquitectura son comunes a todos los proyectos y cuáles deben permanecer configurables por dominio?,Fundamentación técnica documentada en TypeSafe AI System One API Reference & State Specs (`POST /v1/systemone`) relativa a ¿qué decisiones de arquitectura son comunes a todos los proyectos y cuáles deben permanece...,SRC-0039,Fuente SRC-0039,https://docs.typesafe.ai/api,documentado_proveedor,Válido bajo contrato typesafe-sdk 0.7.0 y supuestos operacionales del Pilar X.
AF-JEV-X-005-04,JEV-X-005,X,¿Qué decisiones de arquitectura son comunes a todos los proyectos y cuáles deben permanecer configurables por dominio?,"Fundamentación técnica documentada en CloudZero: Groq Pricing In 2026 — Model, Tier, and Cost Compared relativa a ¿qué decisiones de arquitectura son comunes a todos los proyectos y cuáles deben permanece...",SRC-0095,Fuente SRC-0095,https://www.cloudzero.com/blog/groq-pricing/,referencia_tecnica,Válido bajo contrato typesafe-sdk 0.7.0 y supuestos operacionales del Pilar X.
AF-JEV-X-006-01,JEV-X-006,X,"¿Qué biblioteca inicial de recetas reúne entradas, criterios, primitivas documentadas, abstención y pruebas reutilizables sin ocultar supuestos locales?","Fundamentación técnica documentada en Introducing System One Models and Jev relativa a ¿qué biblioteca inicial de recetas reúne entradas, criterios, primitivas documentadas, abs...",SRC-0001,Fuente SRC-0001,https://typesafe.ai/blog/introducing-system-one-models-and-jev,documentado_proveedor,Válido bajo contrato typesafe-sdk 0.7.0 y supuestos operacionales del Pilar X.
AF-JEV-X-006-02,JEV-X-006,X,"¿Qué biblioteca inicial de recetas reúne entradas, criterios, primitivas documentadas, abstención y pruebas reutilizables sin ocultar supuestos locales?","Fundamentación técnica documentada en DataCamp: Jev — TypeSafe's System One Model Explained relativa a ¿qué biblioteca inicial de recetas reúne entradas, criterios, primitivas documentadas, abs...",SRC-0010,Fuente SRC-0010,https://www.datacamp.com/blog/system-one-models-jev,referencia_tecnica,Válido bajo contrato typesafe-sdk 0.7.0 y supuestos operacionales del Pilar X.
AF-JEV-X-006-03,JEV-X-006,X,"¿Qué biblioteca inicial de recetas reúne entradas, criterios, primitivas documentadas, abstención y pruebas reutilizables sin ocultar supuestos locales?","Fundamentación técnica documentada en TypeSafe AI System One API Reference & State Specs (`POST /v1/systemone`) relativa a ¿qué biblioteca inicial de recetas reúne entradas, criterios, primitivas documentadas, abs...",SRC-0039,Fuente SRC-0039,https://docs.typesafe.ai/api,documentado_proveedor,Válido bajo contrato typesafe-sdk 0.7.0 y supuestos operacionales del Pilar X.
AF-JEV-X-006-04,JEV-X-006,X,"¿Qué biblioteca inicial de recetas reúne entradas, criterios, primitivas documentadas, abstención y pruebas reutilizables sin ocultar supuestos locales?","Fundamentación técnica documentada en CloudZero: Groq Pricing In 2026 — Model, Tier, and Cost Compared relativa a ¿qué biblioteca inicial de recetas reúne entradas, criterios, primitivas documentadas, abs...",SRC-0095,Fuente SRC-0095,https://www.cloudzero.com/blog/groq-pricing/,referencia_tecnica,Válido bajo contrato typesafe-sdk 0.7.0 y supuestos operacionales del Pilar X.
AF-JEV-X-007-01,JEV-X-007,X,¿Qué contrato compartido de evidencia y contexto podría adoptar nuestro ecosistema para que una decisión conserve procedencia de principio a fin?,Fundamentación técnica documentada en Introducing System One Models and Jev relativa a ¿qué contrato compartido de evidencia y contexto podría adoptar nuestro ecosistema para qu...,SRC-0001,Fuente SRC-0001,https://typesafe.ai/blog/introducing-system-one-models-and-jev,documentado_proveedor,Válido bajo contrato typesafe-sdk 0.7.0 y supuestos operacionales del Pilar X.
AF-JEV-X-007-02,JEV-X-007,X,¿Qué contrato compartido de evidencia y contexto podría adoptar nuestro ecosistema para que una decisión conserve procedencia de principio a fin?,Fundamentación técnica documentada en TypeSafe AI Concepts: Use Case Map relativa a ¿qué contrato compartido de evidencia y contexto podría adoptar nuestro ecosistema para qu...,SRC-0005,Fuente SRC-0005,https://docs.typesafe.ai/concepts/use-case-map,documentado_proveedor,Válido bajo contrato typesafe-sdk 0.7.0 y supuestos operacionales del Pilar X.
AF-JEV-X-007-03,JEV-X-007,X,¿Qué contrato compartido de evidencia y contexto podría adoptar nuestro ecosistema para que una decisión conserve procedencia de principio a fin?,Fundamentación técnica documentada en DataCamp: Jev — TypeSafe's System One Model Explained relativa a ¿qué contrato compartido de evidencia y contexto podría adoptar nuestro ecosistema para qu...,SRC-0010,Fuente SRC-0010,https://www.datacamp.com/blog/system-one-models-jev,referencia_tecnica,Válido bajo contrato typesafe-sdk 0.7.0 y supuestos operacionales del Pilar X.
AF-JEV-X-007-04,JEV-X-007,X,¿Qué contrato compartido de evidencia y contexto podría adoptar nuestro ecosistema para que una decisión conserve procedencia de principio a fin?,Fundamentación técnica documentada en TypeSafe AI System One API Reference & State Specs (`POST /v1/systemone`) relativa a ¿qué contrato compartido de evidencia y contexto podría adoptar nuestro ecosistema para qu...,SRC-0039,Fuente SRC-0039,https://docs.typesafe.ai/api,documentado_proveedor,Válido bajo contrato typesafe-sdk 0.7.0 y supuestos operacionales del Pilar X.
AF-JEV-X-008-01,JEV-X-008,X,¿Qué política común de calidad exige calibración y evaluación propias antes de trasladar un éxito de un proyecto a otro?,Fundamentación técnica documentada en Introducing System One Models and Jev relativa a ¿qué política común de calidad exige calibración y evaluación propias antes de trasladar u...,SRC-0001,Fuente SRC-0001,https://typesafe.ai/blog/introducing-system-one-models-and-jev,documentado_proveedor,Válido bajo contrato typesafe-sdk 0.7.0 y supuestos operacionales del Pilar X.
AF-JEV-X-008-02,JEV-X-008,X,¿Qué política común de calidad exige calibración y evaluación propias antes de trasladar un éxito de un proyecto a otro?,Fundamentación técnica documentada en TypeSafe AI Concepts: Use Case Map relativa a ¿qué política común de calidad exige calibración y evaluación propias antes de trasladar u...,SRC-0005,Fuente SRC-0005,https://docs.typesafe.ai/concepts/use-case-map,documentado_proveedor,Válido bajo contrato typesafe-sdk 0.7.0 y supuestos operacionales del Pilar X.
AF-JEV-X-008-03,JEV-X-008,X,¿Qué política común de calidad exige calibración y evaluación propias antes de trasladar un éxito de un proyecto a otro?,Fundamentación técnica documentada en DataCamp: Jev — TypeSafe's System One Model Explained relativa a ¿qué política común de calidad exige calibración y evaluación propias antes de trasladar u...,SRC-0010,Fuente SRC-0010,https://www.datacamp.com/blog/system-one-models-jev,referencia_tecnica,Válido bajo contrato typesafe-sdk 0.7.0 y supuestos operacionales del Pilar X.
AF-JEV-X-008-04,JEV-X-008,X,¿Qué política común de calidad exige calibración y evaluación propias antes de trasladar un éxito de un proyecto a otro?,Fundamentación técnica documentada en OmniaKey: What Is the Jev Model? TypeSafe System One AI Explained relativa a ¿qué política común de calidad exige calibración y evaluación propias antes de trasladar u...,SRC-0022,Fuente SRC-0022,https://omniakey.com/blog/jev-model-explained,referencia_tecnica,Válido bajo contrato typesafe-sdk 0.7.0 y supuestos operacionales del Pilar X.
AF-JEV-X-009-01,JEV-X-009,X,"¿Qué controles de privacidad y autorización deben ser comunes y qué controles adicionales requieren personas, datos empresariales o investigación financiera?",Fundamentación técnica documentada en Introducing System One Models and Jev relativa a ¿qué controles de privacidad y autorización deben ser comunes y qué controles adicionales ...,SRC-0001,Fuente SRC-0001,https://typesafe.ai/blog/introducing-system-one-models-and-jev,documentado_proveedor,Válido bajo contrato typesafe-sdk 0.7.0 y supuestos operacionales del Pilar X.
AF-JEV-X-009-02,JEV-X-009,X,"¿Qué controles de privacidad y autorización deben ser comunes y qué controles adicionales requieren personas, datos empresariales o investigación financiera?",Fundamentación técnica documentada en TypeSafe AI Concepts: Use Case Map relativa a ¿qué controles de privacidad y autorización deben ser comunes y qué controles adicionales ...,SRC-0005,Fuente SRC-0005,https://docs.typesafe.ai/concepts/use-case-map,documentado_proveedor,Válido bajo contrato typesafe-sdk 0.7.0 y supuestos operacionales del Pilar X.
AF-JEV-X-009-03,JEV-X-009,X,"¿Qué controles de privacidad y autorización deben ser comunes y qué controles adicionales requieren personas, datos empresariales o investigación financiera?","Fundamentación técnica documentada en Documentos Analíticos Canónicos P06 (P06_DEEP_DIVE, EVIDENCE_MAP, EVALUATION_PLAYBOOK) relativa a ¿qué controles de privacidad y autorización deben ser comunes y qué controles adicionales ...",SRC-0046,Fuente SRC-0046,Cuaderno canónico P06 (`9b87f42f-e3f9-49ca-afb4-affe7c6259da`),analisis_interno,Válido bajo contrato typesafe-sdk 0.7.0 y supuestos operacionales del Pilar X.
AF-JEV-X-009-04,JEV-X-009,X,"¿Qué controles de privacidad y autorización deben ser comunes y qué controles adicionales requieren personas, datos empresariales o investigación financiera?",Fundamentación técnica documentada en Corrective Retrieval Augmented Generation (CRAG - Yan et al.) relativa a ¿qué controles de privacidad y autorización deben ser comunes y qué controles adicionales ...,SRC-0068,Fuente SRC-0068,https://arxiv.org/abs/2402.16840,referencia_tecnica,Válido bajo contrato typesafe-sdk 0.7.0 y supuestos operacionales del Pilar X.
AF-JEV-X-010-01,JEV-X-010,X,"¿Cómo diseñar conceptualmente un servicio compartido de decisiones que gestione configuración, versiones, aislamiento, costos y rutas de respaldo?",Fundamentación técnica documentada en Introducing System One Models and Jev relativa a ¿cómo diseñar conceptualmente un servicio compartido de decisiones que gestione configurac...,SRC-0001,Fuente SRC-0001,https://typesafe.ai/blog/introducing-system-one-models-and-jev,documentado_proveedor,Válido bajo contrato typesafe-sdk 0.7.0 y supuestos operacionales del Pilar X.
AF-JEV-X-010-02,JEV-X-010,X,"¿Cómo diseñar conceptualmente un servicio compartido de decisiones que gestione configuración, versiones, aislamiento, costos y rutas de respaldo?",Fundamentación técnica documentada en DataCamp: Jev — TypeSafe's System One Model Explained relativa a ¿cómo diseñar conceptualmente un servicio compartido de decisiones que gestione configurac...,SRC-0010,Fuente SRC-0010,https://www.datacamp.com/blog/system-one-models-jev,referencia_tecnica,Válido bajo contrato typesafe-sdk 0.7.0 y supuestos operacionales del Pilar X.
AF-JEV-X-010-03,JEV-X-010,X,"¿Cómo diseñar conceptualmente un servicio compartido de decisiones que gestione configuración, versiones, aislamiento, costos y rutas de respaldo?",Fundamentación técnica documentada en TypeSafe AI System One API Reference & State Specs (`POST /v1/systemone`) relativa a ¿cómo diseñar conceptualmente un servicio compartido de decisiones que gestione configurac...,SRC-0039,Fuente SRC-0039,https://docs.typesafe.ai/api,documentado_proveedor,Válido bajo contrato typesafe-sdk 0.7.0 y supuestos operacionales del Pilar X.
AF-JEV-X-010-04,JEV-X-010,X,"¿Cómo diseñar conceptualmente un servicio compartido de decisiones que gestione configuración, versiones, aislamiento, costos y rutas de respaldo?","Fundamentación técnica documentada en CloudZero: Groq Pricing In 2026 — Model, Tier, and Cost Compared relativa a ¿cómo diseñar conceptualmente un servicio compartido de decisiones que gestione configurac...",SRC-0095,Fuente SRC-0095,https://www.cloudzero.com/blog/groq-pricing/,referencia_tecnica,Válido bajo contrato typesafe-sdk 0.7.0 y supuestos operacionales del Pilar X.
AF-JEV-X-011-01,JEV-X-011,X,¿Qué aspectos específicos de Antigravity y Codex deben verificarse para colaborar sobre esa arquitectura sin atribuirles herramientas no disponibles?,Fundamentación técnica documentada en Introducing System One Models and Jev relativa a ¿qué aspectos específicos de antigravity y codex deben verificarse para colaborar sobre es...,SRC-0001,Fuente SRC-0001,https://typesafe.ai/blog/introducing-system-one-models-and-jev,documentado_proveedor,Válido bajo contrato typesafe-sdk 0.7.0 y supuestos operacionales del Pilar X.
AF-JEV-X-011-02,JEV-X-011,X,¿Qué aspectos específicos de Antigravity y Codex deben verificarse para colaborar sobre esa arquitectura sin atribuirles herramientas no disponibles?,Fundamentación técnica documentada en TypeSafe AI Concepts: Use Case Map relativa a ¿qué aspectos específicos de antigravity y codex deben verificarse para colaborar sobre es...,SRC-0005,Fuente SRC-0005,https://docs.typesafe.ai/concepts/use-case-map,documentado_proveedor,Válido bajo contrato typesafe-sdk 0.7.0 y supuestos operacionales del Pilar X.
AF-JEV-X-011-03,JEV-X-011,X,¿Qué aspectos específicos de Antigravity y Codex deben verificarse para colaborar sobre esa arquitectura sin atribuirles herramientas no disponibles?,Fundamentación técnica documentada en DataCamp: Jev — TypeSafe's System One Model Explained relativa a ¿qué aspectos específicos de antigravity y codex deben verificarse para colaborar sobre es...,SRC-0010,Fuente SRC-0010,https://www.datacamp.com/blog/system-one-models-jev,referencia_tecnica,Válido bajo contrato typesafe-sdk 0.7.0 y supuestos operacionales del Pilar X.
AF-JEV-X-011-04,JEV-X-011,X,¿Qué aspectos específicos de Antigravity y Codex deben verificarse para colaborar sobre esa arquitectura sin atribuirles herramientas no disponibles?,Fundamentación técnica documentada en TypeSafe AI System One API Reference & State Specs (`POST /v1/systemone`) relativa a ¿qué aspectos específicos de antigravity y codex deben verificarse para colaborar sobre es...,SRC-0039,Fuente SRC-0039,https://docs.typesafe.ai/api,documentado_proveedor,Válido bajo contrato typesafe-sdk 0.7.0 y supuestos operacionales del Pilar X.
AF-JEV-X-012-01,JEV-X-012,X,"¿Qué conjunto mínimo de pruebas cubre contratos, calidad semántica, idiomas, seguridad, degradación y costo para cada integración propuesta?","Fundamentación técnica documentada en Introducing System One Models and Jev relativa a ¿qué conjunto mínimo de pruebas cubre contratos, calidad semántica, idiomas, seguridad, de...",SRC-0001,Fuente SRC-0001,https://typesafe.ai/blog/introducing-system-one-models-and-jev,documentado_proveedor,Válido bajo contrato typesafe-sdk 0.7.0 y supuestos operacionales del Pilar X.
AF-JEV-X-012-02,JEV-X-012,X,"¿Qué conjunto mínimo de pruebas cubre contratos, calidad semántica, idiomas, seguridad, degradación y costo para cada integración propuesta?","Fundamentación técnica documentada en DataCamp: Jev — TypeSafe's System One Model Explained relativa a ¿qué conjunto mínimo de pruebas cubre contratos, calidad semántica, idiomas, seguridad, de...",SRC-0010,Fuente SRC-0010,https://www.datacamp.com/blog/system-one-models-jev,referencia_tecnica,Válido bajo contrato typesafe-sdk 0.7.0 y supuestos operacionales del Pilar X.
AF-JEV-X-012-03,JEV-X-012,X,"¿Qué conjunto mínimo de pruebas cubre contratos, calidad semántica, idiomas, seguridad, degradación y costo para cada integración propuesta?","Fundamentación técnica documentada en TypeSafe AI System One API Reference & State Specs (`POST /v1/systemone`) relativa a ¿qué conjunto mínimo de pruebas cubre contratos, calidad semántica, idiomas, seguridad, de...",SRC-0039,Fuente SRC-0039,https://docs.typesafe.ai/api,documentado_proveedor,Válido bajo contrato typesafe-sdk 0.7.0 y supuestos operacionales del Pilar X.
AF-JEV-X-012-04,JEV-X-012,X,"¿Qué conjunto mínimo de pruebas cubre contratos, calidad semántica, idiomas, seguridad, degradación y costo para cada integración propuesta?","Fundamentación técnica documentada en CloudZero: Groq Pricing In 2026 — Model, Tier, and Cost Compared relativa a ¿qué conjunto mínimo de pruebas cubre contratos, calidad semántica, idiomas, seguridad, de...",SRC-0095,Fuente SRC-0095,https://www.cloudzero.com/blog/groq-pricing/,referencia_tecnica,Válido bajo contrato typesafe-sdk 0.7.0 y supuestos operacionales del Pilar X.
AF-JEV-X-013-01,JEV-X-013,X,"¿Qué tres pilotos deberían ejecutarse primero considerando evidencia disponible, valor esperado y facilidad de aprender de un resultado negativo?","Fundamentación técnica documentada en Introducing System One Models and Jev relativa a ¿qué tres pilotos deberían ejecutarse primero considerando evidencia disponible, valor esp...",SRC-0001,Fuente SRC-0001,https://typesafe.ai/blog/introducing-system-one-models-and-jev,documentado_proveedor,Válido bajo contrato typesafe-sdk 0.7.0 y supuestos operacionales del Pilar X.
AF-JEV-X-013-02,JEV-X-013,X,"¿Qué tres pilotos deberían ejecutarse primero considerando evidencia disponible, valor esperado y facilidad de aprender de un resultado negativo?","Fundamentación técnica documentada en DataCamp: Jev — TypeSafe's System One Model Explained relativa a ¿qué tres pilotos deberían ejecutarse primero considerando evidencia disponible, valor esp...",SRC-0010,Fuente SRC-0010,https://www.datacamp.com/blog/system-one-models-jev,referencia_tecnica,Válido bajo contrato typesafe-sdk 0.7.0 y supuestos operacionales del Pilar X.
AF-JEV-X-013-03,JEV-X-013,X,"¿Qué tres pilotos deberían ejecutarse primero considerando evidencia disponible, valor esperado y facilidad de aprender de un resultado negativo?","Fundamentación técnica documentada en Documentos Analíticos Canónicos P06 (P06_DEEP_DIVE, EVIDENCE_MAP, EVALUATION_PLAYBOOK) relativa a ¿qué tres pilotos deberían ejecutarse primero considerando evidencia disponible, valor esp...",SRC-0046,Fuente SRC-0046,Cuaderno canónico P06 (`9b87f42f-e3f9-49ca-afb4-affe7c6259da`),analisis_interno,Válido bajo contrato typesafe-sdk 0.7.0 y supuestos operacionales del Pilar X.
AF-JEV-X-013-04,JEV-X-013,X,"¿Qué tres pilotos deberían ejecutarse primero considerando evidencia disponible, valor esperado y facilidad de aprender de un resultado negativo?","Fundamentación técnica documentada en CloudZero: Groq Pricing In 2026 — Model, Tier, and Cost Compared relativa a ¿qué tres pilotos deberían ejecutarse primero considerando evidencia disponible, valor esp...",SRC-0095,Fuente SRC-0095,https://www.cloudzero.com/blog/groq-pricing/,referencia_tecnica,Válido bajo contrato typesafe-sdk 0.7.0 y supuestos operacionales del Pilar X.
AF-JEV-X-014-01,JEV-X-014,X,"¿Qué plan por etapas, con criterios de avance y abandono, llevaría esos pilotos desde datos sintéticos hasta una evaluación real autorizada?","Fundamentación técnica documentada en Introducing System One Models and Jev relativa a ¿qué plan por etapas, con criterios de avance y abandono, llevaría esos pilotos desde dato...",SRC-0001,Fuente SRC-0001,https://typesafe.ai/blog/introducing-system-one-models-and-jev,documentado_proveedor,Válido bajo contrato typesafe-sdk 0.7.0 y supuestos operacionales del Pilar X.
AF-JEV-X-014-02,JEV-X-014,X,"¿Qué plan por etapas, con criterios de avance y abandono, llevaría esos pilotos desde datos sintéticos hasta una evaluación real autorizada?","Fundamentación técnica documentada en TypeSafe AI Concepts: Use Case Map relativa a ¿qué plan por etapas, con criterios de avance y abandono, llevaría esos pilotos desde dato...",SRC-0005,Fuente SRC-0005,https://docs.typesafe.ai/concepts/use-case-map,documentado_proveedor,Válido bajo contrato typesafe-sdk 0.7.0 y supuestos operacionales del Pilar X.
AF-JEV-X-014-03,JEV-X-014,X,"¿Qué plan por etapas, con criterios de avance y abandono, llevaría esos pilotos desde datos sintéticos hasta una evaluación real autorizada?","Fundamentación técnica documentada en DataCamp: Jev — TypeSafe's System One Model Explained relativa a ¿qué plan por etapas, con criterios de avance y abandono, llevaría esos pilotos desde dato...",SRC-0010,Fuente SRC-0010,https://www.datacamp.com/blog/system-one-models-jev,referencia_tecnica,Válido bajo contrato typesafe-sdk 0.7.0 y supuestos operacionales del Pilar X.
AF-JEV-X-014-04,JEV-X-014,X,"¿Qué plan por etapas, con criterios de avance y abandono, llevaría esos pilotos desde datos sintéticos hasta una evaluación real autorizada?","Fundamentación técnica documentada en CloudZero: Groq Pricing In 2026 — Model, Tier, and Cost Compared relativa a ¿qué plan por etapas, con criterios de avance y abandono, llevaría esos pilotos desde dato...",SRC-0095,Fuente SRC-0095,https://www.cloudzero.com/blog/groq-pricing/,referencia_tecnica,Válido bajo contrato typesafe-sdk 0.7.0 y supuestos operacionales del Pilar X.
AF-JEV-X-015-01,JEV-X-015,X,"¿Qué presupuesto comparativo de tiempo, dinero y revisión humana requieren los pilotos y qué supuestos dominan la incertidumbre?","Fundamentación técnica documentada en Introducing System One Models and Jev relativa a ¿qué presupuesto comparativo de tiempo, dinero y revisión humana requieren los pilotos y q...",SRC-0001,Fuente SRC-0001,https://typesafe.ai/blog/introducing-system-one-models-and-jev,documentado_proveedor,Válido bajo contrato typesafe-sdk 0.7.0 y supuestos operacionales del Pilar X.
AF-JEV-X-015-02,JEV-X-015,X,"¿Qué presupuesto comparativo de tiempo, dinero y revisión humana requieren los pilotos y qué supuestos dominan la incertidumbre?","Fundamentación técnica documentada en DataCamp: Jev — TypeSafe's System One Model Explained relativa a ¿qué presupuesto comparativo de tiempo, dinero y revisión humana requieren los pilotos y q...",SRC-0010,Fuente SRC-0010,https://www.datacamp.com/blog/system-one-models-jev,referencia_tecnica,Válido bajo contrato typesafe-sdk 0.7.0 y supuestos operacionales del Pilar X.
AF-JEV-X-015-03,JEV-X-015,X,"¿Qué presupuesto comparativo de tiempo, dinero y revisión humana requieren los pilotos y qué supuestos dominan la incertidumbre?","Fundamentación técnica documentada en TypeSafe AI System One API Reference & State Specs (`POST /v1/systemone`) relativa a ¿qué presupuesto comparativo de tiempo, dinero y revisión humana requieren los pilotos y q...",SRC-0039,Fuente SRC-0039,https://docs.typesafe.ai/api,documentado_proveedor,Válido bajo contrato typesafe-sdk 0.7.0 y supuestos operacionales del Pilar X.
AF-JEV-X-015-04,JEV-X-015,X,"¿Qué presupuesto comparativo de tiempo, dinero y revisión humana requieren los pilotos y qué supuestos dominan la incertidumbre?","Fundamentación técnica documentada en CloudZero: Groq Pricing In 2026 — Model, Tier, and Cost Compared relativa a ¿qué presupuesto comparativo de tiempo, dinero y revisión humana requieren los pilotos y q...",SRC-0095,Fuente SRC-0095,https://www.cloudzero.com/blog/groq-pricing/,referencia_tecnica,Válido bajo contrato typesafe-sdk 0.7.0 y supuestos operacionales del Pilar X.
AF-JEV-X-016-01,JEV-X-016,X,¿Qué artefactos debe recibir un desarrollador para implementar un piloto sin tener que reinterpretar toda la investigación?,Fundamentación técnica documentada en Introducing System One Models and Jev relativa a ¿qué artefactos debe recibir un desarrollador para implementar un piloto sin tener que rei...,SRC-0001,Fuente SRC-0001,https://typesafe.ai/blog/introducing-system-one-models-and-jev,documentado_proveedor,Válido bajo contrato typesafe-sdk 0.7.0 y supuestos operacionales del Pilar X.
AF-JEV-X-016-02,JEV-X-016,X,¿Qué artefactos debe recibir un desarrollador para implementar un piloto sin tener que reinterpretar toda la investigación?,Fundamentación técnica documentada en DataCamp: Jev — TypeSafe's System One Model Explained relativa a ¿qué artefactos debe recibir un desarrollador para implementar un piloto sin tener que rei...,SRC-0010,Fuente SRC-0010,https://www.datacamp.com/blog/system-one-models-jev,referencia_tecnica,Válido bajo contrato typesafe-sdk 0.7.0 y supuestos operacionales del Pilar X.
AF-JEV-X-016-03,JEV-X-016,X,¿Qué artefactos debe recibir un desarrollador para implementar un piloto sin tener que reinterpretar toda la investigación?,Fundamentación técnica documentada en TypeSafe AI System One API Reference & State Specs (`POST /v1/systemone`) relativa a ¿qué artefactos debe recibir un desarrollador para implementar un piloto sin tener que rei...,SRC-0039,Fuente SRC-0039,https://docs.typesafe.ai/api,documentado_proveedor,Válido bajo contrato typesafe-sdk 0.7.0 y supuestos operacionales del Pilar X.
AF-JEV-X-016-04,JEV-X-016,X,¿Qué artefactos debe recibir un desarrollador para implementar un piloto sin tener que reinterpretar toda la investigación?,"Fundamentación técnica documentada en CloudZero: Groq Pricing In 2026 — Model, Tier, and Cost Compared relativa a ¿qué artefactos debe recibir un desarrollador para implementar un piloto sin tener que rei...",SRC-0095,Fuente SRC-0095,https://www.cloudzero.com/blog/groq-pricing/,referencia_tecnica,Válido bajo contrato typesafe-sdk 0.7.0 y supuestos operacionales del Pilar X.
AF-JEV-X-017-01,JEV-X-017,X,¿Qué indicadores demostrarían valor sostenido y cuáles detectarían rápidamente que la integración añade más costo o riesgo que beneficio?,Fundamentación técnica documentada en Introducing System One Models and Jev relativa a ¿qué indicadores demostrarían valor sostenido y cuáles detectarían rápidamente que la inte...,SRC-0001,Fuente SRC-0001,https://typesafe.ai/blog/introducing-system-one-models-and-jev,documentado_proveedor,Válido bajo contrato typesafe-sdk 0.7.0 y supuestos operacionales del Pilar X.
AF-JEV-X-017-02,JEV-X-017,X,¿Qué indicadores demostrarían valor sostenido y cuáles detectarían rápidamente que la integración añade más costo o riesgo que beneficio?,Fundamentación técnica documentada en DataCamp: Jev — TypeSafe's System One Model Explained relativa a ¿qué indicadores demostrarían valor sostenido y cuáles detectarían rápidamente que la inte...,SRC-0010,Fuente SRC-0010,https://www.datacamp.com/blog/system-one-models-jev,referencia_tecnica,Válido bajo contrato typesafe-sdk 0.7.0 y supuestos operacionales del Pilar X.
AF-JEV-X-017-03,JEV-X-017,X,¿Qué indicadores demostrarían valor sostenido y cuáles detectarían rápidamente que la integración añade más costo o riesgo que beneficio?,Fundamentación técnica documentada en TypeSafe AI System One API Reference & State Specs (`POST /v1/systemone`) relativa a ¿qué indicadores demostrarían valor sostenido y cuáles detectarían rápidamente que la inte...,SRC-0039,Fuente SRC-0039,https://docs.typesafe.ai/api,documentado_proveedor,Válido bajo contrato typesafe-sdk 0.7.0 y supuestos operacionales del Pilar X.
AF-JEV-X-017-04,JEV-X-017,X,¿Qué indicadores demostrarían valor sostenido y cuáles detectarían rápidamente que la integración añade más costo o riesgo que beneficio?,"Fundamentación técnica documentada en CloudZero: Groq Pricing In 2026 — Model, Tier, and Cost Compared relativa a ¿qué indicadores demostrarían valor sostenido y cuáles detectarían rápidamente que la inte...",SRC-0095,Fuente SRC-0095,https://www.cloudzero.com/blog/groq-pricing/,referencia_tecnica,Válido bajo contrato typesafe-sdk 0.7.0 y supuestos operacionales del Pilar X.
AF-JEV-X-018-01,JEV-X-018,X,"¿Qué conocimientos debería dominar progresivamente una persona usuaria, una desarrolladora y una responsable de operación para trabajar con estas decisiones?","Fundamentación técnica documentada en Introducing System One Models and Jev relativa a ¿qué conocimientos debería dominar progresivamente una persona usuaria, una desarrolladora...",SRC-0001,Fuente SRC-0001,https://typesafe.ai/blog/introducing-system-one-models-and-jev,documentado_proveedor,Válido bajo contrato typesafe-sdk 0.7.0 y supuestos operacionales del Pilar X.
AF-JEV-X-018-02,JEV-X-018,X,"¿Qué conocimientos debería dominar progresivamente una persona usuaria, una desarrolladora y una responsable de operación para trabajar con estas decisiones?","Fundamentación técnica documentada en TypeSafe AI Concepts: Use Case Map relativa a ¿qué conocimientos debería dominar progresivamente una persona usuaria, una desarrolladora...",SRC-0005,Fuente SRC-0005,https://docs.typesafe.ai/concepts/use-case-map,documentado_proveedor,Válido bajo contrato typesafe-sdk 0.7.0 y supuestos operacionales del Pilar X.
AF-JEV-X-018-03,JEV-X-018,X,"¿Qué conocimientos debería dominar progresivamente una persona usuaria, una desarrolladora y una responsable de operación para trabajar con estas decisiones?","Fundamentación técnica documentada en DataCamp: Jev — TypeSafe's System One Model Explained relativa a ¿qué conocimientos debería dominar progresivamente una persona usuaria, una desarrolladora...",SRC-0010,Fuente SRC-0010,https://www.datacamp.com/blog/system-one-models-jev,referencia_tecnica,Válido bajo contrato typesafe-sdk 0.7.0 y supuestos operacionales del Pilar X.
AF-JEV-X-018-04,JEV-X-018,X,"¿Qué conocimientos debería dominar progresivamente una persona usuaria, una desarrolladora y una responsable de operación para trabajar con estas decisiones?","Fundamentación técnica documentada en TypeSafe AI System One API Reference & State Specs (`POST /v1/systemone`) relativa a ¿qué conocimientos debería dominar progresivamente una persona usuaria, una desarrolladora...",SRC-0039,Fuente SRC-0039,https://docs.typesafe.ai/api,documentado_proveedor,Válido bajo contrato typesafe-sdk 0.7.0 y supuestos operacionales del Pilar X.
AF-JEV-X-019-01,JEV-X-019,X,"¿Qué veinte casos de estudio, incluidos fracasos y abstenciones, servirían para comprobar comprensión práctica del equipo?","Fundamentación técnica documentada en Introducing System One Models and Jev relativa a ¿qué veinte casos de estudio, incluidos fracasos y abstenciones, servirían para comprobar ...",SRC-0001,Fuente SRC-0001,https://typesafe.ai/blog/introducing-system-one-models-and-jev,documentado_proveedor,Válido bajo contrato typesafe-sdk 0.7.0 y supuestos operacionales del Pilar X.
AF-JEV-X-019-02,JEV-X-019,X,"¿Qué veinte casos de estudio, incluidos fracasos y abstenciones, servirían para comprobar comprensión práctica del equipo?","Fundamentación técnica documentada en TypeSafe AI Concepts: Use Case Map relativa a ¿qué veinte casos de estudio, incluidos fracasos y abstenciones, servirían para comprobar ...",SRC-0005,Fuente SRC-0005,https://docs.typesafe.ai/concepts/use-case-map,documentado_proveedor,Válido bajo contrato typesafe-sdk 0.7.0 y supuestos operacionales del Pilar X.
AF-JEV-X-019-03,JEV-X-019,X,"¿Qué veinte casos de estudio, incluidos fracasos y abstenciones, servirían para comprobar comprensión práctica del equipo?","Fundamentación técnica documentada en DataCamp: Jev — TypeSafe's System One Model Explained relativa a ¿qué veinte casos de estudio, incluidos fracasos y abstenciones, servirían para comprobar ...",SRC-0010,Fuente SRC-0010,https://www.datacamp.com/blog/system-one-models-jev,referencia_tecnica,Válido bajo contrato typesafe-sdk 0.7.0 y supuestos operacionales del Pilar X.
AF-JEV-X-019-04,JEV-X-019,X,"¿Qué veinte casos de estudio, incluidos fracasos y abstenciones, servirían para comprobar comprensión práctica del equipo?","Fundamentación técnica documentada en Documentos Analíticos Canónicos P06 (P06_DEEP_DIVE, EVIDENCE_MAP, EVALUATION_PLAYBOOK) relativa a ¿qué veinte casos de estudio, incluidos fracasos y abstenciones, servirían para comprobar ...",SRC-0046,Fuente SRC-0046,Cuaderno canónico P06 (`9b87f42f-e3f9-49ca-afb4-affe7c6259da`),analisis_interno,Válido bajo contrato typesafe-sdk 0.7.0 y supuestos operacionales del Pilar X.
AF-JEV-X-020-01,JEV-X-020,X,¿Cómo mantener la guía maestra actualizada ante nuevas versiones y oportunidades sin reabrir indiscriminadamente las 384 preguntas?,Fundamentación técnica documentada en Introducing System One Models and Jev relativa a ¿cómo mantener la guía maestra actualizada ante nuevas versiones y oportunidades sin reabr...,SRC-0001,Fuente SRC-0001,https://typesafe.ai/blog/introducing-system-one-models-and-jev,documentado_proveedor,Válido bajo contrato typesafe-sdk 0.7.0 y supuestos operacionales del Pilar X.
AF-JEV-X-020-02,JEV-X-020,X,¿Cómo mantener la guía maestra actualizada ante nuevas versiones y oportunidades sin reabrir indiscriminadamente las 384 preguntas?,Fundamentación técnica documentada en TypeSafe AI Concepts: Use Case Map relativa a ¿cómo mantener la guía maestra actualizada ante nuevas versiones y oportunidades sin reabr...,SRC-0005,Fuente SRC-0005,https://docs.typesafe.ai/concepts/use-case-map,documentado_proveedor,Válido bajo contrato typesafe-sdk 0.7.0 y supuestos operacionales del Pilar X.
AF-JEV-X-020-03,JEV-X-020,X,¿Cómo mantener la guía maestra actualizada ante nuevas versiones y oportunidades sin reabrir indiscriminadamente las 384 preguntas?,Fundamentación técnica documentada en DataCamp: Jev — TypeSafe's System One Model Explained relativa a ¿cómo mantener la guía maestra actualizada ante nuevas versiones y oportunidades sin reabr...,SRC-0010,Fuente SRC-0010,https://www.datacamp.com/blog/system-one-models-jev,referencia_tecnica,Válido bajo contrato typesafe-sdk 0.7.0 y supuestos operacionales del Pilar X.
AF-JEV-X-020-04,JEV-X-020,X,¿Cómo mantener la guía maestra actualizada ante nuevas versiones y oportunidades sin reabrir indiscriminadamente las 384 preguntas?,Fundamentación técnica documentada en TypeSafe AI System One API Reference & State Specs (`POST /v1/systemone`) relativa a ¿cómo mantener la guía maestra actualizada ante nuevas versiones y oportunidades sin reabr...,SRC-0039,Fuente SRC-0039,https://docs.typesafe.ai/api,documentado_proveedor,Válido bajo contrato typesafe-sdk 0.7.0 y supuestos operacionales del Pilar X.
AF-JEV-X-021-01,JEV-X-021,X,¿Qué capacidades futuras cambiarían materialmente nuestra arquitectura y qué señales observables indicarían que merece reevaluarse?,Fundamentación técnica documentada en Introducing System One Models and Jev relativa a ¿qué capacidades futuras cambiarían materialmente nuestra arquitectura y qué señales obser...,SRC-0001,Fuente SRC-0001,https://typesafe.ai/blog/introducing-system-one-models-and-jev,documentado_proveedor,Válido bajo contrato typesafe-sdk 0.7.0 y supuestos operacionales del Pilar X.
AF-JEV-X-021-02,JEV-X-021,X,¿Qué capacidades futuras cambiarían materialmente nuestra arquitectura y qué señales observables indicarían que merece reevaluarse?,Fundamentación técnica documentada en DataCamp: Jev — TypeSafe's System One Model Explained relativa a ¿qué capacidades futuras cambiarían materialmente nuestra arquitectura y qué señales obser...,SRC-0010,Fuente SRC-0010,https://www.datacamp.com/blog/system-one-models-jev,referencia_tecnica,Válido bajo contrato typesafe-sdk 0.7.0 y supuestos operacionales del Pilar X.
AF-JEV-X-021-03,JEV-X-021,X,¿Qué capacidades futuras cambiarían materialmente nuestra arquitectura y qué señales observables indicarían que merece reevaluarse?,Fundamentación técnica documentada en TypeSafe AI System One API Reference & State Specs (`POST /v1/systemone`) relativa a ¿qué capacidades futuras cambiarían materialmente nuestra arquitectura y qué señales obser...,SRC-0039,Fuente SRC-0039,https://docs.typesafe.ai/api,documentado_proveedor,Válido bajo contrato typesafe-sdk 0.7.0 y supuestos operacionales del Pilar X.
AF-JEV-X-021-04,JEV-X-021,X,¿Qué capacidades futuras cambiarían materialmente nuestra arquitectura y qué señales observables indicarían que merece reevaluarse?,"Fundamentación técnica documentada en CloudZero: Groq Pricing In 2026 — Model, Tier, and Cost Compared relativa a ¿qué capacidades futuras cambiarían materialmente nuestra arquitectura y qué señales obser...",SRC-0095,Fuente SRC-0095,https://www.cloudzero.com/blog/groq-pricing/,referencia_tecnica,Válido bajo contrato typesafe-sdk 0.7.0 y supuestos operacionales del Pilar X.
AF-JEV-X-022-01,JEV-X-022,X,"¿Qué contradicciones, vacíos y afirmaciones no verificadas siguen condicionando decisiones importantes tras responder todos los pilares?","Fundamentación técnica documentada en Introducing System One Models and Jev relativa a ¿qué contradicciones, vacíos y afirmaciones no verificadas siguen condicionando decisiones...",SRC-0001,Fuente SRC-0001,https://typesafe.ai/blog/introducing-system-one-models-and-jev,documentado_proveedor,Válido bajo contrato typesafe-sdk 0.7.0 y supuestos operacionales del Pilar X.
AF-JEV-X-022-02,JEV-X-022,X,"¿Qué contradicciones, vacíos y afirmaciones no verificadas siguen condicionando decisiones importantes tras responder todos los pilares?","Fundamentación técnica documentada en TypeSafe AI Concepts: Use Case Map relativa a ¿qué contradicciones, vacíos y afirmaciones no verificadas siguen condicionando decisiones...",SRC-0005,Fuente SRC-0005,https://docs.typesafe.ai/concepts/use-case-map,documentado_proveedor,Válido bajo contrato typesafe-sdk 0.7.0 y supuestos operacionales del Pilar X.
AF-JEV-X-022-03,JEV-X-022,X,"¿Qué contradicciones, vacíos y afirmaciones no verificadas siguen condicionando decisiones importantes tras responder todos los pilares?","Fundamentación técnica documentada en DataCamp: Jev — TypeSafe's System One Model Explained relativa a ¿qué contradicciones, vacíos y afirmaciones no verificadas siguen condicionando decisiones...",SRC-0010,Fuente SRC-0010,https://www.datacamp.com/blog/system-one-models-jev,referencia_tecnica,Válido bajo contrato typesafe-sdk 0.7.0 y supuestos operacionales del Pilar X.
AF-JEV-X-022-04,JEV-X-022,X,"¿Qué contradicciones, vacíos y afirmaciones no verificadas siguen condicionando decisiones importantes tras responder todos los pilares?","Fundamentación técnica documentada en TypeSafe AI System One API Reference & State Specs (`POST /v1/systemone`) relativa a ¿qué contradicciones, vacíos y afirmaciones no verificadas siguen condicionando decisiones...",SRC-0039,Fuente SRC-0039,https://docs.typesafe.ai/api,documentado_proveedor,Válido bajo contrato typesafe-sdk 0.7.0 y supuestos operacionales del Pilar X.
AF-JEV-X-023-01,JEV-X-023,X,"¿Qué usos podemos recomendar como candidatos a piloto, cuáles deben esperar evidencia y cuáles debemos descartar en el contexto actual?","Fundamentación técnica documentada en Introducing System One Models and Jev relativa a ¿qué usos podemos recomendar como candidatos a piloto, cuáles deben esperar evidencia y cu...",SRC-0001,Fuente SRC-0001,https://typesafe.ai/blog/introducing-system-one-models-and-jev,documentado_proveedor,Válido bajo contrato typesafe-sdk 0.7.0 y supuestos operacionales del Pilar X.
AF-JEV-X-023-02,JEV-X-023,X,"¿Qué usos podemos recomendar como candidatos a piloto, cuáles deben esperar evidencia y cuáles debemos descartar en el contexto actual?","Fundamentación técnica documentada en DataCamp: Jev — TypeSafe's System One Model Explained relativa a ¿qué usos podemos recomendar como candidatos a piloto, cuáles deben esperar evidencia y cu...",SRC-0010,Fuente SRC-0010,https://www.datacamp.com/blog/system-one-models-jev,referencia_tecnica,Válido bajo contrato typesafe-sdk 0.7.0 y supuestos operacionales del Pilar X.
AF-JEV-X-023-03,JEV-X-023,X,"¿Qué usos podemos recomendar como candidatos a piloto, cuáles deben esperar evidencia y cuáles debemos descartar en el contexto actual?","Fundamentación técnica documentada en Documentos Analíticos Canónicos P06 (P06_DEEP_DIVE, EVIDENCE_MAP, EVALUATION_PLAYBOOK) relativa a ¿qué usos podemos recomendar como candidatos a piloto, cuáles deben esperar evidencia y cu...",SRC-0046,Fuente SRC-0046,Cuaderno canónico P06 (`9b87f42f-e3f9-49ca-afb4-affe7c6259da`),analisis_interno,Válido bajo contrato typesafe-sdk 0.7.0 y supuestos operacionales del Pilar X.
AF-JEV-X-023-04,JEV-X-023,X,"¿Qué usos podemos recomendar como candidatos a piloto, cuáles deben esperar evidencia y cuáles debemos descartar en el contexto actual?","Fundamentación técnica documentada en CloudZero: Groq Pricing In 2026 — Model, Tier, and Cost Compared relativa a ¿qué usos podemos recomendar como candidatos a piloto, cuáles deben esperar evidencia y cu...",SRC-0095,Fuente SRC-0095,https://www.cloudzero.com/blog/groq-pricing/,referencia_tecnica,Válido bajo contrato typesafe-sdk 0.7.0 y supuestos operacionales del Pilar X.
AF-JEV-X-024-01,JEV-X-024,X,"¿Qué auditoría final demuestra que cada recomendación de la guía está respaldada, acotada, evaluable y conectada con una decisión útil para nuestros proyectos?","Fundamentación técnica documentada en Introducing System One Models and Jev relativa a ¿qué auditoría final demuestra que cada recomendación de la guía está respaldada, acotada,...",SRC-0001,Fuente SRC-0001,https://typesafe.ai/blog/introducing-system-one-models-and-jev,documentado_proveedor,Válido bajo contrato typesafe-sdk 0.7.0 y supuestos operacionales del Pilar X.
AF-JEV-X-024-02,JEV-X-024,X,"¿Qué auditoría final demuestra que cada recomendación de la guía está respaldada, acotada, evaluable y conectada con una decisión útil para nuestros proyectos?","Fundamentación técnica documentada en TypeSafe AI Concepts: Use Case Map relativa a ¿qué auditoría final demuestra que cada recomendación de la guía está respaldada, acotada,...",SRC-0005,Fuente SRC-0005,https://docs.typesafe.ai/concepts/use-case-map,documentado_proveedor,Válido bajo contrato typesafe-sdk 0.7.0 y supuestos operacionales del Pilar X.
AF-JEV-X-024-03,JEV-X-024,X,"¿Qué auditoría final demuestra que cada recomendación de la guía está respaldada, acotada, evaluable y conectada con una decisión útil para nuestros proyectos?","Fundamentación técnica documentada en DataCamp: Jev — TypeSafe's System One Model Explained relativa a ¿qué auditoría final demuestra que cada recomendación de la guía está respaldada, acotada,...",SRC-0010,Fuente SRC-0010,https://www.datacamp.com/blog/system-one-models-jev,referencia_tecnica,Válido bajo contrato typesafe-sdk 0.7.0 y supuestos operacionales del Pilar X.
AF-JEV-X-024-04,JEV-X-024,X,"¿Qué auditoría final demuestra que cada recomendación de la guía está respaldada, acotada, evaluable y conectada con una decisión útil para nuestros proyectos?","Fundamentación técnica documentada en TypeSafe AI System One API Reference & State Specs (`POST /v1/systemone`) relativa a ¿qué auditoría final demuestra que cada recomendación de la guía está respaldada, acotada,...",SRC-0039,Fuente SRC-0039,https://docs.typesafe.ai/api,documentado_proveedor,Válido bajo contrato typesafe-sdk 0.7.0 y supuestos operacionales del Pilar X.
