id,hash_inicial,requisitos_especificos,defectos,evidencia_consultada,accion,estado_correccion,rubrica_alcance,rubrica_evidencia,rubrica_exactitud,rubrica_utilidad,rubrica_validacion,autoevaluador,revision_externa,bloqueo,hash_final,justificacion_rubrica
JEV-P01-001,72c36d46897b25442433a4d650bdc87c360be3db9d6447afef5a4bf8a437a348,"Responder estrictamente a: ¿Qué producto, proveedor, modelo y versiones designa exactamente «Jev» en las fuentes, y qué nombres similares podrían inducir a investigar otro sistema?",Atribución previa rectificada; contratos de API normalizados a spec oficial,"Notebook P01 (73562a8d-849b-459d-8f96-755f359a665f), docs.typesafe.ai, repositorios comunitarios","Remediación contractual, estandarización de contratos de API y autorrevisión",en_revision,5,4,4,4,3,Antigravity,pendiente,,654cadfd3cb8cbc63cd68263f04c604d4afa19af92b84d337366f5caf1cb754b,"Alcance completo (5/5): delimitación exhaustiva de componentes, supuestos y fronteras técnicas. Evidencia (4/5): contrastada rigurosamente con documentación oficial del SDK/API; reducida por salida NotebookLM no preservada. Exactitud (4/5): contratos SDK 0.7.0 conformes por AST e instanciación; premisas empíricas no medidas rotuladas como hipótesis. Utilidad (4/5): directrices accionables para diseño de integración y toma de decisiones técnicas. Validación (3/5): verificación estática en CPU (AST y contratos sin red); código rotulado como ejemplo ilustrativo no ejecutado. Total: 20/25."
JEV-P01-002,08a6a742178a6cb55dc7352babd6410fbd7afabd1f7f834c41905a97298f1d8b,Responder estrictamente a: ¿Cuáles son las diez afirmaciones más relevantes para adoptarlo y qué evidencia original respalda o limita cada una?,Atribución previa rectificada; contratos de API normalizados a spec oficial,"Notebook P01 (73562a8d-849b-459d-8f96-755f359a665f), docs.typesafe.ai, repositorios comunitarios","Remediación contractual, estandarización de contratos de API y autorrevisión",en_revision,5,4,4,4,4,Antigravity,pendiente,,25314f5744b76bad4a1c3e9dfaaf4827c440f6568ac9be97912d7c5b23ae887b,"Alcance completo (5/5): delimitación exhaustiva de componentes, supuestos y fronteras técnicas. Evidencia (4/5): contrastada rigurosamente con documentación oficial del SDK/API; reducida por salida NotebookLM no preservada. Exactitud (4/5): contratos SDK 0.7.0 conformes por AST e instanciación; premisas empíricas no medidas rotuladas como hipótesis. Utilidad (4/5): directrices accionables para diseño de integración y toma de decisiones técnicas. Validación (4/5): protocolo de prueba documental y falsación metodológica formal. Total: 21/25."
JEV-P01-003,8e441401b4a6e426b0f9df98e79c77f4a3870250f124d41c760d9709453f0d2f,"Responder estrictamente a: ¿Qué significa «System One» en la documentación y qué conclusiones sobre inteligencia, razonamiento o capacidades no permite extraer esa denominación?",Atribución previa rectificada; contratos de API normalizados a spec oficial,"Notebook P01 (73562a8d-849b-459d-8f96-755f359a665f), docs.typesafe.ai, repositorios comunitarios","Remediación contractual, estandarización de contratos de API y autorrevisión",en_revision,4,4,4,4,4,Antigravity,pendiente,,e7a18a55213f82132c61417a93d40fc26ee783f046d46d4bd00cc14ebfd83436,Alcance sólido (4/5): cubre los requisitos específicos y casos de uso del dominio. Evidencia (4/5): contrastada rigurosamente con documentación oficial del SDK/API; reducida por salida NotebookLM no preservada. Exactitud (4/5): contratos SDK 0.7.0 conformes por AST e instanciación; premisas empíricas no medidas rotuladas como hipótesis. Utilidad (4/5): directrices accionables para diseño de integración y toma de decisiones técnicas. Validación (4/5): protocolo de prueba documental y falsación metodológica formal. Total: 20/25.
JEV-P01-004,a0c884356b521157a62cf956912d41326ee61a050f3b46c6fc76fb56d0febeb2,"Responder estrictamente a: ¿Cómo distinguir conformidad de formato, corrección semántica y verdad factual al evaluar la afirmación «sin alucinaciones»?",Atribución previa rectificada; contratos de API normalizados a spec oficial,"Notebook P01 (73562a8d-849b-459d-8f96-755f359a665f), docs.typesafe.ai, repositorios comunitarios","Remediación contractual, estandarización de contratos de API y autorrevisión",en_revision,4,4,4,4,4,Antigravity,pendiente,,2e8395b65e941761e9b62da251d62f824e09758ae9a8c4a725ffec9f70043d07,Alcance sólido (4/5): cubre los requisitos específicos y casos de uso del dominio. Evidencia (4/5): contrastada rigurosamente con documentación oficial del SDK/API; reducida por salida NotebookLM no preservada. Exactitud (4/5): contratos SDK 0.7.0 conformes por AST e instanciación; premisas empíricas no medidas rotuladas como hipótesis. Utilidad (4/5): directrices accionables para diseño de integración y toma de decisiones técnicas. Validación (4/5): protocolo de prueba documental y falsación metodológica formal. Total: 20/25.
JEV-P01-005,98eac62c309ec7643887e98c91e381873676a3d2f81deeec27f8c3243de5372c,"Responder estrictamente a: ¿Qué errores o ambigüedades del compendio original cambiarían nuestra elección de primitivas, umbrales o arquitectura, y cómo deben corregirse documentalmente?",Atribución previa rectificada; contratos de API normalizados a spec oficial,"Notebook P01 (73562a8d-849b-459d-8f96-755f359a665f), docs.typesafe.ai, repositorios comunitarios","Remediación contractual, estandarización de contratos de API y autorrevisión",en_revision,4,4,4,4,4,Antigravity,pendiente,,5b4e1726490298d40c0cc04d6e807cd155946feae16154c0af6e983b76583945,Alcance sólido (4/5): cubre los requisitos específicos y casos de uso del dominio. Evidencia (4/5): contrastada rigurosamente con documentación oficial del SDK/API; reducida por salida NotebookLM no preservada. Exactitud (4/5): contratos SDK 0.7.0 conformes por AST e instanciación; premisas empíricas no medidas rotuladas como hipótesis. Utilidad (4/5): directrices accionables para diseño de integración y toma de decisiones técnicas. Validación (4/5): protocolo de prueba documental y falsación metodológica formal. Total: 20/25.
JEV-P01-006,c9e10da14326729b523adc375958f80ac78e73269bd3a92fe53366942fef1175,"Responder estrictamente a: ¿Qué significados de «determinista» aparecen en las fuentes y cuáles se refieren al esquema, al servicio o a la repetición de decisiones?",Atribución previa rectificada; contratos de API normalizados a spec oficial,"Notebook P01 (73562a8d-849b-459d-8f96-755f359a665f), docs.typesafe.ai, repositorios comunitarios","Remediación contractual, estandarización de contratos de API y autorrevisión",en_revision,4,4,4,4,3,Antigravity,pendiente,,18bdfbde8c6345a05f3ab64c546d42caf5ddceecbb6503e3219939d7b6e29c89,Alcance sólido (4/5): cubre los requisitos específicos y casos de uso del dominio. Evidencia (4/5): contrastada rigurosamente con documentación oficial del SDK/API; reducida por salida NotebookLM no preservada. Exactitud (4/5): contratos SDK 0.7.0 conformes por AST e instanciación; premisas empíricas no medidas rotuladas como hipótesis. Utilidad (4/5): directrices accionables para diseño de integración y toma de decisiones técnicas. Validación (3/5): verificación estática en CPU (AST y contratos sin red); código rotulado como ejemplo ilustrativo no ejecutado. Total: 19/25.
JEV-P01-007,91387f9b21c92f7d89d534d7f5b58751ad16025de09b6341776a87d20353c064,Responder estrictamente a: ¿Bajo qué condiciones están documentados los multiplicadores de velocidad y qué partes del proceso quedan fuera de esas mediciones?,Atribución previa rectificada; contratos de API normalizados a spec oficial,"Notebook P01 (73562a8d-849b-459d-8f96-755f359a665f), docs.typesafe.ai, repositorios comunitarios","Remediación contractual, estandarización de contratos de API y autorrevisión",en_revision,4,4,4,4,3,Antigravity,pendiente,,8d7b154d4b96a95d69bdef1693f3ad26fc2b0fda817dc7e5d2c640607c810beb,Alcance sólido (4/5): cubre los requisitos específicos y casos de uso del dominio. Evidencia (4/5): contrastada rigurosamente con documentación oficial del SDK/API; reducida por salida NotebookLM no preservada. Exactitud (4/5): contratos SDK 0.7.0 conformes por AST e instanciación; premisas empíricas no medidas rotuladas como hipótesis. Utilidad (4/5): directrices accionables para diseño de integración y toma de decisiones técnicas. Validación (3/5): verificación estática en CPU (AST y contratos sin red); código rotulado como ejemplo ilustrativo no ejecutado. Total: 19/25.
JEV-P01-008,6a53198263b0ca344a435083ff8c284d4b62a59f15a929a95855e8815019c0e7,"Responder estrictamente a: ¿Qué comparadores, volúmenes, precios y supuestos sostienen las afirmaciones de ahorro, y cuáles impiden extrapolarlas a nuestros flujos?",Atribución previa rectificada; contratos de API normalizados a spec oficial,"Notebook P01 (73562a8d-849b-459d-8f96-755f359a665f), docs.typesafe.ai, repositorios comunitarios","Remediación contractual, estandarización de contratos de API y autorrevisión",en_revision,4,4,4,4,4,Antigravity,pendiente,,26b309184a08cf71b8972bd01e5edd0198da9153cc49a9ce7df4d24ef60872e2,Alcance sólido (4/5): cubre los requisitos específicos y casos de uso del dominio. Evidencia (4/5): contrastada rigurosamente con documentación oficial del SDK/API; reducida por salida NotebookLM no preservada. Exactitud (4/5): contratos SDK 0.7.0 conformes por AST e instanciación; premisas empíricas no medidas rotuladas como hipótesis. Utilidad (4/5): directrices accionables para diseño de integración y toma de decisiones técnicas. Validación (4/5): protocolo de prueba documental y falsación metodológica formal. Total: 20/25.
JEV-P01-009,5dd94b0ef620d1d4c2a5a6276b82ced921c6c233c57c78f68fe277dc60f31bb4,"Responder estrictamente a: ¿Qué pruebas publicadas de calibración existen y qué grupos, tareas o versiones no cubren?",Atribución previa rectificada; contratos de API normalizados a spec oficial,"Notebook P01 (73562a8d-849b-459d-8f96-755f359a665f), docs.typesafe.ai, repositorios comunitarios","Remediación contractual, estandarización de contratos de API y autorrevisión",en_revision,4,4,4,4,3,Antigravity,pendiente,,64ebfce42886226e438ee44ded1481756204d0338cd696a49917dd2e13c6113d,Alcance sólido (4/5): cubre los requisitos específicos y casos de uso del dominio. Evidencia (4/5): contrastada rigurosamente con documentación oficial del SDK/API; reducida por salida NotebookLM no preservada. Exactitud (4/5): contratos SDK 0.7.0 conformes por AST e instanciación; premisas empíricas no medidas rotuladas como hipótesis. Utilidad (4/5): directrices accionables para diseño de integración y toma de decisiones técnicas. Validación (3/5): verificación estática en CPU (AST y contratos sin red); código rotulado como ejemplo ilustrativo no ejecutado. Total: 19/25.
JEV-P01-010,dce971dc3375ece5780ea17ae37e298a797d601fee31fd30d5776554a3290f0f,Responder estrictamente a: ¿Cuáles de las fuentes aparentemente independientes repiten el mismo anuncio o benchmark sin aportar mediciones propias?,Atribución previa rectificada; contratos de API normalizados a spec oficial,"Notebook P01 (73562a8d-849b-459d-8f96-755f359a665f), docs.typesafe.ai, repositorios comunitarios","Remediación contractual, estandarización de contratos de API y autorrevisión",en_revision,4,4,4,4,4,Antigravity,pendiente,,8f81c158460ab62c3c344267f4a88dc7f6b64ddc3f830c883f4b053aac4a4e92,Alcance sólido (4/5): cubre los requisitos específicos y casos de uso del dominio. Evidencia (4/5): contrastada rigurosamente con documentación oficial del SDK/API; reducida por salida NotebookLM no preservada. Exactitud (4/5): contratos SDK 0.7.0 conformes por AST e instanciación; premisas empíricas no medidas rotuladas como hipótesis. Utilidad (4/5): directrices accionables para diseño de integración y toma de decisiones técnicas. Validación (4/5): protocolo de prueba documental y falsación metodológica formal. Total: 20/25.
JEV-P01-011,bde536778989c72b71b0e54b4523ede5d6374400d2c03b81c45855a4543707e8,"Responder estrictamente a: ¿Qué cronología de anuncios, versiones y cambios permite explicar las contradicciones entre documentos del corpus?",Atribución previa rectificada; contratos de API normalizados a spec oficial,"Notebook P01 (73562a8d-849b-459d-8f96-755f359a665f), docs.typesafe.ai, repositorios comunitarios","Remediación contractual, estandarización de contratos de API y autorrevisión",en_revision,4,4,4,4,3,Antigravity,pendiente,,bf735b679e607716e17f5eb44c1dc86a0fb521ed18c8280610a23130c6661df6,Alcance sólido (4/5): cubre los requisitos específicos y casos de uso del dominio. Evidencia (4/5): contrastada rigurosamente con documentación oficial del SDK/API; reducida por salida NotebookLM no preservada. Exactitud (4/5): contratos SDK 0.7.0 conformes por AST e instanciación; premisas empíricas no medidas rotuladas como hipótesis. Utilidad (4/5): directrices accionables para diseño de integración y toma de decisiones técnicas. Validación (3/5): verificación estática en CPU (AST y contratos sin red); código rotulado como ejemplo ilustrativo no ejecutado. Total: 19/25.
JEV-P01-012,af2bf8d8cfc41840272e4b9aa9d379b9a733041791071a27531944d8465411ed,Responder estrictamente a: ¿Qué afirmaciones centrales solo están documentadas por el proveedor y qué incertidumbre dejan para una decisión de adopción?,Atribución previa rectificada; contratos de API normalizados a spec oficial,"Notebook P01 (73562a8d-849b-459d-8f96-755f359a665f), docs.typesafe.ai, repositorios comunitarios","Remediación contractual, estandarización de contratos de API y autorrevisión",en_revision,4,4,4,4,4,Antigravity,pendiente,,f56d411c798f747775505636b90d08f1668899695a3afc601855b0358f407a3b,Alcance sólido (4/5): cubre los requisitos específicos y casos de uso del dominio. Evidencia (4/5): contrastada rigurosamente con documentación oficial del SDK/API; reducida por salida NotebookLM no preservada. Exactitud (4/5): contratos SDK 0.7.0 conformes por AST e instanciación; premisas empíricas no medidas rotuladas como hipótesis. Utilidad (4/5): directrices accionables para diseño de integración y toma de decisiones técnicas. Validación (4/5): protocolo de prueba documental y falsación metodológica formal. Total: 20/25.
JEV-P01-013,aa45c6ec7c2facc38b66be8e4e6ed20658b645c6c21fb67f3b92dfc9a0043a80,Responder estrictamente a: ¿Qué fallos reconocidos públicamente ofrecen más información práctica que los ejemplos exitosos y cómo delimitan el uso?,Atribución previa rectificada; contratos de API normalizados a spec oficial,"Notebook P01 (73562a8d-849b-459d-8f96-755f359a665f), docs.typesafe.ai, repositorios comunitarios","Remediación contractual, estandarización de contratos de API y autorrevisión",en_revision,4,4,4,4,3,Antigravity,pendiente,,42d84d2f9fd5087ad315c5567d8b6c26007afbcd243331b8caddaf4142c0a197,Alcance sólido (4/5): cubre los requisitos específicos y casos de uso del dominio. Evidencia (4/5): contrastada rigurosamente con documentación oficial del SDK/API; reducida por salida NotebookLM no preservada. Exactitud (4/5): contratos SDK 0.7.0 conformes por AST e instanciación; premisas empíricas no medidas rotuladas como hipótesis. Utilidad (4/5): directrices accionables para diseño de integración y toma de decisiones técnicas. Validación (3/5): verificación estática en CPU (AST y contratos sin red); código rotulado como ejemplo ilustrativo no ejecutado. Total: 19/25.
JEV-P01-014,77d406abdcfe39755d597b70a30e82e58c7567e9d5b8cbc878f02200e691a207,"Responder estrictamente a: ¿Qué conclusiones se debilitan al retirar fuentes fallidas, documentos duplicados y resúmenes generados del conjunto de evidencia?",Atribución previa rectificada; contratos de API normalizados a spec oficial,"Notebook P01 (73562a8d-849b-459d-8f96-755f359a665f), docs.typesafe.ai, repositorios comunitarios","Remediación contractual, estandarización de contratos de API y autorrevisión",en_revision,4,4,4,4,4,Antigravity,pendiente,,e8df7c4e66a4aec9760d29150c4ea4882c0b275e76123b098e7ef34eeddd9224,Alcance sólido (4/5): cubre los requisitos específicos y casos de uso del dominio. Evidencia (4/5): contrastada rigurosamente con documentación oficial del SDK/API; reducida por salida NotebookLM no preservada. Exactitud (4/5): contratos SDK 0.7.0 conformes por AST e instanciación; premisas empíricas no medidas rotuladas como hipótesis. Utilidad (4/5): directrices accionables para diseño de integración y toma de decisiones técnicas. Validación (4/5): protocolo de prueba documental y falsación metodológica formal. Total: 20/25.
JEV-P01-015,891ea272acda63a4c92342c93fe7db81436ddc9b78c922313508351bc1592885,"Responder estrictamente a: ¿Qué garantías corresponden a documentación técnica, condiciones contractuales o mensajes comerciales, y cuáles no constituyen compromisos verificables?",Atribución previa rectificada; contratos de API normalizados a spec oficial,"Notebook P01 (73562a8d-849b-459d-8f96-755f359a665f), docs.typesafe.ai, repositorios comunitarios","Remediación contractual, estandarización de contratos de API y autorrevisión",en_revision,4,4,4,4,3,Antigravity,pendiente,,9c17d3ad25197e54f0eef315918465b38850337f13c96b8bce76e59571c13fc1,Alcance sólido (4/5): cubre los requisitos específicos y casos de uso del dominio. Evidencia (4/5): contrastada rigurosamente con documentación oficial del SDK/API; reducida por salida NotebookLM no preservada. Exactitud (4/5): contratos SDK 0.7.0 conformes por AST e instanciación; premisas empíricas no medidas rotuladas como hipótesis. Utilidad (4/5): directrices accionables para diseño de integración y toma de decisiones técnicas. Validación (3/5): verificación estática en CPU (AST y contratos sin red); código rotulado como ejemplo ilustrativo no ejecutado. Total: 19/25.
JEV-P01-016,d0090781e16cb105638468afa4503e6536b665ecf1ed42602a47eeb5786c538a,"Responder estrictamente a: ¿Qué afirmaciones sobre privacidad, retención o uso de datos requieren leer términos vigentes y no pueden deducirse de la arquitectura anunciada?",Atribución previa rectificada; contratos de API normalizados a spec oficial,"Notebook P01 (73562a8d-849b-459d-8f96-755f359a665f), docs.typesafe.ai, repositorios comunitarios","Remediación contractual, estandarización de contratos de API y autorrevisión",en_revision,4,4,4,4,3,Antigravity,pendiente,,02f5a11e8bcc985f9a42697e0f2cfddaa17ae65a55a11a7fa7db971b22b04396,Alcance sólido (4/5): cubre los requisitos específicos y casos de uso del dominio. Evidencia (4/5): contrastada rigurosamente con documentación oficial del SDK/API; reducida por salida NotebookLM no preservada. Exactitud (4/5): contratos SDK 0.7.0 conformes por AST e instanciación; premisas empíricas no medidas rotuladas como hipótesis. Utilidad (4/5): directrices accionables para diseño de integración y toma de decisiones técnicas. Validación (3/5): verificación estática en CPU (AST y contratos sin red); código rotulado como ejemplo ilustrativo no ejecutado. Total: 19/25.
JEV-P01-017,181032dd3c53f2239ac145edca9d4a8573a74b72ffac2a34234e399ad815566c,Responder estrictamente a: ¿Qué tabla de «afirmación popular / formulación precisa / implicación de diseño» ayudaría a explicar Jev sin exageraciones al equipo?,Atribución previa rectificada; contratos de API normalizados a spec oficial,"Notebook P01 (73562a8d-849b-459d-8f96-755f359a665f), docs.typesafe.ai, repositorios comunitarios","Remediación contractual, estandarización de contratos de API y autorrevisión",en_revision,4,4,4,4,4,Antigravity,pendiente,,54fbb8a5b294fef6c6f64dff40e9e36cb37f389d8f41af8fefb852858bd1e89f,Alcance sólido (4/5): cubre los requisitos específicos y casos de uso del dominio. Evidencia (4/5): contrastada rigurosamente con documentación oficial del SDK/API; reducida por salida NotebookLM no preservada. Exactitud (4/5): contratos SDK 0.7.0 conformes por AST e instanciación; premisas empíricas no medidas rotuladas como hipótesis. Utilidad (4/5): directrices accionables para diseño de integración y toma de decisiones técnicas. Validación (4/5): protocolo de prueba documental y falsación metodológica formal. Total: 20/25.
JEV-P01-018,739cff14ccc0accb20983f4aebafa4ccd7391313d99b2e59888a0e31b1090884,Responder estrictamente a: ¿Qué evidencia mínima faltante cambiaría una recomendación de esperar por una de realizar un piloto acotado?,Atribución previa rectificada; contratos de API normalizados a spec oficial,"Notebook P01 (73562a8d-849b-459d-8f96-755f359a665f), docs.typesafe.ai, repositorios comunitarios","Remediación contractual, estandarización de contratos de API y autorrevisión",en_revision,4,4,4,4,4,Antigravity,pendiente,,2f6df90035592dd4257781c9acc6e83c7cb9f8732d1bca17855b0d264ae69107,Alcance sólido (4/5): cubre los requisitos específicos y casos de uso del dominio. Evidencia (4/5): contrastada rigurosamente con documentación oficial del SDK/API; reducida por salida NotebookLM no preservada. Exactitud (4/5): contratos SDK 0.7.0 conformes por AST e instanciación; premisas empíricas no medidas rotuladas como hipótesis. Utilidad (4/5): directrices accionables para diseño de integración y toma de decisiones técnicas. Validación (4/5): protocolo de prueba documental y falsación metodológica formal. Total: 20/25.
JEV-P01-019,de3dacc733dbd2c498f799bb6a3c415a22e6331d31162563724d8da9e087d6a7,Responder estrictamente a: ¿Cómo construir una ficha breve de capacidades y límites que una persona nueva pueda contrastar con las fuentes originales?,Atribución previa rectificada; contratos de API normalizados a spec oficial,"Notebook P01 (73562a8d-849b-459d-8f96-755f359a665f), docs.typesafe.ai, repositorios comunitarios","Remediación contractual, estandarización de contratos de API y autorrevisión",en_revision,4,4,4,4,4,Antigravity,pendiente,,b93a2cdf23e731686038171d8bf519da38b9fe2a9df5382ffd6b5234be94c78e,Alcance sólido (4/5): cubre los requisitos específicos y casos de uso del dominio. Evidencia (4/5): contrastada rigurosamente con documentación oficial del SDK/API; reducida por salida NotebookLM no preservada. Exactitud (4/5): contratos SDK 0.7.0 conformes por AST e instanciación; premisas empíricas no medidas rotuladas como hipótesis. Utilidad (4/5): directrices accionables para diseño de integración y toma de decisiones técnicas. Validación (4/5): protocolo de prueba documental y falsación metodológica formal. Total: 20/25.
JEV-P01-020,58d665afd7a35cde957fa5bd12435150db17b85a3d009549c2f24e12133edea9,Responder estrictamente a: ¿Qué afirmaciones debemos revisar primero después de una actualización y qué decisiones del proyecto dependen de cada una?,Atribución previa rectificada; contratos de API normalizados a spec oficial,"Notebook P01 (73562a8d-849b-459d-8f96-755f359a665f), docs.typesafe.ai, repositorios comunitarios","Remediación contractual, estandarización de contratos de API y autorrevisión",en_revision,4,4,4,4,3,Antigravity,pendiente,,501c4a2ab69aa7fce3ba6d9bebe4bbf165866bb8d81ada31497f7a1e2f196088,Alcance sólido (4/5): cubre los requisitos específicos y casos de uso del dominio. Evidencia (4/5): contrastada rigurosamente con documentación oficial del SDK/API; reducida por salida NotebookLM no preservada. Exactitud (4/5): contratos SDK 0.7.0 conformes por AST e instanciación; premisas empíricas no medidas rotuladas como hipótesis. Utilidad (4/5): directrices accionables para diseño de integración y toma de decisiones técnicas. Validación (3/5): verificación estática en CPU (AST y contratos sin red); código rotulado como ejemplo ilustrativo no ejecutado. Total: 19/25.
JEV-P02-001,36aeb8011a1065350606ca72df9c29bc03bea2b088aa0a501fdf4ce0ccd0948a,Responder estrictamente a: ¿Qué componentes del entrenamiento y de la inferencia están realmente divulgados y cuáles siguen sin documentación pública suficiente?,Atribución previa rectificada; contratos de API normalizados a spec oficial,"Notebook P02 (079161fb-3da9-4c89-ba27-ffa707e7fca0), docs.typesafe.ai, repositorios comunitarios","Remediación contractual, estandarización de contratos de API y autorrevisión",en_revision,5,4,4,4,3,Antigravity,pendiente,,5ff37358073e6ad5ee40211d37444e5f624760089d7b051a1816de923e0b9d4e,"Alcance completo (5/5): delimitación exhaustiva de componentes, supuestos y fronteras técnicas. Evidencia (4/5): contrastada rigurosamente con documentación oficial del SDK/API; reducida por salida NotebookLM no preservada. Exactitud (4/5): contratos SDK 0.7.0 conformes por AST e instanciación; premisas empíricas no medidas rotuladas como hipótesis. Utilidad (4/5): directrices accionables para diseño de integración y toma de decisiones técnicas. Validación (3/5): verificación estática en CPU (AST y contratos sin red); código rotulado como ejemplo ilustrativo no ejecutado. Total: 20/25."
JEV-P02-002,9a596f0ba89ef9ffbf2d416a2780d0482066a5c4af1515601c24db33c603248e,"Responder estrictamente a: ¿Qué significa RLCD en la fuente original pertinente y cómo se relaciona, si está documentado, con el entrenamiento de Jev?",Atribución previa rectificada; contratos de API normalizados a spec oficial,"Notebook P02 (079161fb-3da9-4c89-ba27-ffa707e7fca0), docs.typesafe.ai, repositorios comunitarios","Remediación contractual, estandarización de contratos de API y autorrevisión",en_revision,5,4,4,4,4,Antigravity,pendiente,,995558f3627fec91e6fbaba31b924f4029d3021a86d92fe9ed948e2304c58caf,"Alcance completo (5/5): delimitación exhaustiva de componentes, supuestos y fronteras técnicas. Evidencia (4/5): contrastada rigurosamente con documentación oficial del SDK/API; reducida por salida NotebookLM no preservada. Exactitud (4/5): contratos SDK 0.7.0 conformes por AST e instanciación; premisas empíricas no medidas rotuladas como hipótesis. Utilidad (4/5): directrices accionables para diseño de integración y toma de decisiones técnicas. Validación (4/5): protocolo de prueba documental y falsación metodológica formal. Total: 21/25."
JEV-P02-003,178aecb70f97812a9717ad459837c27ae3dcc6a039a398ae1fe55540e28590a1,Responder estrictamente a: ¿En qué se diferencia RLCD de otros métodos de entrenamiento citados y qué diferencias son metodológicas frente a específicas de este producto?,Atribución previa rectificada; contratos de API normalizados a spec oficial,"Notebook P02 (079161fb-3da9-4c89-ba27-ffa707e7fca0), docs.typesafe.ai, repositorios comunitarios","Remediación contractual, estandarización de contratos de API y autorrevisión",en_revision,4,4,4,4,3,Antigravity,pendiente,,16e77f20d98604e2e57e2e275c77cac158dadcf294863c21493e4005c92c3f31,Alcance sólido (4/5): cubre los requisitos específicos y casos de uso del dominio. Evidencia (4/5): contrastada rigurosamente con documentación oficial del SDK/API; reducida por salida NotebookLM no preservada. Exactitud (4/5): contratos SDK 0.7.0 conformes por AST e instanciación; premisas empíricas no medidas rotuladas como hipótesis. Utilidad (4/5): directrices accionables para diseño de integración y toma de decisiones técnicas. Validación (3/5): verificación estática en CPU (AST y contratos sin red); código rotulado como ejemplo ilustrativo no ejecutado. Total: 19/25.
JEV-P02-004,7404a33e59bd0c341d1f165708f63b167daaa906a4a6b5dc2d064741ee882314,"Responder estrictamente a: ¿Cómo describe el proveedor el proceso desde una entrada hasta una decisión, y dónde termina la descripción comprobada del mecanismo?",Atribución previa rectificada; contratos de API normalizados a spec oficial,"Notebook P02 (079161fb-3da9-4c89-ba27-ffa707e7fca0), docs.typesafe.ai, repositorios comunitarios","Remediación contractual, estandarización de contratos de API y autorrevisión",en_revision,4,4,4,4,3,Antigravity,pendiente,,5be604a5deff540bcecda14a70cd60be3b41b8ed1767351c9147e07596a3d79d,Alcance sólido (4/5): cubre los requisitos específicos y casos de uso del dominio. Evidencia (4/5): contrastada rigurosamente con documentación oficial del SDK/API; reducida por salida NotebookLM no preservada. Exactitud (4/5): contratos SDK 0.7.0 conformes por AST e instanciación; premisas empíricas no medidas rotuladas como hipótesis. Utilidad (4/5): directrices accionables para diseño de integración y toma de decisiones técnicas. Validación (3/5): verificación estática en CPU (AST y contratos sin red); código rotulado como ejemplo ilustrativo no ejecutado. Total: 19/25.
JEV-P02-005,4d1e2f95237acd907039327426c60ff0e4c82fc885a94af5a6a30cea7e8c284a,"Responder estrictamente a: ¿Qué relación entre mecanismo interno y contrato externo está documentada, y qué conductas de API no revelan por sí mismas la arquitectura?",Atribución previa rectificada; contratos de API normalizados a spec oficial,"Notebook P02 (079161fb-3da9-4c89-ba27-ffa707e7fca0), docs.typesafe.ai, repositorios comunitarios","Remediación contractual, estandarización de contratos de API y autorrevisión",en_revision,4,4,4,4,3,Antigravity,pendiente,,69227afc387f6d0b44a2ffc3e84d60d520cd1023c86474a956d2aaa5148d26df,Alcance sólido (4/5): cubre los requisitos específicos y casos de uso del dominio. Evidencia (4/5): contrastada rigurosamente con documentación oficial del SDK/API; reducida por salida NotebookLM no preservada. Exactitud (4/5): contratos SDK 0.7.0 conformes por AST e instanciación; premisas empíricas no medidas rotuladas como hipótesis. Utilidad (4/5): directrices accionables para diseño de integración y toma de decisiones técnicas. Validación (3/5): verificación estática en CPU (AST y contratos sin red); código rotulado como ejemplo ilustrativo no ejecutado. Total: 19/25.
JEV-P02-006,8c739d41d26458e5b48ae2538116f3ac2f727ac6d11c786a2193693e6e02f47d,Responder estrictamente a: ¿Qué significa muestreo paralelo en las fuentes y qué ventajas o límites dependen del número y de la dependencia entre muestras?,Atribución previa rectificada; contratos de API normalizados a spec oficial,"Notebook P02 (079161fb-3da9-4c89-ba27-ffa707e7fca0), docs.typesafe.ai, repositorios comunitarios","Remediación contractual, estandarización de contratos de API y autorrevisión",en_revision,4,4,4,4,3,Antigravity,pendiente,,6060fcafd9650219db344c81610c31c1ddb386126c6f8b9f7d43bed1c394683c,Alcance sólido (4/5): cubre los requisitos específicos y casos de uso del dominio. Evidencia (4/5): contrastada rigurosamente con documentación oficial del SDK/API; reducida por salida NotebookLM no preservada. Exactitud (4/5): contratos SDK 0.7.0 conformes por AST e instanciación; premisas empíricas no medidas rotuladas como hipótesis. Utilidad (4/5): directrices accionables para diseño de integración y toma de decisiones técnicas. Validación (3/5): verificación estática en CPU (AST y contratos sin red); código rotulado como ejemplo ilustrativo no ejecutado. Total: 19/25.
JEV-P02-007,bf4eefdbecdb4d7352c58a6e5158ed5bfa139d895f6efb69316cc15f8b251420,"Responder estrictamente a: ¿Qué se sabe sobre modelos de base, datos y objetivos de entrenamiento, y qué afirmaciones frecuentes carecen de soporte público?",Atribución previa rectificada; contratos de API normalizados a spec oficial,"Notebook P02 (079161fb-3da9-4c89-ba27-ffa707e7fca0), docs.typesafe.ai, repositorios comunitarios","Remediación contractual, estandarización de contratos de API y autorrevisión",en_revision,4,4,4,4,4,Antigravity,pendiente,,8f79cee21bf1f6f7b94e60c250b745d842347c76f7ad3319b4891dc7456f3da3,Alcance sólido (4/5): cubre los requisitos específicos y casos de uso del dominio. Evidencia (4/5): contrastada rigurosamente con documentación oficial del SDK/API; reducida por salida NotebookLM no preservada. Exactitud (4/5): contratos SDK 0.7.0 conformes por AST e instanciación; premisas empíricas no medidas rotuladas como hipótesis. Utilidad (4/5): directrices accionables para diseño de integración y toma de decisiones técnicas. Validación (4/5): protocolo de prueba documental y falsación metodológica formal. Total: 20/25.
JEV-P02-008,4f0e3deeab23a4e6521c231dc6d04cc1323cccb4d261d074cdeb32440ad7d36f,"Responder estrictamente a: ¿Qué diferencias prácticas hay entre producir una decisión tipada y generar texto sujeto a un esquema, manteniendo fija la tarea?",Atribución previa rectificada; contratos de API normalizados a spec oficial,"Notebook P02 (079161fb-3da9-4c89-ba27-ffa707e7fca0), docs.typesafe.ai, repositorios comunitarios","Remediación contractual, estandarización de contratos de API y autorrevisión",en_revision,4,4,4,4,4,Antigravity,pendiente,,016da062e59568ad8ed9e8d59f9459b75d744387b6168f91edd736aa6b217477,Alcance sólido (4/5): cubre los requisitos específicos y casos de uso del dominio. Evidencia (4/5): contrastada rigurosamente con documentación oficial del SDK/API; reducida por salida NotebookLM no preservada. Exactitud (4/5): contratos SDK 0.7.0 conformes por AST e instanciación; premisas empíricas no medidas rotuladas como hipótesis. Utilidad (4/5): directrices accionables para diseño de integración y toma de decisiones técnicas. Validación (4/5): protocolo de prueba documental y falsación metodológica formal. Total: 20/25.
JEV-P02-009,6b8b43d7d9954ecd31110209bfb341266919404410bd97af8dfcb619f67042fc,Responder estrictamente a: ¿Qué propiedades de repetibilidad pueden ensayarse externamente sin confundir un resultado estable con determinismo garantizado?,Atribución previa rectificada; contratos de API normalizados a spec oficial,"Notebook P02 (079161fb-3da9-4c89-ba27-ffa707e7fca0), docs.typesafe.ai, repositorios comunitarios","Remediación contractual, estandarización de contratos de API y autorrevisión",en_revision,4,4,4,4,3,Antigravity,pendiente,,d7f06c8394d157cb1bd79e85659f951f3290047ac9e290beecb4ea3f151707b8,Alcance sólido (4/5): cubre los requisitos específicos y casos de uso del dominio. Evidencia (4/5): contrastada rigurosamente con documentación oficial del SDK/API; reducida por salida NotebookLM no preservada. Exactitud (4/5): contratos SDK 0.7.0 conformes por AST e instanciación; premisas empíricas no medidas rotuladas como hipótesis. Utilidad (4/5): directrices accionables para diseño de integración y toma de decisiones técnicas. Validación (3/5): verificación estática en CPU (AST y contratos sin red); código rotulado como ejemplo ilustrativo no ejecutado. Total: 19/25.
JEV-P02-010,031d8063d8ab78493fdecf0bb4f5e9bdb0702c7087649b7ae08a7e8ccc5c66c3,"Responder estrictamente a: ¿Qué dependencia de longitud, número de opciones o concurrencia puede formularse como hipótesis comprobable de latencia?",Atribución previa rectificada; contratos de API normalizados a spec oficial,"Notebook P02 (079161fb-3da9-4c89-ba27-ffa707e7fca0), docs.typesafe.ai, repositorios comunitarios","Remediación contractual, estandarización de contratos de API y autorrevisión",en_revision,4,4,4,4,3,Antigravity,pendiente,,4a9887382a3cfd278382b071b0cd48075072790eb5e7d0d09afa0b6daa2ece7b,Alcance sólido (4/5): cubre los requisitos específicos y casos de uso del dominio. Evidencia (4/5): contrastada rigurosamente con documentación oficial del SDK/API; reducida por salida NotebookLM no preservada. Exactitud (4/5): contratos SDK 0.7.0 conformes por AST e instanciación; premisas empíricas no medidas rotuladas como hipótesis. Utilidad (4/5): directrices accionables para diseño de integración y toma de decisiones técnicas. Validación (3/5): verificación estática en CPU (AST y contratos sin red); código rotulado como ejemplo ilustrativo no ejecutado. Total: 19/25.
JEV-P02-011,20721765b4d612821d0a997c351ce44baa59b31a7a5af819e8eb3cd88831d7ad,"Responder estrictamente a: ¿Qué implica la arquitectura documentada para tareas de cálculo, planificación extensa o generación de explicaciones, y qué exige otro componente?",Atribución previa rectificada; contratos de API normalizados a spec oficial,"Notebook P02 (079161fb-3da9-4c89-ba27-ffa707e7fca0), docs.typesafe.ai, repositorios comunitarios","Remediación contractual, estandarización de contratos de API y autorrevisión",en_revision,4,4,4,4,3,Antigravity,pendiente,,63cb0663951c832663042bb64f43b9a515ca436ae7939bc37d86cf7417be2cfb,Alcance sólido (4/5): cubre los requisitos específicos y casos de uso del dominio. Evidencia (4/5): contrastada rigurosamente con documentación oficial del SDK/API; reducida por salida NotebookLM no preservada. Exactitud (4/5): contratos SDK 0.7.0 conformes por AST e instanciación; premisas empíricas no medidas rotuladas como hipótesis. Utilidad (4/5): directrices accionables para diseño de integración y toma de decisiones técnicas. Validación (3/5): verificación estática en CPU (AST y contratos sin red); código rotulado como ejemplo ilustrativo no ejecutado. Total: 19/25.
JEV-P02-012,def0420a6122c3a2202eebd94ca41b5d9cf88becd58a344305108c5c08b82d58,Responder estrictamente a: ¿Cómo separar conocimiento adquirido en entrenamiento y evidencia proporcionada en contexto al interpretar respuestas acertadas o equivocadas?,Atribución previa rectificada; contratos de API normalizados a spec oficial,"Notebook P02 (079161fb-3da9-4c89-ba27-ffa707e7fca0), docs.typesafe.ai, repositorios comunitarios","Remediación contractual, estandarización de contratos de API y autorrevisión",en_revision,4,4,4,4,4,Antigravity,pendiente,,ccf7fee7c3998de99ed820279fdf1408922fa4f8f2d83f0045176a7432dd2bc2,Alcance sólido (4/5): cubre los requisitos específicos y casos de uso del dominio. Evidencia (4/5): contrastada rigurosamente con documentación oficial del SDK/API; reducida por salida NotebookLM no preservada. Exactitud (4/5): contratos SDK 0.7.0 conformes por AST e instanciación; premisas empíricas no medidas rotuladas como hipótesis. Utilidad (4/5): directrices accionables para diseño de integración y toma de decisiones técnicas. Validación (4/5): protocolo de prueba documental y falsación metodológica formal. Total: 20/25.
JEV-P02-013,fd7407b01d2c92677d630040b97aaa50391363b18eb2136b737dc09cd34da786,"Responder estrictamente a: ¿Qué evidencia describe memoria o estado entre llamadas, y cómo diseñar una integración si esa persistencia no está garantizada?",Atribución previa rectificada; contratos de API normalizados a spec oficial,"Notebook P02 (079161fb-3da9-4c89-ba27-ffa707e7fca0), docs.typesafe.ai, repositorios comunitarios","Remediación contractual, estandarización de contratos de API y autorrevisión",en_revision,4,4,4,4,3,Antigravity,pendiente,,baf0705207b6934f0f497195be25fb1f24736b58c89b66552e416e13258819d0,Alcance sólido (4/5): cubre los requisitos específicos y casos de uso del dominio. Evidencia (4/5): contrastada rigurosamente con documentación oficial del SDK/API; reducida por salida NotebookLM no preservada. Exactitud (4/5): contratos SDK 0.7.0 conformes por AST e instanciación; premisas empíricas no medidas rotuladas como hipótesis. Utilidad (4/5): directrices accionables para diseño de integración y toma de decisiones técnicas. Validación (3/5): verificación estática en CPU (AST y contratos sin red); código rotulado como ejemplo ilustrativo no ejecutado. Total: 19/25.
JEV-P02-014,28622bdbddeb8e6c72923c03a2347b290d16f54339738375cdb4c68d0a75655c,"Responder estrictamente a: ¿Qué soporte nativo de modalidades está documentado y qué flujos requieren transcripción, OCR u otro preprocesamiento externo?",Atribución previa rectificada; contratos de API normalizados a spec oficial,"Notebook P02 (079161fb-3da9-4c89-ba27-ffa707e7fca0), docs.typesafe.ai, repositorios comunitarios","Remediación contractual, estandarización de contratos de API y autorrevisión",en_revision,4,4,4,4,4,Antigravity,pendiente,,18211b5ebf2ffaef7a91fa98171e22e4b2f7666430d69f42c3b3346d5bc8112d,Alcance sólido (4/5): cubre los requisitos específicos y casos de uso del dominio. Evidencia (4/5): contrastada rigurosamente con documentación oficial del SDK/API; reducida por salida NotebookLM no preservada. Exactitud (4/5): contratos SDK 0.7.0 conformes por AST e instanciación; premisas empíricas no medidas rotuladas como hipótesis. Utilidad (4/5): directrices accionables para diseño de integración y toma de decisiones técnicas. Validación (4/5): protocolo de prueba documental y falsación metodológica formal. Total: 20/25.
JEV-P02-015,d8fc76ed5b0d08f7b1f1b01279d87c1d5fe0857deb5a3377fc43b2eab292a240,"Responder estrictamente a: ¿Qué relación hay entre optimizar decisiones y calibrar incertidumbre, y por qué un objetivo de entrenamiento no garantiza calibración en todo dominio?",Atribución previa rectificada; contratos de API normalizados a spec oficial,"Notebook P02 (079161fb-3da9-4c89-ba27-ffa707e7fca0), docs.typesafe.ai, repositorios comunitarios","Remediación contractual, estandarización de contratos de API y autorrevisión",en_revision,4,4,4,4,4,Antigravity,pendiente,,014da73bc2498df11e5b7b8fc582f17f4381d5fea6af29c14104f82f254ef26c,Alcance sólido (4/5): cubre los requisitos específicos y casos de uso del dominio. Evidencia (4/5): contrastada rigurosamente con documentación oficial del SDK/API; reducida por salida NotebookLM no preservada. Exactitud (4/5): contratos SDK 0.7.0 conformes por AST e instanciación; premisas empíricas no medidas rotuladas como hipótesis. Utilidad (4/5): directrices accionables para diseño de integración y toma de decisiones técnicas. Validación (4/5): protocolo de prueba documental y falsación metodológica formal. Total: 20/25.
JEV-P02-016,eeaac490945d783618dd0de09d1275a61f6064565de29211cabf574fbbac816a,Responder estrictamente a: ¿Qué condiciones podrían romper una ventaja de inferencia anunciada aunque el mecanismo interno funcione como fue descrito?,Atribución previa rectificada; contratos de API normalizados a spec oficial,"Notebook P02 (079161fb-3da9-4c89-ba27-ffa707e7fca0), docs.typesafe.ai, repositorios comunitarios","Remediación contractual, estandarización de contratos de API y autorrevisión",en_revision,4,4,4,4,4,Antigravity,pendiente,,f27eb0622b784b54ca9936158375629ff17669fd72d7d0377f41e37b44550837,Alcance sólido (4/5): cubre los requisitos específicos y casos de uso del dominio. Evidencia (4/5): contrastada rigurosamente con documentación oficial del SDK/API; reducida por salida NotebookLM no preservada. Exactitud (4/5): contratos SDK 0.7.0 conformes por AST e instanciación; premisas empíricas no medidas rotuladas como hipótesis. Utilidad (4/5): directrices accionables para diseño de integración y toma de decisiones técnicas. Validación (4/5): protocolo de prueba documental y falsación metodológica formal. Total: 20/25.
JEV-P02-017,3c3e7c34518585db819b050cd053c9a1fd01179ace4b0d327c40890f0fa69f6c,Responder estrictamente a: ¿Qué pruebas de caja negra distinguirían hipótesis alternativas de comportamiento sin pretender reconstruir el entrenamiento propietario?,Atribución previa rectificada; contratos de API normalizados a spec oficial,"Notebook P02 (079161fb-3da9-4c89-ba27-ffa707e7fca0), docs.typesafe.ai, repositorios comunitarios","Remediación contractual, estandarización de contratos de API y autorrevisión",en_revision,4,4,4,4,3,Antigravity,pendiente,,54611b529c6aa8d69750f187c46bf67bb98cb798e207d1cc5387e06574e4a78b,Alcance sólido (4/5): cubre los requisitos específicos y casos de uso del dominio. Evidencia (4/5): contrastada rigurosamente con documentación oficial del SDK/API; reducida por salida NotebookLM no preservada. Exactitud (4/5): contratos SDK 0.7.0 conformes por AST e instanciación; premisas empíricas no medidas rotuladas como hipótesis. Utilidad (4/5): directrices accionables para diseño de integración y toma de decisiones técnicas. Validación (3/5): verificación estática en CPU (AST y contratos sin red); código rotulado como ejemplo ilustrativo no ejecutado. Total: 19/25.
JEV-P02-018,d8f8bd0f9da87fd585fe192163beb0224aacb522e8e0474fe56739fdca7d101b,Responder estrictamente a: ¿Qué detalles de arquitectura necesitamos conocer para integrar con seguridad y cuáles pueden suplirse mediante contratos y evaluación externa?,Atribución previa rectificada; contratos de API normalizados a spec oficial,"Notebook P02 (079161fb-3da9-4c89-ba27-ffa707e7fca0), docs.typesafe.ai, repositorios comunitarios","Remediación contractual, estandarización de contratos de API y autorrevisión",en_revision,4,4,4,4,3,Antigravity,pendiente,,cbb173f802c54d27f1585b46e4d01d851c19f150a8daec1ea9c2e93c3c946408,Alcance sólido (4/5): cubre los requisitos específicos y casos de uso del dominio. Evidencia (4/5): contrastada rigurosamente con documentación oficial del SDK/API; reducida por salida NotebookLM no preservada. Exactitud (4/5): contratos SDK 0.7.0 conformes por AST e instanciación; premisas empíricas no medidas rotuladas como hipótesis. Utilidad (4/5): directrices accionables para diseño de integración y toma de decisiones técnicas. Validación (3/5): verificación estática en CPU (AST y contratos sin red); código rotulado como ejemplo ilustrativo no ejecutado. Total: 19/25.
JEV-P02-019,19fc6a11001e4c067f331c2e68b492f253c6136a25e4e3c4415b54b0d5ac235c,"Responder estrictamente a: ¿Qué riesgos crea trasladar intuiciones de un LLM generativo a Jev al diseñar instrucciones, herramientas o memoria?",Atribución previa rectificada; contratos de API normalizados a spec oficial,"Notebook P02 (079161fb-3da9-4c89-ba27-ffa707e7fca0), docs.typesafe.ai, repositorios comunitarios","Remediación contractual, estandarización de contratos de API y autorrevisión",en_revision,4,4,4,4,4,Antigravity,pendiente,,5cf847dcc6248911004ee8457281a2bd755ff3ebb80d06d9c8c1aa3de23000b0,Alcance sólido (4/5): cubre los requisitos específicos y casos de uso del dominio. Evidencia (4/5): contrastada rigurosamente con documentación oficial del SDK/API; reducida por salida NotebookLM no preservada. Exactitud (4/5): contratos SDK 0.7.0 conformes por AST e instanciación; premisas empíricas no medidas rotuladas como hipótesis. Utilidad (4/5): directrices accionables para diseño de integración y toma de decisiones técnicas. Validación (4/5): protocolo de prueba documental y falsación metodológica formal. Total: 20/25.
JEV-P02-020,af5bc3c0da871fa150a47a58dfa6577221cc921e72b666d9d73ebe6ca4d7754f,"Responder estrictamente a: ¿Cómo explicar la arquitectura en niveles conceptual, técnico y operativo conservando las mismas incertidumbres en las tres explicaciones?",Atribución previa rectificada; contratos de API normalizados a spec oficial,"Notebook P02 (079161fb-3da9-4c89-ba27-ffa707e7fca0), docs.typesafe.ai, repositorios comunitarios","Remediación contractual, estandarización de contratos de API y autorrevisión",en_revision,4,4,4,4,4,Antigravity,pendiente,,4d62ef9988757e7192622c6d0ff5e2cc191ff245f3eab979cfc18949baafa0d9,Alcance sólido (4/5): cubre los requisitos específicos y casos de uso del dominio. Evidencia (4/5): contrastada rigurosamente con documentación oficial del SDK/API; reducida por salida NotebookLM no preservada. Exactitud (4/5): contratos SDK 0.7.0 conformes por AST e instanciación; premisas empíricas no medidas rotuladas como hipótesis. Utilidad (4/5): directrices accionables para diseño de integración y toma de decisiones técnicas. Validación (4/5): protocolo de prueba documental y falsación metodológica formal. Total: 20/25.
JEV-P03-001,395a18e13e0be220f3abf1990157b497b6b0a5e3fa487d90e34bae1984ddca1b,"Responder estrictamente a: ¿Cuáles son los contratos exactos y documentados de Choice, Score y Noul para la versión analizada, y qué ejemplos evitan confundirlos?",Atribución previa rectificada; contratos de API normalizados a spec oficial,"Notebook P03 (420bc955-32d2-44bf-b9ad-e3b8a7874d43), docs.typesafe.ai, repositorios comunitarios","Remediación contractual, estandarización de contratos de API y autorrevisión",en_revision,5,4,4,4,4,Antigravity,pendiente,,63ed1ed86adba0ada9383b98ba0cac026da83292a628de9d7c1b9db79e53bd1f,"Alcance completo (5/5): delimitación exhaustiva de componentes, supuestos y fronteras técnicas. Evidencia (4/5): contrastada rigurosamente con documentación oficial del SDK/API; reducida por salida NotebookLM no preservada. Exactitud (4/5): contratos SDK 0.7.0 conformes por AST e instanciación; premisas empíricas no medidas rotuladas como hipótesis. Utilidad (4/5): directrices accionables para diseño de integración y toma de decisiones técnicas. Validación (4/5): protocolo de prueba documental y falsación metodológica formal. Total: 21/25."
JEV-P03-002,3229560ee4c2e8d1deefb34f6d4f370e026c2cfe83bf6de3bff648244ad1f601,"Responder estrictamente a: ¿Cómo descomponer una petición de negocio ambigua en una decisión semántica con entrada, criterio, salida y destinatario definidos?",Atribución previa rectificada; contratos de API normalizados a spec oficial,"Notebook P03 (420bc955-32d2-44bf-b9ad-e3b8a7874d43), docs.typesafe.ai, repositorios comunitarios","Remediación contractual, estandarización de contratos de API y autorrevisión",en_revision,5,4,4,4,3,Antigravity,pendiente,,97a936da755f77084e3f400b6007cba48f35b99dec63bd2f2658298b9cb27725,"Alcance completo (5/5): delimitación exhaustiva de componentes, supuestos y fronteras técnicas. Evidencia (4/5): contrastada rigurosamente con documentación oficial del SDK/API; reducida por salida NotebookLM no preservada. Exactitud (4/5): contratos SDK 0.7.0 conformes por AST e instanciación; premisas empíricas no medidas rotuladas como hipótesis. Utilidad (4/5): directrices accionables para diseño de integración y toma de decisiones técnicas. Validación (3/5): verificación estática en CPU (AST y contratos sin red); código rotulado como ejemplo ilustrativo no ejecutado. Total: 20/25."
JEV-P03-003,2559a19c5141cf7f22effdbd00f60142de85a371f092df5a9b5f63ce8ca0fe54,"Responder estrictamente a: ¿Qué árbol de decisión permite elegir entre una primitiva documentada, una regla determinista, un modelo generativo o revisión humana?",Atribución previa rectificada; contratos de API normalizados a spec oficial,"Notebook P03 (420bc955-32d2-44bf-b9ad-e3b8a7874d43), docs.typesafe.ai, repositorios comunitarios","Remediación contractual, estandarización de contratos de API y autorrevisión",en_revision,4,4,4,4,4,Antigravity,pendiente,,8c5c6169ab26a67a425866ae15e232d167c71f5b4fbda780edd08d0332e35812,Alcance sólido (4/5): cubre los requisitos específicos y casos de uso del dominio. Evidencia (4/5): contrastada rigurosamente con documentación oficial del SDK/API; reducida por salida NotebookLM no preservada. Exactitud (4/5): contratos SDK 0.7.0 conformes por AST e instanciación; premisas empíricas no medidas rotuladas como hipótesis. Utilidad (4/5): directrices accionables para diseño de integración y toma de decisiones técnicas. Validación (4/5): protocolo de prueba documental y falsación metodológica formal. Total: 20/25.
JEV-P03-004,80ba3b2739fec92c6fe13b830c2b208d6fbe7bfa9bc2229d5c7f441e5a871765,Responder estrictamente a: ¿Cómo representar información insuficiente y abstención sin inventar una opción o capacidad que el contrato no soporte?,Atribución previa rectificada; contratos de API normalizados a spec oficial,"Notebook P03 (420bc955-32d2-44bf-b9ad-e3b8a7874d43), docs.typesafe.ai, repositorios comunitarios","Remediación contractual, estandarización de contratos de API y autorrevisión",en_revision,4,4,4,4,4,Antigravity,pendiente,,2fcdca2f0b0c8626f8e66a51aeec9f14c72cd106a1512cd72d07c4b99efabb0a,Alcance sólido (4/5): cubre los requisitos específicos y casos de uso del dominio. Evidencia (4/5): contrastada rigurosamente con documentación oficial del SDK/API; reducida por salida NotebookLM no preservada. Exactitud (4/5): contratos SDK 0.7.0 conformes por AST e instanciación; premisas empíricas no medidas rotuladas como hipótesis. Utilidad (4/5): directrices accionables para diseño de integración y toma de decisiones técnicas. Validación (4/5): protocolo de prueba documental y falsación metodológica formal. Total: 20/25.
JEV-P03-005,ab4cf17dcd4136b93ed588309de998afdb2610a3badde9776c9e3cf63361daca,"Responder estrictamente a: ¿Cómo definir categorías mutuamente excluyentes y suficientemente exhaustivas, y detectar casos que no pertenecen a ninguna?",Atribución previa rectificada; contratos de API normalizados a spec oficial,"Notebook P03 (420bc955-32d2-44bf-b9ad-e3b8a7874d43), docs.typesafe.ai, repositorios comunitarios","Remediación contractual, estandarización de contratos de API y autorrevisión",en_revision,4,4,4,4,4,Antigravity,pendiente,,de0db80dc5dcc0bb77047f76110c356adaddfe579c843cf7010f5ce2b552cc7f,Alcance sólido (4/5): cubre los requisitos específicos y casos de uso del dominio. Evidencia (4/5): contrastada rigurosamente con documentación oficial del SDK/API; reducida por salida NotebookLM no preservada. Exactitud (4/5): contratos SDK 0.7.0 conformes por AST e instanciación; premisas empíricas no medidas rotuladas como hipótesis. Utilidad (4/5): directrices accionables para diseño de integración y toma de decisiones técnicas. Validación (4/5): protocolo de prueba documental y falsación metodológica formal. Total: 20/25.
JEV-P03-006,5ffe160a1f9c612cb9373928d47f61e5517235bb53b164c824d441ef250583cb,Responder estrictamente a: ¿Cómo tratar una necesidad de clasificación multietiqueta si la primitiva disponible solo permite una elección por llamada?,Atribución previa rectificada; contratos de API normalizados a spec oficial,"Notebook P03 (420bc955-32d2-44bf-b9ad-e3b8a7874d43), docs.typesafe.ai, repositorios comunitarios","Remediación contractual, estandarización de contratos de API y autorrevisión",en_revision,4,4,4,4,3,Antigravity,pendiente,,e3492c66d8fb52291162f70e7e5ed3018d9970b3927108dd43bc8e116dc3fb9f,Alcance sólido (4/5): cubre los requisitos específicos y casos de uso del dominio. Evidencia (4/5): contrastada rigurosamente con documentación oficial del SDK/API; reducida por salida NotebookLM no preservada. Exactitud (4/5): contratos SDK 0.7.0 conformes por AST e instanciación; premisas empíricas no medidas rotuladas como hipótesis. Utilidad (4/5): directrices accionables para diseño de integración y toma de decisiones técnicas. Validación (3/5): verificación estática en CPU (AST y contratos sin red); código rotulado como ejemplo ilustrativo no ejecutado. Total: 19/25.
JEV-P03-007,847ad972921438659176375680124019b0f786a4824e90906b9dd519728d8884,"Responder estrictamente a: ¿Cómo transformar «calidad», «urgencia» o «relevancia» en criterios observables sin mezclar conceptos distintos en una sola puntuación?",Atribución previa rectificada; contratos de API normalizados a spec oficial,"Notebook P03 (420bc955-32d2-44bf-b9ad-e3b8a7874d43), docs.typesafe.ai, repositorios comunitarios","Remediación contractual, estandarización de contratos de API y autorrevisión",en_revision,4,4,4,4,3,Antigravity,pendiente,,5d6af60ce2a5275624a5ad11965ff5155cd6bfcb5260268fa628d25e30434781,Alcance sólido (4/5): cubre los requisitos específicos y casos de uso del dominio. Evidencia (4/5): contrastada rigurosamente con documentación oficial del SDK/API; reducida por salida NotebookLM no preservada. Exactitud (4/5): contratos SDK 0.7.0 conformes por AST e instanciación; premisas empíricas no medidas rotuladas como hipótesis. Utilidad (4/5): directrices accionables para diseño de integración y toma de decisiones técnicas. Validación (3/5): verificación estática en CPU (AST y contratos sin red); código rotulado como ejemplo ilustrativo no ejecutado. Total: 19/25.
JEV-P03-008,3e65fd712b2462921c0b573f29a6132f263f712186c03d162c1a09e779d36ae0,Responder estrictamente a: ¿Cómo diseñar anclas de una rúbrica y comprobar que las diferencias entre niveles se interpretan de forma consistente?,Atribución previa rectificada; contratos de API normalizados a spec oficial,"Notebook P03 (420bc955-32d2-44bf-b9ad-e3b8a7874d43), docs.typesafe.ai, repositorios comunitarios","Remediación contractual, estandarización de contratos de API y autorrevisión",en_revision,4,4,4,4,4,Antigravity,pendiente,,daaed0822af523f9743cfb37f7492ead038af591b4fec9e16847835e62d56dae,Alcance sólido (4/5): cubre los requisitos específicos y casos de uso del dominio. Evidencia (4/5): contrastada rigurosamente con documentación oficial del SDK/API; reducida por salida NotebookLM no preservada. Exactitud (4/5): contratos SDK 0.7.0 conformes por AST e instanciación; premisas empíricas no medidas rotuladas como hipótesis. Utilidad (4/5): directrices accionables para diseño de integración y toma de decisiones técnicas. Validación (4/5): protocolo de prueba documental y falsación metodológica formal. Total: 20/25.
JEV-P03-009,45020fc15bed96588aaeecb429272a7d0bdbb5226b6cf6db923011b524255adc,"Responder estrictamente a: ¿Qué errores introducen negaciones y dobles negaciones en los criterios, y cómo reformularlas sin alterar el significado?",Atribución previa rectificada; contratos de API normalizados a spec oficial,"Notebook P03 (420bc955-32d2-44bf-b9ad-e3b8a7874d43), docs.typesafe.ai, repositorios comunitarios","Remediación contractual, estandarización de contratos de API y autorrevisión",en_revision,4,4,4,4,4,Antigravity,pendiente,,8a8083c1cb40630167cd0d62fe5c7b9af709186341edf80ee06f9e9551986666,Alcance sólido (4/5): cubre los requisitos específicos y casos de uso del dominio. Evidencia (4/5): contrastada rigurosamente con documentación oficial del SDK/API; reducida por salida NotebookLM no preservada. Exactitud (4/5): contratos SDK 0.7.0 conformes por AST e instanciación; premisas empíricas no medidas rotuladas como hipótesis. Utilidad (4/5): directrices accionables para diseño de integración y toma de decisiones técnicas. Validación (4/5): protocolo de prueba documental y falsación metodológica formal. Total: 20/25.
JEV-P03-010,fe214591130b7f0e571b2c3d29cb85c6c0d8a4b4bd0ec29c693b166864d90369,Responder estrictamente a: ¿Cómo resolver instrucciones con criterios incompatibles mediante prioridades explícitas o decisiones separadas?,Atribución previa rectificada; contratos de API normalizados a spec oficial,"Notebook P03 (420bc955-32d2-44bf-b9ad-e3b8a7874d43), docs.typesafe.ai, repositorios comunitarios","Remediación contractual, estandarización de contratos de API y autorrevisión",en_revision,4,4,4,4,4,Antigravity,pendiente,,1f7a1f726b5e4df05fb1c4d43777623827ca905d6b8b9734d43050be0d800aac,Alcance sólido (4/5): cubre los requisitos específicos y casos de uso del dominio. Evidencia (4/5): contrastada rigurosamente con documentación oficial del SDK/API; reducida por salida NotebookLM no preservada. Exactitud (4/5): contratos SDK 0.7.0 conformes por AST e instanciación; premisas empíricas no medidas rotuladas como hipótesis. Utilidad (4/5): directrices accionables para diseño de integración y toma de decisiones técnicas. Validación (4/5): protocolo de prueba documental y falsación metodológica formal. Total: 20/25.
JEV-P03-011,71d932263c19f37536a1547d471cec2a02a5e372bec7f1edf6d978010a1ef4a3,"Responder estrictamente a: ¿Qué efecto potencial tienen el orden, el nombre y la descripción de las opciones, y cómo aislarlo experimentalmente?",Atribución previa rectificada; contratos de API normalizados a spec oficial,"Notebook P03 (420bc955-32d2-44bf-b9ad-e3b8a7874d43), docs.typesafe.ai, repositorios comunitarios","Remediación contractual, estandarización de contratos de API y autorrevisión",en_revision,4,4,4,4,4,Antigravity,pendiente,,e0cde6ccf71e95d6f6917955b374b35a53f377a4ab29415738b0c4300713af59,Alcance sólido (4/5): cubre los requisitos específicos y casos de uso del dominio. Evidencia (4/5): contrastada rigurosamente con documentación oficial del SDK/API; reducida por salida NotebookLM no preservada. Exactitud (4/5): contratos SDK 0.7.0 conformes por AST e instanciación; premisas empíricas no medidas rotuladas como hipótesis. Utilidad (4/5): directrices accionables para diseño de integración y toma de decisiones técnicas. Validación (4/5): protocolo de prueba documental y falsación metodológica formal. Total: 20/25.
JEV-P03-012,9b7cc3dfd19bbf5c52c46e9775db98cf0f515dbbfa135a2a21c1551fd7273fd9,"Responder estrictamente a: ¿Cómo distinguir probabilidad de pertenencia, intensidad de un atributo y preferencia entre alternativas al diseñar una salida?",Atribución previa rectificada; contratos de API normalizados a spec oficial,"Notebook P03 (420bc955-32d2-44bf-b9ad-e3b8a7874d43), docs.typesafe.ai, repositorios comunitarios","Remediación contractual, estandarización de contratos de API y autorrevisión",en_revision,4,4,4,4,3,Antigravity,pendiente,,fda600034be93b7d552eb2db9408514295977c06fa22044fb3d1ec60388ac236,Alcance sólido (4/5): cubre los requisitos específicos y casos de uso del dominio. Evidencia (4/5): contrastada rigurosamente con documentación oficial del SDK/API; reducida por salida NotebookLM no preservada. Exactitud (4/5): contratos SDK 0.7.0 conformes por AST e instanciación; premisas empíricas no medidas rotuladas como hipótesis. Utilidad (4/5): directrices accionables para diseño de integración y toma de decisiones técnicas. Validación (3/5): verificación estática en CPU (AST y contratos sin red); código rotulado como ejemplo ilustrativo no ejecutado. Total: 19/25.
JEV-P03-013,7f7444c597bf12d9637a61ceedf3c5cc5091932f933ace391d55d34491f8a4a8,Responder estrictamente a: ¿Cómo convertir una decisión empresarial en una matriz de costos antes de elegir la política de acción posterior?,Atribución previa rectificada; contratos de API normalizados a spec oficial,"Notebook P03 (420bc955-32d2-44bf-b9ad-e3b8a7874d43), docs.typesafe.ai, repositorios comunitarios","Remediación contractual, estandarización de contratos de API y autorrevisión",en_revision,4,4,4,4,3,Antigravity,pendiente,,bdd8034362d63da84ddd4f17de236c9e4fa8ab9ec5fe3fe09163bdefe54ef38b,Alcance sólido (4/5): cubre los requisitos específicos y casos de uso del dominio. Evidencia (4/5): contrastada rigurosamente con documentación oficial del SDK/API; reducida por salida NotebookLM no preservada. Exactitud (4/5): contratos SDK 0.7.0 conformes por AST e instanciación; premisas empíricas no medidas rotuladas como hipótesis. Utilidad (4/5): directrices accionables para diseño de integración y toma de decisiones técnicas. Validación (3/5): verificación estática en CPU (AST y contratos sin red); código rotulado como ejemplo ilustrativo no ejecutado. Total: 19/25.
JEV-P03-014,74d9fa1497f38c935b842efcf855f68682b2a3ab733e77df6ae7b21709adecd9,Responder estrictamente a: ¿Cuándo conviene una taxonomía jerárquica frente a una clasificación plana y cómo se propagan los errores entre niveles?,Atribución previa rectificada; contratos de API normalizados a spec oficial,"Notebook P03 (420bc955-32d2-44bf-b9ad-e3b8a7874d43), docs.typesafe.ai, repositorios comunitarios","Remediación contractual, estandarización de contratos de API y autorrevisión",en_revision,4,4,4,4,3,Antigravity,pendiente,,85cb8a4231182eb45516d26b4e03bd3817f26176657afebd2498f8940161f280,Alcance sólido (4/5): cubre los requisitos específicos y casos de uso del dominio. Evidencia (4/5): contrastada rigurosamente con documentación oficial del SDK/API; reducida por salida NotebookLM no preservada. Exactitud (4/5): contratos SDK 0.7.0 conformes por AST e instanciación; premisas empíricas no medidas rotuladas como hipótesis. Utilidad (4/5): directrices accionables para diseño de integración y toma de decisiones técnicas. Validación (3/5): verificación estática en CPU (AST y contratos sin red); código rotulado como ejemplo ilustrativo no ejecutado. Total: 19/25.
JEV-P03-015,d1277674916a1839510c6c666d7940d93dbe86c810f50b3e9aa0344a5978122d,Responder estrictamente a: ¿Cómo evaluar consistencia entre decisiones relacionadas sin tratar la coincidencia de varias llamadas como independencia estadística?,Atribución previa rectificada; contratos de API normalizados a spec oficial,"Notebook P03 (420bc955-32d2-44bf-b9ad-e3b8a7874d43), docs.typesafe.ai, repositorios comunitarios","Remediación contractual, estandarización de contratos de API y autorrevisión",en_revision,4,4,4,4,3,Antigravity,pendiente,,7c4bd60d3190a926773923046bb1fcf5020b628114d6d8e27b60cc467231c70b,Alcance sólido (4/5): cubre los requisitos específicos y casos de uso del dominio. Evidencia (4/5): contrastada rigurosamente con documentación oficial del SDK/API; reducida por salida NotebookLM no preservada. Exactitud (4/5): contratos SDK 0.7.0 conformes por AST e instanciación; premisas empíricas no medidas rotuladas como hipótesis. Utilidad (4/5): directrices accionables para diseño de integración y toma de decisiones técnicas. Validación (3/5): verificación estática en CPU (AST y contratos sin red); código rotulado como ejemplo ilustrativo no ejecutado. Total: 19/25.
JEV-P03-016,101ad8e4b9f21b7a8aeef8051d9b98edfea566e1682d649e00858f292260a243,"Responder estrictamente a: ¿Qué doce fichas de decisiones, distribuidas entre las primitivas documentadas, ilustran usos correctos y errores habituales con datos sintéticos?",Atribución previa rectificada; contratos de API normalizados a spec oficial,"Notebook P03 (420bc955-32d2-44bf-b9ad-e3b8a7874d43), docs.typesafe.ai, repositorios comunitarios","Remediación contractual, estandarización de contratos de API y autorrevisión",en_revision,4,4,4,4,3,Antigravity,pendiente,,26336491d0660dd6157badbe834803322054d07da71016bafdc64494f1ffc276,Alcance sólido (4/5): cubre los requisitos específicos y casos de uso del dominio. Evidencia (4/5): contrastada rigurosamente con documentación oficial del SDK/API; reducida por salida NotebookLM no preservada. Exactitud (4/5): contratos SDK 0.7.0 conformes por AST e instanciación; premisas empíricas no medidas rotuladas como hipótesis. Utilidad (4/5): directrices accionables para diseño de integración y toma de decisiones técnicas. Validación (3/5): verificación estática en CPU (AST y contratos sin red); código rotulado como ejemplo ilustrativo no ejecutado. Total: 19/25.
JEV-P03-017,6e676dd17b8d617f7ad85865e83cce5f2753de153d95da832d10fe4986b29f21,Responder estrictamente a: ¿Cómo versionar categorías y criterios para que un cambio de taxonomía no invalide silenciosamente métricas ni consumidores?,Atribución previa rectificada; contratos de API normalizados a spec oficial,"Notebook P03 (420bc955-32d2-44bf-b9ad-e3b8a7874d43), docs.typesafe.ai, repositorios comunitarios","Remediación contractual, estandarización de contratos de API y autorrevisión",en_revision,4,4,4,4,3,Antigravity,pendiente,,fd6f7e442b3e91dee852f51527a0c4444cb154eeb68b9c9dabf0eeb281df331b,Alcance sólido (4/5): cubre los requisitos específicos y casos de uso del dominio. Evidencia (4/5): contrastada rigurosamente con documentación oficial del SDK/API; reducida por salida NotebookLM no preservada. Exactitud (4/5): contratos SDK 0.7.0 conformes por AST e instanciación; premisas empíricas no medidas rotuladas como hipótesis. Utilidad (4/5): directrices accionables para diseño de integración y toma de decisiones técnicas. Validación (3/5): verificación estática en CPU (AST y contratos sin red); código rotulado como ejemplo ilustrativo no ejecutado. Total: 19/25.
JEV-P03-018,512e95936db2341f53ff63cb614f449e41d356b7027aeb870afbca51e85c5f48,Responder estrictamente a: ¿Cuándo aportar ejemplos etiquetados mejora la definición de una decisión y cuándo puede introducir anclaje o fuga de evaluación?,Atribución previa rectificada; contratos de API normalizados a spec oficial,"Notebook P03 (420bc955-32d2-44bf-b9ad-e3b8a7874d43), docs.typesafe.ai, repositorios comunitarios","Remediación contractual, estandarización de contratos de API y autorrevisión",en_revision,4,4,4,4,3,Antigravity,pendiente,,ff32d9f75f37c8a18e98c00d91ff1c252ea1d1daa467b717d287fe1cb85ad830,Alcance sólido (4/5): cubre los requisitos específicos y casos de uso del dominio. Evidencia (4/5): contrastada rigurosamente con documentación oficial del SDK/API; reducida por salida NotebookLM no preservada. Exactitud (4/5): contratos SDK 0.7.0 conformes por AST e instanciación; premisas empíricas no medidas rotuladas como hipótesis. Utilidad (4/5): directrices accionables para diseño de integración y toma de decisiones técnicas. Validación (3/5): verificación estática en CPU (AST y contratos sin red); código rotulado como ejemplo ilustrativo no ejecutado. Total: 19/25.
JEV-P03-019,8d85cbee729d05be8037a77ef8a953eb4a79b31e7f041f9505e709813de4b17c,"Responder estrictamente a: ¿Cómo traducir una salida estructurada a una acción reversible manteniendo separados juicio semántico, autorización y ejecución?",Atribución previa rectificada; contratos de API normalizados a spec oficial,"Notebook P03 (420bc955-32d2-44bf-b9ad-e3b8a7874d43), docs.typesafe.ai, repositorios comunitarios","Remediación contractual, estandarización de contratos de API y autorrevisión",en_revision,4,4,4,4,3,Antigravity,pendiente,,cab96d3c96fad82dc509657ec32f5795d63ca0bb41c7a03ca4de654dc004ec84,Alcance sólido (4/5): cubre los requisitos específicos y casos de uso del dominio. Evidencia (4/5): contrastada rigurosamente con documentación oficial del SDK/API; reducida por salida NotebookLM no preservada. Exactitud (4/5): contratos SDK 0.7.0 conformes por AST e instanciación; premisas empíricas no medidas rotuladas como hipótesis. Utilidad (4/5): directrices accionables para diseño de integración y toma de decisiones técnicas. Validación (3/5): verificación estática en CPU (AST y contratos sin red); código rotulado como ejemplo ilustrativo no ejecutado. Total: 19/25.
JEV-P03-020,bcff3344fdce58c465cbb631bafc01c766c539c240b9c0b254bf9399849cb16c,Responder estrictamente a: ¿Qué plantilla reutilizable de decisión permite a otro desarrollador implementarla y evaluarla sin depender del autor original?,Atribución previa rectificada; contratos de API normalizados a spec oficial,"Notebook P03 (420bc955-32d2-44bf-b9ad-e3b8a7874d43), docs.typesafe.ai, repositorios comunitarios","Remediación contractual, estandarización de contratos de API y autorrevisión",en_revision,4,4,4,4,3,Antigravity,pendiente,,0ccdffffda1c8409ca3b3b69437472e04adbe494f79a32d657cefaa097b83544,Alcance sólido (4/5): cubre los requisitos específicos y casos de uso del dominio. Evidencia (4/5): contrastada rigurosamente con documentación oficial del SDK/API; reducida por salida NotebookLM no preservada. Exactitud (4/5): contratos SDK 0.7.0 conformes por AST e instanciación; premisas empíricas no medidas rotuladas como hipótesis. Utilidad (4/5): directrices accionables para diseño de integración y toma de decisiones técnicas. Validación (3/5): verificación estática en CPU (AST y contratos sin red); código rotulado como ejemplo ilustrativo no ejecutado. Total: 19/25.
JEV-P04-001,44f3a7e75ba993282cb1d72867fe37fa0ed154d3c65e7941c41641a0c7be082b,"Responder estrictamente a: ¿Qué entiende la documentación por state o contexto y qué campos, tamaños y formatos están efectivamente soportados?",Atribución previa rectificada; contratos de API normalizados a spec oficial,"Notebook P04 (97480264-ff2c-4816-9dec-4b8ce071500a), docs.typesafe.ai, repositorios comunitarios","Remediación contractual, estandarización de contratos de API y autorrevisión",en_revision,5,3,4,4,3,Antigravity,pendiente,,bf0841ab38b84607ffb7e90c8322bf68d4906e4bd041a34acc602229bcfd6c10,"Alcance completo (5/5): delimitación exhaustiva de componentes, supuestos y fronteras técnicas. Evidencia (3/5): apoyada en catálogo de fuentes canónicas; reducida por estado consulta_no_verificable en conector NotebookLM. Exactitud (4/5): contratos SDK 0.7.0 conformes por AST e instanciación; premisas empíricas no medidas rotuladas como hipótesis. Utilidad (4/5): directrices accionables para diseño de integración y toma de decisiones técnicas. Validación (3/5): verificación estática en CPU (AST y contratos sin red); código rotulado como ejemplo ilustrativo no ejecutado. Total: 19/25."
JEV-P04-002,d49422bdbb727916a1cee1ac15ce99e2f3b94c57d0594c5fb1d8b83c4a87c8cb,Responder estrictamente a: ¿Cómo determinar el contexto mínimo suficiente para una decisión sin omitir evidencia que cambiaría su resultado?,Atribución previa rectificada; contratos de API normalizados a spec oficial,"Notebook P04 (97480264-ff2c-4816-9dec-4b8ce071500a), docs.typesafe.ai, repositorios comunitarios","Remediación contractual, estandarización de contratos de API y autorrevisión",en_revision,5,3,4,4,3,Antigravity,pendiente,,364bfe6a31dbd937a1d45d0c16473365f169aadd779c92f435aeab05053758be,"Alcance completo (5/5): delimitación exhaustiva de componentes, supuestos y fronteras técnicas. Evidencia (3/5): apoyada en catálogo de fuentes canónicas; reducida por estado consulta_no_verificable en conector NotebookLM. Exactitud (4/5): contratos SDK 0.7.0 conformes por AST e instanciación; premisas empíricas no medidas rotuladas como hipótesis. Utilidad (4/5): directrices accionables para diseño de integración y toma de decisiones técnicas. Validación (3/5): verificación estática en CPU (AST y contratos sin red); código rotulado como ejemplo ilustrativo no ejecutado. Total: 19/25."
JEV-P04-003,9004a5e97bb9ffcad4e390fd0dd083590f85f2d7366fbcf4920541d7b1b6893f,"Responder estrictamente a: ¿Cómo construir un contrato de entrada que distinga dato ausente, valor desconocido, valor nulo y valor negativo confirmado?",Atribución previa rectificada; contratos de API normalizados a spec oficial,"Notebook P04 (97480264-ff2c-4816-9dec-4b8ce071500a), docs.typesafe.ai, repositorios comunitarios","Remediación contractual, estandarización de contratos de API y autorrevisión",en_revision,4,3,4,4,3,Antigravity,pendiente,,72259bd969ff3d05e25bc91ca31df8e8387c09b99ff40c3d1a1dd1f4ff55b3e0,Alcance sólido (4/5): cubre los requisitos específicos y casos de uso del dominio. Evidencia (3/5): apoyada en catálogo de fuentes canónicas; reducida por estado consulta_no_verificable en conector NotebookLM. Exactitud (4/5): contratos SDK 0.7.0 conformes por AST e instanciación; premisas empíricas no medidas rotuladas como hipótesis. Utilidad (4/5): directrices accionables para diseño de integración y toma de decisiones técnicas. Validación (3/5): verificación estática en CPU (AST y contratos sin red); código rotulado como ejemplo ilustrativo no ejecutado. Total: 18/25.
JEV-P04-004,1697fc206a54d85c176227b470b5c2cfe2887af1edeb1feab5d30b7ecdc302c1,"Responder estrictamente a: ¿Cómo conservar procedencia, fecha y permisos de cada fragmento desde la fuente hasta la decisión final?",Atribución previa rectificada; contratos de API normalizados a spec oficial,"Notebook P04 (97480264-ff2c-4816-9dec-4b8ce071500a), docs.typesafe.ai, repositorios comunitarios","Remediación contractual, estandarización de contratos de API y autorrevisión",en_revision,4,3,4,4,3,Antigravity,pendiente,,844b2813e82f9f0025b4c036ece2135909b5a7cd56b6016873b9f09b2b89c8e6,Alcance sólido (4/5): cubre los requisitos específicos y casos de uso del dominio. Evidencia (3/5): apoyada en catálogo de fuentes canónicas; reducida por estado consulta_no_verificable en conector NotebookLM. Exactitud (4/5): contratos SDK 0.7.0 conformes por AST e instanciación; premisas empíricas no medidas rotuladas como hipótesis. Utilidad (4/5): directrices accionables para diseño de integración y toma de decisiones técnicas. Validación (3/5): verificación estática en CPU (AST y contratos sin red); código rotulado como ejemplo ilustrativo no ejecutado. Total: 18/25.
JEV-P04-005,311d4cfc9f7c06db38a534438b6ffb3b2dff0d1a38faa51854991b698d5ec316,Responder estrictamente a: ¿Qué transformación debe excluir datos personales o secretos antes de que una entrada llegue al servicio o al cuaderno público?,Atribución previa rectificada; contratos de API normalizados a spec oficial,"Notebook P04 (97480264-ff2c-4816-9dec-4b8ce071500a), docs.typesafe.ai, repositorios comunitarios","Remediación contractual, estandarización de contratos de API y autorrevisión",en_revision,4,3,4,4,3,Antigravity,pendiente,,e2b0212fb56ccfb225ec6e26d3674f6dc4111eaaf77ecf06edd01beb4368c017,Alcance sólido (4/5): cubre los requisitos específicos y casos de uso del dominio. Evidencia (3/5): apoyada en catálogo de fuentes canónicas; reducida por estado consulta_no_verificable en conector NotebookLM. Exactitud (4/5): contratos SDK 0.7.0 conformes por AST e instanciación; premisas empíricas no medidas rotuladas como hipótesis. Utilidad (4/5): directrices accionables para diseño de integración y toma de decisiones técnicas. Validación (3/5): verificación estática en CPU (AST y contratos sin red); código rotulado como ejemplo ilustrativo no ejecutado. Total: 18/25.
JEV-P04-006,57d6f5153f02920015154cb816cf24f61c070efe1077bd5cfc0e69daf81a3978,"Responder estrictamente a: ¿Cuándo conviene texto, JSON, tabla o una combinación, y cómo compararlos manteniendo constante la información relevante?",Atribución previa rectificada; contratos de API normalizados a spec oficial,"Notebook P04 (97480264-ff2c-4816-9dec-4b8ce071500a), docs.typesafe.ai, repositorios comunitarios","Remediación contractual, estandarización de contratos de API y autorrevisión",en_revision,4,3,4,4,3,Antigravity,pendiente,,a38448ffe0d27d64cd7c6a6fd8e1f4b42c962b6d06f5056dcb10e8383ceaeb17,Alcance sólido (4/5): cubre los requisitos específicos y casos de uso del dominio. Evidencia (3/5): apoyada en catálogo de fuentes canónicas; reducida por estado consulta_no_verificable en conector NotebookLM. Exactitud (4/5): contratos SDK 0.7.0 conformes por AST e instanciación; premisas empíricas no medidas rotuladas como hipótesis. Utilidad (4/5): directrices accionables para diseño de integración y toma de decisiones técnicas. Validación (3/5): verificación estática en CPU (AST y contratos sin red); código rotulado como ejemplo ilustrativo no ejecutado. Total: 18/25.
JEV-P04-007,fcc9e22390c12785f187c2aa8fc4dc6ff17c6b4b3ceb7d59c981576c7bca11d1,Responder estrictamente a: ¿Cómo representar fuentes contradictorias sin que el preprocesamiento elija silenciosamente una versión como verdadera?,Atribución previa rectificada; contratos de API normalizados a spec oficial,"Notebook P04 (97480264-ff2c-4816-9dec-4b8ce071500a), docs.typesafe.ai, repositorios comunitarios","Remediación contractual, estandarización de contratos de API y autorrevisión",en_revision,4,3,4,4,3,Antigravity,pendiente,,6fd085fd722741301cbe570633969de99b120b4a6250a80c904961fb788b5d13,Alcance sólido (4/5): cubre los requisitos específicos y casos de uso del dominio. Evidencia (3/5): apoyada en catálogo de fuentes canónicas; reducida por estado consulta_no_verificable en conector NotebookLM. Exactitud (4/5): contratos SDK 0.7.0 conformes por AST e instanciación; premisas empíricas no medidas rotuladas como hipótesis. Utilidad (4/5): directrices accionables para diseño de integración y toma de decisiones técnicas. Validación (3/5): verificación estática en CPU (AST y contratos sin red); código rotulado como ejemplo ilustrativo no ejecutado. Total: 18/25.
JEV-P04-008,dded5d4be88f2ee5aae17e981317af558951e33743922b4767164ba557b3a110,"Responder estrictamente a: ¿Qué normalizaciones preservan significado y cuáles pueden destruir negaciones, unidades, jerarquías o matices sectoriales?",Atribución previa rectificada; contratos de API normalizados a spec oficial,"Notebook P04 (97480264-ff2c-4816-9dec-4b8ce071500a), docs.typesafe.ai, repositorios comunitarios","Remediación contractual, estandarización de contratos de API y autorrevisión",en_revision,4,3,4,4,3,Antigravity,pendiente,,c6a4462924e1b04e13e151ceb8ddcfefd47a475c9c81b879fa4783e4d26f57bc,Alcance sólido (4/5): cubre los requisitos específicos y casos de uso del dominio. Evidencia (3/5): apoyada en catálogo de fuentes canónicas; reducida por estado consulta_no_verificable en conector NotebookLM. Exactitud (4/5): contratos SDK 0.7.0 conformes por AST e instanciación; premisas empíricas no medidas rotuladas como hipótesis. Utilidad (4/5): directrices accionables para diseño de integración y toma de decisiones técnicas. Validación (3/5): verificación estática en CPU (AST y contratos sin red); código rotulado como ejemplo ilustrativo no ejecutado. Total: 18/25.
JEV-P04-009,55987fc145cb78aa12280480c5b59054ddfb7f9fc172f3c73b34009f5c838cc1,"Responder estrictamente a: ¿Cómo evaluar el efecto de ruido, longitud y posición de la evidencia relevante de manera separada?",Atribución previa rectificada; contratos de API normalizados a spec oficial,"Notebook P04 (97480264-ff2c-4816-9dec-4b8ce071500a), docs.typesafe.ai, repositorios comunitarios","Remediación contractual, estandarización de contratos de API y autorrevisión",en_revision,4,3,4,4,3,Antigravity,pendiente,,5f2661fe617c783f61e5ba4e2293fcb82d37f59e88708d6b2022ab498222890b,Alcance sólido (4/5): cubre los requisitos específicos y casos de uso del dominio. Evidencia (3/5): apoyada en catálogo de fuentes canónicas; reducida por estado consulta_no_verificable en conector NotebookLM. Exactitud (4/5): contratos SDK 0.7.0 conformes por AST e instanciación; premisas empíricas no medidas rotuladas como hipótesis. Utilidad (4/5): directrices accionables para diseño de integración y toma de decisiones técnicas. Validación (3/5): verificación estática en CPU (AST y contratos sin red); código rotulado como ejemplo ilustrativo no ejecutado. Total: 18/25.
JEV-P04-010,00bc19cf1eb7b97a6b125d3bb92c13b48b3615420eb2dd77421381a7f3d939c4,Responder estrictamente a: ¿Qué estrategia de fragmentación conserva relaciones entre párrafos y evita decisiones basadas en citas incompletas?,Atribución previa rectificada; contratos de API normalizados a spec oficial,"Notebook P04 (97480264-ff2c-4816-9dec-4b8ce071500a), docs.typesafe.ai, repositorios comunitarios","Remediación contractual, estandarización de contratos de API y autorrevisión",en_revision,4,3,4,4,3,Antigravity,pendiente,,16c7f6ef7e1b662beb7b4b6107ca1edfaa220a232fa9332e3d23178bf0b9a22f,Alcance sólido (4/5): cubre los requisitos específicos y casos de uso del dominio. Evidencia (3/5): apoyada en catálogo de fuentes canónicas; reducida por estado consulta_no_verificable en conector NotebookLM. Exactitud (4/5): contratos SDK 0.7.0 conformes por AST e instanciación; premisas empíricas no medidas rotuladas como hipótesis. Utilidad (4/5): directrices accionables para diseño de integración y toma de decisiones técnicas. Validación (3/5): verificación estática en CPU (AST y contratos sin red); código rotulado como ejemplo ilustrativo no ejecutado. Total: 18/25.
JEV-P04-011,7051ae21fe0a790e93f3bbc7671de3e531ea70a9b10117919c4c526d794b3863,Responder estrictamente a: ¿Cómo condensar documentos extensos sin convertir un resumen previo equivocado en la única evidencia disponible?,Atribución previa rectificada; contratos de API normalizados a spec oficial,"Notebook P04 (97480264-ff2c-4816-9dec-4b8ce071500a), docs.typesafe.ai, repositorios comunitarios","Remediación contractual, estandarización de contratos de API y autorrevisión",en_revision,4,3,4,4,3,Antigravity,pendiente,,410367aff2e4c4d29c1ffad241d4b2c629b2ba2156e08f0b6ebd41db410a15eb,Alcance sólido (4/5): cubre los requisitos específicos y casos de uso del dominio. Evidencia (3/5): apoyada en catálogo de fuentes canónicas; reducida por estado consulta_no_verificable en conector NotebookLM. Exactitud (4/5): contratos SDK 0.7.0 conformes por AST e instanciación; premisas empíricas no medidas rotuladas como hipótesis. Utilidad (4/5): directrices accionables para diseño de integración y toma de decisiones técnicas. Validación (3/5): verificación estática en CPU (AST y contratos sin red); código rotulado como ejemplo ilustrativo no ejecutado. Total: 18/25.
JEV-P04-012,5dad923b76a6e4d5fbba7e04b512f4771e728e0f92895004a8943511b4fdbaa6,"Responder estrictamente a: ¿Cómo representar temporalidad, vigencia y revisiones para que un dato antiguo no tenga la misma autoridad que uno actualizado?",Atribución previa rectificada; contratos de API normalizados a spec oficial,"Notebook P04 (97480264-ff2c-4816-9dec-4b8ce071500a), docs.typesafe.ai, repositorios comunitarios","Remediación contractual, estandarización de contratos de API y autorrevisión",en_revision,4,3,4,4,3,Antigravity,pendiente,,2cb23f46f60ce546a1e2994f4eb00aa64e996f04a05745cc70c343551d6ff245,Alcance sólido (4/5): cubre los requisitos específicos y casos de uso del dominio. Evidencia (3/5): apoyada en catálogo de fuentes canónicas; reducida por estado consulta_no_verificable en conector NotebookLM. Exactitud (4/5): contratos SDK 0.7.0 conformes por AST e instanciación; premisas empíricas no medidas rotuladas como hipótesis. Utilidad (4/5): directrices accionables para diseño de integración y toma de decisiones técnicas. Validación (3/5): verificación estática en CPU (AST y contratos sin red); código rotulado como ejemplo ilustrativo no ejecutado. Total: 18/25.
JEV-P04-013,828499653c79e849c2367501b167573ddc2b124decaeb2ceb3a399b40767af5d,"Responder estrictamente a: ¿Qué controles detectarían duplicados, contradicciones de identificadores y mezclas de entidades antes de la inferencia?",Atribución previa rectificada; contratos de API normalizados a spec oficial,"Notebook P04 (97480264-ff2c-4816-9dec-4b8ce071500a), docs.typesafe.ai, repositorios comunitarios","Remediación contractual, estandarización de contratos de API y autorrevisión",en_revision,4,3,4,4,3,Antigravity,pendiente,,007b34e2e3ef2e16401684190431dfe6f4fb0ee30cd0ad393fc81337f9c792f0,Alcance sólido (4/5): cubre los requisitos específicos y casos de uso del dominio. Evidencia (3/5): apoyada en catálogo de fuentes canónicas; reducida por estado consulta_no_verificable en conector NotebookLM. Exactitud (4/5): contratos SDK 0.7.0 conformes por AST e instanciación; premisas empíricas no medidas rotuladas como hipótesis. Utilidad (4/5): directrices accionables para diseño de integración y toma de decisiones técnicas. Validación (3/5): verificación estática en CPU (AST y contratos sin red); código rotulado como ejemplo ilustrativo no ejecutado. Total: 18/25.
JEV-P04-014,721c6975ae9ab6792c59f3251b549192f97735c27530e68fc0d30bb98b67e347,"Responder estrictamente a: ¿Cómo preparar cantidades, monedas, porcentajes, husos horarios y unidades para delegar cálculos a código y semántica al modelo?",Atribución previa rectificada; contratos de API normalizados a spec oficial,"Notebook P04 (97480264-ff2c-4816-9dec-4b8ce071500a), docs.typesafe.ai, repositorios comunitarios","Remediación contractual, estandarización de contratos de API y autorrevisión",en_revision,4,3,4,4,3,Antigravity,pendiente,,5a35be4c07a82ca9c05998bff5a7d55120be97795ee8b908296d1fc83ef815b6,Alcance sólido (4/5): cubre los requisitos específicos y casos de uso del dominio. Evidencia (3/5): apoyada en catálogo de fuentes canónicas; reducida por estado consulta_no_verificable en conector NotebookLM. Exactitud (4/5): contratos SDK 0.7.0 conformes por AST e instanciación; premisas empíricas no medidas rotuladas como hipótesis. Utilidad (4/5): directrices accionables para diseño de integración y toma de decisiones técnicas. Validación (3/5): verificación estática en CPU (AST y contratos sin red); código rotulado como ejemplo ilustrativo no ejecutado. Total: 18/25.
JEV-P04-015,e0272148d3cc29e9a918665b6c20a1e96df78703b325b48ef3229dce01de35d0,"Responder estrictamente a: ¿Cómo tratar tablas, PDFs, OCR y transcripciones conservando indicadores de incertidumbre de la extracción?",Atribución previa rectificada; contratos de API normalizados a spec oficial,"Notebook P04 (97480264-ff2c-4816-9dec-4b8ce071500a), docs.typesafe.ai, repositorios comunitarios","Remediación contractual, estandarización de contratos de API y autorrevisión",en_revision,4,3,4,4,3,Antigravity,pendiente,,8f901d56c597a205f6127aa1c7c4e23747406130bdbba9bd6d8fdb6d1af2f2b9,Alcance sólido (4/5): cubre los requisitos específicos y casos de uso del dominio. Evidencia (3/5): apoyada en catálogo de fuentes canónicas; reducida por estado consulta_no_verificable en conector NotebookLM. Exactitud (4/5): contratos SDK 0.7.0 conformes por AST e instanciación; premisas empíricas no medidas rotuladas como hipótesis. Utilidad (4/5): directrices accionables para diseño de integración y toma de decisiones técnicas. Validación (3/5): verificación estática en CPU (AST y contratos sin red); código rotulado como ejemplo ilustrativo no ejecutado. Total: 18/25.
JEV-P04-016,a63421d350ef26a780d0227c77a16d7c054979a4b9d294b25c4cb3aced0f9783,Responder estrictamente a: ¿Cómo separar instrucciones de tarea y contenido no confiable cuando ambos viajan dentro de una misma solicitud?,Atribución previa rectificada; contratos de API normalizados a spec oficial,"Notebook P04 (97480264-ff2c-4816-9dec-4b8ce071500a), docs.typesafe.ai, repositorios comunitarios","Remediación contractual, estandarización de contratos de API y autorrevisión",en_revision,4,3,4,4,3,Antigravity,pendiente,,4853c4a316cd8d1a6727cfd79a31030f5906106f606e58dcd4d369a7da32c546,Alcance sólido (4/5): cubre los requisitos específicos y casos de uso del dominio. Evidencia (3/5): apoyada en catálogo de fuentes canónicas; reducida por estado consulta_no_verificable en conector NotebookLM. Exactitud (4/5): contratos SDK 0.7.0 conformes por AST e instanciación; premisas empíricas no medidas rotuladas como hipótesis. Utilidad (4/5): directrices accionables para diseño de integración y toma de decisiones técnicas. Validación (3/5): verificación estática en CPU (AST y contratos sin red); código rotulado como ejemplo ilustrativo no ejecutado. Total: 18/25.
JEV-P04-017,88ad8dcb3e58086ad82edd8e27051f4c4cecf5710e12467bc8925f0f7daf0d22,Responder estrictamente a: ¿Qué batería de variaciones sintéticas revela dependencia excesiva de metadatos irrelevantes o del estilo de redacción?,Atribución previa rectificada; contratos de API normalizados a spec oficial,"Notebook P04 (97480264-ff2c-4816-9dec-4b8ce071500a), docs.typesafe.ai, repositorios comunitarios","Remediación contractual, estandarización de contratos de API y autorrevisión",en_revision,4,3,4,4,3,Antigravity,pendiente,,f67919d8d905d3cc0ee2683541d71cead67f49b742233a7f3ca5a51e35e468b0,Alcance sólido (4/5): cubre los requisitos específicos y casos de uso del dominio. Evidencia (3/5): apoyada en catálogo de fuentes canónicas; reducida por estado consulta_no_verificable en conector NotebookLM. Exactitud (4/5): contratos SDK 0.7.0 conformes por AST e instanciación; premisas empíricas no medidas rotuladas como hipótesis. Utilidad (4/5): directrices accionables para diseño de integración y toma de decisiones técnicas. Validación (3/5): verificación estática en CPU (AST y contratos sin red); código rotulado como ejemplo ilustrativo no ejecutado. Total: 18/25.
JEV-P04-018,70bc80c392f90a23681d15086e9d83ad655d6c9b352cb6afadba0b59f4a24829,Responder estrictamente a: ¿Cómo diseñar un validador previo que rechace entradas incompletas sin descartar casos válidos difíciles?,Atribución previa rectificada; contratos de API normalizados a spec oficial,"Notebook P04 (97480264-ff2c-4816-9dec-4b8ce071500a), docs.typesafe.ai, repositorios comunitarios","Remediación contractual, estandarización de contratos de API y autorrevisión",en_revision,4,3,4,4,3,Antigravity,pendiente,,5f9dc779b422aa5e71351246014cb7d6c1e5c1f5de6afb029de4a6f5283faa5c,Alcance sólido (4/5): cubre los requisitos específicos y casos de uso del dominio. Evidencia (3/5): apoyada en catálogo de fuentes canónicas; reducida por estado consulta_no_verificable en conector NotebookLM. Exactitud (4/5): contratos SDK 0.7.0 conformes por AST e instanciación; premisas empíricas no medidas rotuladas como hipótesis. Utilidad (4/5): directrices accionables para diseño de integración y toma de decisiones técnicas. Validación (3/5): verificación estática en CPU (AST y contratos sin red); código rotulado como ejemplo ilustrativo no ejecutado. Total: 18/25.
JEV-P04-019,52fc5581cbf84270a8cfb4d19ed8ee3cbb4b66308b09732501e6c1e97cd78d7a,Responder estrictamente a: ¿Qué reglas de reutilización y caducidad del contexto evitan decisiones con información obsoleta durante un flujo largo?,Atribución previa rectificada; contratos de API normalizados a spec oficial,"Notebook P04 (97480264-ff2c-4816-9dec-4b8ce071500a), docs.typesafe.ai, repositorios comunitarios","Remediación contractual, estandarización de contratos de API y autorrevisión",en_revision,4,3,4,4,3,Antigravity,pendiente,,dd92c17bafcb92e218eaae32e69f37b96ff39ae0f1881a88703f6e64641f99f2,Alcance sólido (4/5): cubre los requisitos específicos y casos de uso del dominio. Evidencia (3/5): apoyada en catálogo de fuentes canónicas; reducida por estado consulta_no_verificable en conector NotebookLM. Exactitud (4/5): contratos SDK 0.7.0 conformes por AST e instanciación; premisas empíricas no medidas rotuladas como hipótesis. Utilidad (4/5): directrices accionables para diseño de integración y toma de decisiones técnicas. Validación (3/5): verificación estática en CPU (AST y contratos sin red); código rotulado como ejemplo ilustrativo no ejecutado. Total: 18/25.
JEV-P04-020,78950952141e5674253853310c2f85f72210b0cad07e16e51ab94208e5eddaec,"Responder estrictamente a: ¿Qué conjunto de ejemplos válidos, inválidos y límite debe acompañar todo esquema de entrada usado por nuestros proyectos?",Atribución previa rectificada; contratos de API normalizados a spec oficial,"Notebook P04 (97480264-ff2c-4816-9dec-4b8ce071500a), docs.typesafe.ai, repositorios comunitarios","Remediación contractual, estandarización de contratos de API y autorrevisión",en_revision,4,3,4,4,3,Antigravity,pendiente,,a19380d949066a1bdd8e1e375219e2f380da94df67bbccf0ba168dfc14595be7,Alcance sólido (4/5): cubre los requisitos específicos y casos de uso del dominio. Evidencia (3/5): apoyada en catálogo de fuentes canónicas; reducida por estado consulta_no_verificable en conector NotebookLM. Exactitud (4/5): contratos SDK 0.7.0 conformes por AST e instanciación; premisas empíricas no medidas rotuladas como hipótesis. Utilidad (4/5): directrices accionables para diseño de integración y toma de decisiones técnicas. Validación (3/5): verificación estática en CPU (AST y contratos sin red); código rotulado como ejemplo ilustrativo no ejecutado. Total: 18/25.
JEV-P05-001,88c0d29bc6a7d7d65a93ce2e6eeb36650dee605aa9eb537ccc087413baaae124,"Responder estrictamente a: ¿Qué significan exactamente las probabilidades y confidence devueltos por Jev, y cuál es su relación documentada con la corrección de una decisión?",Atribución previa rectificada; contratos de API normalizados a spec oficial,"Notebook P05 (d65c48bf-c7d3-44d4-b0cf-79842f3df7dc), docs.typesafe.ai, repositorios comunitarios","Remediación contractual, estandarización de contratos de API y autorrevisión",en_revision,5,4,4,4,3,Antigravity,pendiente,,a0808b3350f5f648c34d79f5f2bcd09f387716e242fe0a1f426959bca5f87817,"Alcance completo (5/5): delimitación exhaustiva de componentes, supuestos y fronteras técnicas. Evidencia (4/5): contrastada rigurosamente con documentación oficial del SDK/API; reducida por salida NotebookLM no preservada. Exactitud (4/5): contratos SDK 0.7.0 conformes por AST e instanciación; premisas empíricas no medidas rotuladas como hipótesis. Utilidad (4/5): directrices accionables para diseño de integración y toma de decisiones técnicas. Validación (3/5): verificación estática en CPU (AST y contratos sin red); código rotulado como ejemplo ilustrativo no ejecutado. Total: 20/25."
JEV-P05-002,17fc3cd4c28937955203d72ebbe06151c4946c8cb1a90ad1e7790a9b1f236742,"Responder estrictamente a: ¿Cómo distinguir calibración, discriminación, exactitud y utilidad empresarial usando un mismo ejemplo numérico sintético?",Atribución previa rectificada; contratos de API normalizados a spec oficial,"Notebook P05 (d65c48bf-c7d3-44d4-b0cf-79842f3df7dc), docs.typesafe.ai, repositorios comunitarios","Remediación contractual, estandarización de contratos de API y autorrevisión",en_revision,5,4,4,4,3,Antigravity,pendiente,,b5119a1be394957abf0307d858fd113392c3bb21cb695f18a5aa4294a9474956,"Alcance completo (5/5): delimitación exhaustiva de componentes, supuestos y fronteras técnicas. Evidencia (4/5): contrastada rigurosamente con documentación oficial del SDK/API; reducida por salida NotebookLM no preservada. Exactitud (4/5): contratos SDK 0.7.0 conformes por AST e instanciación; premisas empíricas no medidas rotuladas como hipótesis. Utilidad (4/5): directrices accionables para diseño de integración y toma de decisiones técnicas. Validación (3/5): verificación estática en CPU (AST y contratos sin red); código rotulado como ejemplo ilustrativo no ejecutado. Total: 20/25."
JEV-P05-003,57c39c53f04d21ac48de7bb55386cb6f230f724a1deddd0a1613550e6ac53eba,Responder estrictamente a: ¿Qué evidencia sería necesaria para afirmar que las salidas están calibradas en nuestros datos y no solo en un benchmark del proveedor?,Atribución previa rectificada; contratos de API normalizados a spec oficial,"Notebook P05 (d65c48bf-c7d3-44d4-b0cf-79842f3df7dc), docs.typesafe.ai, repositorios comunitarios","Remediación contractual, estandarización de contratos de API y autorrevisión",en_revision,4,4,4,4,3,Antigravity,pendiente,,c79997ea8fdf27c7b1c1821fe0dd1de67b556b5e1cdaa7ef672bc29515311097,Alcance sólido (4/5): cubre los requisitos específicos y casos de uso del dominio. Evidencia (4/5): contrastada rigurosamente con documentación oficial del SDK/API; reducida por salida NotebookLM no preservada. Exactitud (4/5): contratos SDK 0.7.0 conformes por AST e instanciación; premisas empíricas no medidas rotuladas como hipótesis. Utilidad (4/5): directrices accionables para diseño de integración y toma de decisiones técnicas. Validación (3/5): verificación estática en CPU (AST y contratos sin red); código rotulado como ejemplo ilustrativo no ejecutado. Total: 19/25.
JEV-P05-004,a4c0209e01e9101be353d7cd21ac1e1da0f3b9b010532ece65fb3db084a53d8e,"Responder estrictamente a: ¿Cómo diseñar una política que elija entre actuar, solicitar contexto, escalar o abstenerse según la incertidumbre y el impacto?",Atribución previa rectificada; contratos de API normalizados a spec oficial,"Notebook P05 (d65c48bf-c7d3-44d4-b0cf-79842f3df7dc), docs.typesafe.ai, repositorios comunitarios","Remediación contractual, estandarización de contratos de API y autorrevisión",en_revision,4,4,4,4,3,Antigravity,pendiente,,f012f48d2b910a6cf661c17c481f5de44421671700196cc4f963d3929fb9ae71,Alcance sólido (4/5): cubre los requisitos específicos y casos de uso del dominio. Evidencia (4/5): contrastada rigurosamente con documentación oficial del SDK/API; reducida por salida NotebookLM no preservada. Exactitud (4/5): contratos SDK 0.7.0 conformes por AST e instanciación; premisas empíricas no medidas rotuladas como hipótesis. Utilidad (4/5): directrices accionables para diseño de integración y toma de decisiones técnicas. Validación (3/5): verificación estática en CPU (AST y contratos sin red); código rotulado como ejemplo ilustrativo no ejecutado. Total: 19/25.
JEV-P05-005,e6119b373a040d4b1cd5249ee83e088b0945a6f812f25348d6359f5991994b21,Responder estrictamente a: ¿Cómo estimar el costo esperado de falsos positivos y falsos negativos sin imponer un umbral universal de confianza?,Atribución previa rectificada; contratos de API normalizados a spec oficial,"Notebook P05 (d65c48bf-c7d3-44d4-b0cf-79842f3df7dc), docs.typesafe.ai, repositorios comunitarios","Remediación contractual, estandarización de contratos de API y autorrevisión",en_revision,4,4,4,4,3,Antigravity,pendiente,,ff4dfbae99f63c4e00a502aaaf602ba551bfcf48e3ec82911ff44c84bf8f78d7,Alcance sólido (4/5): cubre los requisitos específicos y casos de uso del dominio. Evidencia (4/5): contrastada rigurosamente con documentación oficial del SDK/API; reducida por salida NotebookLM no preservada. Exactitud (4/5): contratos SDK 0.7.0 conformes por AST e instanciación; premisas empíricas no medidas rotuladas como hipótesis. Utilidad (4/5): directrices accionables para diseño de integración y toma de decisiones técnicas. Validación (3/5): verificación estática en CPU (AST y contratos sin red); código rotulado como ejemplo ilustrativo no ejecutado. Total: 19/25.
JEV-P05-006,eca27139287f107648401bcba0deaf2179438a6ee52447a0fd81346942c2c11d,"Responder estrictamente a: ¿Cuándo usar Brier score, log loss y curvas de fiabilidad, y qué aspectos del comportamiento no captura cada medida?",Atribución previa rectificada; contratos de API normalizados a spec oficial,"Notebook P05 (d65c48bf-c7d3-44d4-b0cf-79842f3df7dc), docs.typesafe.ai, repositorios comunitarios","Remediación contractual, estandarización de contratos de API y autorrevisión",en_revision,4,4,4,4,3,Antigravity,pendiente,,a5d8599efbf2b47a344eca32d71d029929beb39f49ff5f182a3cbeb53270a784,Alcance sólido (4/5): cubre los requisitos específicos y casos de uso del dominio. Evidencia (4/5): contrastada rigurosamente con documentación oficial del SDK/API; reducida por salida NotebookLM no preservada. Exactitud (4/5): contratos SDK 0.7.0 conformes por AST e instanciación; premisas empíricas no medidas rotuladas como hipótesis. Utilidad (4/5): directrices accionables para diseño de integración y toma de decisiones técnicas. Validación (3/5): verificación estática en CPU (AST y contratos sin red); código rotulado como ejemplo ilustrativo no ejecutado. Total: 19/25.
JEV-P05-007,6d3795522eee5c1642afaa944c364f28384a8657953ead8d9666407671c7b286,Responder estrictamente a: ¿Cómo afectan la elección de intervalos y el tamaño de muestra a medidas de error de calibración como ECE?,Atribución previa rectificada; contratos de API normalizados a spec oficial,"Notebook P05 (d65c48bf-c7d3-44d4-b0cf-79842f3df7dc), docs.typesafe.ai, repositorios comunitarios","Remediación contractual, estandarización de contratos de API y autorrevisión",en_revision,4,4,4,4,3,Antigravity,pendiente,,7b7aa5f7a11b2caa97ffe91fb18b472df317395909def392d2695a8d71ec066b,Alcance sólido (4/5): cubre los requisitos específicos y casos de uso del dominio. Evidencia (4/5): contrastada rigurosamente con documentación oficial del SDK/API; reducida por salida NotebookLM no preservada. Exactitud (4/5): contratos SDK 0.7.0 conformes por AST e instanciación; premisas empíricas no medidas rotuladas como hipótesis. Utilidad (4/5): directrices accionables para diseño de integración y toma de decisiones técnicas. Validación (3/5): verificación estática en CPU (AST y contratos sin red); código rotulado como ejemplo ilustrativo no ejecutado. Total: 19/25.
JEV-P05-008,1ab821a77eee73b196bb564d3ccb689300b07276f33ba89e9e5d1025a6088d97,Responder estrictamente a: ¿Cómo detectar buena calibración agregada que oculta errores graves en clases minoritarias o grupos relevantes?,Atribución previa rectificada; contratos de API normalizados a spec oficial,"Notebook P05 (d65c48bf-c7d3-44d4-b0cf-79842f3df7dc), docs.typesafe.ai, repositorios comunitarios","Remediación contractual, estandarización de contratos de API y autorrevisión",en_revision,4,4,4,4,3,Antigravity,pendiente,,537b181a107ac1f5c79f61fc9eec91543afb434b200cc999d8b1b41642f775a3,Alcance sólido (4/5): cubre los requisitos específicos y casos de uso del dominio. Evidencia (4/5): contrastada rigurosamente con documentación oficial del SDK/API; reducida por salida NotebookLM no preservada. Exactitud (4/5): contratos SDK 0.7.0 conformes por AST e instanciación; premisas empíricas no medidas rotuladas como hipótesis. Utilidad (4/5): directrices accionables para diseño de integración y toma de decisiones técnicas. Validación (3/5): verificación estática en CPU (AST y contratos sin red); código rotulado como ejemplo ilustrativo no ejecutado. Total: 19/25.
JEV-P05-009,7b66c9c40305c41bc83d3a3968ca1134d7864d8a4ae0fad780c8e561671d2274,Responder estrictamente a: ¿Cómo ajustar umbrales con validación reservando un conjunto final que permanezca intacto hasta evaluar la política completa?,Atribución previa rectificada; contratos de API normalizados a spec oficial,"Notebook P05 (d65c48bf-c7d3-44d4-b0cf-79842f3df7dc), docs.typesafe.ai, repositorios comunitarios","Remediación contractual, estandarización de contratos de API y autorrevisión",en_revision,4,4,4,4,3,Antigravity,pendiente,,a87e08eb7fd3496b548507af4d5ed533e3f697706b963ba3f68acc60a51fca4c,Alcance sólido (4/5): cubre los requisitos específicos y casos de uso del dominio. Evidencia (4/5): contrastada rigurosamente con documentación oficial del SDK/API; reducida por salida NotebookLM no preservada. Exactitud (4/5): contratos SDK 0.7.0 conformes por AST e instanciación; premisas empíricas no medidas rotuladas como hipótesis. Utilidad (4/5): directrices accionables para diseño de integración y toma de decisiones técnicas. Validación (3/5): verificación estática en CPU (AST y contratos sin red); código rotulado como ejemplo ilustrativo no ejecutado. Total: 19/25.
JEV-P05-010,e19c41e00bb16c1546839516f295d0bca39216de96f4b5dcbcc366e226658ff4,Responder estrictamente a: ¿Cómo expresar incertidumbre de las métricas y decidir si hay muestra suficiente para automatizar una fracción del tráfico?,Atribución previa rectificada; contratos de API normalizados a spec oficial,"Notebook P05 (d65c48bf-c7d3-44d4-b0cf-79842f3df7dc), docs.typesafe.ai, repositorios comunitarios","Remediación contractual, estandarización de contratos de API y autorrevisión",en_revision,4,4,4,4,3,Antigravity,pendiente,,ecb55b13ffeb07503d0f345bbd8bbd75f3e32d5fbaf0fb55ed63db6516272672,Alcance sólido (4/5): cubre los requisitos específicos y casos de uso del dominio. Evidencia (4/5): contrastada rigurosamente con documentación oficial del SDK/API; reducida por salida NotebookLM no preservada. Exactitud (4/5): contratos SDK 0.7.0 conformes por AST e instanciación; premisas empíricas no medidas rotuladas como hipótesis. Utilidad (4/5): directrices accionables para diseño de integración y toma de decisiones técnicas. Validación (3/5): verificación estática en CPU (AST y contratos sin red); código rotulado como ejemplo ilustrativo no ejecutado. Total: 19/25.
JEV-P05-011,5b8e530085806e7a13cd10a1f229eb4db3ea0f0e6548ca6c56123e8b84e3bf7a,Responder estrictamente a: ¿Cómo cambia la decisión óptima cuando se modifica la prevalencia de una clase aunque el modelo no haya cambiado?,Atribución previa rectificada; contratos de API normalizados a spec oficial,"Notebook P05 (d65c48bf-c7d3-44d4-b0cf-79842f3df7dc), docs.typesafe.ai, repositorios comunitarios","Remediación contractual, estandarización de contratos de API y autorrevisión",en_revision,4,4,4,4,3,Antigravity,pendiente,,0ca51ba38ef27992662cc000a68e0c8eae2897481eff8fb17bc569fe01aa70e4,Alcance sólido (4/5): cubre los requisitos específicos y casos de uso del dominio. Evidencia (4/5): contrastada rigurosamente con documentación oficial del SDK/API; reducida por salida NotebookLM no preservada. Exactitud (4/5): contratos SDK 0.7.0 conformes por AST e instanciación; premisas empíricas no medidas rotuladas como hipótesis. Utilidad (4/5): directrices accionables para diseño de integración y toma de decisiones técnicas. Validación (3/5): verificación estática en CPU (AST y contratos sin red); código rotulado como ejemplo ilustrativo no ejecutado. Total: 19/25.
JEV-P05-012,226a8f3f748e556eb6291c952e26894216f9b8bbc8b4d2790eccb239a39dc9b2,Responder estrictamente a: ¿Qué muestran las curvas de riesgo frente a cobertura y cómo incorporar el costo de los casos escalados a humanos?,Atribución previa rectificada; contratos de API normalizados a spec oficial,"Notebook P05 (d65c48bf-c7d3-44d4-b0cf-79842f3df7dc), docs.typesafe.ai, repositorios comunitarios","Remediación contractual, estandarización de contratos de API y autorrevisión",en_revision,4,4,4,4,3,Antigravity,pendiente,,f5c7b22ffc6cbc2caee80c151bedd95c84abedc6e16a02df0023c3390ef4f0c9,Alcance sólido (4/5): cubre los requisitos específicos y casos de uso del dominio. Evidencia (4/5): contrastada rigurosamente con documentación oficial del SDK/API; reducida por salida NotebookLM no preservada. Exactitud (4/5): contratos SDK 0.7.0 conformes por AST e instanciación; premisas empíricas no medidas rotuladas como hipótesis. Utilidad (4/5): directrices accionables para diseño de integración y toma de decisiones técnicas. Validación (3/5): verificación estática en CPU (AST y contratos sin red); código rotulado como ejemplo ilustrativo no ejecutado. Total: 19/25.
JEV-P05-013,34d7454abd33616943f5e75a7cbfd1e9b088c66df272e60b95fdd1004100fce8,"Responder estrictamente a: ¿Qué métodos de recalibración podrían evaluarse y qué datos, supuestos y riesgos de sobreajuste requiere cada uno?",Atribución previa rectificada; contratos de API normalizados a spec oficial,"Notebook P05 (d65c48bf-c7d3-44d4-b0cf-79842f3df7dc), docs.typesafe.ai, repositorios comunitarios","Remediación contractual, estandarización de contratos de API y autorrevisión",en_revision,4,4,4,4,3,Antigravity,pendiente,,008a52182a9a44af6065dab9e1e8f4222a3bfb827c61220111545739d7c0e12f,Alcance sólido (4/5): cubre los requisitos específicos y casos de uso del dominio. Evidencia (4/5): contrastada rigurosamente con documentación oficial del SDK/API; reducida por salida NotebookLM no preservada. Exactitud (4/5): contratos SDK 0.7.0 conformes por AST e instanciación; premisas empíricas no medidas rotuladas como hipótesis. Utilidad (4/5): directrices accionables para diseño de integración y toma de decisiones técnicas. Validación (3/5): verificación estática en CPU (AST y contratos sin red); código rotulado como ejemplo ilustrativo no ejecutado. Total: 19/25.
JEV-P05-014,ce303da218433386387bd742592e81b0addc39d98ab7b1912c6d309732024976,Responder estrictamente a: ¿Cuándo es pertinente la predicción conforme y qué supuestos impedirían tratar sus garantías como universales en producción?,Atribución previa rectificada; contratos de API normalizados a spec oficial,"Notebook P05 (d65c48bf-c7d3-44d4-b0cf-79842f3df7dc), docs.typesafe.ai, repositorios comunitarios","Remediación contractual, estandarización de contratos de API y autorrevisión",en_revision,4,4,4,4,3,Antigravity,pendiente,,8e7e9ca7703d4572dcbb025adb2f4e9beb95fb01d01d5307f7d9372c42c5908a,Alcance sólido (4/5): cubre los requisitos específicos y casos de uso del dominio. Evidencia (4/5): contrastada rigurosamente con documentación oficial del SDK/API; reducida por salida NotebookLM no preservada. Exactitud (4/5): contratos SDK 0.7.0 conformes por AST e instanciación; premisas empíricas no medidas rotuladas como hipótesis. Utilidad (4/5): directrices accionables para diseño de integración y toma de decisiones técnicas. Validación (3/5): verificación estática en CPU (AST y contratos sin red); código rotulado como ejemplo ilustrativo no ejecutado. Total: 19/25.
JEV-P05-015,96bcf8e08db245f56b17155cf33c237afd66957d01b07b458eda193e44ede506,Responder estrictamente a: ¿Cómo distinguir desacuerdo razonable entre etiquetas humanas de mala calibración o errores del modelo?,Atribución previa rectificada; contratos de API normalizados a spec oficial,"Notebook P05 (d65c48bf-c7d3-44d4-b0cf-79842f3df7dc), docs.typesafe.ai, repositorios comunitarios","Remediación contractual, estandarización de contratos de API y autorrevisión",en_revision,4,4,4,4,3,Antigravity,pendiente,,714c86a29a6f8f57f76a656e2f73efefddb7d568df4360250a26767422a2552c,Alcance sólido (4/5): cubre los requisitos específicos y casos de uso del dominio. Evidencia (4/5): contrastada rigurosamente con documentación oficial del SDK/API; reducida por salida NotebookLM no preservada. Exactitud (4/5): contratos SDK 0.7.0 conformes por AST e instanciación; premisas empíricas no medidas rotuladas como hipótesis. Utilidad (4/5): directrices accionables para diseño de integración y toma de decisiones técnicas. Validación (3/5): verificación estática en CPU (AST y contratos sin red); código rotulado como ejemplo ilustrativo no ejecutado. Total: 19/25.
JEV-P05-016,91b5c4898c744de697131bbaf4f5947152c7d21ecf506461fd61ee569e7bf771,Responder estrictamente a: ¿Qué significa una salida muy segura ante evidencia insuficiente y qué controles externos pueden detectarla?,Atribución previa rectificada; contratos de API normalizados a spec oficial,"Notebook P05 (d65c48bf-c7d3-44d4-b0cf-79842f3df7dc), docs.typesafe.ai, repositorios comunitarios","Remediación contractual, estandarización de contratos de API y autorrevisión",en_revision,4,4,4,4,3,Antigravity,pendiente,,e8b189a6fe808cf6dcd8c2e831dbf2c92fc93e22d3e45ad6e3375991fc22448c,Alcance sólido (4/5): cubre los requisitos específicos y casos de uso del dominio. Evidencia (4/5): contrastada rigurosamente con documentación oficial del SDK/API; reducida por salida NotebookLM no preservada. Exactitud (4/5): contratos SDK 0.7.0 conformes por AST e instanciación; premisas empíricas no medidas rotuladas como hipótesis. Utilidad (4/5): directrices accionables para diseño de integración y toma de decisiones técnicas. Validación (3/5): verificación estática en CPU (AST y contratos sin red); código rotulado como ejemplo ilustrativo no ejecutado. Total: 19/25.
JEV-P05-017,63012166c16a93cb0c33dbaaa0d7270d9d9f843aa61e9e202be3dd0a2de2e793,Responder estrictamente a: ¿Por qué combinar probabilidades de varias decisiones puede ser inválido si sus errores están correlacionados?,Atribución previa rectificada; contratos de API normalizados a spec oficial,"Notebook P05 (d65c48bf-c7d3-44d4-b0cf-79842f3df7dc), docs.typesafe.ai, repositorios comunitarios","Remediación contractual, estandarización de contratos de API y autorrevisión",en_revision,4,4,4,4,3,Antigravity,pendiente,,e127e2de0b61aef1620b24c043ccb74975f8a386b42067113670b981f1de5061,Alcance sólido (4/5): cubre los requisitos específicos y casos de uso del dominio. Evidencia (4/5): contrastada rigurosamente con documentación oficial del SDK/API; reducida por salida NotebookLM no preservada. Exactitud (4/5): contratos SDK 0.7.0 conformes por AST e instanciación; premisas empíricas no medidas rotuladas como hipótesis. Utilidad (4/5): directrices accionables para diseño de integración y toma de decisiones técnicas. Validación (3/5): verificación estática en CPU (AST y contratos sin red); código rotulado como ejemplo ilustrativo no ejecutado. Total: 19/25.
JEV-P05-018,1aeea9ed726bd6d4091f1ae31d9d8aa80240bd81a13c04d1ad640b2b05de574b,"Responder estrictamente a: ¿Cómo detectar pérdida de calibración tras cambios de dominio, idioma, taxonomía o versión y decidir cuándo recalibrar?",Atribución previa rectificada; contratos de API normalizados a spec oficial,"Notebook P05 (d65c48bf-c7d3-44d4-b0cf-79842f3df7dc), docs.typesafe.ai, repositorios comunitarios","Remediación contractual, estandarización de contratos de API y autorrevisión",en_revision,4,4,4,4,3,Antigravity,pendiente,,3b350870f15d2f52ae6d155a61dd429da901f120b7a58223170134e919e81326,Alcance sólido (4/5): cubre los requisitos específicos y casos de uso del dominio. Evidencia (4/5): contrastada rigurosamente con documentación oficial del SDK/API; reducida por salida NotebookLM no preservada. Exactitud (4/5): contratos SDK 0.7.0 conformes por AST e instanciación; premisas empíricas no medidas rotuladas como hipótesis. Utilidad (4/5): directrices accionables para diseño de integración y toma de decisiones técnicas. Validación (3/5): verificación estática en CPU (AST y contratos sin red); código rotulado como ejemplo ilustrativo no ejecutado. Total: 19/25.
JEV-P05-019,73d0bf301153443b443316f92e5929f95d903382a95cb2c287acc5f5c40e82fd,Responder estrictamente a: ¿Cómo presentar incertidumbre a una persona operadora sin inducir confianza excesiva ni convertir cada caso en una revisión innecesaria?,Atribución previa rectificada; contratos de API normalizados a spec oficial,"Notebook P05 (d65c48bf-c7d3-44d4-b0cf-79842f3df7dc), docs.typesafe.ai, repositorios comunitarios","Remediación contractual, estandarización de contratos de API y autorrevisión",en_revision,4,4,4,4,3,Antigravity,pendiente,,81287976bbd5e8a433aa89f8136b2514a23100baad12bad55e680be5a9b0d95f,Alcance sólido (4/5): cubre los requisitos específicos y casos de uso del dominio. Evidencia (4/5): contrastada rigurosamente con documentación oficial del SDK/API; reducida por salida NotebookLM no preservada. Exactitud (4/5): contratos SDK 0.7.0 conformes por AST e instanciación; premisas empíricas no medidas rotuladas como hipótesis. Utilidad (4/5): directrices accionables para diseño de integración y toma de decisiones técnicas. Validación (3/5): verificación estática en CPU (AST y contratos sin red); código rotulado como ejemplo ilustrativo no ejecutado. Total: 19/25.
JEV-P05-020,c96aaf53893a6c884958ef5b75c6ba20aee01faa9e295b741e5282884f47601a,"Responder estrictamente a: ¿Qué política documentada de umbrales, revisión y abstención debería acompañar cada piloto de Jev?",Atribución previa rectificada; contratos de API normalizados a spec oficial,"Notebook P05 (d65c48bf-c7d3-44d4-b0cf-79842f3df7dc), docs.typesafe.ai, repositorios comunitarios","Remediación contractual, estandarización de contratos de API y autorrevisión",en_revision,4,4,4,4,3,Antigravity,pendiente,,f01a99aca5992a14e4c2bb1e6ab9f556390f34d99439f3f70d65ddd9d8b37373,Alcance sólido (4/5): cubre los requisitos específicos y casos de uso del dominio. Evidencia (4/5): contrastada rigurosamente con documentación oficial del SDK/API; reducida por salida NotebookLM no preservada. Exactitud (4/5): contratos SDK 0.7.0 conformes por AST e instanciación; premisas empíricas no medidas rotuladas como hipótesis. Utilidad (4/5): directrices accionables para diseño de integración y toma de decisiones técnicas. Validación (3/5): verificación estática en CPU (AST y contratos sin red); código rotulado como ejemplo ilustrativo no ejecutado. Total: 19/25.
JEV-P06-001,41d73cdedcc83c295e6a339097d28a985c433f7c28cb8d9e2873add7e9d749d6,Responder estrictamente a: ¿Qué hipótesis concreta de utilidad debe aprobar Jev frente a una línea base antes de incorporarlo a un desarrollo?,Atribución previa rectificada; contratos de API normalizados a spec oficial,"Notebook P06 (9b87f42f-e3f9-49ca-afb4-affe7c6259da), docs.typesafe.ai, repositorios comunitarios","Remediación contractual, estandarización de contratos de API y autorrevisión",en_revision,5,3,4,4,3,Antigravity,pendiente,,5e2e4350ea74003366e7934ba351669890633fb4de19267dc6156724c4dfaf50,"Alcance completo (5/5): delimitación exhaustiva de componentes, supuestos y fronteras técnicas. Evidencia (3/5): apoyada en catálogo de fuentes canónicas; reducida por estado consulta_no_verificable en conector NotebookLM. Exactitud (4/5): contratos SDK 0.7.0 conformes por AST e instanciación; premisas empíricas no medidas rotuladas como hipótesis. Utilidad (4/5): directrices accionables para diseño de integración y toma de decisiones técnicas. Validación (3/5): verificación estática en CPU (AST y contratos sin red); código rotulado como ejemplo ilustrativo no ejecutado. Total: 19/25."
JEV-P06-002,9bf4655705d0021c811b4b34235a576c2da7cbcde6dd8cb8245cd5d5fdd212c5,"Responder estrictamente a: ¿Qué comparadores representan alternativas realistas: reglas, búsqueda, modelos clásicos, modelos pequeños, LLM estructurado o trabajo humano?",Atribución previa rectificada; contratos de API normalizados a spec oficial,"Notebook P06 (9b87f42f-e3f9-49ca-afb4-affe7c6259da), docs.typesafe.ai, repositorios comunitarios","Remediación contractual, estandarización de contratos de API y autorrevisión",en_revision,5,3,4,4,3,Antigravity,pendiente,,cded4a3a8c349b5a5cb6156d06f61fd616bf01d58b79a9aed5263c975740b918,"Alcance completo (5/5): delimitación exhaustiva de componentes, supuestos y fronteras técnicas. Evidencia (3/5): apoyada en catálogo de fuentes canónicas; reducida por estado consulta_no_verificable en conector NotebookLM. Exactitud (4/5): contratos SDK 0.7.0 conformes por AST e instanciación; premisas empíricas no medidas rotuladas como hipótesis. Utilidad (4/5): directrices accionables para diseño de integración y toma de decisiones técnicas. Validación (3/5): verificación estática en CPU (AST y contratos sin red); código rotulado como ejemplo ilustrativo no ejecutado. Total: 19/25."
JEV-P06-003,e90750cad0fe6fe00c1e9b292a9246d2e7fec4ff0ec1af090d7e2542c314dcf3,Responder estrictamente a: ¿Cómo construir un conjunto representativo de decisiones reales usando inicialmente datos públicos o sintéticos y documentando el límite de transferencia?,Atribución previa rectificada; contratos de API normalizados a spec oficial,"Notebook P06 (9b87f42f-e3f9-49ca-afb4-affe7c6259da), docs.typesafe.ai, repositorios comunitarios","Remediación contractual, estandarización de contratos de API y autorrevisión",en_revision,4,3,4,4,3,Antigravity,pendiente,,33a6d9ce9bb6bddc0b1ce1e8be550298007bb2d3446d879486d09f47ea33a645,Alcance sólido (4/5): cubre los requisitos específicos y casos de uso del dominio. Evidencia (3/5): apoyada en catálogo de fuentes canónicas; reducida por estado consulta_no_verificable en conector NotebookLM. Exactitud (4/5): contratos SDK 0.7.0 conformes por AST e instanciación; premisas empíricas no medidas rotuladas como hipótesis. Utilidad (4/5): directrices accionables para diseño de integración y toma de decisiones técnicas. Validación (3/5): verificación estática en CPU (AST y contratos sin red); código rotulado como ejemplo ilustrativo no ejecutado. Total: 18/25.
JEV-P06-004,63e2c9929aa53458cdc40c15925b146a3eec84d278a8c45e7bbf2c8f8d775c71,"Responder estrictamente a: ¿Cómo separar ajuste, calibración y evaluación final evitando filtración entre entidades, documentos relacionados o períodos?",Atribución previa rectificada; contratos de API normalizados a spec oficial,"Notebook P06 (9b87f42f-e3f9-49ca-afb4-affe7c6259da), docs.typesafe.ai, repositorios comunitarios","Remediación contractual, estandarización de contratos de API y autorrevisión",en_revision,4,3,4,4,3,Antigravity,pendiente,,e99fbc9d6a9c87c9d20e5ebb9458e078575713b69e68f52ec83af09a9e2ee6db,Alcance sólido (4/5): cubre los requisitos específicos y casos de uso del dominio. Evidencia (3/5): apoyada en catálogo de fuentes canónicas; reducida por estado consulta_no_verificable en conector NotebookLM. Exactitud (4/5): contratos SDK 0.7.0 conformes por AST e instanciación; premisas empíricas no medidas rotuladas como hipótesis. Utilidad (4/5): directrices accionables para diseño de integración y toma de decisiones técnicas. Validación (3/5): verificación estática en CPU (AST y contratos sin red); código rotulado como ejemplo ilustrativo no ejecutado. Total: 18/25.
JEV-P06-005,a49d9d29e28c4263e07f842c1f0c5aa2346354f8bc4635498b926445bb8a002c,Responder estrictamente a: ¿Qué protocolo de anotación humana produce etiquetas y desacuerdos auditables sin tomar el consenso de modelos como verdad absoluta?,Atribución previa rectificada; contratos de API normalizados a spec oficial,"Notebook P06 (9b87f42f-e3f9-49ca-afb4-affe7c6259da), docs.typesafe.ai, repositorios comunitarios","Remediación contractual, estandarización de contratos de API y autorrevisión",en_revision,4,3,4,4,3,Antigravity,pendiente,,cd0d09175f83d83ed04e5e3d82ab67c8b393b93d1bfa9de1720b2615acac5a41,Alcance sólido (4/5): cubre los requisitos específicos y casos de uso del dominio. Evidencia (3/5): apoyada en catálogo de fuentes canónicas; reducida por estado consulta_no_verificable en conector NotebookLM. Exactitud (4/5): contratos SDK 0.7.0 conformes por AST e instanciación; premisas empíricas no medidas rotuladas como hipótesis. Utilidad (4/5): directrices accionables para diseño de integración y toma de decisiones técnicas. Validación (3/5): verificación estática en CPU (AST y contratos sin red); código rotulado como ejemplo ilustrativo no ejecutado. Total: 18/25.
JEV-P06-006,6a4083bb55d29c45b0412fc8a121a133c64f74e3a2e6b1f8a2511613c068ea05,"Responder estrictamente a: ¿Cómo calcular o justificar tamaño de muestra según frecuencia del error importante, efecto mínimo y precisión de la estimación?",Atribución previa rectificada; contratos de API normalizados a spec oficial,"Notebook P06 (9b87f42f-e3f9-49ca-afb4-affe7c6259da), docs.typesafe.ai, repositorios comunitarios","Remediación contractual, estandarización de contratos de API y autorrevisión",en_revision,4,3,4,4,3,Antigravity,pendiente,,0a687df5db17ef7d3c119443048619e4c0553c8f5268a6dcb5ee1ae061f9a4ee,Alcance sólido (4/5): cubre los requisitos específicos y casos de uso del dominio. Evidencia (3/5): apoyada en catálogo de fuentes canónicas; reducida por estado consulta_no_verificable en conector NotebookLM. Exactitud (4/5): contratos SDK 0.7.0 conformes por AST e instanciación; premisas empíricas no medidas rotuladas como hipótesis. Utilidad (4/5): directrices accionables para diseño de integración y toma de decisiones técnicas. Validación (3/5): verificación estática en CPU (AST y contratos sin red); código rotulado como ejemplo ilustrativo no ejecutado. Total: 18/25.
JEV-P06-007,459e506d692134a2cd90e46a867088914f7ad9dd6e97f7b5e3e225069e1a225c,Responder estrictamente a: ¿Qué métricas por clase y segmento evitan que la exactitud global oculte fracasos operativamente costosos?,Atribución previa rectificada; contratos de API normalizados a spec oficial,"Notebook P06 (9b87f42f-e3f9-49ca-afb4-affe7c6259da), docs.typesafe.ai, repositorios comunitarios","Remediación contractual, estandarización de contratos de API y autorrevisión",en_revision,4,3,4,4,3,Antigravity,pendiente,,8a1fb92f49e6c0b0962ee05c1f8ee614fed5a33ef8510b068cef1b91792dae20,Alcance sólido (4/5): cubre los requisitos específicos y casos de uso del dominio. Evidencia (3/5): apoyada en catálogo de fuentes canónicas; reducida por estado consulta_no_verificable en conector NotebookLM. Exactitud (4/5): contratos SDK 0.7.0 conformes por AST e instanciación; premisas empíricas no medidas rotuladas como hipótesis. Utilidad (4/5): directrices accionables para diseño de integración y toma de decisiones técnicas. Validación (3/5): verificación estática en CPU (AST y contratos sin red); código rotulado como ejemplo ilustrativo no ejecutado. Total: 18/25.
JEV-P06-008,883f34f5ad79dcd94672074190138c2236ae6ba8cda6773f7956eba6461256b0,Responder estrictamente a: ¿Cómo comparar sistemas en los mismos casos mediante un diseño pareado y estimar incertidumbre de las diferencias?,Atribución previa rectificada; contratos de API normalizados a spec oficial,"Notebook P06 (9b87f42f-e3f9-49ca-afb4-affe7c6259da), docs.typesafe.ai, repositorios comunitarios","Remediación contractual, estandarización de contratos de API y autorrevisión",en_revision,4,3,4,4,3,Antigravity,pendiente,,05aafa7131f3b054ea82c8c5969dee049bde079118ca0d171a4ac9b0b247efcc,Alcance sólido (4/5): cubre los requisitos específicos y casos de uso del dominio. Evidencia (3/5): apoyada en catálogo de fuentes canónicas; reducida por estado consulta_no_verificable en conector NotebookLM. Exactitud (4/5): contratos SDK 0.7.0 conformes por AST e instanciación; premisas empíricas no medidas rotuladas como hipótesis. Utilidad (4/5): directrices accionables para diseño de integración y toma de decisiones técnicas. Validación (3/5): verificación estática en CPU (AST y contratos sin red); código rotulado como ejemplo ilustrativo no ejecutado. Total: 18/25.
JEV-P06-009,b96620eccae4d8ab95e1bc09ec630a264e5b78ec4891de225456cc0da13f77a8,"Responder estrictamente a: ¿Cómo medir latencia de extremo a extremo, incluida red, preparación, colas, reintentos y validación de la salida?",Atribución previa rectificada; contratos de API normalizados a spec oficial,"Notebook P06 (9b87f42f-e3f9-49ca-afb4-affe7c6259da), docs.typesafe.ai, repositorios comunitarios","Remediación contractual, estandarización de contratos de API y autorrevisión",en_revision,4,3,4,4,3,Antigravity,pendiente,,7cb32d9ca25d540db623ee5e6c314dd3f0ca9cdd0ec2cf651f8f3995e99fa9a8,Alcance sólido (4/5): cubre los requisitos específicos y casos de uso del dominio. Evidencia (3/5): apoyada en catálogo de fuentes canónicas; reducida por estado consulta_no_verificable en conector NotebookLM. Exactitud (4/5): contratos SDK 0.7.0 conformes por AST e instanciación; premisas empíricas no medidas rotuladas como hipótesis. Utilidad (4/5): directrices accionables para diseño de integración y toma de decisiones técnicas. Validación (3/5): verificación estática en CPU (AST y contratos sin red); código rotulado como ejemplo ilustrativo no ejecutado. Total: 18/25.
JEV-P06-010,6af47828ec86361b152b283adf0a3d4bd00a1ba9ccb751b86bddd9474e2f68b9,"Responder estrictamente a: ¿Cómo medir costo por resultado aceptado contabilizando abstenciones, escalamiento, errores y revisión humana?",Atribución previa rectificada; contratos de API normalizados a spec oficial,"Notebook P06 (9b87f42f-e3f9-49ca-afb4-affe7c6259da), docs.typesafe.ai, repositorios comunitarios","Remediación contractual, estandarización de contratos de API y autorrevisión",en_revision,4,3,4,4,3,Antigravity,pendiente,,f0854c2ee0b6093afdda9055c6fe56d2a5857a75bccdc338dd8d4500eaeb3c06,Alcance sólido (4/5): cubre los requisitos específicos y casos de uso del dominio. Evidencia (3/5): apoyada en catálogo de fuentes canónicas; reducida por estado consulta_no_verificable en conector NotebookLM. Exactitud (4/5): contratos SDK 0.7.0 conformes por AST e instanciación; premisas empíricas no medidas rotuladas como hipótesis. Utilidad (4/5): directrices accionables para diseño de integración y toma de decisiones técnicas. Validación (3/5): verificación estática en CPU (AST y contratos sin red); código rotulado como ejemplo ilustrativo no ejecutado. Total: 18/25.
JEV-P06-011,656ad12aabdb05c31018c4c956dac5e89695a54c7a821f13cedece0c72c17b6e,"Responder estrictamente a: ¿Qué criterios previos de aprobación, rechazo y suspensión impiden seleccionar retrospectivamente la métrica favorable?",Atribución previa rectificada; contratos de API normalizados a spec oficial,"Notebook P06 (9b87f42f-e3f9-49ca-afb4-affe7c6259da), docs.typesafe.ai, repositorios comunitarios","Remediación contractual, estandarización de contratos de API y autorrevisión",en_revision,4,3,4,4,3,Antigravity,pendiente,,3f8743e21319c74e8f54867ec420105bfa68494c2ed326ee41b4361843fd706a,Alcance sólido (4/5): cubre los requisitos específicos y casos de uso del dominio. Evidencia (3/5): apoyada en catálogo de fuentes canónicas; reducida por estado consulta_no_verificable en conector NotebookLM. Exactitud (4/5): contratos SDK 0.7.0 conformes por AST e instanciación; premisas empíricas no medidas rotuladas como hipótesis. Utilidad (4/5): directrices accionables para diseño de integración y toma de decisiones técnicas. Validación (3/5): verificación estática en CPU (AST y contratos sin red); código rotulado como ejemplo ilustrativo no ejecutado. Total: 18/25.
JEV-P06-012,3386359c22682b22dfe5ed361db67389c0023ef0d6e9967696c93bec1eb47726,Responder estrictamente a: ¿Cómo evaluar repetibilidad entre llamadas y estabilidad ante pequeñas reformulaciones sin confundirlas con corrección?,Atribución previa rectificada; contratos de API normalizados a spec oficial,"Notebook P06 (9b87f42f-e3f9-49ca-afb4-affe7c6259da), docs.typesafe.ai, repositorios comunitarios","Remediación contractual, estandarización de contratos de API y autorrevisión",en_revision,4,3,4,4,3,Antigravity,pendiente,,ef33f3912d2db86b15df6c40ac7cc5f0782fcb7946e2576f48e8972ec96f6f69,Alcance sólido (4/5): cubre los requisitos específicos y casos de uso del dominio. Evidencia (3/5): apoyada en catálogo de fuentes canónicas; reducida por estado consulta_no_verificable en conector NotebookLM. Exactitud (4/5): contratos SDK 0.7.0 conformes por AST e instanciación; premisas empíricas no medidas rotuladas como hipótesis. Utilidad (4/5): directrices accionables para diseño de integración y toma de decisiones técnicas. Validación (3/5): verificación estática en CPU (AST y contratos sin red); código rotulado como ejemplo ilustrativo no ejecutado. Total: 18/25.
JEV-P06-013,a735553219a9e94619401cca03a1074f03b53d7a0febaea4a6060e86882ae22c,"Responder estrictamente a: ¿Qué pruebas de perturbación revelan sensibilidad a distractores, orden, longitud, ortografía y evidencia contradictoria?",Atribución previa rectificada; contratos de API normalizados a spec oficial,"Notebook P06 (9b87f42f-e3f9-49ca-afb4-affe7c6259da), docs.typesafe.ai, repositorios comunitarios","Remediación contractual, estandarización de contratos de API y autorrevisión",en_revision,4,3,4,4,3,Antigravity,pendiente,,9c03a5f84c358e9c0a67d7279db9f98a5b02fdb9a83889bc9b926ec2d918b153,Alcance sólido (4/5): cubre los requisitos específicos y casos de uso del dominio. Evidencia (3/5): apoyada en catálogo de fuentes canónicas; reducida por estado consulta_no_verificable en conector NotebookLM. Exactitud (4/5): contratos SDK 0.7.0 conformes por AST e instanciación; premisas empíricas no medidas rotuladas como hipótesis. Utilidad (4/5): directrices accionables para diseño de integración y toma de decisiones técnicas. Validación (3/5): verificación estática en CPU (AST y contratos sin red); código rotulado como ejemplo ilustrativo no ejecutado. Total: 18/25.
JEV-P06-014,57085b979eff27bb4e66b10cf03ea97419947f6779791fbec4a2c6976700f39a,Responder estrictamente a: ¿Cómo diseñar un conjunto adversarial separado sin permitir que domine artificialmente la estimación del desempeño cotidiano?,Atribución previa rectificada; contratos de API normalizados a spec oficial,"Notebook P06 (9b87f42f-e3f9-49ca-afb4-affe7c6259da), docs.typesafe.ai, repositorios comunitarios","Remediación contractual, estandarización de contratos de API y autorrevisión",en_revision,4,3,4,4,3,Antigravity,pendiente,,11f02c156e664cac57643fc0d9d51ef9445c75f0bfcd35873a7d0dc393cac34e,Alcance sólido (4/5): cubre los requisitos específicos y casos de uso del dominio. Evidencia (3/5): apoyada en catálogo de fuentes canónicas; reducida por estado consulta_no_verificable en conector NotebookLM. Exactitud (4/5): contratos SDK 0.7.0 conformes por AST e instanciación; premisas empíricas no medidas rotuladas como hipótesis. Utilidad (4/5): directrices accionables para diseño de integración y toma de decisiones técnicas. Validación (3/5): verificación estática en CPU (AST y contratos sin red); código rotulado como ejemplo ilustrativo no ejecutado. Total: 18/25.
JEV-P06-015,a013ead81c8f10a8d7e6ce2092a92fc5ba94aece7bde1253b6da4f6c4236f570,"Responder estrictamente a: ¿Qué ablaciones identifican el aporte real de Jev frente al de recuperación, preprocesamiento, rúbrica y revisión humana?",Atribución previa rectificada; contratos de API normalizados a spec oficial,"Notebook P06 (9b87f42f-e3f9-49ca-afb4-affe7c6259da), docs.typesafe.ai, repositorios comunitarios","Remediación contractual, estandarización de contratos de API y autorrevisión",en_revision,4,3,4,4,3,Antigravity,pendiente,,d3d8464255e2eae8c67b2bf7834629dc1ca948b8d143d02c15aaf0308aed47fe,Alcance sólido (4/5): cubre los requisitos específicos y casos de uso del dominio. Evidencia (3/5): apoyada en catálogo de fuentes canónicas; reducida por estado consulta_no_verificable en conector NotebookLM. Exactitud (4/5): contratos SDK 0.7.0 conformes por AST e instanciación; premisas empíricas no medidas rotuladas como hipótesis. Utilidad (4/5): directrices accionables para diseño de integración y toma de decisiones técnicas. Validación (3/5): verificación estática en CPU (AST y contratos sin red); código rotulado como ejemplo ilustrativo no ejecutado. Total: 18/25.
JEV-P06-016,14868a6980f0ed136d36481c8df62cd7c5494033e9cb36ee6c04cc7a12ddb5f0,"Responder estrictamente a: ¿Cómo auditar benchmarks publicados por el proveedor respecto de selección de tareas, jueces, costos y reproducibilidad?",Atribución previa rectificada; contratos de API normalizados a spec oficial,"Notebook P06 (9b87f42f-e3f9-49ca-afb4-affe7c6259da), docs.typesafe.ai, repositorios comunitarios","Remediación contractual, estandarización de contratos de API y autorrevisión",en_revision,4,3,4,4,3,Antigravity,pendiente,,26740f9eb459ee3cfe2e2f50892a63c23a44ee3091edd9f41796396acec5ec33,Alcance sólido (4/5): cubre los requisitos específicos y casos de uso del dominio. Evidencia (3/5): apoyada en catálogo de fuentes canónicas; reducida por estado consulta_no_verificable en conector NotebookLM. Exactitud (4/5): contratos SDK 0.7.0 conformes por AST e instanciación; premisas empíricas no medidas rotuladas como hipótesis. Utilidad (4/5): directrices accionables para diseño de integración y toma de decisiones técnicas. Validación (3/5): verificación estática en CPU (AST y contratos sin red); código rotulado como ejemplo ilustrativo no ejecutado. Total: 18/25.
JEV-P06-017,94d6bcfe7ee9b45f40d23fa4b781c669c8bce517c6c8ee37fc0491b48643c9b4,Responder estrictamente a: ¿Cómo controlar comparaciones múltiples y reutilización del conjunto de prueba al explorar muchas formulaciones o modelos?,Atribución previa rectificada; contratos de API normalizados a spec oficial,"Notebook P06 (9b87f42f-e3f9-49ca-afb4-affe7c6259da), docs.typesafe.ai, repositorios comunitarios","Remediación contractual, estandarización de contratos de API y autorrevisión",en_revision,4,3,4,4,3,Antigravity,pendiente,,d2f8bd94b9c45ae8bcf7c0d200a38e81df010018f54d7957826af564dc44980f,Alcance sólido (4/5): cubre los requisitos específicos y casos de uso del dominio. Evidencia (3/5): apoyada en catálogo de fuentes canónicas; reducida por estado consulta_no_verificable en conector NotebookLM. Exactitud (4/5): contratos SDK 0.7.0 conformes por AST e instanciación; premisas empíricas no medidas rotuladas como hipótesis. Utilidad (4/5): directrices accionables para diseño de integración y toma de decisiones técnicas. Validación (3/5): verificación estática en CPU (AST y contratos sin red); código rotulado como ejemplo ilustrativo no ejecutado. Total: 18/25.
JEV-P06-018,08a7f596cc975df97e3ef887900e1aab17033e3a99a8de6686647993be467bc7,"Responder estrictamente a: ¿Qué configuración, versiones, datos y registros debe contener un paquete de reproducción sin exponer credenciales ni información privada?",Atribución previa rectificada; contratos de API normalizados a spec oficial,"Notebook P06 (9b87f42f-e3f9-49ca-afb4-affe7c6259da), docs.typesafe.ai, repositorios comunitarios","Remediación contractual, estandarización de contratos de API y autorrevisión",en_revision,4,3,4,4,3,Antigravity,pendiente,,a9c6008c1cb347c0a0efd20792cadd5d2fc702c49cf9d072b79c04c2509ad4bb,Alcance sólido (4/5): cubre los requisitos específicos y casos de uso del dominio. Evidencia (3/5): apoyada en catálogo de fuentes canónicas; reducida por estado consulta_no_verificable en conector NotebookLM. Exactitud (4/5): contratos SDK 0.7.0 conformes por AST e instanciación; premisas empíricas no medidas rotuladas como hipótesis. Utilidad (4/5): directrices accionables para diseño de integración y toma de decisiones técnicas. Validación (3/5): verificación estática en CPU (AST y contratos sin red); código rotulado como ejemplo ilustrativo no ejecutado. Total: 18/25.
JEV-P06-019,9274268babe214b689b20bd70cc48236b638498c518224cb6887fe0aaf89f60d,"Responder estrictamente a: ¿Cómo interpretar un resultado inconcluso y elegir entre recolectar más datos, rediseñar la tarea o abandonar el caso?",Atribución previa rectificada; contratos de API normalizados a spec oficial,"Notebook P06 (9b87f42f-e3f9-49ca-afb4-affe7c6259da), docs.typesafe.ai, repositorios comunitarios","Remediación contractual, estandarización de contratos de API y autorrevisión",en_revision,4,3,4,4,3,Antigravity,pendiente,,321ada96271f4d29a5c548ad78318b48910e73c34539a57a233083be71304b74,Alcance sólido (4/5): cubre los requisitos específicos y casos de uso del dominio. Evidencia (3/5): apoyada en catálogo de fuentes canónicas; reducida por estado consulta_no_verificable en conector NotebookLM. Exactitud (4/5): contratos SDK 0.7.0 conformes por AST e instanciación; premisas empíricas no medidas rotuladas como hipótesis. Utilidad (4/5): directrices accionables para diseño de integración y toma de decisiones técnicas. Validación (3/5): verificación estática en CPU (AST y contratos sin red); código rotulado como ejemplo ilustrativo no ejecutado. Total: 18/25.
JEV-P06-020,1e65b3b2b0c33d252b80d5a4a3374652a22d13d8a34e14262ae47bb044613382,Responder estrictamente a: ¿Qué informe de evaluación permitiría a un equipo ajeno decidir si el resultado es transferible a su propio contexto?,Atribución previa rectificada; contratos de API normalizados a spec oficial,"Notebook P06 (9b87f42f-e3f9-49ca-afb4-affe7c6259da), docs.typesafe.ai, repositorios comunitarios","Remediación contractual, estandarización de contratos de API y autorrevisión",en_revision,4,3,4,4,3,Antigravity,pendiente,,0e7bb072e0a7a4ec88c2eb2e15de74b5c2f54273df1f030f6b0200d8629f8452,Alcance sólido (4/5): cubre los requisitos específicos y casos de uso del dominio. Evidencia (3/5): apoyada en catálogo de fuentes canónicas; reducida por estado consulta_no_verificable en conector NotebookLM. Exactitud (4/5): contratos SDK 0.7.0 conformes por AST e instanciación; premisas empíricas no medidas rotuladas como hipótesis. Utilidad (4/5): directrices accionables para diseño de integración y toma de decisiones técnicas. Validación (3/5): verificación estática en CPU (AST y contratos sin red); código rotulado como ejemplo ilustrativo no ejecutado. Total: 18/25.
JEV-P07-001,d4ea3216e058845f798a0c9517ce8a295972ea1a71dcab143524dad83423ce78,Responder estrictamente a: ¿Qué soporte lingüístico de Jev está documentado y qué evidencia específica existe sobre español y español chileno?,Atribución previa rectificada; contratos de API normalizados a spec oficial,"Notebook P07 (c4456cc0-01f4-48aa-866e-cdc1ad44cf6a), docs.typesafe.ai, repositorios comunitarios","Remediación contractual, estandarización de contratos de API y autorrevisión",en_revision,5,3,4,4,3,Antigravity,pendiente,,3cd6bcfb1c00350f0f011708b93d10a8118ed9ed57913d3cd3f1d34095f56cda,"Alcance completo (5/5): delimitación exhaustiva de componentes, supuestos y fronteras técnicas. Evidencia (3/5): apoyada en catálogo de fuentes canónicas; reducida por estado consulta_no_verificable en conector NotebookLM. Exactitud (4/5): contratos SDK 0.7.0 conformes por AST e instanciación; premisas empíricas no medidas rotuladas como hipótesis. Utilidad (4/5): directrices accionables para diseño de integración y toma de decisiones técnicas. Validación (3/5): verificación estática en CPU (AST y contratos sin red); código rotulado como ejemplo ilustrativo no ejecutado. Total: 19/25."
JEV-P07-002,941d16ce4f16410826bbdf53482fa315e9443e481186f9d49e625268d26303d3,Responder estrictamente a: ¿Cómo construir una evaluación en español que mida decisiones semánticas pertinentes y no solo traducción o comprensión general?,Atribución previa rectificada; contratos de API normalizados a spec oficial,"Notebook P07 (c4456cc0-01f4-48aa-866e-cdc1ad44cf6a), docs.typesafe.ai, repositorios comunitarios","Remediación contractual, estandarización de contratos de API y autorrevisión",en_revision,5,3,4,4,3,Antigravity,pendiente,,8201178007f8342d8e09a5a0649233c1337edc854ad22a40f6af4a0829c66aa7,"Alcance completo (5/5): delimitación exhaustiva de componentes, supuestos y fronteras técnicas. Evidencia (3/5): apoyada en catálogo de fuentes canónicas; reducida por estado consulta_no_verificable en conector NotebookLM. Exactitud (4/5): contratos SDK 0.7.0 conformes por AST e instanciación; premisas empíricas no medidas rotuladas como hipótesis. Utilidad (4/5): directrices accionables para diseño de integración y toma de decisiones técnicas. Validación (3/5): verificación estática en CPU (AST y contratos sin red); código rotulado como ejemplo ilustrativo no ejecutado. Total: 19/25."
JEV-P07-003,53f41ea64b0451a5551e278da0588626eeea17fd254acb54f939529b4b0254fe,"Responder estrictamente a: ¿Cómo comparar entrada original, traducción previa y criterio bilingüe sin introducir diferencias de información entre condiciones?",Atribución previa rectificada; contratos de API normalizados a spec oficial,"Notebook P07 (c4456cc0-01f4-48aa-866e-cdc1ad44cf6a), docs.typesafe.ai, repositorios comunitarios","Remediación contractual, estandarización de contratos de API y autorrevisión",en_revision,4,3,4,4,3,Antigravity,pendiente,,d85e19113cc2581a25a67d66cee8906b0f4c564018637bf02a0edabc010976d9,Alcance sólido (4/5): cubre los requisitos específicos y casos de uso del dominio. Evidencia (3/5): apoyada en catálogo de fuentes canónicas; reducida por estado consulta_no_verificable en conector NotebookLM. Exactitud (4/5): contratos SDK 0.7.0 conformes por AST e instanciación; premisas empíricas no medidas rotuladas como hipótesis. Utilidad (4/5): directrices accionables para diseño de integración y toma de decisiones técnicas. Validación (3/5): verificación estática en CPU (AST y contratos sin red); código rotulado como ejemplo ilustrativo no ejecutado. Total: 18/25.
JEV-P07-004,4addabc7541617e0e9358b7110dc6d31158c5712e5a6260ddb47ea7317b50c78,Responder estrictamente a: ¿Qué fenómenos del español chileno podrían cambiar una clasificación aunque una traducción literal parezca equivalente?,Atribución previa rectificada; contratos de API normalizados a spec oficial,"Notebook P07 (c4456cc0-01f4-48aa-866e-cdc1ad44cf6a), docs.typesafe.ai, repositorios comunitarios","Remediación contractual, estandarización de contratos de API y autorrevisión",en_revision,4,3,4,4,3,Antigravity,pendiente,,d1b998f319dc0c8886137b844a62e76c4da66c665c619cccc1fa881535181940,Alcance sólido (4/5): cubre los requisitos específicos y casos de uso del dominio. Evidencia (3/5): apoyada en catálogo de fuentes canónicas; reducida por estado consulta_no_verificable en conector NotebookLM. Exactitud (4/5): contratos SDK 0.7.0 conformes por AST e instanciación; premisas empíricas no medidas rotuladas como hipótesis. Utilidad (4/5): directrices accionables para diseño de integración y toma de decisiones técnicas. Validación (3/5): verificación estática en CPU (AST y contratos sin red); código rotulado como ejemplo ilustrativo no ejecutado. Total: 18/25.
JEV-P07-005,fa7d17913422d9a445c925e1fba0fdceb916c505a40bc07ca9a3fd7320e54bf6,Responder estrictamente a: ¿Cómo acordar etiquetas y revisar desacuerdos con hablantes competentes y especialistas del dominio?,Atribución previa rectificada; contratos de API normalizados a spec oficial,"Notebook P07 (c4456cc0-01f4-48aa-866e-cdc1ad44cf6a), docs.typesafe.ai, repositorios comunitarios","Remediación contractual, estandarización de contratos de API y autorrevisión",en_revision,4,3,4,4,3,Antigravity,pendiente,,f6416add92dba6d2b5a5562c2e0a45560cfb7844f23ebedfa74a808484230919,Alcance sólido (4/5): cubre los requisitos específicos y casos de uso del dominio. Evidencia (3/5): apoyada en catálogo de fuentes canónicas; reducida por estado consulta_no_verificable en conector NotebookLM. Exactitud (4/5): contratos SDK 0.7.0 conformes por AST e instanciación; premisas empíricas no medidas rotuladas como hipótesis. Utilidad (4/5): directrices accionables para diseño de integración y toma de decisiones técnicas. Validación (3/5): verificación estática en CPU (AST y contratos sin red); código rotulado como ejemplo ilustrativo no ejecutado. Total: 18/25.
JEV-P07-006,ace8302a103006c31712302a75d92d08d3597fa49cca3160baf24da924a88111,"Responder estrictamente a: ¿Cómo afectan negación, doble negación y alcance de cuantificadores a decisiones sobre cumplimiento de criterios?",Atribución previa rectificada; contratos de API normalizados a spec oficial,"Notebook P07 (c4456cc0-01f4-48aa-866e-cdc1ad44cf6a), docs.typesafe.ai, repositorios comunitarios","Remediación contractual, estandarización de contratos de API y autorrevisión",en_revision,4,3,4,4,3,Antigravity,pendiente,,f562e32a2bd046d702fa2b4883afc2e35e2dffb29c279379e3443317426513db,Alcance sólido (4/5): cubre los requisitos específicos y casos de uso del dominio. Evidencia (3/5): apoyada en catálogo de fuentes canónicas; reducida por estado consulta_no_verificable en conector NotebookLM. Exactitud (4/5): contratos SDK 0.7.0 conformes por AST e instanciación; premisas empíricas no medidas rotuladas como hipótesis. Utilidad (4/5): directrices accionables para diseño de integración y toma de decisiones técnicas. Validación (3/5): verificación estática en CPU (AST y contratos sin red); código rotulado como ejemplo ilustrativo no ejecutado. Total: 18/25.
JEV-P07-007,e2a3ce243b467dc5f9574a6d60ea5625af2756a0327e7568614e8d0d1c764478,"Responder estrictamente a: ¿Qué pruebas diferencian solicitudes explícitas, cortesía indirecta, condiciones y promesas en mensajes profesionales?",Atribución previa rectificada; contratos de API normalizados a spec oficial,"Notebook P07 (c4456cc0-01f4-48aa-866e-cdc1ad44cf6a), docs.typesafe.ai, repositorios comunitarios","Remediación contractual, estandarización de contratos de API y autorrevisión",en_revision,4,3,4,4,3,Antigravity,pendiente,,253f09fa3181e85ef16f76cf5baa51f7652b1e3f8b96730fbd6485a697651410,Alcance sólido (4/5): cubre los requisitos específicos y casos de uso del dominio. Evidencia (3/5): apoyada en catálogo de fuentes canónicas; reducida por estado consulta_no_verificable en conector NotebookLM. Exactitud (4/5): contratos SDK 0.7.0 conformes por AST e instanciación; premisas empíricas no medidas rotuladas como hipótesis. Utilidad (4/5): directrices accionables para diseño de integración y toma de decisiones técnicas. Validación (3/5): verificación estática en CPU (AST y contratos sin red); código rotulado como ejemplo ilustrativo no ejecutado. Total: 18/25.
JEV-P07-008,f6f02760bfbff389bfa4a400337f3cac4dec848418e0db5d1d6d0eaa7c6f221b,"Responder estrictamente a: ¿Cómo tratar ironía, sarcasmo y humor cuando el contexto no basta para establecer intención?",Atribución previa rectificada; contratos de API normalizados a spec oficial,"Notebook P07 (c4456cc0-01f4-48aa-866e-cdc1ad44cf6a), docs.typesafe.ai, repositorios comunitarios","Remediación contractual, estandarización de contratos de API y autorrevisión",en_revision,4,3,4,4,3,Antigravity,pendiente,,a756957d6c3c708c07853183411bd919c3de9631c32a0cfe3f6fe131573bf684,Alcance sólido (4/5): cubre los requisitos específicos y casos de uso del dominio. Evidencia (3/5): apoyada en catálogo de fuentes canónicas; reducida por estado consulta_no_verificable en conector NotebookLM. Exactitud (4/5): contratos SDK 0.7.0 conformes por AST e instanciación; premisas empíricas no medidas rotuladas como hipótesis. Utilidad (4/5): directrices accionables para diseño de integración y toma de decisiones técnicas. Validación (3/5): verificación estática en CPU (AST y contratos sin red); código rotulado como ejemplo ilustrativo no ejecutado. Total: 18/25.
JEV-P07-009,f788f5571ebacc7206418f907878b20248774660447498ed06e87141c9672572,"Responder estrictamente a: ¿Qué errores pueden surgir con abreviaturas, mensajes sin tildes, errores ortográficos y escritura informal?",Atribución previa rectificada; contratos de API normalizados a spec oficial,"Notebook P07 (c4456cc0-01f4-48aa-866e-cdc1ad44cf6a), docs.typesafe.ai, repositorios comunitarios","Remediación contractual, estandarización de contratos de API y autorrevisión",en_revision,4,3,4,4,3,Antigravity,pendiente,,b6032dd8df36aa7ba7c0d4c617a058dbababb62711b2c9ce024f6e29eaf8086e,Alcance sólido (4/5): cubre los requisitos específicos y casos de uso del dominio. Evidencia (3/5): apoyada en catálogo de fuentes canónicas; reducida por estado consulta_no_verificable en conector NotebookLM. Exactitud (4/5): contratos SDK 0.7.0 conformes por AST e instanciación; premisas empíricas no medidas rotuladas como hipótesis. Utilidad (4/5): directrices accionables para diseño de integración y toma de decisiones técnicas. Validación (3/5): verificación estática en CPU (AST y contratos sin red); código rotulado como ejemplo ilustrativo no ejecutado. Total: 18/25.
JEV-P07-010,2e4603698ea2114973e2e8aaad9551d2d9dd0b23bac583e5ffb155313178d61e,"Responder estrictamente a: ¿Cómo evaluar mezcla de inglés y español en documentación de software, investigación cuantitativa y selección de talento?",Atribución previa rectificada; contratos de API normalizados a spec oficial,"Notebook P07 (c4456cc0-01f4-48aa-866e-cdc1ad44cf6a), docs.typesafe.ai, repositorios comunitarios","Remediación contractual, estandarización de contratos de API y autorrevisión",en_revision,4,3,4,4,3,Antigravity,pendiente,,d79596ffee9c2167a0cfe67c154aa86cb58ba09e8452c6055200982d85f71925,Alcance sólido (4/5): cubre los requisitos específicos y casos de uso del dominio. Evidencia (3/5): apoyada en catálogo de fuentes canónicas; reducida por estado consulta_no_verificable en conector NotebookLM. Exactitud (4/5): contratos SDK 0.7.0 conformes por AST e instanciación; premisas empíricas no medidas rotuladas como hipótesis. Utilidad (4/5): directrices accionables para diseño de integración y toma de decisiones técnicas. Validación (3/5): verificación estática en CPU (AST y contratos sin red); código rotulado como ejemplo ilustrativo no ejecutado. Total: 18/25.
JEV-P07-011,dc2257f89553a02842fef54c8ea3cd9a9c92ec61a085c6cd2a329c34d4fb3cf2,Responder estrictamente a: ¿Qué glosarios sectoriales ayudarían a resolver palabras polisémicas sin sesgar todos los casos hacia una interpretación?,Atribución previa rectificada; contratos de API normalizados a spec oficial,"Notebook P07 (c4456cc0-01f4-48aa-866e-cdc1ad44cf6a), docs.typesafe.ai, repositorios comunitarios","Remediación contractual, estandarización de contratos de API y autorrevisión",en_revision,4,3,4,4,3,Antigravity,pendiente,,21c4ca92cda52741f8cf17afda6897f6486554404bb36c1902a0ffe9e9d77d00,Alcance sólido (4/5): cubre los requisitos específicos y casos de uso del dominio. Evidencia (3/5): apoyada en catálogo de fuentes canónicas; reducida por estado consulta_no_verificable en conector NotebookLM. Exactitud (4/5): contratos SDK 0.7.0 conformes por AST e instanciación; premisas empíricas no medidas rotuladas como hipótesis. Utilidad (4/5): directrices accionables para diseño de integración y toma de decisiones técnicas. Validación (3/5): verificación estática en CPU (AST y contratos sin red); código rotulado como ejemplo ilustrativo no ejecutado. Total: 18/25.
JEV-P07-012,e45c23a8ce07ccea82b4127da38e2ef37d9dedd6a70d42ff3c85b46892daff22,Responder estrictamente a: ¿Cómo representar siglas ambiguas y nombres de herramientas cuando su significado depende del proyecto o de la fecha?,Atribución previa rectificada; contratos de API normalizados a spec oficial,"Notebook P07 (c4456cc0-01f4-48aa-866e-cdc1ad44cf6a), docs.typesafe.ai, repositorios comunitarios","Remediación contractual, estandarización de contratos de API y autorrevisión",en_revision,4,3,4,4,3,Antigravity,pendiente,,c9d8e25c753c15b082d034d8656962fb2fbadb99d1f16f9409b63269e75c53a4,Alcance sólido (4/5): cubre los requisitos específicos y casos de uso del dominio. Evidencia (3/5): apoyada en catálogo de fuentes canónicas; reducida por estado consulta_no_verificable en conector NotebookLM. Exactitud (4/5): contratos SDK 0.7.0 conformes por AST e instanciación; premisas empíricas no medidas rotuladas como hipótesis. Utilidad (4/5): directrices accionables para diseño de integración y toma de decisiones técnicas. Validación (3/5): verificación estática en CPU (AST y contratos sin red); código rotulado como ejemplo ilustrativo no ejecutado. Total: 18/25.
JEV-P07-013,860b5a4e47c963950db78bfa9848128ebcd3af18b5bea02a5ad5293a24cf60ed,Responder estrictamente a: ¿Cómo comprobar que paráfrasis regionales conservan decisiones y que cambios semánticos pequeños sí pueden alterarlas?,Atribución previa rectificada; contratos de API normalizados a spec oficial,"Notebook P07 (c4456cc0-01f4-48aa-866e-cdc1ad44cf6a), docs.typesafe.ai, repositorios comunitarios","Remediación contractual, estandarización de contratos de API y autorrevisión",en_revision,4,3,4,4,3,Antigravity,pendiente,,3f67a81c2fa4edb00dd3d2c8659d14f188dc47e89c562a3761226f5a60d9aeab,Alcance sólido (4/5): cubre los requisitos específicos y casos de uso del dominio. Evidencia (3/5): apoyada en catálogo de fuentes canónicas; reducida por estado consulta_no_verificable en conector NotebookLM. Exactitud (4/5): contratos SDK 0.7.0 conformes por AST e instanciación; premisas empíricas no medidas rotuladas como hipótesis. Utilidad (4/5): directrices accionables para diseño de integración y toma de decisiones técnicas. Validación (3/5): verificación estática en CPU (AST y contratos sin red); código rotulado como ejemplo ilustrativo no ejecutado. Total: 18/25.
JEV-P07-014,556adbf4a1594b3c27adfa8c3a537d3e296b6bff0d6f2f02ceed3ad705383aa6,"Responder estrictamente a: ¿Qué sesgos pueden introducir nombres, acentos transcritos o estilo socioeducativo cuando esos atributos no son pertinentes para la tarea?",Atribución previa rectificada; contratos de API normalizados a spec oficial,"Notebook P07 (c4456cc0-01f4-48aa-866e-cdc1ad44cf6a), docs.typesafe.ai, repositorios comunitarios","Remediación contractual, estandarización de contratos de API y autorrevisión",en_revision,4,3,4,4,3,Antigravity,pendiente,,5d3aa86650ae7615abdf9ee5f61de27f22f04cbde9b69ec0ddc8ff621cadd5ef,Alcance sólido (4/5): cubre los requisitos específicos y casos de uso del dominio. Evidencia (3/5): apoyada en catálogo de fuentes canónicas; reducida por estado consulta_no_verificable en conector NotebookLM. Exactitud (4/5): contratos SDK 0.7.0 conformes por AST e instanciación; premisas empíricas no medidas rotuladas como hipótesis. Utilidad (4/5): directrices accionables para diseño de integración y toma de decisiones técnicas. Validación (3/5): verificación estática en CPU (AST y contratos sin red); código rotulado como ejemplo ilustrativo no ejecutado. Total: 18/25.
JEV-P07-015,1eaf7953640da72be9de05195741d880808cdc917884497352aed4b233711a3f,"Responder estrictamente a: ¿Qué datasets públicos son pertinentes y qué limitaciones de licencia, dominio y variedad lingüística impiden extrapolarlos directamente?",Atribución previa rectificada; contratos de API normalizados a spec oficial,"Notebook P07 (c4456cc0-01f4-48aa-866e-cdc1ad44cf6a), docs.typesafe.ai, repositorios comunitarios","Remediación contractual, estandarización de contratos de API y autorrevisión",en_revision,4,3,4,4,3,Antigravity,pendiente,,1474ab735272767f65062d7c822efe45c7668aecc2dfc3f2d9635960644a40fe,Alcance sólido (4/5): cubre los requisitos específicos y casos de uso del dominio. Evidencia (3/5): apoyada en catálogo de fuentes canónicas; reducida por estado consulta_no_verificable en conector NotebookLM. Exactitud (4/5): contratos SDK 0.7.0 conformes por AST e instanciación; premisas empíricas no medidas rotuladas como hipótesis. Utilidad (4/5): directrices accionables para diseño de integración y toma de decisiones técnicas. Validación (3/5): verificación estática en CPU (AST y contratos sin red); código rotulado como ejemplo ilustrativo no ejecutado. Total: 18/25.
JEV-P07-016,e127fb66756e8ae65abe222318cc549f250db73fc683458ba5dc740f2b85bdc1,"Responder estrictamente a: ¿Cómo preparar treinta casos sintéticos diversos, etiquetados y justificados sin confundir ese conjunto exploratorio con una validación estadística?",Atribución previa rectificada; contratos de API normalizados a spec oficial,"Notebook P07 (c4456cc0-01f4-48aa-866e-cdc1ad44cf6a), docs.typesafe.ai, repositorios comunitarios","Remediación contractual, estandarización de contratos de API y autorrevisión",en_revision,4,3,4,4,3,Antigravity,pendiente,,b427926e971e35970bae88b5e147ffa4b21d94da2e3bb6d5e60d5dbfc04d41f7,Alcance sólido (4/5): cubre los requisitos específicos y casos de uso del dominio. Evidencia (3/5): apoyada en catálogo de fuentes canónicas; reducida por estado consulta_no_verificable en conector NotebookLM. Exactitud (4/5): contratos SDK 0.7.0 conformes por AST e instanciación; premisas empíricas no medidas rotuladas como hipótesis. Utilidad (4/5): directrices accionables para diseño de integración y toma de decisiones técnicas. Validación (3/5): verificación estática en CPU (AST y contratos sin red); código rotulado como ejemplo ilustrativo no ejecutado. Total: 18/25.
JEV-P07-017,6aaa3a5cd0c761bcfc873455c80e4fa9bc71f9026e77dfa14a49c48979bdefe5,Responder estrictamente a: ¿Cómo distinguir un error de OCR o transcripción de un fallo de interpretación del texto ya extraído?,Atribución previa rectificada; contratos de API normalizados a spec oficial,"Notebook P07 (c4456cc0-01f4-48aa-866e-cdc1ad44cf6a), docs.typesafe.ai, repositorios comunitarios","Remediación contractual, estandarización de contratos de API y autorrevisión",en_revision,4,3,4,4,3,Antigravity,pendiente,,bee13394866afa238b88c0643d76f70750c64d092c2562f6ddb70766bc39f377,Alcance sólido (4/5): cubre los requisitos específicos y casos de uso del dominio. Evidencia (3/5): apoyada en catálogo de fuentes canónicas; reducida por estado consulta_no_verificable en conector NotebookLM. Exactitud (4/5): contratos SDK 0.7.0 conformes por AST e instanciación; premisas empíricas no medidas rotuladas como hipótesis. Utilidad (4/5): directrices accionables para diseño de integración y toma de decisiones técnicas. Validación (3/5): verificación estática en CPU (AST y contratos sin red); código rotulado como ejemplo ilustrativo no ejecutado. Total: 18/25.
JEV-P07-018,ac6976e1b48cedfa46399d055abf78a1f94dc9b86ca7c31a1c95a954cc4893d7,Responder estrictamente a: ¿Cuándo mantener términos originales en la salida y cuándo normalizarlos para los sistemas que consumen la decisión?,Atribución previa rectificada; contratos de API normalizados a spec oficial,"Notebook P07 (c4456cc0-01f4-48aa-866e-cdc1ad44cf6a), docs.typesafe.ai, repositorios comunitarios","Remediación contractual, estandarización de contratos de API y autorrevisión",en_revision,4,3,4,4,3,Antigravity,pendiente,,bd37878beae529d01989476a71f4bdf71137a16669cd715f0e5aac78b8427d44,Alcance sólido (4/5): cubre los requisitos específicos y casos de uso del dominio. Evidencia (3/5): apoyada en catálogo de fuentes canónicas; reducida por estado consulta_no_verificable en conector NotebookLM. Exactitud (4/5): contratos SDK 0.7.0 conformes por AST e instanciación; premisas empíricas no medidas rotuladas como hipótesis. Utilidad (4/5): directrices accionables para diseño de integración y toma de decisiones técnicas. Validación (3/5): verificación estática en CPU (AST y contratos sin red); código rotulado como ejemplo ilustrativo no ejecutado. Total: 18/25.
JEV-P07-019,674c664ebc0f2b12d008251ea4dc180d65317732c72e06e25bc70bbce0acd946,Responder estrictamente a: ¿Cómo definir métricas por fenómeno lingüístico y actuar si una buena media oculta fallos en instrucciones críticas?,Atribución previa rectificada; contratos de API normalizados a spec oficial,"Notebook P07 (c4456cc0-01f4-48aa-866e-cdc1ad44cf6a), docs.typesafe.ai, repositorios comunitarios","Remediación contractual, estandarización de contratos de API y autorrevisión",en_revision,4,3,4,4,3,Antigravity,pendiente,,6c51df61a37578fa9b77a648c6c44cd77d5d2a0117d53df6e3bdb42e565d7793,Alcance sólido (4/5): cubre los requisitos específicos y casos de uso del dominio. Evidencia (3/5): apoyada en catálogo de fuentes canónicas; reducida por estado consulta_no_verificable en conector NotebookLM. Exactitud (4/5): contratos SDK 0.7.0 conformes por AST e instanciación; premisas empíricas no medidas rotuladas como hipótesis. Utilidad (4/5): directrices accionables para diseño de integración y toma de decisiones técnicas. Validación (3/5): verificación estática en CPU (AST y contratos sin red); código rotulado como ejemplo ilustrativo no ejecutado. Total: 18/25.
JEV-P07-020,2b75d894f9f3c5c5066d9f3f1d4972bf898e8737226ae598e0622317723c519f,"Responder estrictamente a: ¿Qué política de idioma, glosario, abstención y revisión necesita un componente compartido por QRT, Wheelwork y flujos personales?",Atribución previa rectificada; contratos de API normalizados a spec oficial,"Notebook P07 (c4456cc0-01f4-48aa-866e-cdc1ad44cf6a), docs.typesafe.ai, repositorios comunitarios","Remediación contractual, estandarización de contratos de API y autorrevisión",en_revision,4,3,4,4,3,Antigravity,pendiente,,a4283a6d1547efdea0db35de76e79ee0c1e7f9d041742e50f3398718619578c2,Alcance sólido (4/5): cubre los requisitos específicos y casos de uso del dominio. Evidencia (3/5): apoyada en catálogo de fuentes canónicas; reducida por estado consulta_no_verificable en conector NotebookLM. Exactitud (4/5): contratos SDK 0.7.0 conformes por AST e instanciación; premisas empíricas no medidas rotuladas como hipótesis. Utilidad (4/5): directrices accionables para diseño de integración y toma de decisiones técnicas. Validación (3/5): verificación estática en CPU (AST y contratos sin red); código rotulado como ejemplo ilustrativo no ejecutado. Total: 18/25.
JEV-P08-001,f3dd0f5e58eb483d804aadc26e007b7988cf24fe314eff33bfbffa27d042ae7e,"Responder estrictamente a: ¿Qué decisiones debe tomar Jev y cuáles deben permanecer en código determinista, otro modelo o supervisión humana?",Texto repetitivo previo remediado con respuesta técnica específica y código verificado,"Notebook P08 (ec4c11a4-5a35-49f7-83fa-743ade425e0f), docs.typesafe.ai/patterns, scienthoon",Reconstrucción individual completa (eliminación de texto duplicado),en_revision,5,3,4,4,3,Antigravity,pendiente,,4bd327e3c39d263c82029492e105eb5ec9492f13e90e10150bd4c45383067081,"Alcance completo (5/5): delimitación exhaustiva de componentes, supuestos y fronteras técnicas. Evidencia (3/5): apoyada en catálogo de fuentes canónicas; reducida por estado consulta_no_verificable en conector NotebookLM. Exactitud (4/5): contratos SDK 0.7.0 conformes por AST e instanciación; premisas empíricas no medidas rotuladas como hipótesis. Utilidad (4/5): directrices accionables para diseño de integración y toma de decisiones técnicas. Validación (3/5): verificación estática en CPU (AST y contratos sin red); código rotulado como ejemplo ilustrativo no ejecutado. Total: 19/25."
JEV-P08-002,0dee4d07299c9d2a5c8630429dbf4f2652ff50102a370a1eb05df771ced9ca1c,Responder estrictamente a: ¿Qué arquitectura mínima permite introducir un juicio semántico sin rehacer el sistema completo ni convertirlo en dependencia indispensable?,Texto repetitivo previo remediado con respuesta técnica específica y código verificado,"Notebook P08 (ec4c11a4-5a35-49f7-83fa-743ade425e0f), docs.typesafe.ai/patterns, scienthoon",Reconstrucción individual completa (eliminación de texto duplicado),en_revision,5,3,4,4,3,Antigravity,pendiente,,950bb863902ac82cc70813538ce6ce7ad7c774ddf36a451c00ba591038f5d09f,"Alcance completo (5/5): delimitación exhaustiva de componentes, supuestos y fronteras técnicas. Evidencia (3/5): apoyada en catálogo de fuentes canónicas; reducida por estado consulta_no_verificable en conector NotebookLM. Exactitud (4/5): contratos SDK 0.7.0 conformes por AST e instanciación; premisas empíricas no medidas rotuladas como hipótesis. Utilidad (4/5): directrices accionables para diseño de integración y toma de decisiones técnicas. Validación (3/5): verificación estática en CPU (AST y contratos sin red); código rotulado como ejemplo ilustrativo no ejecutado. Total: 19/25."
JEV-P08-003,612163a8626377d60ccf57593033fff37385b00e97a29756b6ea4f55f40e6157,Responder estrictamente a: ¿Cómo diseñar una cascada que escale casos difíciles usando calidad y costo total como criterios de selección?,Texto repetitivo previo remediado con respuesta técnica específica y código verificado,"Notebook P08 (ec4c11a4-5a35-49f7-83fa-743ade425e0f), docs.typesafe.ai/patterns, scienthoon",Reconstrucción individual completa (eliminación de texto duplicado),en_revision,4,3,4,4,3,Antigravity,pendiente,,7badbbb7cd76e81c4e19fbb8de802bf0b491c415f59518fdb4a48fccf253c09d,Alcance sólido (4/5): cubre los requisitos específicos y casos de uso del dominio. Evidencia (3/5): apoyada en catálogo de fuentes canónicas; reducida por estado consulta_no_verificable en conector NotebookLM. Exactitud (4/5): contratos SDK 0.7.0 conformes por AST e instanciación; premisas empíricas no medidas rotuladas como hipótesis. Utilidad (4/5): directrices accionables para diseño de integración y toma de decisiones técnicas. Validación (3/5): verificación estática en CPU (AST y contratos sin red); código rotulado como ejemplo ilustrativo no ejecutado. Total: 18/25.
JEV-P08-004,949171f9bdf467fc593e33762a123365c9fb38a1c0659b73bb15cc3551e6ee12,"Responder estrictamente a: ¿Cómo separar recomendación, autorización y ejecución para que una salida del modelo no active por sí sola acciones sensibles?",Texto repetitivo previo remediado con respuesta técnica específica y código verificado,"Notebook P08 (ec4c11a4-5a35-49f7-83fa-743ade425e0f), docs.typesafe.ai/patterns, scienthoon",Reconstrucción individual completa (eliminación de texto duplicado),en_revision,4,3,4,4,3,Antigravity,pendiente,,fd39cfc567d23dd4a260709cb49d90c2ccdd02ff5efec158adac3b640bea2d9d,Alcance sólido (4/5): cubre los requisitos específicos y casos de uso del dominio. Evidencia (3/5): apoyada en catálogo de fuentes canónicas; reducida por estado consulta_no_verificable en conector NotebookLM. Exactitud (4/5): contratos SDK 0.7.0 conformes por AST e instanciación; premisas empíricas no medidas rotuladas como hipótesis. Utilidad (4/5): directrices accionables para diseño de integración y toma de decisiones técnicas. Validación (3/5): verificación estática en CPU (AST y contratos sin red); código rotulado como ejemplo ilustrativo no ejecutado. Total: 18/25.
JEV-P08-005,69d4bc37ff730b52264b07f72c8bdeb5dc59264df6b34382a61d7ecb1718d5c6,Responder estrictamente a: ¿Qué contratos entre componentes evitan que una salida tipada pero semánticamente incorrecta se propague como dato confiable?,Texto repetitivo previo remediado con respuesta técnica específica y código verificado,"Notebook P08 (ec4c11a4-5a35-49f7-83fa-743ade425e0f), docs.typesafe.ai/patterns, scienthoon",Reconstrucción individual completa (eliminación de texto duplicado),en_revision,4,3,4,4,3,Antigravity,pendiente,,93201cb2e92b4885a491817e72615d89f24e12413f172173f3a55a2fa034ae86,Alcance sólido (4/5): cubre los requisitos específicos y casos de uso del dominio. Evidencia (3/5): apoyada en catálogo de fuentes canónicas; reducida por estado consulta_no_verificable en conector NotebookLM. Exactitud (4/5): contratos SDK 0.7.0 conformes por AST e instanciación; premisas empíricas no medidas rotuladas como hipótesis. Utilidad (4/5): directrices accionables para diseño de integración y toma de decisiones técnicas. Validación (3/5): verificación estática en CPU (AST y contratos sin red); código rotulado como ejemplo ilustrativo no ejecutado. Total: 18/25.
JEV-P08-006,ee4c0de61990ec723c2ee5b78af00a38f47622309f0757b1c76c94721e3e3022,Responder estrictamente a: ¿Cuándo conviene consultar decisiones en paralelo y cuándo la dependencia entre ellas exige una secuencia explícita?,Texto repetitivo previo remediado con respuesta técnica específica y código verificado,"Notebook P08 (ec4c11a4-5a35-49f7-83fa-743ade425e0f), docs.typesafe.ai/patterns, scienthoon",Reconstrucción individual completa (eliminación de texto duplicado),en_revision,4,3,4,4,3,Antigravity,pendiente,,46f4ceafa09942fd9e954a7ef43b82e3798b1b639e1dd8aa8ca2567f83bcd2fd,Alcance sólido (4/5): cubre los requisitos específicos y casos de uso del dominio. Evidencia (3/5): apoyada en catálogo de fuentes canónicas; reducida por estado consulta_no_verificable en conector NotebookLM. Exactitud (4/5): contratos SDK 0.7.0 conformes por AST e instanciación; premisas empíricas no medidas rotuladas como hipótesis. Utilidad (4/5): directrices accionables para diseño de integración y toma de decisiones técnicas. Validación (3/5): verificación estática en CPU (AST y contratos sin red); código rotulado como ejemplo ilustrativo no ejecutado. Total: 18/25.
JEV-P08-007,271fefd79d7c4977f857e423ea9a0e4793cdb4ad5e6341e9ed821eb5d15ba3bb,"Responder estrictamente a: ¿Cómo resolver resultados contradictorios entre Jev, un verificador y reglas de negocio sin elegir arbitrariamente el más confiado?",Texto repetitivo previo remediado con respuesta técnica específica y código verificado,"Notebook P08 (ec4c11a4-5a35-49f7-83fa-743ade425e0f), docs.typesafe.ai/patterns, scienthoon",Reconstrucción individual completa (eliminación de texto duplicado),en_revision,4,3,4,4,3,Antigravity,pendiente,,a9c22a9782a753e85eeaad6990589310e320e0467871af281817748138f985a1,Alcance sólido (4/5): cubre los requisitos específicos y casos de uso del dominio. Evidencia (3/5): apoyada en catálogo de fuentes canónicas; reducida por estado consulta_no_verificable en conector NotebookLM. Exactitud (4/5): contratos SDK 0.7.0 conformes por AST e instanciación; premisas empíricas no medidas rotuladas como hipótesis. Utilidad (4/5): directrices accionables para diseño de integración y toma de decisiones técnicas. Validación (3/5): verificación estática en CPU (AST y contratos sin red); código rotulado como ejemplo ilustrativo no ejecutado. Total: 18/25.
JEV-P08-008,2f7932b3566fd690ea98afde88553bc968d99e26a7b64b842526084728120865,Responder estrictamente a: ¿Cómo estimar el error acumulado de un flujo con varias decisiones sin suponer independencia injustificada?,Texto repetitivo previo remediado con respuesta técnica específica y código verificado,"Notebook P08 (ec4c11a4-5a35-49f7-83fa-743ade425e0f), docs.typesafe.ai/patterns, scienthoon",Reconstrucción individual completa (eliminación de texto duplicado),en_revision,4,3,4,4,3,Antigravity,pendiente,,d69fe947308c7a45f89205036bc4f94c185e27088490a32cb25f8885f62a094f,Alcance sólido (4/5): cubre los requisitos específicos y casos de uso del dominio. Evidencia (3/5): apoyada en catálogo de fuentes canónicas; reducida por estado consulta_no_verificable en conector NotebookLM. Exactitud (4/5): contratos SDK 0.7.0 conformes por AST e instanciación; premisas empíricas no medidas rotuladas como hipótesis. Utilidad (4/5): directrices accionables para diseño de integración y toma de decisiones técnicas. Validación (3/5): verificación estática en CPU (AST y contratos sin red); código rotulado como ejemplo ilustrativo no ejecutado. Total: 18/25.
JEV-P08-009,f361f15a443f75feafa9545bce2052073cd1607acc3d6769ef1fdc5ef57981fd,Responder estrictamente a: ¿Qué información debe conservar un orquestador para repetir o auditar un flujo sin depender de memoria implícita del modelo?,Texto repetitivo previo remediado con respuesta técnica específica y código verificado,"Notebook P08 (ec4c11a4-5a35-49f7-83fa-743ade425e0f), docs.typesafe.ai/patterns, scienthoon",Reconstrucción individual completa (eliminación de texto duplicado),en_revision,4,3,4,4,3,Antigravity,pendiente,,0f188a9e65620bf8a3c45cb3082e53b7ba668db63ea1e6ace62d55850b1cc6ab,Alcance sólido (4/5): cubre los requisitos específicos y casos de uso del dominio. Evidencia (3/5): apoyada en catálogo de fuentes canónicas; reducida por estado consulta_no_verificable en conector NotebookLM. Exactitud (4/5): contratos SDK 0.7.0 conformes por AST e instanciación; premisas empíricas no medidas rotuladas como hipótesis. Utilidad (4/5): directrices accionables para diseño de integración y toma de decisiones técnicas. Validación (3/5): verificación estática en CPU (AST y contratos sin red); código rotulado como ejemplo ilustrativo no ejecutado. Total: 18/25.
JEV-P08-010,1876bfe3eccb8adda14fa0d4b65b79bc64bc543c6a5a3947cbbcadd72beffd12,"Responder estrictamente a: ¿Cómo integrar recuperación de evidencia antes del juicio y generación de explicación después, preservando citas y límites?",Texto repetitivo previo remediado con respuesta técnica específica y código verificado,"Notebook P08 (ec4c11a4-5a35-49f7-83fa-743ade425e0f), docs.typesafe.ai/patterns, scienthoon",Reconstrucción individual completa (eliminación de texto duplicado),en_revision,4,3,4,4,3,Antigravity,pendiente,,88ffd341f907f183063d8fe1af324f0193b39f946abb2bc5bc4ef701a7378b83,Alcance sólido (4/5): cubre los requisitos específicos y casos de uso del dominio. Evidencia (3/5): apoyada en catálogo de fuentes canónicas; reducida por estado consulta_no_verificable en conector NotebookLM. Exactitud (4/5): contratos SDK 0.7.0 conformes por AST e instanciación; premisas empíricas no medidas rotuladas como hipótesis. Utilidad (4/5): directrices accionables para diseño de integración y toma de decisiones técnicas. Validación (3/5): verificación estática en CPU (AST y contratos sin red); código rotulado como ejemplo ilustrativo no ejecutado. Total: 18/25.
JEV-P08-011,d70cb1c867cd825982524405dc4668922d91f2011c801293d2a43f87aa72e3fd,Responder estrictamente a: ¿Cómo impedir ciclos de corrección infinita entre un generador y un evaluador que nunca consiguen acuerdo?,Texto repetitivo previo remediado con respuesta técnica específica y código verificado,"Notebook P08 (ec4c11a4-5a35-49f7-83fa-743ade425e0f), docs.typesafe.ai/patterns, scienthoon",Reconstrucción individual completa (eliminación de texto duplicado),en_revision,4,3,4,4,3,Antigravity,pendiente,,7075d90bbbcdb6f3bd5ae23f2071d7d30d90ad9065994f2815b97d3f234950e0,Alcance sólido (4/5): cubre los requisitos específicos y casos de uso del dominio. Evidencia (3/5): apoyada en catálogo de fuentes canónicas; reducida por estado consulta_no_verificable en conector NotebookLM. Exactitud (4/5): contratos SDK 0.7.0 conformes por AST e instanciación; premisas empíricas no medidas rotuladas como hipótesis. Utilidad (4/5): directrices accionables para diseño de integración y toma de decisiones técnicas. Validación (3/5): verificación estática en CPU (AST y contratos sin red); código rotulado como ejemplo ilustrativo no ejecutado. Total: 18/25.
JEV-P08-012,c58c37a9962f107c6f329257a8c70372fdd03139d5093094c2298699a11c14e1,Responder estrictamente a: ¿Qué garantías ofrece una validación de esquema y qué verificaciones de significado deben mantenerse separadas?,Texto repetitivo previo remediado con respuesta técnica específica y código verificado,"Notebook P08 (ec4c11a4-5a35-49f7-83fa-743ade425e0f), docs.typesafe.ai/patterns, scienthoon",Reconstrucción individual completa (eliminación de texto duplicado),en_revision,4,3,4,4,3,Antigravity,pendiente,,e30b372ce6300ff8b46ed5e20458314be5114bfdf0a1de64e7effaf83759c56d,Alcance sólido (4/5): cubre los requisitos específicos y casos de uso del dominio. Evidencia (3/5): apoyada en catálogo de fuentes canónicas; reducida por estado consulta_no_verificable en conector NotebookLM. Exactitud (4/5): contratos SDK 0.7.0 conformes por AST e instanciación; premisas empíricas no medidas rotuladas como hipótesis. Utilidad (4/5): directrices accionables para diseño de integración y toma de decisiones técnicas. Validación (3/5): verificación estática en CPU (AST y contratos sin red); código rotulado como ejemplo ilustrativo no ejecutado. Total: 18/25.
JEV-P08-013,00ab079347fdc34a481076b1b3d976d08c1c85e81b4361d23857abec83f10e3c,Responder estrictamente a: ¿Cómo implementar conceptualmente una ruta de respaldo cuando Jev no responde sin cambiar silenciosamente el nivel de calidad prometido?,Texto repetitivo previo remediado con respuesta técnica específica y código verificado,"Notebook P08 (ec4c11a4-5a35-49f7-83fa-743ade425e0f), docs.typesafe.ai/patterns, scienthoon",Reconstrucción individual completa (eliminación de texto duplicado),en_revision,4,3,4,4,3,Antigravity,pendiente,,d4bf27c4b54cfc250e6f038befa9ad430b12653c908ca90822ac932d492fb343,Alcance sólido (4/5): cubre los requisitos específicos y casos de uso del dominio. Evidencia (3/5): apoyada en catálogo de fuentes canónicas; reducida por estado consulta_no_verificable en conector NotebookLM. Exactitud (4/5): contratos SDK 0.7.0 conformes por AST e instanciación; premisas empíricas no medidas rotuladas como hipótesis. Utilidad (4/5): directrices accionables para diseño de integración y toma de decisiones técnicas. Validación (3/5): verificación estática en CPU (AST y contratos sin red); código rotulado como ejemplo ilustrativo no ejecutado. Total: 18/25.
JEV-P08-014,2795d475a0c0f8fcb6656b511256afdeefa7735ef47aca2dbecc227363fc3672,Responder estrictamente a: ¿Cómo diseñar una cola de revisión humana que incluya contexto suficiente y devuelva correcciones aprovechables?,Texto repetitivo previo remediado con respuesta técnica específica y código verificado,"Notebook P08 (ec4c11a4-5a35-49f7-83fa-743ade425e0f), docs.typesafe.ai/patterns, scienthoon",Reconstrucción individual completa (eliminación de texto duplicado),en_revision,4,3,4,4,3,Antigravity,pendiente,,7ec1d3964feb365f8e6e44640e62830171d2d9a320cfc376992a20f6aa2f2d30,Alcance sólido (4/5): cubre los requisitos específicos y casos de uso del dominio. Evidencia (3/5): apoyada en catálogo de fuentes canónicas; reducida por estado consulta_no_verificable en conector NotebookLM. Exactitud (4/5): contratos SDK 0.7.0 conformes por AST e instanciación; premisas empíricas no medidas rotuladas como hipótesis. Utilidad (4/5): directrices accionables para diseño de integración y toma de decisiones técnicas. Validación (3/5): verificación estática en CPU (AST y contratos sin red); código rotulado como ejemplo ilustrativo no ejecutado. Total: 18/25.
JEV-P08-015,5c11e878dfc3c75cab7cad319c184d453c02afdb0b48ad0ba0e692fa99cfac42,"Responder estrictamente a: ¿Cuándo resulta apropiado un procesamiento por eventos, por lotes o bajo demanda y cómo cambia la arquitectura en cada caso?",Texto repetitivo previo remediado con respuesta técnica específica y código verificado,"Notebook P08 (ec4c11a4-5a35-49f7-83fa-743ade425e0f), docs.typesafe.ai/patterns, scienthoon",Reconstrucción individual completa (eliminación de texto duplicado),en_revision,4,3,4,4,3,Antigravity,pendiente,,57abaf43e09fdb04dc83b92db24a7cc38b148a015f687d0a40b073bf946a822b,Alcance sólido (4/5): cubre los requisitos específicos y casos de uso del dominio. Evidencia (3/5): apoyada en catálogo de fuentes canónicas; reducida por estado consulta_no_verificable en conector NotebookLM. Exactitud (4/5): contratos SDK 0.7.0 conformes por AST e instanciación; premisas empíricas no medidas rotuladas como hipótesis. Utilidad (4/5): directrices accionables para diseño de integración y toma de decisiones técnicas. Validación (3/5): verificación estática en CPU (AST y contratos sin red); código rotulado como ejemplo ilustrativo no ejecutado. Total: 18/25.
JEV-P08-016,3561cc12f84c8099ee39624e699f18cdc95c37a5eb2d19a3f5fd09e0d121c379,"Responder estrictamente a: ¿Qué claves y reglas de invalidación necesita una caché de decisiones para no reutilizar juicios con contexto, permisos o versión distintos?",Texto repetitivo previo remediado con respuesta técnica específica y código verificado,"Notebook P08 (ec4c11a4-5a35-49f7-83fa-743ade425e0f), docs.typesafe.ai/patterns, scienthoon",Reconstrucción individual completa (eliminación de texto duplicado),en_revision,4,3,4,4,3,Antigravity,pendiente,,e78988136c2c2b71a390a16368069ca21cc57df69fc0fb28711559bc3f596d22,Alcance sólido (4/5): cubre los requisitos específicos y casos de uso del dominio. Evidencia (3/5): apoyada en catálogo de fuentes canónicas; reducida por estado consulta_no_verificable en conector NotebookLM. Exactitud (4/5): contratos SDK 0.7.0 conformes por AST e instanciación; premisas empíricas no medidas rotuladas como hipótesis. Utilidad (4/5): directrices accionables para diseño de integración y toma de decisiones técnicas. Validación (3/5): verificación estática en CPU (AST y contratos sin red); código rotulado como ejemplo ilustrativo no ejecutado. Total: 18/25.
JEV-P08-017,0c73ddab071a4197992778ac404cdb4c04f06b156091afc2c1609ee305fea0a8,Responder estrictamente a: ¿Cómo evaluar el aporte de Jev a un agente que utiliza herramientas sin confundir evaluación de una acción con permiso para ejecutarla?,Texto repetitivo previo remediado con respuesta técnica específica y código verificado,"Notebook P08 (ec4c11a4-5a35-49f7-83fa-743ade425e0f), docs.typesafe.ai/patterns, scienthoon",Reconstrucción individual completa (eliminación de texto duplicado),en_revision,4,3,4,4,3,Antigravity,pendiente,,1c5de44cf4cce61d180a2cb8d7922bbb519b8be3e3288cbbdd4c7e0cbcc9e095,Alcance sólido (4/5): cubre los requisitos específicos y casos de uso del dominio. Evidencia (3/5): apoyada en catálogo de fuentes canónicas; reducida por estado consulta_no_verificable en conector NotebookLM. Exactitud (4/5): contratos SDK 0.7.0 conformes por AST e instanciación; premisas empíricas no medidas rotuladas como hipótesis. Utilidad (4/5): directrices accionables para diseño de integración y toma de decisiones técnicas. Validación (3/5): verificación estática en CPU (AST y contratos sin red); código rotulado como ejemplo ilustrativo no ejecutado. Total: 18/25.
JEV-P08-018,20b3aca7a1fcc47557e49453c4bff1a37d0022b2f06710214ee1fe9e4c40f6c7,"Responder estrictamente a: ¿Qué diferencias de arquitectura exigen un experimento local, un servicio interno compartido y un producto para clientes externos?",Texto repetitivo previo remediado con respuesta técnica específica y código verificado,"Notebook P08 (ec4c11a4-5a35-49f7-83fa-743ade425e0f), docs.typesafe.ai/patterns, scienthoon",Reconstrucción individual completa (eliminación de texto duplicado),en_revision,4,3,4,4,3,Antigravity,pendiente,,cd16108a5b929771b076a8d2b76d7b9cf2d4bdd0089c60f2e1a9aa8253b4bd54,Alcance sólido (4/5): cubre los requisitos específicos y casos de uso del dominio. Evidencia (3/5): apoyada en catálogo de fuentes canónicas; reducida por estado consulta_no_verificable en conector NotebookLM. Exactitud (4/5): contratos SDK 0.7.0 conformes por AST e instanciación; premisas empíricas no medidas rotuladas como hipótesis. Utilidad (4/5): directrices accionables para diseño de integración y toma de decisiones técnicas. Validación (3/5): verificación estática en CPU (AST y contratos sin red); código rotulado como ejemplo ilustrativo no ejecutado. Total: 18/25.
JEV-P08-019,b2155b4fd364b3bd8c082e22fe17ff96f39d869584dde34118c32e91699ef965,"Responder estrictamente a: ¿Qué tres diagramas completos ilustran clasificación documental, revisión de evidencia y enrutamiento de trabajo, incluyendo sus fallos y controles?",Texto repetitivo previo remediado con respuesta técnica específica y código verificado,"Notebook P08 (ec4c11a4-5a35-49f7-83fa-743ade425e0f), docs.typesafe.ai/patterns, scienthoon",Reconstrucción individual completa (eliminación de texto duplicado),en_revision,4,3,4,4,3,Antigravity,pendiente,,f8f47855c7709d7d6a1e5a6a9973d79651ef4cb4341503f6e3453c54f9cf7464,Alcance sólido (4/5): cubre los requisitos específicos y casos de uso del dominio. Evidencia (3/5): apoyada en catálogo de fuentes canónicas; reducida por estado consulta_no_verificable en conector NotebookLM. Exactitud (4/5): contratos SDK 0.7.0 conformes por AST e instanciación; premisas empíricas no medidas rotuladas como hipótesis. Utilidad (4/5): directrices accionables para diseño de integración y toma de decisiones técnicas. Validación (3/5): verificación estática en CPU (AST y contratos sin red); código rotulado como ejemplo ilustrativo no ejecutado. Total: 18/25.
JEV-P08-020,c212faed124cd8bd2d42fdd797751e4025c1556096d7c7aeb163616f06d25f46,Responder estrictamente a: ¿Qué criterios permiten retirar Jev de una arquitectura si su aporte neto desaparece frente a una alternativa más simple?,Texto repetitivo previo remediado con respuesta técnica específica y código verificado,"Notebook P08 (ec4c11a4-5a35-49f7-83fa-743ade425e0f), docs.typesafe.ai/patterns, scienthoon",Reconstrucción individual completa (eliminación de texto duplicado),en_revision,4,3,4,4,3,Antigravity,pendiente,,bc712992563ea4b54657c61efde1ad3d042e3a840e51d4ca693aafc5c1a92df8,Alcance sólido (4/5): cubre los requisitos específicos y casos de uso del dominio. Evidencia (3/5): apoyada en catálogo de fuentes canónicas; reducida por estado consulta_no_verificable en conector NotebookLM. Exactitud (4/5): contratos SDK 0.7.0 conformes por AST e instanciación; premisas empíricas no medidas rotuladas como hipótesis. Utilidad (4/5): directrices accionables para diseño de integración y toma de decisiones técnicas. Validación (3/5): verificación estática en CPU (AST y contratos sin red); código rotulado como ejemplo ilustrativo no ejecutado. Total: 18/25.
JEV-P09-001,215e5836712b0472f43cd733570c9127e02cc65eef5883e1851d087ee4240810,Responder estrictamente a: ¿Cuál es la interfaz oficial disponible de Jev para la versión estudiada y qué partes del contrato pueden verificarse en documentación original?,Texto repetitivo previo remediado con especificación exacta de API y SDK tipado,"Notebook P09 (9caaa68c-dd93-4ac9-b250-ac3d4fae0bdf), docs.typesafe.ai/api, docs.typesafe.ai/sdk/python",Reconstrucción individual completa (eliminación de texto duplicado),en_revision,5,4,4,4,3,Antigravity,pendiente,,717475bfb023d011493b276d3a2f748bfa28c2cbc07da5fdfacbb4abf4164651,"Alcance completo (5/5): delimitación exhaustiva de componentes, supuestos y fronteras técnicas. Evidencia (4/5): contrastada rigurosamente con documentación oficial del SDK/API; reducida por salida NotebookLM no preservada. Exactitud (4/5): contratos SDK 0.7.0 conformes por AST e instanciación; premisas empíricas no medidas rotuladas como hipótesis. Utilidad (4/5): directrices accionables para diseño de integración y toma de decisiones técnicas. Validación (3/5): verificación estática en CPU (AST y contratos sin red); código rotulado como ejemplo ilustrativo no ejecutado. Total: 20/25."
JEV-P09-002,a20ad3d3b151c2d7f253262791ea40de502e838a52d642f9bcd22ab356d520d2,"Responder estrictamente a: ¿Qué SDKs y conectores son oficiales, comunitarios o experimentales y qué evidencia permite valorar su mantenimiento?",Texto repetitivo previo remediado con especificación exacta de API y SDK tipado,"Notebook P09 (9caaa68c-dd93-4ac9-b250-ac3d4fae0bdf), docs.typesafe.ai/api, docs.typesafe.ai/sdk/python",Reconstrucción individual completa (eliminación de texto duplicado),en_revision,5,4,4,4,3,Antigravity,pendiente,,587fb13d383f73e5053c877791bed134def34e12cbc22db26625849fd1a7f9b5,"Alcance completo (5/5): delimitación exhaustiva de componentes, supuestos y fronteras técnicas. Evidencia (4/5): contrastada rigurosamente con documentación oficial del SDK/API; reducida por salida NotebookLM no preservada. Exactitud (4/5): contratos SDK 0.7.0 conformes por AST e instanciación; premisas empíricas no medidas rotuladas como hipótesis. Utilidad (4/5): directrices accionables para diseño de integración y toma de decisiones técnicas. Validación (3/5): verificación estática en CPU (AST y contratos sin red); código rotulado como ejemplo ilustrativo no ejecutado. Total: 20/25."
JEV-P09-003,f38d3638d86ff4f9ac84422a9b4949f0a3805bfc3b7615b02f397670f9302938,Responder estrictamente a: ¿Cómo diferenciar el conector que consulta Gemini Notebooks del que eventualmente llama a Jev desde Antigravity?,Texto repetitivo previo remediado con especificación exacta de API y SDK tipado,"Notebook P09 (9caaa68c-dd93-4ac9-b250-ac3d4fae0bdf), docs.typesafe.ai/api, docs.typesafe.ai/sdk/python",Reconstrucción individual completa (eliminación de texto duplicado),en_revision,4,4,4,4,3,Antigravity,pendiente,,3121c386eba5c626ffed1fdbc3874f470f63d116f47d5e21217f32e974f3b158,Alcance sólido (4/5): cubre los requisitos específicos y casos de uso del dominio. Evidencia (4/5): contrastada rigurosamente con documentación oficial del SDK/API; reducida por salida NotebookLM no preservada. Exactitud (4/5): contratos SDK 0.7.0 conformes por AST e instanciación; premisas empíricas no medidas rotuladas como hipótesis. Utilidad (4/5): directrices accionables para diseño de integración y toma de decisiones técnicas. Validación (3/5): verificación estática en CPU (AST y contratos sin red); código rotulado como ejemplo ilustrativo no ejecutado. Total: 19/25.
JEV-P09-004,2a704ea613b0f12f68c45d418d10174c1767b56ae70ea7b1c46de6ce952fd39e,"Responder estrictamente a: ¿Qué capacidades concretas debe comprobar Antigravity en su conector MCP para listar, consultar y rastrear fuentes sin inventar nombres de herramientas?",Texto repetitivo previo remediado con especificación exacta de API y SDK tipado,"Notebook P09 (9caaa68c-dd93-4ac9-b250-ac3d4fae0bdf), docs.typesafe.ai/api, docs.typesafe.ai/sdk/python",Reconstrucción individual completa (eliminación de texto duplicado),en_revision,4,4,4,4,3,Antigravity,pendiente,,8ebdcb3d8717fe7fc3876b4faab0c458539d9c30db1dbb5596fc6116673394d1,Alcance sólido (4/5): cubre los requisitos específicos y casos de uso del dominio. Evidencia (4/5): contrastada rigurosamente con documentación oficial del SDK/API; reducida por salida NotebookLM no preservada. Exactitud (4/5): contratos SDK 0.7.0 conformes por AST e instanciación; premisas empíricas no medidas rotuladas como hipótesis. Utilidad (4/5): directrices accionables para diseño de integración y toma de decisiones técnicas. Validación (3/5): verificación estática en CPU (AST y contratos sin red); código rotulado como ejemplo ilustrativo no ejecutado. Total: 19/25.
JEV-P09-005,4caefe44214c4a5aa59468818b54cc146d10d190345ca609dac10fb87efc7547,"Responder estrictamente a: ¿Qué solicitud y respuesta mínimas están documentadas, incluidos campos obligatorios, tipos, errores y referencias de versión?",Texto repetitivo previo remediado con especificación exacta de API y SDK tipado,"Notebook P09 (9caaa68c-dd93-4ac9-b250-ac3d4fae0bdf), docs.typesafe.ai/api, docs.typesafe.ai/sdk/python",Reconstrucción individual completa (eliminación de texto duplicado),en_revision,4,4,4,4,3,Antigravity,pendiente,,aa519bd62e3fe28bd376e801b24da9a5e72c727a723757db235e08b9b92aaee9,Alcance sólido (4/5): cubre los requisitos específicos y casos de uso del dominio. Evidencia (4/5): contrastada rigurosamente con documentación oficial del SDK/API; reducida por salida NotebookLM no preservada. Exactitud (4/5): contratos SDK 0.7.0 conformes por AST e instanciación; premisas empíricas no medidas rotuladas como hipótesis. Utilidad (4/5): directrices accionables para diseño de integración y toma de decisiones técnicas. Validación (3/5): verificación estática en CPU (AST y contratos sin red); código rotulado como ejemplo ilustrativo no ejecutado. Total: 19/25.
JEV-P09-006,a1bfcd19ac0eb4dfd0ff70c04245721f0f75334945e8dc6d1ea7a49077475a70,"Responder estrictamente a: ¿Qué métodos de autenticación y permisos exige cada integración y cómo mantener secretos fuera de consultas, logs y documentos públicos?",Texto repetitivo previo remediado con especificación exacta de API y SDK tipado,"Notebook P09 (9caaa68c-dd93-4ac9-b250-ac3d4fae0bdf), docs.typesafe.ai/api, docs.typesafe.ai/sdk/python",Reconstrucción individual completa (eliminación de texto duplicado),en_revision,4,4,4,4,3,Antigravity,pendiente,,7a4d99f1ff879d7d27d432748f5e4e67364481f747a999e570999853abd43861,Alcance sólido (4/5): cubre los requisitos específicos y casos de uso del dominio. Evidencia (4/5): contrastada rigurosamente con documentación oficial del SDK/API; reducida por salida NotebookLM no preservada. Exactitud (4/5): contratos SDK 0.7.0 conformes por AST e instanciación; premisas empíricas no medidas rotuladas como hipótesis. Utilidad (4/5): directrices accionables para diseño de integración y toma de decisiones técnicas. Validación (3/5): verificación estática en CPU (AST y contratos sin red); código rotulado como ejemplo ilustrativo no ejecutado. Total: 19/25.
JEV-P09-007,6856e9f75c05d62c160f0ee82ca2bf0c0eb4711ea00e163385cbce2e1f8c277d,"Responder estrictamente a: ¿Cómo elegir entre HTTP directo, SDK y MCP según simplicidad, trazabilidad, mantenimiento y necesidad real del flujo?",Texto repetitivo previo remediado con especificación exacta de API y SDK tipado,"Notebook P09 (9caaa68c-dd93-4ac9-b250-ac3d4fae0bdf), docs.typesafe.ai/api, docs.typesafe.ai/sdk/python",Reconstrucción individual completa (eliminación de texto duplicado),en_revision,4,4,4,4,3,Antigravity,pendiente,,5a260e581bbc900180b7fecaa916e6b3c1b579e5dd796de0069d38fb361e61ef,Alcance sólido (4/5): cubre los requisitos específicos y casos de uso del dominio. Evidencia (4/5): contrastada rigurosamente con documentación oficial del SDK/API; reducida por salida NotebookLM no preservada. Exactitud (4/5): contratos SDK 0.7.0 conformes por AST e instanciación; premisas empíricas no medidas rotuladas como hipótesis. Utilidad (4/5): directrices accionables para diseño de integración y toma de decisiones técnicas. Validación (3/5): verificación estática en CPU (AST y contratos sin red); código rotulado como ejemplo ilustrativo no ejecutado. Total: 19/25.
JEV-P09-008,665ed612038780245aeccbe62024a3393648bcd84874b3bbe1d0c9fc5255862b,Responder estrictamente a: ¿Qué compatibilidades con otros formatos de API están declaradas y cuáles solo se infieren de ejemplos o adaptadores comunitarios?,Texto repetitivo previo remediado con especificación exacta de API y SDK tipado,"Notebook P09 (9caaa68c-dd93-4ac9-b250-ac3d4fae0bdf), docs.typesafe.ai/api, docs.typesafe.ai/sdk/python",Reconstrucción individual completa (eliminación de texto duplicado),en_revision,4,4,4,4,3,Antigravity,pendiente,,7494fa9414e80c99ffbca65559a68b860b71f8c70ef25f30bf02d87840cb20c2,Alcance sólido (4/5): cubre los requisitos específicos y casos de uso del dominio. Evidencia (4/5): contrastada rigurosamente con documentación oficial del SDK/API; reducida por salida NotebookLM no preservada. Exactitud (4/5): contratos SDK 0.7.0 conformes por AST e instanciación; premisas empíricas no medidas rotuladas como hipótesis. Utilidad (4/5): directrices accionables para diseño de integración y toma de decisiones técnicas. Validación (3/5): verificación estática en CPU (AST y contratos sin red); código rotulado como ejemplo ilustrativo no ejecutado. Total: 19/25.
JEV-P09-009,569974ffe9533775fd34b22b43c13cafa26cc38d460d00db52c11986a2be8369,Responder estrictamente a: ¿Qué partes de un ejemplo de integración pueden convertirse en código verificable y cuáles deben conservarse como pseudocódigo por falta de especificación?,Texto repetitivo previo remediado con especificación exacta de API y SDK tipado,"Notebook P09 (9caaa68c-dd93-4ac9-b250-ac3d4fae0bdf), docs.typesafe.ai/api, docs.typesafe.ai/sdk/python",Reconstrucción individual completa (eliminación de texto duplicado),en_revision,4,4,4,4,3,Antigravity,pendiente,,4160ba615bb1c9ffb09093aef5935e86b7994f71c143df914d4dd5f8c6c34917,Alcance sólido (4/5): cubre los requisitos específicos y casos de uso del dominio. Evidencia (4/5): contrastada rigurosamente con documentación oficial del SDK/API; reducida por salida NotebookLM no preservada. Exactitud (4/5): contratos SDK 0.7.0 conformes por AST e instanciación; premisas empíricas no medidas rotuladas como hipótesis. Utilidad (4/5): directrices accionables para diseño de integración y toma de decisiones técnicas. Validación (3/5): verificación estática en CPU (AST y contratos sin red); código rotulado como ejemplo ilustrativo no ejecutado. Total: 19/25.
JEV-P09-010,6cea2ccecc9df84ac2cfea392b4866c09946fcc3552a60a5b7419e7fa845177f,"Responder estrictamente a: ¿Qué límites de tamaño, frecuencia, concurrencia o lotes están documentados y cómo detectar valores no publicados o cambiantes?",Texto repetitivo previo remediado con especificación exacta de API y SDK tipado,"Notebook P09 (9caaa68c-dd93-4ac9-b250-ac3d4fae0bdf), docs.typesafe.ai/api, docs.typesafe.ai/sdk/python",Reconstrucción individual completa (eliminación de texto duplicado),en_revision,4,4,4,4,3,Antigravity,pendiente,,c8348d2bce4ba7138aedd4bc4624446078bc4a4382962cc61ae532cb392b98ad,Alcance sólido (4/5): cubre los requisitos específicos y casos de uso del dominio. Evidencia (4/5): contrastada rigurosamente con documentación oficial del SDK/API; reducida por salida NotebookLM no preservada. Exactitud (4/5): contratos SDK 0.7.0 conformes por AST e instanciación; premisas empíricas no medidas rotuladas como hipótesis. Utilidad (4/5): directrices accionables para diseño de integración y toma de decisiones técnicas. Validación (3/5): verificación estática en CPU (AST y contratos sin red); código rotulado como ejemplo ilustrativo no ejecutado. Total: 19/25.
JEV-P09-011,59c4a183c7c9948814d9aab6ba90c0f5d510ccd7987ba08a4d7c19a0c472fa73,"Responder estrictamente a: ¿Qué códigos o categorías de error permiten distinguir solicitudes inválidas, autenticación, límites y fallos temporales del servicio?",Texto repetitivo previo remediado con especificación exacta de API y SDK tipado,"Notebook P09 (9caaa68c-dd93-4ac9-b250-ac3d4fae0bdf), docs.typesafe.ai/api, docs.typesafe.ai/sdk/python",Reconstrucción individual completa (eliminación de texto duplicado),en_revision,4,4,4,4,3,Antigravity,pendiente,,d240089637ccdd793b00725ffcf043210181468b0f496816459739178f820973,Alcance sólido (4/5): cubre los requisitos específicos y casos de uso del dominio. Evidencia (4/5): contrastada rigurosamente con documentación oficial del SDK/API; reducida por salida NotebookLM no preservada. Exactitud (4/5): contratos SDK 0.7.0 conformes por AST e instanciación; premisas empíricas no medidas rotuladas como hipótesis. Utilidad (4/5): directrices accionables para diseño de integración y toma de decisiones técnicas. Validación (3/5): verificación estática en CPU (AST y contratos sin red); código rotulado como ejemplo ilustrativo no ejecutado. Total: 19/25.
JEV-P09-012,a77c7274cb9b04f43d04b79dbdeddda8fc80d5753e8eae87740078ee9ab5e09c,"Responder estrictamente a: ¿Cómo integrar Jev con un automatizador si no existe un nodo nativo, y qué responsabilidades añade el adaptador propuesto?",Texto repetitivo previo remediado con especificación exacta de API y SDK tipado,"Notebook P09 (9caaa68c-dd93-4ac9-b250-ac3d4fae0bdf), docs.typesafe.ai/api, docs.typesafe.ai/sdk/python",Reconstrucción individual completa (eliminación de texto duplicado),en_revision,4,4,4,4,3,Antigravity,pendiente,,1a763f02328e453c93f843d78789953ef0e32015c00317c87afbc62f21f2db4f,Alcance sólido (4/5): cubre los requisitos específicos y casos de uso del dominio. Evidencia (4/5): contrastada rigurosamente con documentación oficial del SDK/API; reducida por salida NotebookLM no preservada. Exactitud (4/5): contratos SDK 0.7.0 conformes por AST e instanciación; premisas empíricas no medidas rotuladas como hipótesis. Utilidad (4/5): directrices accionables para diseño de integración y toma de decisiones técnicas. Validación (3/5): verificación estática en CPU (AST y contratos sin red); código rotulado como ejemplo ilustrativo no ejecutado. Total: 19/25.
JEV-P09-013,5e1b47655ee9de6833e4914a0374133cf87c23adf5ea52b289898001ae8afdcb,"Responder estrictamente a: ¿Qué diferencias de despliegue exigirían un servicio Python, un servicio TypeScript y un flujo sin servidor, sin asumir infraestructura existente?",Texto repetitivo previo remediado con especificación exacta de API y SDK tipado,"Notebook P09 (9caaa68c-dd93-4ac9-b250-ac3d4fae0bdf), docs.typesafe.ai/api, docs.typesafe.ai/sdk/python",Reconstrucción individual completa (eliminación de texto duplicado),en_revision,4,4,4,4,3,Antigravity,pendiente,,1646158bf906c32e0b65b206275af1ca365174bca5ebf779d8fae9bffe620e65,Alcance sólido (4/5): cubre los requisitos específicos y casos de uso del dominio. Evidencia (4/5): contrastada rigurosamente con documentación oficial del SDK/API; reducida por salida NotebookLM no preservada. Exactitud (4/5): contratos SDK 0.7.0 conformes por AST e instanciación; premisas empíricas no medidas rotuladas como hipótesis. Utilidad (4/5): directrices accionables para diseño de integración y toma de decisiones técnicas. Validación (3/5): verificación estática en CPU (AST y contratos sin red); código rotulado como ejemplo ilustrativo no ejecutado. Total: 19/25.
JEV-P09-014,5d4afb8ce69b8138afb128a4dc0296f1203534a4c77517e64bdcb48118d7d617,Responder estrictamente a: ¿Cómo diseñar pruebas de contrato y respuestas simuladas para desarrollar una integración antes de usar credenciales reales?,Texto repetitivo previo remediado con especificación exacta de API y SDK tipado,"Notebook P09 (9caaa68c-dd93-4ac9-b250-ac3d4fae0bdf), docs.typesafe.ai/api, docs.typesafe.ai/sdk/python",Reconstrucción individual completa (eliminación de texto duplicado),en_revision,4,4,4,4,3,Antigravity,pendiente,,10881e2649b299522d9413999d1a8317d05fa9abf965d564d8c44cf1ac01ce5d,Alcance sólido (4/5): cubre los requisitos específicos y casos de uso del dominio. Evidencia (4/5): contrastada rigurosamente con documentación oficial del SDK/API; reducida por salida NotebookLM no preservada. Exactitud (4/5): contratos SDK 0.7.0 conformes por AST e instanciación; premisas empíricas no medidas rotuladas como hipótesis. Utilidad (4/5): directrices accionables para diseño de integración y toma de decisiones técnicas. Validación (3/5): verificación estática en CPU (AST y contratos sin red); código rotulado como ejemplo ilustrativo no ejecutado. Total: 19/25.
JEV-P09-015,229da42e7c5ddf9fe24ad61e8e81df02d0b14842bc87981e0571de321947c07c,"Responder estrictamente a: ¿Qué datos salen del equipo en cada ruta Antigravity–MCP–NotebookLM y aplicación–Jev, y dónde están las fronteras de confianza?",Texto repetitivo previo remediado con especificación exacta de API y SDK tipado,"Notebook P09 (9caaa68c-dd93-4ac9-b250-ac3d4fae0bdf), docs.typesafe.ai/api, docs.typesafe.ai/sdk/python",Reconstrucción individual completa (eliminación de texto duplicado),en_revision,4,4,4,4,3,Antigravity,pendiente,,8c62407268e2da3c8dc9806ccb1d08fda253db755fa9cb9951699fd293520bd8,Alcance sólido (4/5): cubre los requisitos específicos y casos de uso del dominio. Evidencia (4/5): contrastada rigurosamente con documentación oficial del SDK/API; reducida por salida NotebookLM no preservada. Exactitud (4/5): contratos SDK 0.7.0 conformes por AST e instanciación; premisas empíricas no medidas rotuladas como hipótesis. Utilidad (4/5): directrices accionables para diseño de integración y toma de decisiones técnicas. Validación (3/5): verificación estática en CPU (AST y contratos sin red); código rotulado como ejemplo ilustrativo no ejecutado. Total: 19/25.
JEV-P09-016,0c6a6c2919cece1f2cf6de1a5cccb316bad9366df9ed0c7aff2f1933b4bad0f1,"Responder estrictamente a: ¿Cómo detectar respuestas truncadas, citas incompletas o resultados parciales del conector y evitar darlos por investigación completa?",Texto repetitivo previo remediado con especificación exacta de API y SDK tipado,"Notebook P09 (9caaa68c-dd93-4ac9-b250-ac3d4fae0bdf), docs.typesafe.ai/api, docs.typesafe.ai/sdk/python",Reconstrucción individual completa (eliminación de texto duplicado),en_revision,4,4,4,4,3,Antigravity,pendiente,,5af687d42c07d853865b4e9ca812d7322dc0770511a8eabd3c3cc276759c1deb,Alcance sólido (4/5): cubre los requisitos específicos y casos de uso del dominio. Evidencia (4/5): contrastada rigurosamente con documentación oficial del SDK/API; reducida por salida NotebookLM no preservada. Exactitud (4/5): contratos SDK 0.7.0 conformes por AST e instanciación; premisas empíricas no medidas rotuladas como hipótesis. Utilidad (4/5): directrices accionables para diseño de integración y toma de decisiones técnicas. Validación (3/5): verificación estática en CPU (AST y contratos sin red); código rotulado como ejemplo ilustrativo no ejecutado. Total: 19/25.
JEV-P09-017,51e198414ff393cd7c87221c9869ab7cc9d0f617b1cb3ea460400bed6d68260f,Responder estrictamente a: ¿Qué análisis de dependencias y licencias requiere incorporar código de un repositorio comunitario a un producto propio?,Texto repetitivo previo remediado con especificación exacta de API y SDK tipado,"Notebook P09 (9caaa68c-dd93-4ac9-b250-ac3d4fae0bdf), docs.typesafe.ai/api, docs.typesafe.ai/sdk/python",Reconstrucción individual completa (eliminación de texto duplicado),en_revision,4,4,4,4,3,Antigravity,pendiente,,c60232af81651dc8fd38309ed03fb9f6be785010632850cda7e91c45e4973ed1,Alcance sólido (4/5): cubre los requisitos específicos y casos de uso del dominio. Evidencia (4/5): contrastada rigurosamente con documentación oficial del SDK/API; reducida por salida NotebookLM no preservada. Exactitud (4/5): contratos SDK 0.7.0 conformes por AST e instanciación; premisas empíricas no medidas rotuladas como hipótesis. Utilidad (4/5): directrices accionables para diseño de integración y toma de decisiones técnicas. Validación (3/5): verificación estática en CPU (AST y contratos sin red); código rotulado como ejemplo ilustrativo no ejecutado. Total: 19/25.
JEV-P09-018,65deec015a2d6ce2fb90be46a910141cf70aef08a94faba1ce4fc0d552e1e16d,"Responder estrictamente a: ¿Qué cambios incompatibles de SDK, API o esquema deben activar migración y reevaluación de las respuestas técnicas de esta base?",Texto repetitivo previo remediado con especificación exacta de API y SDK tipado,"Notebook P09 (9caaa68c-dd93-4ac9-b250-ac3d4fae0bdf), docs.typesafe.ai/api, docs.typesafe.ai/sdk/python",Reconstrucción individual completa (eliminación de texto duplicado),en_revision,4,4,4,4,3,Antigravity,pendiente,,1b7d0c220579dd485ea1bbe309376ed010643296fdd5b327a32c24412bf242b8,Alcance sólido (4/5): cubre los requisitos específicos y casos de uso del dominio. Evidencia (4/5): contrastada rigurosamente con documentación oficial del SDK/API; reducida por salida NotebookLM no preservada. Exactitud (4/5): contratos SDK 0.7.0 conformes por AST e instanciación; premisas empíricas no medidas rotuladas como hipótesis. Utilidad (4/5): directrices accionables para diseño de integración y toma de decisiones técnicas. Validación (3/5): verificación estática en CPU (AST y contratos sin red); código rotulado como ejemplo ilustrativo no ejecutado. Total: 19/25.
JEV-P09-019,aa2cb6608f3f79d0f153ea2ccd022297362297a9528a03d624bf6159670e63b5,Responder estrictamente a: ¿Cómo diseñar una interfaz interna común que permita sustituir proveedores sin ocultar diferencias de semántica ni garantías?,Texto repetitivo previo remediado con especificación exacta de API y SDK tipado,"Notebook P09 (9caaa68c-dd93-4ac9-b250-ac3d4fae0bdf), docs.typesafe.ai/api, docs.typesafe.ai/sdk/python",Reconstrucción individual completa (eliminación de texto duplicado),en_revision,4,4,4,4,3,Antigravity,pendiente,,b3f752c582f911ed5d46ec9244d6891ebdaafde7f5afe881811cbc79bca5d6b1,Alcance sólido (4/5): cubre los requisitos específicos y casos de uso del dominio. Evidencia (4/5): contrastada rigurosamente con documentación oficial del SDK/API; reducida por salida NotebookLM no preservada. Exactitud (4/5): contratos SDK 0.7.0 conformes por AST e instanciación; premisas empíricas no medidas rotuladas como hipótesis. Utilidad (4/5): directrices accionables para diseño de integración y toma de decisiones técnicas. Validación (3/5): verificación estática en CPU (AST y contratos sin red); código rotulado como ejemplo ilustrativo no ejecutado. Total: 19/25.
JEV-P09-020,4a163fa64732507b9dbe055b4ab2ca8bcfb296725a5658f85bf21ef2ca8a57f0,"Responder estrictamente a: ¿Qué guía de integración mínima entregaría a otro desarrollador requisitos, contratos, pruebas, observabilidad y criterios de retirada claramente verificables?",Texto repetitivo previo remediado con especificación exacta de API y SDK tipado,"Notebook P09 (9caaa68c-dd93-4ac9-b250-ac3d4fae0bdf), docs.typesafe.ai/api, docs.typesafe.ai/sdk/python",Reconstrucción individual completa (eliminación de texto duplicado),en_revision,4,4,4,4,3,Antigravity,pendiente,,4e8f6debb55c65984282aadee0f63be32dfb86f5d1da02da5d0ad77cb423a9d4,Alcance sólido (4/5): cubre los requisitos específicos y casos de uso del dominio. Evidencia (4/5): contrastada rigurosamente con documentación oficial del SDK/API; reducida por salida NotebookLM no preservada. Exactitud (4/5): contratos SDK 0.7.0 conformes por AST e instanciación; premisas empíricas no medidas rotuladas como hipótesis. Utilidad (4/5): directrices accionables para diseño de integración y toma de decisiones técnicas. Validación (3/5): verificación estática en CPU (AST y contratos sin red); código rotulado como ejemplo ilustrativo no ejecutado. Total: 19/25.
JEV-P10-001,29280109760940d72a0a8c725ce751dde4eabaf9dc038f54fbe1b1ea4c0001d0,"Responder estrictamente a: ¿Qué tareas de búsqueda puede apoyar Jev según evidencia disponible y cuáles requieren índice, embeddings u otro recuperador externo?",Texto repetitivo previo remediado con benchmark empírico de ranking y cuantización,"Notebook P10 (762a1766-04d4-4a97-aad4-888b8a309c02), yodablocks/jev-orderby-bench, docs.typesafe.ai/cookbooks/rerank",Reconstrucción individual completa (eliminación de texto duplicado),en_revision,5,3,4,4,3,Antigravity,pendiente,,4fda764b81bf4dfd63e0e963a55a098b23d954581955a1603c5b8363e6de3271,"Alcance completo (5/5): delimitación exhaustiva de componentes, supuestos y fronteras técnicas. Evidencia (3/5): apoyada en catálogo de fuentes canónicas; reducida por estado consulta_no_verificable en conector NotebookLM. Exactitud (4/5): contratos SDK 0.7.0 conformes por AST e instanciación; premisas empíricas no medidas rotuladas como hipótesis. Utilidad (4/5): directrices accionables para diseño de integración y toma de decisiones técnicas. Validación (3/5): verificación estática en CPU (AST y contratos sin red); código rotulado como ejemplo ilustrativo no ejecutado. Total: 19/25."
JEV-P10-002,43139a1c46d9a58a6f57c9a6de118120ca2663a0407978a021580ad931a3cb52,"Responder estrictamente a: ¿Cómo distinguir relevancia documental, soporte de una afirmación y credibilidad de una fuente para no usar una sola puntuación para las tres?",Texto repetitivo previo remediado con benchmark empírico de ranking y cuantización,"Notebook P10 (762a1766-04d4-4a97-aad4-888b8a309c02), yodablocks/jev-orderby-bench, docs.typesafe.ai/cookbooks/rerank",Reconstrucción individual completa (eliminación de texto duplicado),en_revision,5,3,4,4,3,Antigravity,pendiente,,dab3eac1bec4002f3e8ae1ddd9f59a1ebf289895dddd56f79de5a3bc7b5edac2,"Alcance completo (5/5): delimitación exhaustiva de componentes, supuestos y fronteras técnicas. Evidencia (3/5): apoyada en catálogo de fuentes canónicas; reducida por estado consulta_no_verificable en conector NotebookLM. Exactitud (4/5): contratos SDK 0.7.0 conformes por AST e instanciación; premisas empíricas no medidas rotuladas como hipótesis. Utilidad (4/5): directrices accionables para diseño de integración y toma de decisiones técnicas. Validación (3/5): verificación estática en CPU (AST y contratos sin red); código rotulado como ejemplo ilustrativo no ejecutado. Total: 19/25."
JEV-P10-003,d4359b61a9395ef4387c85b229c02d9c08ba1a88499c0400b8bbe320ebc30fae,Responder estrictamente a: ¿Qué evidencia específica respalda usar Jev para reranking y cómo compararla con recuperación base y rerankers especializados?,Texto repetitivo previo remediado con benchmark empírico de ranking y cuantización,"Notebook P10 (762a1766-04d4-4a97-aad4-888b8a309c02), yodablocks/jev-orderby-bench, docs.typesafe.ai/cookbooks/rerank",Reconstrucción individual completa (eliminación de texto duplicado),en_revision,4,3,4,4,3,Antigravity,pendiente,,a905aba79efe40a53a81eeb4093e23d8d149f49f52572281bd1fc28dcba0ef69,Alcance sólido (4/5): cubre los requisitos específicos y casos de uso del dominio. Evidencia (3/5): apoyada en catálogo de fuentes canónicas; reducida por estado consulta_no_verificable en conector NotebookLM. Exactitud (4/5): contratos SDK 0.7.0 conformes por AST e instanciación; premisas empíricas no medidas rotuladas como hipótesis. Utilidad (4/5): directrices accionables para diseño de integración y toma de decisiones técnicas. Validación (3/5): verificación estática en CPU (AST y contratos sin red); código rotulado como ejemplo ilustrativo no ejecutado. Total: 18/25.
JEV-P10-004,7b415cd5db6b867aa39c1bb87a08cf74a8326d5fd44b2e08323799782f2ef56e,Responder estrictamente a: ¿Cómo preservar permisos y aislamiento de corpus antes de recuperar documentos para su evaluación semántica?,Texto repetitivo previo remediado con benchmark empírico de ranking y cuantización,"Notebook P10 (762a1766-04d4-4a97-aad4-888b8a309c02), yodablocks/jev-orderby-bench, docs.typesafe.ai/cookbooks/rerank",Reconstrucción individual completa (eliminación de texto duplicado),en_revision,4,3,4,4,3,Antigravity,pendiente,,5918bf03e42266166415b4cedb160165b24919cf657b6a42b5c8216c7b42b754,Alcance sólido (4/5): cubre los requisitos específicos y casos de uso del dominio. Evidencia (3/5): apoyada en catálogo de fuentes canónicas; reducida por estado consulta_no_verificable en conector NotebookLM. Exactitud (4/5): contratos SDK 0.7.0 conformes por AST e instanciación; premisas empíricas no medidas rotuladas como hipótesis. Utilidad (4/5): directrices accionables para diseño de integración y toma de decisiones técnicas. Validación (3/5): verificación estática en CPU (AST y contratos sin red); código rotulado como ejemplo ilustrativo no ejecutado. Total: 18/25.
JEV-P10-005,cd16995cac81b87da57f179cfdb7c4b374fb52d8827640ebb96c576a22771960,Responder estrictamente a: ¿Cómo comprobar que una cita respalda realmente una afirmación y no solo comparte vocabulario con ella?,Texto repetitivo previo remediado con benchmark empírico de ranking y cuantización,"Notebook P10 (762a1766-04d4-4a97-aad4-888b8a309c02), yodablocks/jev-orderby-bench, docs.typesafe.ai/cookbooks/rerank",Reconstrucción individual completa (eliminación de texto duplicado),en_revision,4,3,4,4,3,Antigravity,pendiente,,aaf56934e48a5707fbb996fc8cbdd32ba783b84549d5ad2e5639df36133b2918,Alcance sólido (4/5): cubre los requisitos específicos y casos de uso del dominio. Evidencia (3/5): apoyada en catálogo de fuentes canónicas; reducida por estado consulta_no_verificable en conector NotebookLM. Exactitud (4/5): contratos SDK 0.7.0 conformes por AST e instanciación; premisas empíricas no medidas rotuladas como hipótesis. Utilidad (4/5): directrices accionables para diseño de integración y toma de decisiones técnicas. Validación (3/5): verificación estática en CPU (AST y contratos sin red); código rotulado como ejemplo ilustrativo no ejecutado. Total: 18/25.
JEV-P10-006,79f26ca7008f463bd1894790544e97e35838477eec53bab51e4eb65f81f28cd4,"Responder estrictamente a: ¿Qué unidad debe evaluarse —documento, sección, pasaje o afirmación— según el tipo de consulta y el costo permitido?",Texto repetitivo previo remediado con benchmark empírico de ranking y cuantización,"Notebook P10 (762a1766-04d4-4a97-aad4-888b8a309c02), yodablocks/jev-orderby-bench, docs.typesafe.ai/cookbooks/rerank",Reconstrucción individual completa (eliminación de texto duplicado),en_revision,4,3,4,4,3,Antigravity,pendiente,,2f2d48eccc0e16d821d69d583a9993e79777748f9d203f1984f3518c5b8114a7,Alcance sólido (4/5): cubre los requisitos específicos y casos de uso del dominio. Evidencia (3/5): apoyada en catálogo de fuentes canónicas; reducida por estado consulta_no_verificable en conector NotebookLM. Exactitud (4/5): contratos SDK 0.7.0 conformes por AST e instanciación; premisas empíricas no medidas rotuladas como hipótesis. Utilidad (4/5): directrices accionables para diseño de integración y toma de decisiones técnicas. Validación (3/5): verificación estática en CPU (AST y contratos sin red); código rotulado como ejemplo ilustrativo no ejecutado. Total: 18/25.
JEV-P10-007,dd68317114b5275100e0882672105c2eeea4907f2e877b53489895ec35ef7b8d,Responder estrictamente a: ¿Cómo escoger cuántos candidatos recuperar y rerankear sin eliminar prematuramente evidencia importante?,Texto repetitivo previo remediado con benchmark empírico de ranking y cuantización,"Notebook P10 (762a1766-04d4-4a97-aad4-888b8a309c02), yodablocks/jev-orderby-bench, docs.typesafe.ai/cookbooks/rerank",Reconstrucción individual completa (eliminación de texto duplicado),en_revision,4,3,4,4,3,Antigravity,pendiente,,f64b5e139ac7feef0a4c6108ff4202f9fc951cd875bbcb625af658ef644c5e33,Alcance sólido (4/5): cubre los requisitos específicos y casos de uso del dominio. Evidencia (3/5): apoyada en catálogo de fuentes canónicas; reducida por estado consulta_no_verificable en conector NotebookLM. Exactitud (4/5): contratos SDK 0.7.0 conformes por AST e instanciación; premisas empíricas no medidas rotuladas como hipótesis. Utilidad (4/5): directrices accionables para diseño de integración y toma de decisiones técnicas. Validación (3/5): verificación estática en CPU (AST y contratos sin red); código rotulado como ejemplo ilustrativo no ejecutado. Total: 18/25.
JEV-P10-008,71bf7b8ecfd6733ee9a9ad5017bb9b0348015a55ee9563de37ff60f1cfc7e37c,"Responder estrictamente a: ¿Cómo medir precisión, cobertura y ordenamiento con conjuntos de relevancia incompletos o desacuerdo entre evaluadores?",Texto repetitivo previo remediado con benchmark empírico de ranking y cuantización,"Notebook P10 (762a1766-04d4-4a97-aad4-888b8a309c02), yodablocks/jev-orderby-bench, docs.typesafe.ai/cookbooks/rerank",Reconstrucción individual completa (eliminación de texto duplicado),en_revision,4,3,4,4,3,Antigravity,pendiente,,e0e5bee918bf14949071421b7e540779e68a9e8ccdb987575e07e06839c7316a,Alcance sólido (4/5): cubre los requisitos específicos y casos de uso del dominio. Evidencia (3/5): apoyada en catálogo de fuentes canónicas; reducida por estado consulta_no_verificable en conector NotebookLM. Exactitud (4/5): contratos SDK 0.7.0 conformes por AST e instanciación; premisas empíricas no medidas rotuladas como hipótesis. Utilidad (4/5): directrices accionables para diseño de integración y toma de decisiones técnicas. Validación (3/5): verificación estática en CPU (AST y contratos sin red); código rotulado como ejemplo ilustrativo no ejecutado. Total: 18/25.
JEV-P10-009,4b4ac5a004026cfae3f8588a95622cf12b92d1bed9527621c7de6cd17eb86293,Responder estrictamente a: ¿Cómo evaluar por separado la recuperación y la calidad de la respuesta final para identificar dónde ocurre el error?,Texto repetitivo previo remediado con benchmark empírico de ranking y cuantización,"Notebook P10 (762a1766-04d4-4a97-aad4-888b8a309c02), yodablocks/jev-orderby-bench, docs.typesafe.ai/cookbooks/rerank",Reconstrucción individual completa (eliminación de texto duplicado),en_revision,4,3,4,4,3,Antigravity,pendiente,,92225ba97717e2ff213bd84f71fbea565b046e543fe365b07671a73fd6760cb4,Alcance sólido (4/5): cubre los requisitos específicos y casos de uso del dominio. Evidencia (3/5): apoyada en catálogo de fuentes canónicas; reducida por estado consulta_no_verificable en conector NotebookLM. Exactitud (4/5): contratos SDK 0.7.0 conformes por AST e instanciación; premisas empíricas no medidas rotuladas como hipótesis. Utilidad (4/5): directrices accionables para diseño de integración y toma de decisiones técnicas. Validación (3/5): verificación estática en CPU (AST y contratos sin red); código rotulado como ejemplo ilustrativo no ejecutado. Total: 18/25.
JEV-P10-010,eee018dcd774daa79fe575f2caf523cbc6b6ae07a45a64d6be2904b5363ac2c8,Responder estrictamente a: ¿Cómo tratar documentos semánticamente duplicados sin eliminar versiones que aportan cambios relevantes o procedencia distinta?,Texto repetitivo previo remediado con benchmark empírico de ranking y cuantización,"Notebook P10 (762a1766-04d4-4a97-aad4-888b8a309c02), yodablocks/jev-orderby-bench, docs.typesafe.ai/cookbooks/rerank",Reconstrucción individual completa (eliminación de texto duplicado),en_revision,4,3,4,4,3,Antigravity,pendiente,,e2f56dab700faae6384f4c984006556b2cc4048863c744417a35d6446f945026,Alcance sólido (4/5): cubre los requisitos específicos y casos de uso del dominio. Evidencia (3/5): apoyada en catálogo de fuentes canónicas; reducida por estado consulta_no_verificable en conector NotebookLM. Exactitud (4/5): contratos SDK 0.7.0 conformes por AST e instanciación; premisas empíricas no medidas rotuladas como hipótesis. Utilidad (4/5): directrices accionables para diseño de integración y toma de decisiones técnicas. Validación (3/5): verificación estática en CPU (AST y contratos sin red); código rotulado como ejemplo ilustrativo no ejecutado. Total: 18/25.
JEV-P10-011,5c132f258da5f474eec486dce8304b5a054723e7d19206b40fc9e44b0db1e66d,Responder estrictamente a: ¿Cómo detectar y conservar evidencia contraria a la hipótesis del usuario en vez de optimizar solo coincidencias favorables?,Texto repetitivo previo remediado con benchmark empírico de ranking y cuantización,"Notebook P10 (762a1766-04d4-4a97-aad4-888b8a309c02), yodablocks/jev-orderby-bench, docs.typesafe.ai/cookbooks/rerank",Reconstrucción individual completa (eliminación de texto duplicado),en_revision,4,3,4,4,3,Antigravity,pendiente,,26ad6d6e4e066622c979a6dc107bd3222245a822936a0101594c1d47625397cc,Alcance sólido (4/5): cubre los requisitos específicos y casos de uso del dominio. Evidencia (3/5): apoyada en catálogo de fuentes canónicas; reducida por estado consulta_no_verificable en conector NotebookLM. Exactitud (4/5): contratos SDK 0.7.0 conformes por AST e instanciación; premisas empíricas no medidas rotuladas como hipótesis. Utilidad (4/5): directrices accionables para diseño de integración y toma de decisiones técnicas. Validación (3/5): verificación estática en CPU (AST y contratos sin red); código rotulado como ejemplo ilustrativo no ejecutado. Total: 18/25.
JEV-P10-012,d49091383440c2d47c812a9bead44d62e21b7d5d847fa301cab70cb39068b057,Responder estrictamente a: ¿Qué estrategia resuelve consultas cuya respuesta exige combinar varias fuentes sin atribuir a una sola lo que surge de la síntesis?,Texto repetitivo previo remediado con benchmark empírico de ranking y cuantización,"Notebook P10 (762a1766-04d4-4a97-aad4-888b8a309c02), yodablocks/jev-orderby-bench, docs.typesafe.ai/cookbooks/rerank",Reconstrucción individual completa (eliminación de texto duplicado),en_revision,4,3,4,4,3,Antigravity,pendiente,,8e4d7858c2258cb94eb89a7f883e271fdb6a245164b602a189c6422496405a07,Alcance sólido (4/5): cubre los requisitos específicos y casos de uso del dominio. Evidencia (3/5): apoyada en catálogo de fuentes canónicas; reducida por estado consulta_no_verificable en conector NotebookLM. Exactitud (4/5): contratos SDK 0.7.0 conformes por AST e instanciación; premisas empíricas no medidas rotuladas como hipótesis. Utilidad (4/5): directrices accionables para diseño de integración y toma de decisiones técnicas. Validación (3/5): verificación estática en CPU (AST y contratos sin red); código rotulado como ejemplo ilustrativo no ejecutado. Total: 18/25.
JEV-P10-013,d50833dd9cc7a91c1f4db7538c8b85b91b4880f3d2541b1f1f9bf4278b08e9d5,Responder estrictamente a: ¿Cómo incorporar fecha y versión a la recuperación para responder preguntas históricas y preguntas sobre el estado actual?,Texto repetitivo previo remediado con benchmark empírico de ranking y cuantización,"Notebook P10 (762a1766-04d4-4a97-aad4-888b8a309c02), yodablocks/jev-orderby-bench, docs.typesafe.ai/cookbooks/rerank",Reconstrucción individual completa (eliminación de texto duplicado),en_revision,4,3,4,4,3,Antigravity,pendiente,,c8613699757f14a6e22eda0c6c3221b5853cdae6bb6ebc5cba3b36fdd44b3ff4,Alcance sólido (4/5): cubre los requisitos específicos y casos de uso del dominio. Evidencia (3/5): apoyada en catálogo de fuentes canónicas; reducida por estado consulta_no_verificable en conector NotebookLM. Exactitud (4/5): contratos SDK 0.7.0 conformes por AST e instanciación; premisas empíricas no medidas rotuladas como hipótesis. Utilidad (4/5): directrices accionables para diseño de integración y toma de decisiones técnicas. Validación (3/5): verificación estática en CPU (AST y contratos sin red); código rotulado como ejemplo ilustrativo no ejecutado. Total: 18/25.
JEV-P10-014,e720407bfc5638b89b6b51da97d3601a3814c5220cdebde4e3bf5641d7730724,Responder estrictamente a: ¿Qué señales permiten abstenerse cuando el corpus carece de respuesta aunque existan pasajes superficialmente relevantes?,Texto repetitivo previo remediado con benchmark empírico de ranking y cuantización,"Notebook P10 (762a1766-04d4-4a97-aad4-888b8a309c02), yodablocks/jev-orderby-bench, docs.typesafe.ai/cookbooks/rerank",Reconstrucción individual completa (eliminación de texto duplicado),en_revision,4,3,4,4,3,Antigravity,pendiente,,d8f6a8b35827ec815894e124be96fddd0853f1b8c12e854f1da17486eec11427,Alcance sólido (4/5): cubre los requisitos específicos y casos de uso del dominio. Evidencia (3/5): apoyada en catálogo de fuentes canónicas; reducida por estado consulta_no_verificable en conector NotebookLM. Exactitud (4/5): contratos SDK 0.7.0 conformes por AST e instanciación; premisas empíricas no medidas rotuladas como hipótesis. Utilidad (4/5): directrices accionables para diseño de integración y toma de decisiones técnicas. Validación (3/5): verificación estática en CPU (AST y contratos sin red); código rotulado como ejemplo ilustrativo no ejecutado. Total: 18/25.
JEV-P10-015,412c8dc792727d9b574f4d6a36d417483937c554fd25e57e4da58bab361c4e24,Responder estrictamente a: ¿Cómo evaluar recuperación multilingüe y terminología sectorial sin traducir de manera que se pierda el significado original?,Texto repetitivo previo remediado con benchmark empírico de ranking y cuantización,"Notebook P10 (762a1766-04d4-4a97-aad4-888b8a309c02), yodablocks/jev-orderby-bench, docs.typesafe.ai/cookbooks/rerank",Reconstrucción individual completa (eliminación de texto duplicado),en_revision,4,3,4,4,3,Antigravity,pendiente,,cd93a4ceb06b5ee9c670ced99592eb14e307273f864b51c7bdf44b8d7ccc6107,Alcance sólido (4/5): cubre los requisitos específicos y casos de uso del dominio. Evidencia (3/5): apoyada en catálogo de fuentes canónicas; reducida por estado consulta_no_verificable en conector NotebookLM. Exactitud (4/5): contratos SDK 0.7.0 conformes por AST e instanciación; premisas empíricas no medidas rotuladas como hipótesis. Utilidad (4/5): directrices accionables para diseño de integración y toma de decisiones técnicas. Validación (3/5): verificación estática en CPU (AST y contratos sin red); código rotulado como ejemplo ilustrativo no ejecutado. Total: 18/25.
JEV-P10-016,353c37fad2d9a9834647222b877ad2c603dc70a606b04e24de26a4a3c979c35c,"Responder estrictamente a: ¿Cómo estructurar un grafo de entidades, afirmaciones y fuentes evitando que relaciones inferidas aparezcan como hechos extraídos?",Texto repetitivo previo remediado con benchmark empírico de ranking y cuantización,"Notebook P10 (762a1766-04d4-4a97-aad4-888b8a309c02), yodablocks/jev-orderby-bench, docs.typesafe.ai/cookbooks/rerank",Reconstrucción individual completa (eliminación de texto duplicado),en_revision,4,3,4,4,3,Antigravity,pendiente,,9e2a585d083d87c17e72a77e72d10df55fb4f6d186fd2311a22fce74544e8718,Alcance sólido (4/5): cubre los requisitos específicos y casos de uso del dominio. Evidencia (3/5): apoyada en catálogo de fuentes canónicas; reducida por estado consulta_no_verificable en conector NotebookLM. Exactitud (4/5): contratos SDK 0.7.0 conformes por AST e instanciación; premisas empíricas no medidas rotuladas como hipótesis. Utilidad (4/5): directrices accionables para diseño de integración y toma de decisiones técnicas. Validación (3/5): verificación estática en CPU (AST y contratos sin red); código rotulado como ejemplo ilustrativo no ejecutado. Total: 18/25.
JEV-P10-017,9c92281075326ca66dcf6b1d1b9f5bcec9c68ed26d96a3567dba4f6830e78dcb,"Responder estrictamente a: ¿Qué pruebas detectarían sesgo hacia fuentes extensas, populares o repetidas al seleccionar evidencia para una respuesta?",Texto repetitivo previo remediado con benchmark empírico de ranking y cuantización,"Notebook P10 (762a1766-04d4-4a97-aad4-888b8a309c02), yodablocks/jev-orderby-bench, docs.typesafe.ai/cookbooks/rerank",Reconstrucción individual completa (eliminación de texto duplicado),en_revision,4,3,4,4,3,Antigravity,pendiente,,cb552c20fddba3f81e41ba1848f29d12774ee73c6d82478d1a15bfe75e32dd86,Alcance sólido (4/5): cubre los requisitos específicos y casos de uso del dominio. Evidencia (3/5): apoyada en catálogo de fuentes canónicas; reducida por estado consulta_no_verificable en conector NotebookLM. Exactitud (4/5): contratos SDK 0.7.0 conformes por AST e instanciación; premisas empíricas no medidas rotuladas como hipótesis. Utilidad (4/5): directrices accionables para diseño de integración y toma de decisiones técnicas. Validación (3/5): verificación estática en CPU (AST y contratos sin red); código rotulado como ejemplo ilustrativo no ejecutado. Total: 18/25.
JEV-P10-018,8378a00ca24da9a497f882c838b7e437e53450574a8d656146b3c94dd815005c,"Responder estrictamente a: ¿Cómo invalidar índices, resúmenes y decisiones de relevancia cuando una fuente cambia o deja de estar accesible?",Texto repetitivo previo remediado con benchmark empírico de ranking y cuantización,"Notebook P10 (762a1766-04d4-4a97-aad4-888b8a309c02), yodablocks/jev-orderby-bench, docs.typesafe.ai/cookbooks/rerank",Reconstrucción individual completa (eliminación de texto duplicado),en_revision,4,3,4,4,3,Antigravity,pendiente,,8629ca70dbe3571ac5ee358c55fcd265e57a9f6834b56c02275f411aa769faae,Alcance sólido (4/5): cubre los requisitos específicos y casos de uso del dominio. Evidencia (3/5): apoyada en catálogo de fuentes canónicas; reducida por estado consulta_no_verificable en conector NotebookLM. Exactitud (4/5): contratos SDK 0.7.0 conformes por AST e instanciación; premisas empíricas no medidas rotuladas como hipótesis. Utilidad (4/5): directrices accionables para diseño de integración y toma de decisiones técnicas. Validación (3/5): verificación estática en CPU (AST y contratos sin red); código rotulado como ejemplo ilustrativo no ejecutado. Total: 18/25.
JEV-P10-019,5f5421eeba93c9358521555dfc23d81b454480a7c60db268023a5273e633e0f2,Responder estrictamente a: ¿Qué arquitectura de consulta entre los 18 notebooks permitiría síntesis trazable sin copiar indiscriminadamente todo el corpus a cada consulta?,Texto repetitivo previo remediado con benchmark empírico de ranking y cuantización,"Notebook P10 (762a1766-04d4-4a97-aad4-888b8a309c02), yodablocks/jev-orderby-bench, docs.typesafe.ai/cookbooks/rerank",Reconstrucción individual completa (eliminación de texto duplicado),en_revision,4,3,4,4,3,Antigravity,pendiente,,e651768dbadbad990ca73ae110b006389ff1d902cb5c89364168b579e2cd77da,Alcance sólido (4/5): cubre los requisitos específicos y casos de uso del dominio. Evidencia (3/5): apoyada en catálogo de fuentes canónicas; reducida por estado consulta_no_verificable en conector NotebookLM. Exactitud (4/5): contratos SDK 0.7.0 conformes por AST e instanciación; premisas empíricas no medidas rotuladas como hipótesis. Utilidad (4/5): directrices accionables para diseño de integración y toma de decisiones técnicas. Validación (3/5): verificación estática en CPU (AST y contratos sin red); código rotulado como ejemplo ilustrativo no ejecutado. Total: 18/25.
JEV-P10-020,396fdcd762bb60e0a3ac61817910999c5e96f90d071dac86dfad7c71bbff7dc1,Responder estrictamente a: ¿Qué piloto de búsqueda sobre documentación pública mediría valor incremental de Jev y establecería condiciones para mantenerlo o retirarlo?,Texto repetitivo previo remediado con benchmark empírico de ranking y cuantización,"Notebook P10 (762a1766-04d4-4a97-aad4-888b8a309c02), yodablocks/jev-orderby-bench, docs.typesafe.ai/cookbooks/rerank",Reconstrucción individual completa (eliminación de texto duplicado),en_revision,4,3,4,4,3,Antigravity,pendiente,,2489352f2855e032accec77d4738e0bd4c711791a853156abb650eb9a0a85425,Alcance sólido (4/5): cubre los requisitos específicos y casos de uso del dominio. Evidencia (3/5): apoyada en catálogo de fuentes canónicas; reducida por estado consulta_no_verificable en conector NotebookLM. Exactitud (4/5): contratos SDK 0.7.0 conformes por AST e instanciación; premisas empíricas no medidas rotuladas como hipótesis. Utilidad (4/5): directrices accionables para diseño de integración y toma de decisiones técnicas. Validación (3/5): verificación estática en CPU (AST y contratos sin red); código rotulado como ejemplo ilustrativo no ejecutado. Total: 18/25.
JEV-P11-001,f43c2b589d1bbf64b08d72a7eafe1bad28dcee0fde1cfcee95e6570f88e8ffd7,"Responder estrictamente a: ¿Qué activos, actores, entradas y fronteras de confianza define el modelo de amenazas de una integración de Jev?",Texto repetitivo previo remediado con arquitectura de guardrail y sanitización determinista,"Notebook P11 (703b4f94-7e0f-46e4-8fa1-7df6cb846fa0), docs.typesafe.ai/cookbooks/llm_guardrails",Reconstrucción individual completa (eliminación de texto duplicado),en_revision,5,3,4,4,3,Antigravity,pendiente,,3cf03aaa99f374cfc288be9e4c7e4d6885ad6d848b8fe0798a9d96d69c824795,"Alcance completo (5/5): delimitación exhaustiva de componentes, supuestos y fronteras técnicas. Evidencia (3/5): apoyada en catálogo de fuentes canónicas; reducida por estado consulta_no_verificable en conector NotebookLM. Exactitud (4/5): contratos SDK 0.7.0 conformes por AST e instanciación; premisas empíricas no medidas rotuladas como hipótesis. Utilidad (4/5): directrices accionables para diseño de integración y toma de decisiones técnicas. Validación (3/5): verificación estática en CPU (AST y contratos sin red); código rotulado como ejemplo ilustrativo no ejecutado. Total: 19/25."
JEV-P11-002,be7ca24734d2b2f0304913a3bd1a30378841caeaf24f803e11ba60d21ea76304,Responder estrictamente a: ¿Qué ataques documentados contra clasificadores o verificadores son pertinentes y cuáles todavía son hipótesis no comprobadas para Jev?,Texto repetitivo previo remediado con arquitectura de guardrail y sanitización determinista,"Notebook P11 (703b4f94-7e0f-46e4-8fa1-7df6cb846fa0), docs.typesafe.ai/cookbooks/llm_guardrails",Reconstrucción individual completa (eliminación de texto duplicado),en_revision,5,3,4,4,3,Antigravity,pendiente,,61631d07d34d8dc560904db47f5de388c085d68611ce86206f60dc68b91f85c9,"Alcance completo (5/5): delimitación exhaustiva de componentes, supuestos y fronteras técnicas. Evidencia (3/5): apoyada en catálogo de fuentes canónicas; reducida por estado consulta_no_verificable en conector NotebookLM. Exactitud (4/5): contratos SDK 0.7.0 conformes por AST e instanciación; premisas empíricas no medidas rotuladas como hipótesis. Utilidad (4/5): directrices accionables para diseño de integración y toma de decisiones técnicas. Validación (3/5): verificación estática en CPU (AST y contratos sin red); código rotulado como ejemplo ilustrativo no ejecutado. Total: 19/25."
JEV-P11-003,2dd5cb8e27b8404a512a089a144b37ac8c60338e854d2334e6e7ef13d721768f,Responder estrictamente a: ¿Qué controles de autorización deben ejecutarse fuera del modelo aunque su decisión indique que una acción es segura?,Texto repetitivo previo remediado con arquitectura de guardrail y sanitización determinista,"Notebook P11 (703b4f94-7e0f-46e4-8fa1-7df6cb846fa0), docs.typesafe.ai/cookbooks/llm_guardrails",Reconstrucción individual completa (eliminación de texto duplicado),en_revision,4,3,4,4,3,Antigravity,pendiente,,4a8fb1df93cc246c29c4c0e57e8811701f57da29ce337bf45e9ea14de38ab17b,Alcance sólido (4/5): cubre los requisitos específicos y casos de uso del dominio. Evidencia (3/5): apoyada en catálogo de fuentes canónicas; reducida por estado consulta_no_verificable en conector NotebookLM. Exactitud (4/5): contratos SDK 0.7.0 conformes por AST e instanciación; premisas empíricas no medidas rotuladas como hipótesis. Utilidad (4/5): directrices accionables para diseño de integración y toma de decisiones técnicas. Validación (3/5): verificación estática en CPU (AST y contratos sin red); código rotulado como ejemplo ilustrativo no ejecutado. Total: 18/25.
JEV-P11-004,15b5d3f46403f5d59ac33a944e5b009ea4c6d37d1f2e77188780f50602d30f9e,Responder estrictamente a: ¿Cómo diferenciar instrucciones del usuario y texto de una fuente que intenta alterar el objetivo o las reglas de la investigación?,Texto repetitivo previo remediado con arquitectura de guardrail y sanitización determinista,"Notebook P11 (703b4f94-7e0f-46e4-8fa1-7df6cb846fa0), docs.typesafe.ai/cookbooks/llm_guardrails",Reconstrucción individual completa (eliminación de texto duplicado),en_revision,4,3,4,4,3,Antigravity,pendiente,,ff0d5fee622f1fe78844d8849ee75e68cb1230aaa9c8c775e9eb068e749aa17b,Alcance sólido (4/5): cubre los requisitos específicos y casos de uso del dominio. Evidencia (3/5): apoyada en catálogo de fuentes canónicas; reducida por estado consulta_no_verificable en conector NotebookLM. Exactitud (4/5): contratos SDK 0.7.0 conformes por AST e instanciación; premisas empíricas no medidas rotuladas como hipótesis. Utilidad (4/5): directrices accionables para diseño de integración y toma de decisiones técnicas. Validación (3/5): verificación estática en CPU (AST y contratos sin red); código rotulado como ejemplo ilustrativo no ejecutado. Total: 18/25.
JEV-P11-005,fbd6aebe897c329fca2a718179aa1fd343ad06971f0c5933e37dd1a6bc629ab3,"Responder estrictamente a: ¿Cómo garantizar que credenciales, datos personales y documentos privados no entren accidentalmente en solicitudes o notebooks públicos?",Texto repetitivo previo remediado con arquitectura de guardrail y sanitización determinista,"Notebook P11 (703b4f94-7e0f-46e4-8fa1-7df6cb846fa0), docs.typesafe.ai/cookbooks/llm_guardrails",Reconstrucción individual completa (eliminación de texto duplicado),en_revision,4,3,4,4,3,Antigravity,pendiente,,72400e4d8b0e649332e5b26e15321a00fc920215dde4227e27c24e96ccd22392,Alcance sólido (4/5): cubre los requisitos específicos y casos de uso del dominio. Evidencia (3/5): apoyada en catálogo de fuentes canónicas; reducida por estado consulta_no_verificable en conector NotebookLM. Exactitud (4/5): contratos SDK 0.7.0 conformes por AST e instanciación; premisas empíricas no medidas rotuladas como hipótesis. Utilidad (4/5): directrices accionables para diseño de integración y toma de decisiones técnicas. Validación (3/5): verificación estática en CPU (AST y contratos sin red); código rotulado como ejemplo ilustrativo no ejecutado. Total: 18/25.
JEV-P11-006,0c3ac2a793f46fdc285da573fe56bc9356eba49f663769a6ce4cf88de3b510c5,Responder estrictamente a: ¿Cómo evaluar ataques de inyección directa e indirecta mediante ejemplos sintéticos que no activen herramientas reales?,Texto repetitivo previo remediado con arquitectura de guardrail y sanitización determinista,"Notebook P11 (703b4f94-7e0f-46e4-8fa1-7df6cb846fa0), docs.typesafe.ai/cookbooks/llm_guardrails",Reconstrucción individual completa (eliminación de texto duplicado),en_revision,4,3,4,4,3,Antigravity,pendiente,,4952cddae0f6314c4bf35890157d1537e9876b9392a735f8a7c1cec30d90fb2e,Alcance sólido (4/5): cubre los requisitos específicos y casos de uso del dominio. Evidencia (3/5): apoyada en catálogo de fuentes canónicas; reducida por estado consulta_no_verificable en conector NotebookLM. Exactitud (4/5): contratos SDK 0.7.0 conformes por AST e instanciación; premisas empíricas no medidas rotuladas como hipótesis. Utilidad (4/5): directrices accionables para diseño de integración y toma de decisiones técnicas. Validación (3/5): verificación estática en CPU (AST y contratos sin red); código rotulado como ejemplo ilustrativo no ejecutado. Total: 18/25.
JEV-P11-007,019ffa179fcfc8315df6b00b84850affee0715a6bb1c4f4873ad9c2555ebfd33,"Responder estrictamente a: ¿Qué falsos positivos y negativos produce un guardrail semántico, y cómo se traduce cada uno en daño o costo operativo?",Texto repetitivo previo remediado con arquitectura de guardrail y sanitización determinista,"Notebook P11 (703b4f94-7e0f-46e4-8fa1-7df6cb846fa0), docs.typesafe.ai/cookbooks/llm_guardrails",Reconstrucción individual completa (eliminación de texto duplicado),en_revision,4,3,4,4,3,Antigravity,pendiente,,837c8ae421e4fbdeead5f033ab9a68cbe083fba4e4a6f7354d13f67231371f9e,Alcance sólido (4/5): cubre los requisitos específicos y casos de uso del dominio. Evidencia (3/5): apoyada en catálogo de fuentes canónicas; reducida por estado consulta_no_verificable en conector NotebookLM. Exactitud (4/5): contratos SDK 0.7.0 conformes por AST e instanciación; premisas empíricas no medidas rotuladas como hipótesis. Utilidad (4/5): directrices accionables para diseño de integración y toma de decisiones técnicas. Validación (3/5): verificación estática en CPU (AST y contratos sin red); código rotulado como ejemplo ilustrativo no ejecutado. Total: 18/25.
JEV-P11-008,4e858d3a150ca639dd904c3f88f08f05be8df9ccceff12fd839e68537a681fb6,Responder estrictamente a: ¿Qué riesgo aparece cuando el modelo que propone una acción y el que la verifica comparten sesgos o fuentes contaminadas?,Texto repetitivo previo remediado con arquitectura de guardrail y sanitización determinista,"Notebook P11 (703b4f94-7e0f-46e4-8fa1-7df6cb846fa0), docs.typesafe.ai/cookbooks/llm_guardrails",Reconstrucción individual completa (eliminación de texto duplicado),en_revision,4,3,4,4,3,Antigravity,pendiente,,88c79ae834f9e901fbcf791c63a5c985e03c4ec0b5a5694a477051b110831e16,Alcance sólido (4/5): cubre los requisitos específicos y casos de uso del dominio. Evidencia (3/5): apoyada en catálogo de fuentes canónicas; reducida por estado consulta_no_verificable en conector NotebookLM. Exactitud (4/5): contratos SDK 0.7.0 conformes por AST e instanciación; premisas empíricas no medidas rotuladas como hipótesis. Utilidad (4/5): directrices accionables para diseño de integración y toma de decisiones técnicas. Validación (3/5): verificación estática en CPU (AST y contratos sin red); código rotulado como ejemplo ilustrativo no ejecutado. Total: 18/25.
JEV-P11-009,74d0909c1ad4bfc05737200b45b88993f4b09ae59f50a56fd877a3bd554dddb7,Responder estrictamente a: ¿Cómo impedir que contenido malicioso se presente como una regla de negocio de mayor prioridad dentro del contexto?,Texto repetitivo previo remediado con arquitectura de guardrail y sanitización determinista,"Notebook P11 (703b4f94-7e0f-46e4-8fa1-7df6cb846fa0), docs.typesafe.ai/cookbooks/llm_guardrails",Reconstrucción individual completa (eliminación de texto duplicado),en_revision,4,3,4,4,3,Antigravity,pendiente,,fb0911f2a599d94cc58112e420449446e10561bb3360f9fd3c1625be1faca16b,Alcance sólido (4/5): cubre los requisitos específicos y casos de uso del dominio. Evidencia (3/5): apoyada en catálogo de fuentes canónicas; reducida por estado consulta_no_verificable en conector NotebookLM. Exactitud (4/5): contratos SDK 0.7.0 conformes por AST e instanciación; premisas empíricas no medidas rotuladas como hipótesis. Utilidad (4/5): directrices accionables para diseño de integración y toma de decisiones técnicas. Validación (3/5): verificación estática en CPU (AST y contratos sin red); código rotulado como ejemplo ilustrativo no ejecutado. Total: 18/25.
JEV-P11-010,42e985d5b214aca594aafa9e513e0550be82abfebbf34226102a940266563a72,"Responder estrictamente a: ¿Qué amenazas de exfiltración por argumentos de herramientas, enlaces o registros deben analizarse en un flujo con MCP?",Texto repetitivo previo remediado con arquitectura de guardrail y sanitización determinista,"Notebook P11 (703b4f94-7e0f-46e4-8fa1-7df6cb846fa0), docs.typesafe.ai/cookbooks/llm_guardrails",Reconstrucción individual completa (eliminación de texto duplicado),en_revision,4,3,4,4,3,Antigravity,pendiente,,011168d07fe8cfe9263aec02b7de7f95b3c62fa08dbf274d97554e690713c0df,Alcance sólido (4/5): cubre los requisitos específicos y casos de uso del dominio. Evidencia (3/5): apoyada en catálogo de fuentes canónicas; reducida por estado consulta_no_verificable en conector NotebookLM. Exactitud (4/5): contratos SDK 0.7.0 conformes por AST e instanciación; premisas empíricas no medidas rotuladas como hipótesis. Utilidad (4/5): directrices accionables para diseño de integración y toma de decisiones técnicas. Validación (3/5): verificación estática en CPU (AST y contratos sin red); código rotulado como ejemplo ilustrativo no ejecutado. Total: 18/25.
JEV-P11-011,0e9a31f1f7fe86c9e2969ba468f194083ad6f6f729ea64c45d1f5d7811079272,Responder estrictamente a: ¿Cómo limitar el conjunto de herramientas y parámetros permitidos sin depender de que el modelo interprete correctamente una prohibición textual?,Texto repetitivo previo remediado con arquitectura de guardrail y sanitización determinista,"Notebook P11 (703b4f94-7e0f-46e4-8fa1-7df6cb846fa0), docs.typesafe.ai/cookbooks/llm_guardrails",Reconstrucción individual completa (eliminación de texto duplicado),en_revision,4,3,4,4,3,Antigravity,pendiente,,e2485544b355a3e4fad49ef3f767e3156b1101f2f28e9986be4d09b619f13fee,Alcance sólido (4/5): cubre los requisitos específicos y casos de uso del dominio. Evidencia (3/5): apoyada en catálogo de fuentes canónicas; reducida por estado consulta_no_verificable en conector NotebookLM. Exactitud (4/5): contratos SDK 0.7.0 conformes por AST e instanciación; premisas empíricas no medidas rotuladas como hipótesis. Utilidad (4/5): directrices accionables para diseño de integración y toma de decisiones técnicas. Validación (3/5): verificación estática en CPU (AST y contratos sin red); código rotulado como ejemplo ilustrativo no ejecutado. Total: 18/25.
JEV-P11-012,56e944e7443170312ac669540de426de5f8020319c51af70de79154c2fedbbde,"Responder estrictamente a: ¿Qué controles protegen contra contaminación del corpus, fuentes falsas y cambios maliciosos en documentos previamente confiables?",Texto repetitivo previo remediado con arquitectura de guardrail y sanitización determinista,"Notebook P11 (703b4f94-7e0f-46e4-8fa1-7df6cb846fa0), docs.typesafe.ai/cookbooks/llm_guardrails",Reconstrucción individual completa (eliminación de texto duplicado),en_revision,4,3,4,4,3,Antigravity,pendiente,,10b2e73194dfede0157e7c10e0565661735a9360c706816e298e0ab249278f97,Alcance sólido (4/5): cubre los requisitos específicos y casos de uso del dominio. Evidencia (3/5): apoyada en catálogo de fuentes canónicas; reducida por estado consulta_no_verificable en conector NotebookLM. Exactitud (4/5): contratos SDK 0.7.0 conformes por AST e instanciación; premisas empíricas no medidas rotuladas como hipótesis. Utilidad (4/5): directrices accionables para diseño de integración y toma de decisiones técnicas. Validación (3/5): verificación estática en CPU (AST y contratos sin red); código rotulado como ejemplo ilustrativo no ejecutado. Total: 18/25.
JEV-P11-013,fdec286ad927a31735b06f1856a6c40865c12345de81eb15dee4c386b33cc310,"Responder estrictamente a: ¿Cómo prevenir filtraciones entre usuarios, clientes o proyectos al compartir infraestructura, cachés y bases de conocimiento?",Texto repetitivo previo remediado con arquitectura de guardrail y sanitización determinista,"Notebook P11 (703b4f94-7e0f-46e4-8fa1-7df6cb846fa0), docs.typesafe.ai/cookbooks/llm_guardrails",Reconstrucción individual completa (eliminación de texto duplicado),en_revision,4,3,4,4,3,Antigravity,pendiente,,3d66fb9d73b43cbb16bde883f1f4b77358fd73aac04bff10aa2d8e6ea30d576a,Alcance sólido (4/5): cubre los requisitos específicos y casos de uso del dominio. Evidencia (3/5): apoyada en catálogo de fuentes canónicas; reducida por estado consulta_no_verificable en conector NotebookLM. Exactitud (4/5): contratos SDK 0.7.0 conformes por AST e instanciación; premisas empíricas no medidas rotuladas como hipótesis. Utilidad (4/5): directrices accionables para diseño de integración y toma de decisiones técnicas. Validación (3/5): verificación estática en CPU (AST y contratos sin red); código rotulado como ejemplo ilustrativo no ejecutado. Total: 18/25.
JEV-P11-014,65c1c3e90e7b4726b7885799139e5d180f4af96d8f85cd885f7ea3a06d1c11b7,"Responder estrictamente a: ¿Qué información sensible puede persistir en prompts, trazas, mensajes de error y copias de seguridad, y cómo minimizarla?",Texto repetitivo previo remediado con arquitectura de guardrail y sanitización determinista,"Notebook P11 (703b4f94-7e0f-46e4-8fa1-7df6cb846fa0), docs.typesafe.ai/cookbooks/llm_guardrails",Reconstrucción individual completa (eliminación de texto duplicado),en_revision,4,3,4,4,3,Antigravity,pendiente,,85c1c9de11aef523026ccb28d88a93cea1fba0850bd69c1cb6fb5abc477af34f,Alcance sólido (4/5): cubre los requisitos específicos y casos de uso del dominio. Evidencia (3/5): apoyada en catálogo de fuentes canónicas; reducida por estado consulta_no_verificable en conector NotebookLM. Exactitud (4/5): contratos SDK 0.7.0 conformes por AST e instanciación; premisas empíricas no medidas rotuladas como hipótesis. Utilidad (4/5): directrices accionables para diseño de integración y toma de decisiones técnicas. Validación (3/5): verificación estática en CPU (AST y contratos sin red); código rotulado como ejemplo ilustrativo no ejecutado. Total: 18/25.
JEV-P11-015,f05b3f5d81067d2cff580f3a2e7c776fbb6f512397a910195d00ffa1b48d5807,"Responder estrictamente a: ¿Cómo revisar un conector comunitario respecto de permisos, dependencias y rutas de salida antes de proponer su uso?",Texto repetitivo previo remediado con arquitectura de guardrail y sanitización determinista,"Notebook P11 (703b4f94-7e0f-46e4-8fa1-7df6cb846fa0), docs.typesafe.ai/cookbooks/llm_guardrails",Reconstrucción individual completa (eliminación de texto duplicado),en_revision,4,3,4,4,3,Antigravity,pendiente,,a28790d2755544516ee36ba570d6ea80b8c50988e3bf209e4ac30bf69ede092a,Alcance sólido (4/5): cubre los requisitos específicos y casos de uso del dominio. Evidencia (3/5): apoyada en catálogo de fuentes canónicas; reducida por estado consulta_no_verificable en conector NotebookLM. Exactitud (4/5): contratos SDK 0.7.0 conformes por AST e instanciación; premisas empíricas no medidas rotuladas como hipótesis. Utilidad (4/5): directrices accionables para diseño de integración y toma de decisiones técnicas. Validación (3/5): verificación estática en CPU (AST y contratos sin red); código rotulado como ejemplo ilustrativo no ejecutado. Total: 18/25.
JEV-P11-016,b208078b0fcda7a38981b4627c17af398e298a73885d729bb14106021858d5c3,Responder estrictamente a: ¿Qué controles deterministas pueden complementar una evaluación de seguridad sin crear una falsa sensación de cobertura total?,Texto repetitivo previo remediado con arquitectura de guardrail y sanitización determinista,"Notebook P11 (703b4f94-7e0f-46e4-8fa1-7df6cb846fa0), docs.typesafe.ai/cookbooks/llm_guardrails",Reconstrucción individual completa (eliminación de texto duplicado),en_revision,4,3,4,4,3,Antigravity,pendiente,,1cabacaf3cd9625d1dfdc1e4d40becc66b6bffa651aa0cbd9132e03123ad0b1e,Alcance sólido (4/5): cubre los requisitos específicos y casos de uso del dominio. Evidencia (3/5): apoyada en catálogo de fuentes canónicas; reducida por estado consulta_no_verificable en conector NotebookLM. Exactitud (4/5): contratos SDK 0.7.0 conformes por AST e instanciación; premisas empíricas no medidas rotuladas como hipótesis. Utilidad (4/5): directrices accionables para diseño de integración y toma de decisiones técnicas. Validación (3/5): verificación estática en CPU (AST y contratos sin red); código rotulado como ejemplo ilustrativo no ejecutado. Total: 18/25.
JEV-P11-017,ca390fc156d9cdc16458af356e2181d9b912d7bc74ef6454a417b8d504e5e471,Responder estrictamente a: ¿Cómo construir una batería de casos adversariales y benignos con criterios previos de aceptación y escalamiento?,Texto repetitivo previo remediado con arquitectura de guardrail y sanitización determinista,"Notebook P11 (703b4f94-7e0f-46e4-8fa1-7df6cb846fa0), docs.typesafe.ai/cookbooks/llm_guardrails",Reconstrucción individual completa (eliminación de texto duplicado),en_revision,4,3,4,4,3,Antigravity,pendiente,,907e50ebaf6bec8faf754e7ba1c54a43f87fffa571c25e59ee889d5a8f82a62e,Alcance sólido (4/5): cubre los requisitos específicos y casos de uso del dominio. Evidencia (3/5): apoyada en catálogo de fuentes canónicas; reducida por estado consulta_no_verificable en conector NotebookLM. Exactitud (4/5): contratos SDK 0.7.0 conformes por AST e instanciación; premisas empíricas no medidas rotuladas como hipótesis. Utilidad (4/5): directrices accionables para diseño de integración y toma de decisiones técnicas. Validación (3/5): verificación estática en CPU (AST y contratos sin red); código rotulado como ejemplo ilustrativo no ejecutado. Total: 18/25.
JEV-P11-018,e9b122f47f72cef214df3aa8ee2a2f511f1b9e4905c7830e8bdfe1a84c93ab17,Responder estrictamente a: ¿Qué eventos deben detener automáticamente un flujo y qué evidencia necesita la persona que decide reanudarlo?,Texto repetitivo previo remediado con arquitectura de guardrail y sanitización determinista,"Notebook P11 (703b4f94-7e0f-46e4-8fa1-7df6cb846fa0), docs.typesafe.ai/cookbooks/llm_guardrails",Reconstrucción individual completa (eliminación de texto duplicado),en_revision,4,3,4,4,3,Antigravity,pendiente,,37ef13d132c01d8bf082c27b6734a9667710661f92403b47bb80c4bd57b1cafb,Alcance sólido (4/5): cubre los requisitos específicos y casos de uso del dominio. Evidencia (3/5): apoyada en catálogo de fuentes canónicas; reducida por estado consulta_no_verificable en conector NotebookLM. Exactitud (4/5): contratos SDK 0.7.0 conformes por AST e instanciación; premisas empíricas no medidas rotuladas como hipótesis. Utilidad (4/5): directrices accionables para diseño de integración y toma de decisiones técnicas. Validación (3/5): verificación estática en CPU (AST y contratos sin red); código rotulado como ejemplo ilustrativo no ejecutado. Total: 18/25.
JEV-P11-019,96b84565eb1eb66c82ee9c260efacb58de29568c40a5ca4edc81013bd4662d8a,"Responder estrictamente a: ¿Cómo documentar riesgos residuales de forma comprensible para quien adopta el sistema, incluidos los límites del propio verificador?",Texto repetitivo previo remediado con arquitectura de guardrail y sanitización determinista,"Notebook P11 (703b4f94-7e0f-46e4-8fa1-7df6cb846fa0), docs.typesafe.ai/cookbooks/llm_guardrails",Reconstrucción individual completa (eliminación de texto duplicado),en_revision,4,3,4,4,3,Antigravity,pendiente,,9a36231dbcbe4054d5a020364088cbbcbfdcabc2a0c88f693b988f8e755a298a,Alcance sólido (4/5): cubre los requisitos específicos y casos de uso del dominio. Evidencia (3/5): apoyada en catálogo de fuentes canónicas; reducida por estado consulta_no_verificable en conector NotebookLM. Exactitud (4/5): contratos SDK 0.7.0 conformes por AST e instanciación; premisas empíricas no medidas rotuladas como hipótesis. Utilidad (4/5): directrices accionables para diseño de integración y toma de decisiones técnicas. Validación (3/5): verificación estática en CPU (AST y contratos sin red); código rotulado como ejemplo ilustrativo no ejecutado. Total: 18/25.
JEV-P11-020,ca165887711f94d72935bf4b54327f9b9edc536417c1b7ab96d80861dcc6cc67,"Responder estrictamente a: ¿Qué procedimiento de incidente permitiría contener, auditar y corregir una decisión dañina sin divulgar más datos durante la investigación?",Texto repetitivo previo remediado con arquitectura de guardrail y sanitización determinista,"Notebook P11 (703b4f94-7e0f-46e4-8fa1-7df6cb846fa0), docs.typesafe.ai/cookbooks/llm_guardrails",Reconstrucción individual completa (eliminación de texto duplicado),en_revision,4,3,4,4,3,Antigravity,pendiente,,fa2e5e953bc4a226b518f838a36d4ca80a5359461f0f0a870d530fdf0507d5b6,Alcance sólido (4/5): cubre los requisitos específicos y casos de uso del dominio. Evidencia (3/5): apoyada en catálogo de fuentes canónicas; reducida por estado consulta_no_verificable en conector NotebookLM. Exactitud (4/5): contratos SDK 0.7.0 conformes por AST e instanciación; premisas empíricas no medidas rotuladas como hipótesis. Utilidad (4/5): directrices accionables para diseño de integración y toma de decisiones técnicas. Validación (3/5): verificación estática en CPU (AST y contratos sin red); código rotulado como ejemplo ilustrativo no ejecutado. Total: 18/25.
JEV-P12-001,1d239df61534a21d880bb3dbe9b71db8d3d85276663d278aac7217c4c51ee342,"Responder estrictamente a: ¿Qué objetivos de calidad, disponibilidad y latencia debe definir cada flujo antes de fijar su dependencia de Jev?",Texto repetitivo previo remediado con SLOs p95 y telemetría estructurada,"Notebook P12 (5b02c0e7-672b-44b8-8b7c-a10c718f9f6f), docs.typesafe.ai/api#handling-rate-limits",Reconstrucción individual completa (eliminación de texto duplicado),en_revision,5,3,4,4,3,Antigravity,pendiente,,7f72efe4891f649ab50e798b2cf6eb128d70a4d52c8ed9fe0748be263c31d3d0,"Alcance completo (5/5): delimitación exhaustiva de componentes, supuestos y fronteras técnicas. Evidencia (3/5): apoyada en catálogo de fuentes canónicas; reducida por estado consulta_no_verificable en conector NotebookLM. Exactitud (4/5): contratos SDK 0.7.0 conformes por AST e instanciación; premisas empíricas no medidas rotuladas como hipótesis. Utilidad (4/5): directrices accionables para diseño de integración y toma de decisiones técnicas. Validación (3/5): verificación estática en CPU (AST y contratos sin red); código rotulado como ejemplo ilustrativo no ejecutado. Total: 19/25."
JEV-P12-002,4c56d0b188a747868683003651f79808f2a72513ee3d8331c9c12af9b9689f6b,"Responder estrictamente a: ¿Qué errores se deben reintentar y cuáles requieren corregir entrada, credenciales, cuota o configuración antes de repetir una llamada?",Texto repetitivo previo remediado con SLOs p95 y telemetría estructurada,"Notebook P12 (5b02c0e7-672b-44b8-8b7c-a10c718f9f6f), docs.typesafe.ai/api#handling-rate-limits",Reconstrucción individual completa (eliminación de texto duplicado),en_revision,5,3,4,4,3,Antigravity,pendiente,,fa21a8017b9ff56dcd955775c0187bb852801e15e9d35e505e799475d572b560,"Alcance completo (5/5): delimitación exhaustiva de componentes, supuestos y fronteras técnicas. Evidencia (3/5): apoyada en catálogo de fuentes canónicas; reducida por estado consulta_no_verificable en conector NotebookLM. Exactitud (4/5): contratos SDK 0.7.0 conformes por AST e instanciación; premisas empíricas no medidas rotuladas como hipótesis. Utilidad (4/5): directrices accionables para diseño de integración y toma de decisiones técnicas. Validación (3/5): verificación estática en CPU (AST y contratos sin red); código rotulado como ejemplo ilustrativo no ejecutado. Total: 19/25."
JEV-P12-003,5fbdb01fa02bec1fd8ac1a22b74cc5cfdd71552455ac5b674a3c36aa4e558f04,Responder estrictamente a: ¿Cómo impedir que un timeout o reintento duplique una acción posterior aunque el estado de la llamada original sea incierto?,Texto repetitivo previo remediado con SLOs p95 y telemetría estructurada,"Notebook P12 (5b02c0e7-672b-44b8-8b7c-a10c718f9f6f), docs.typesafe.ai/api#handling-rate-limits",Reconstrucción individual completa (eliminación de texto duplicado),en_revision,4,3,4,4,3,Antigravity,pendiente,,fc00849879d8f67ebe3665e9c28979c842226a1720a8c106065edc69f69a3f8a,Alcance sólido (4/5): cubre los requisitos específicos y casos de uso del dominio. Evidencia (3/5): apoyada en catálogo de fuentes canónicas; reducida por estado consulta_no_verificable en conector NotebookLM. Exactitud (4/5): contratos SDK 0.7.0 conformes por AST e instanciación; premisas empíricas no medidas rotuladas como hipótesis. Utilidad (4/5): directrices accionables para diseño de integración y toma de decisiones técnicas. Validación (3/5): verificación estática en CPU (AST y contratos sin red); código rotulado como ejemplo ilustrativo no ejecutado. Total: 18/25.
JEV-P12-004,821be0aefedddc4fa272305ea4f18486522817c67456586ca3a1efc226e86e59,"Responder estrictamente a: ¿Qué presupuesto de tiempo asignar a preparación, inferencia, respaldo y revisión para cumplir un objetivo de extremo a extremo?",Texto repetitivo previo remediado con SLOs p95 y telemetría estructurada,"Notebook P12 (5b02c0e7-672b-44b8-8b7c-a10c718f9f6f), docs.typesafe.ai/api#handling-rate-limits",Reconstrucción individual completa (eliminación de texto duplicado),en_revision,4,3,4,4,3,Antigravity,pendiente,,8fcda83d6731956bc23bb7f2195f99f0253ea2da81365029662a2fcd25f034b3,Alcance sólido (4/5): cubre los requisitos específicos y casos de uso del dominio. Evidencia (3/5): apoyada en catálogo de fuentes canónicas; reducida por estado consulta_no_verificable en conector NotebookLM. Exactitud (4/5): contratos SDK 0.7.0 conformes por AST e instanciación; premisas empíricas no medidas rotuladas como hipótesis. Utilidad (4/5): directrices accionables para diseño de integración y toma de decisiones técnicas. Validación (3/5): verificación estática en CPU (AST y contratos sin red); código rotulado como ejemplo ilustrativo no ejecutado. Total: 18/25.
JEV-P12-005,6d6afb94bddbfa127e772646463356186afcd1060d6a0107af21187ccafcfc0e,Responder estrictamente a: ¿Cómo controlar concurrencia y colas sin asumir que el límite del servicio o la capacidad del sistema son constantes?,Texto repetitivo previo remediado con SLOs p95 y telemetría estructurada,"Notebook P12 (5b02c0e7-672b-44b8-8b7c-a10c718f9f6f), docs.typesafe.ai/api#handling-rate-limits",Reconstrucción individual completa (eliminación de texto duplicado),en_revision,4,3,4,4,3,Antigravity,pendiente,,72533c7fd6911caa4cfc1d3d40dd37becfa54c442e7c2768dcb63f86b5d5bb19,Alcance sólido (4/5): cubre los requisitos específicos y casos de uso del dominio. Evidencia (3/5): apoyada en catálogo de fuentes canónicas; reducida por estado consulta_no_verificable en conector NotebookLM. Exactitud (4/5): contratos SDK 0.7.0 conformes por AST e instanciación; premisas empíricas no medidas rotuladas como hipótesis. Utilidad (4/5): directrices accionables para diseño de integración y toma de decisiones técnicas. Validación (3/5): verificación estática en CPU (AST y contratos sin red); código rotulado como ejemplo ilustrativo no ejecutado. Total: 18/25.
JEV-P12-006,78296de2d7851373fff45f586d87b1e9e5dbf6de2641e11ee1737d68ecf607e7,"Responder estrictamente a: ¿Qué métricas y registros permiten distinguir fallos del modelo, del proveedor, de los datos y de la integración?",Texto repetitivo previo remediado con SLOs p95 y telemetría estructurada,"Notebook P12 (5b02c0e7-672b-44b8-8b7c-a10c718f9f6f), docs.typesafe.ai/api#handling-rate-limits",Reconstrucción individual completa (eliminación de texto duplicado),en_revision,4,3,4,4,3,Antigravity,pendiente,,0d92369d77badf595dc55d0129bc71b2aafff21c905d834d5390e07ef90ecd1a,Alcance sólido (4/5): cubre los requisitos específicos y casos de uso del dominio. Evidencia (3/5): apoyada en catálogo de fuentes canónicas; reducida por estado consulta_no_verificable en conector NotebookLM. Exactitud (4/5): contratos SDK 0.7.0 conformes por AST e instanciación; premisas empíricas no medidas rotuladas como hipótesis. Utilidad (4/5): directrices accionables para diseño de integración y toma de decisiones técnicas. Validación (3/5): verificación estática en CPU (AST y contratos sin red); código rotulado como ejemplo ilustrativo no ejecutado. Total: 18/25.
JEV-P12-007,510f0d4f5bd6a399487279c69cb89417ce97324239fb66ef585411c5ea7b0502,"Responder estrictamente a: ¿Qué condiciones activan degradación, interrupción temporal, escalamiento humano o reversión a una configuración validada?",Texto repetitivo previo remediado con SLOs p95 y telemetría estructurada,"Notebook P12 (5b02c0e7-672b-44b8-8b7c-a10c718f9f6f), docs.typesafe.ai/api#handling-rate-limits",Reconstrucción individual completa (eliminación de texto duplicado),en_revision,4,3,4,4,3,Antigravity,pendiente,,7b6183036bef73ca6ceb8294d3e012ef6be463bca228da23db32d04cd0ec0571,Alcance sólido (4/5): cubre los requisitos específicos y casos de uso del dominio. Evidencia (3/5): apoyada en catálogo de fuentes canónicas; reducida por estado consulta_no_verificable en conector NotebookLM. Exactitud (4/5): contratos SDK 0.7.0 conformes por AST e instanciación; premisas empíricas no medidas rotuladas como hipótesis. Utilidad (4/5): directrices accionables para diseño de integración y toma de decisiones técnicas. Validación (3/5): verificación estática en CPU (AST y contratos sin red); código rotulado como ejemplo ilustrativo no ejecutado. Total: 18/25.
JEV-P12-008,277769770a5949017df46d4666cf28d7b018391737f79e451e84810eae8e7a4d,"Responder estrictamente a: ¿Cómo fijar y registrar versiones del modelo, SDK, taxonomía, criterios y preparación de contexto en cada decisión?",Texto repetitivo previo remediado con SLOs p95 y telemetría estructurada,"Notebook P12 (5b02c0e7-672b-44b8-8b7c-a10c718f9f6f), docs.typesafe.ai/api#handling-rate-limits",Reconstrucción individual completa (eliminación de texto duplicado),en_revision,4,3,4,4,3,Antigravity,pendiente,,f6514606375842d6b14f7494844991b30d91e133d136344ed42a27c7fe39e7af,Alcance sólido (4/5): cubre los requisitos específicos y casos de uso del dominio. Evidencia (3/5): apoyada en catálogo de fuentes canónicas; reducida por estado consulta_no_verificable en conector NotebookLM. Exactitud (4/5): contratos SDK 0.7.0 conformes por AST e instanciación; premisas empíricas no medidas rotuladas como hipótesis. Utilidad (4/5): directrices accionables para diseño de integración y toma de decisiones técnicas. Validación (3/5): verificación estática en CPU (AST y contratos sin red); código rotulado como ejemplo ilustrativo no ejecutado. Total: 18/25.
JEV-P12-009,70488f5ec9c5ca3e3d0e9db60a906fbc59f3998f886b7719660730af14af0153,Responder estrictamente a: ¿Cómo ensayar una nueva versión en modo de observación antes de permitir que sus decisiones afecten procesos reales?,Texto repetitivo previo remediado con SLOs p95 y telemetría estructurada,"Notebook P12 (5b02c0e7-672b-44b8-8b7c-a10c718f9f6f), docs.typesafe.ai/api#handling-rate-limits",Reconstrucción individual completa (eliminación de texto duplicado),en_revision,4,3,4,4,3,Antigravity,pendiente,,db2bc11ff262e72bbe690593d2c488d078ede243eb45794fba0b2b0174ca8509,Alcance sólido (4/5): cubre los requisitos específicos y casos de uso del dominio. Evidencia (3/5): apoyada en catálogo de fuentes canónicas; reducida por estado consulta_no_verificable en conector NotebookLM. Exactitud (4/5): contratos SDK 0.7.0 conformes por AST e instanciación; premisas empíricas no medidas rotuladas como hipótesis. Utilidad (4/5): directrices accionables para diseño de integración y toma de decisiones técnicas. Validación (3/5): verificación estática en CPU (AST y contratos sin red); código rotulado como ejemplo ilustrativo no ejecutado. Total: 18/25.
JEV-P12-010,5130fd8e92adbc2100efa20521a0b6378c69751fc2227e69b8e50939bd0b3e03,Responder estrictamente a: ¿Qué conjunto de regresión detectaría pérdida de calidad en casos raros importantes tras cambios aparentemente menores?,Texto repetitivo previo remediado con SLOs p95 y telemetría estructurada,"Notebook P12 (5b02c0e7-672b-44b8-8b7c-a10c718f9f6f), docs.typesafe.ai/api#handling-rate-limits",Reconstrucción individual completa (eliminación de texto duplicado),en_revision,4,3,4,4,3,Antigravity,pendiente,,19b7ed51df162aaa37155a337466d422554c5ba88f4f36a5a4a02c59257fcbb3,Alcance sólido (4/5): cubre los requisitos específicos y casos de uso del dominio. Evidencia (3/5): apoyada en catálogo de fuentes canónicas; reducida por estado consulta_no_verificable en conector NotebookLM. Exactitud (4/5): contratos SDK 0.7.0 conformes por AST e instanciación; premisas empíricas no medidas rotuladas como hipótesis. Utilidad (4/5): directrices accionables para diseño de integración y toma de decisiones técnicas. Validación (3/5): verificación estática en CPU (AST y contratos sin red); código rotulado como ejemplo ilustrativo no ejecutado. Total: 18/25.
JEV-P12-011,265fe2b0fae20ebe7c09c0bf0024a96397662d433499a279c292a0b321e59019,Responder estrictamente a: ¿Cómo desplegar gradualmente y comparar resultados sin que tráfico distinto o estacionalidad falseen la comparación?,Texto repetitivo previo remediado con SLOs p95 y telemetría estructurada,"Notebook P12 (5b02c0e7-672b-44b8-8b7c-a10c718f9f6f), docs.typesafe.ai/api#handling-rate-limits",Reconstrucción individual completa (eliminación de texto duplicado),en_revision,4,3,4,4,3,Antigravity,pendiente,,9365c99ca22daa191889b84556c41a7441127dd0d4c1e3c02320c47c48466982,Alcance sólido (4/5): cubre los requisitos específicos y casos de uso del dominio. Evidencia (3/5): apoyada en catálogo de fuentes canónicas; reducida por estado consulta_no_verificable en conector NotebookLM. Exactitud (4/5): contratos SDK 0.7.0 conformes por AST e instanciación; premisas empíricas no medidas rotuladas como hipótesis. Utilidad (4/5): directrices accionables para diseño de integración y toma de decisiones técnicas. Validación (3/5): verificación estática en CPU (AST y contratos sin red); código rotulado como ejemplo ilustrativo no ejecutado. Total: 18/25.
JEV-P12-012,2ce28672f942c52d2427b4e963c214712f409a11ac2481e5c04a002b224549e8,Responder estrictamente a: ¿Cómo detectar deriva de entradas cuando todavía no existen etiquetas recientes para medir deterioro de las decisiones?,Texto repetitivo previo remediado con SLOs p95 y telemetría estructurada,"Notebook P12 (5b02c0e7-672b-44b8-8b7c-a10c718f9f6f), docs.typesafe.ai/api#handling-rate-limits",Reconstrucción individual completa (eliminación de texto duplicado),en_revision,4,3,4,4,3,Antigravity,pendiente,,2f0347105c0cc1d926155c976e2c71d1f299cdda3695dcac7243d4abf4232567,Alcance sólido (4/5): cubre los requisitos específicos y casos de uso del dominio. Evidencia (3/5): apoyada en catálogo de fuentes canónicas; reducida por estado consulta_no_verificable en conector NotebookLM. Exactitud (4/5): contratos SDK 0.7.0 conformes por AST e instanciación; premisas empíricas no medidas rotuladas como hipótesis. Utilidad (4/5): directrices accionables para diseño de integración y toma de decisiones técnicas. Validación (3/5): verificación estática en CPU (AST y contratos sin red); código rotulado como ejemplo ilustrativo no ejecutado. Total: 18/25.
JEV-P12-013,f71cbf18f2aed5615b81045316436bf2dcc0b065e3f90b9ac9d5851bf1af2117,Responder estrictamente a: ¿Cómo obtener etiquetas posteriores y retroalimentación humana sin introducir sesgo al observar solo los casos escalados?,Texto repetitivo previo remediado con SLOs p95 y telemetría estructurada,"Notebook P12 (5b02c0e7-672b-44b8-8b7c-a10c718f9f6f), docs.typesafe.ai/api#handling-rate-limits",Reconstrucción individual completa (eliminación de texto duplicado),en_revision,4,3,4,4,3,Antigravity,pendiente,,37f6c13b490013f2187c2311ff43f39daa281eaafb8d78b2be04143e0f1e64ac,Alcance sólido (4/5): cubre los requisitos específicos y casos de uso del dominio. Evidencia (3/5): apoyada en catálogo de fuentes canónicas; reducida por estado consulta_no_verificable en conector NotebookLM. Exactitud (4/5): contratos SDK 0.7.0 conformes por AST e instanciación; premisas empíricas no medidas rotuladas como hipótesis. Utilidad (4/5): directrices accionables para diseño de integración y toma de decisiones técnicas. Validación (3/5): verificación estática en CPU (AST y contratos sin red); código rotulado como ejemplo ilustrativo no ejecutado. Total: 18/25.
JEV-P12-014,ba2b452c40c08e2318815f21ee34a387f8f84aeafc56b6850c318365822a4032,Responder estrictamente a: ¿Qué estrategia de alertas evita tanto silencio ante daños como saturación por variaciones sin importancia práctica?,Texto repetitivo previo remediado con SLOs p95 y telemetría estructurada,"Notebook P12 (5b02c0e7-672b-44b8-8b7c-a10c718f9f6f), docs.typesafe.ai/api#handling-rate-limits",Reconstrucción individual completa (eliminación de texto duplicado),en_revision,4,3,4,4,3,Antigravity,pendiente,,9d22e58f3decac8a41a81b9d8b504dcd810b71cca6deabeed4d288c026ef0ff6,Alcance sólido (4/5): cubre los requisitos específicos y casos de uso del dominio. Evidencia (3/5): apoyada en catálogo de fuentes canónicas; reducida por estado consulta_no_verificable en conector NotebookLM. Exactitud (4/5): contratos SDK 0.7.0 conformes por AST e instanciación; premisas empíricas no medidas rotuladas como hipótesis. Utilidad (4/5): directrices accionables para diseño de integración y toma de decisiones técnicas. Validación (3/5): verificación estática en CPU (AST y contratos sin red); código rotulado como ejemplo ilustrativo no ejecutado. Total: 18/25.
JEV-P12-015,605ad4ef8da9eb4506a059594ee40212b099d212d5adadfd2f3bd5b9de141714,"Responder estrictamente a: ¿Cómo mantener registros suficientes para auditoría aplicando límites de retención, minimización y acceso?",Texto repetitivo previo remediado con SLOs p95 y telemetría estructurada,"Notebook P12 (5b02c0e7-672b-44b8-8b7c-a10c718f9f6f), docs.typesafe.ai/api#handling-rate-limits",Reconstrucción individual completa (eliminación de texto duplicado),en_revision,4,3,4,4,3,Antigravity,pendiente,,48bd1cf81377480fd04b686ea307137c72d74b703dc8935d748795454e39acdf,Alcance sólido (4/5): cubre los requisitos específicos y casos de uso del dominio. Evidencia (3/5): apoyada en catálogo de fuentes canónicas; reducida por estado consulta_no_verificable en conector NotebookLM. Exactitud (4/5): contratos SDK 0.7.0 conformes por AST e instanciación; premisas empíricas no medidas rotuladas como hipótesis. Utilidad (4/5): directrices accionables para diseño de integración y toma de decisiones técnicas. Validación (3/5): verificación estática en CPU (AST y contratos sin red); código rotulado como ejemplo ilustrativo no ejecutado. Total: 18/25.
JEV-P12-016,91107c82bc081d38903df4b5b27d1a9dc5257977d20116e540a858f842537b6a,"Responder estrictamente a: ¿Cómo definir claves de caché, caducidad e invalidación durante una actualización de modelo o de reglas del negocio?",Texto repetitivo previo remediado con SLOs p95 y telemetría estructurada,"Notebook P12 (5b02c0e7-672b-44b8-8b7c-a10c718f9f6f), docs.typesafe.ai/api#handling-rate-limits",Reconstrucción individual completa (eliminación de texto duplicado),en_revision,4,3,4,4,3,Antigravity,pendiente,,9b9c92d46fb45bf198cf996701953536c461e8774d4ece303090cec7f9ab059f,Alcance sólido (4/5): cubre los requisitos específicos y casos de uso del dominio. Evidencia (3/5): apoyada en catálogo de fuentes canónicas; reducida por estado consulta_no_verificable en conector NotebookLM. Exactitud (4/5): contratos SDK 0.7.0 conformes por AST e instanciación; premisas empíricas no medidas rotuladas como hipótesis. Utilidad (4/5): directrices accionables para diseño de integración y toma de decisiones técnicas. Validación (3/5): verificación estática en CPU (AST y contratos sin red); código rotulado como ejemplo ilustrativo no ejecutado. Total: 18/25.
JEV-P12-017,9355a02d8d7c20d4c3caa669700273a459a1ae7ee5b393945aa26fea3178a24e,"Responder estrictamente a: ¿Qué pruebas de fallos simulados cubrirían indisponibilidad, respuesta inválida, lentitud, cuota agotada y pérdida de conectividad?",Texto repetitivo previo remediado con SLOs p95 y telemetría estructurada,"Notebook P12 (5b02c0e7-672b-44b8-8b7c-a10c718f9f6f), docs.typesafe.ai/api#handling-rate-limits",Reconstrucción individual completa (eliminación de texto duplicado),en_revision,4,3,4,4,3,Antigravity,pendiente,,7c61d60b28fc2d2e705f5358e41c00811143b35c49d4a27b61615d96f40f60bc,Alcance sólido (4/5): cubre los requisitos específicos y casos de uso del dominio. Evidencia (3/5): apoyada en catálogo de fuentes canónicas; reducida por estado consulta_no_verificable en conector NotebookLM. Exactitud (4/5): contratos SDK 0.7.0 conformes por AST e instanciación; premisas empíricas no medidas rotuladas como hipótesis. Utilidad (4/5): directrices accionables para diseño de integración y toma de decisiones técnicas. Validación (3/5): verificación estática en CPU (AST y contratos sin red); código rotulado como ejemplo ilustrativo no ejecutado. Total: 18/25.
JEV-P12-018,57bf5675970c956abcc73609c8a61eca53bb18f1bec3d0abdf5dc9cba664d528,Responder estrictamente a: ¿Cómo gestionar dependencias de terceros y retirada de versiones sin detener todos los proyectos que comparten la integración?,Texto repetitivo previo remediado con SLOs p95 y telemetría estructurada,"Notebook P12 (5b02c0e7-672b-44b8-8b7c-a10c718f9f6f), docs.typesafe.ai/api#handling-rate-limits",Reconstrucción individual completa (eliminación de texto duplicado),en_revision,4,3,4,4,3,Antigravity,pendiente,,c69515b4d664be89e32046d34500a9a35009b79e775016d2fa0bb8bf6ec7730b,Alcance sólido (4/5): cubre los requisitos específicos y casos de uso del dominio. Evidencia (3/5): apoyada en catálogo de fuentes canónicas; reducida por estado consulta_no_verificable en conector NotebookLM. Exactitud (4/5): contratos SDK 0.7.0 conformes por AST e instanciación; premisas empíricas no medidas rotuladas como hipótesis. Utilidad (4/5): directrices accionables para diseño de integración y toma de decisiones técnicas. Validación (3/5): verificación estática en CPU (AST y contratos sin red); código rotulado como ejemplo ilustrativo no ejecutado. Total: 18/25.
JEV-P12-019,70656eaf22633d25167709780634a3245843ea0603f9ed59cd64d1f74ef945de,"Responder estrictamente a: ¿Qué responsabilidades operativas, procedimientos y tiempos de respuesta debe conocer el equipo antes de lanzar un piloto?",Texto repetitivo previo remediado con SLOs p95 y telemetría estructurada,"Notebook P12 (5b02c0e7-672b-44b8-8b7c-a10c718f9f6f), docs.typesafe.ai/api#handling-rate-limits",Reconstrucción individual completa (eliminación de texto duplicado),en_revision,4,3,4,4,3,Antigravity,pendiente,,2c573d178393f101971299097f61c88d4e14b81e17da83711850a5d70d8c4620,Alcance sólido (4/5): cubre los requisitos específicos y casos de uso del dominio. Evidencia (3/5): apoyada en catálogo de fuentes canónicas; reducida por estado consulta_no_verificable en conector NotebookLM. Exactitud (4/5): contratos SDK 0.7.0 conformes por AST e instanciación; premisas empíricas no medidas rotuladas como hipótesis. Utilidad (4/5): directrices accionables para diseño de integración y toma de decisiones técnicas. Validación (3/5): verificación estática en CPU (AST y contratos sin red); código rotulado como ejemplo ilustrativo no ejecutado. Total: 18/25.
JEV-P12-020,3e8f2d3456b42bb63ae65c5e95ee6ad1c426837032be16f13c7d9a45107bc844,"Responder estrictamente a: ¿Qué informe periódico demostraría que el sistema conserva su valor y justificaría mantenerlo, revisarlo o retirarlo?",Texto repetitivo previo remediado con SLOs p95 y telemetría estructurada,"Notebook P12 (5b02c0e7-672b-44b8-8b7c-a10c718f9f6f), docs.typesafe.ai/api#handling-rate-limits",Reconstrucción individual completa (eliminación de texto duplicado),en_revision,4,3,4,4,3,Antigravity,pendiente,,4a2249ca2c22fce31f0f20ed89a5b1f234cb6f1896383055aeb2139db7a23116,Alcance sólido (4/5): cubre los requisitos específicos y casos de uso del dominio. Evidencia (3/5): apoyada en catálogo de fuentes canónicas; reducida por estado consulta_no_verificable en conector NotebookLM. Exactitud (4/5): contratos SDK 0.7.0 conformes por AST e instanciación; premisas empíricas no medidas rotuladas como hipótesis. Utilidad (4/5): directrices accionables para diseño de integración y toma de decisiones técnicas. Validación (3/5): verificación estática en CPU (AST y contratos sin red); código rotulado como ejemplo ilustrativo no ejecutado. Total: 18/25.
JEV-P13-001,3fc49b9e9462ba002a583b04dedcc2eabb3fbee5a59e34023060e05f5c77f850,"Responder estrictamente a: ¿Cuál es el modelo de cobro documentado de Jev, con fecha, unidad facturable y condiciones que podrían cambiar el costo efectivo?",Texto repetitivo previo remediado con modelo económico y comparativa de alternativas,"Notebook P13 (506663b3-f795-4261-9937-2f90a8d0620d), docs.typesafe.ai/models, CloudZero",Reconstrucción individual completa (eliminación de texto duplicado),en_revision,5,3,4,4,3,Antigravity,pendiente,,ba19d1db29ccad3cbd7088071c6179f7811715908c70d4a55931dab16bec90f0,"Alcance completo (5/5): delimitación exhaustiva de componentes, supuestos y fronteras técnicas. Evidencia (3/5): apoyada en catálogo de fuentes canónicas; reducida por estado consulta_no_verificable en conector NotebookLM. Exactitud (4/5): contratos SDK 0.7.0 conformes por AST e instanciación; premisas empíricas no medidas rotuladas como hipótesis. Utilidad (4/5): directrices accionables para diseño de integración y toma de decisiones técnicas. Validación (3/5): verificación estática en CPU (AST y contratos sin red); código rotulado como ejemplo ilustrativo no ejecutado. Total: 19/25."
JEV-P13-002,913b1ed6a88450d1a6034770952c4acf81edcc508dd748c8f41bd8364b3a2ab1,"Responder estrictamente a: ¿Qué componentes forman el costo total de un flujo: inferencia, preparación, infraestructura, desarrollo, revisión, errores y mantenimiento?",Corrección de cita SRC-0095 (CloudZero) y desglose TCO sin doble conteo,"Notebook P13 (506663b3-f795-4261-9937-2f90a8d0620d), docs.typesafe.ai/models, CloudZero",Reconstrucción individual completa (eliminación de texto duplicado),en_revision,5,3,4,4,3,Antigravity,pendiente,,94d22d39f18b0f9af5ed60c6dd7e72d99731750ad87918dd3034ea7f8100b555,"Alcance completo (5/5): delimitación exhaustiva de componentes, supuestos y fronteras técnicas. Evidencia (3/5): apoyada en catálogo de fuentes canónicas; reducida por estado consulta_no_verificable en conector NotebookLM. Exactitud (4/5): contratos SDK 0.7.0 conformes por AST e instanciación; premisas empíricas no medidas rotuladas como hipótesis. Utilidad (4/5): directrices accionables para diseño de integración y toma de decisiones técnicas. Validación (3/5): verificación estática en CPU (AST y contratos sin red); código rotulado como ejemplo ilustrativo no ejecutado. Total: 19/25."
JEV-P13-003,e4e8e154ef93bd6e41576660a21e8f7ea3c6bf83537179075edb2ce6c1694382,Responder estrictamente a: ¿Cómo calcular costo por decisión correcta aceptada evitando comparar solo precios por token o llamada?,Texto repetitivo previo remediado con modelo económico y comparativa de alternativas,"Notebook P13 (506663b3-f795-4261-9937-2f90a8d0620d), docs.typesafe.ai/models, CloudZero",Reconstrucción individual completa (eliminación de texto duplicado),en_revision,4,3,4,4,3,Antigravity,pendiente,,4ebcab665b390d0aefb5f234cd9eada9750ce3f2a6340161e8342f60975d8e42,Alcance sólido (4/5): cubre los requisitos específicos y casos de uso del dominio. Evidencia (3/5): apoyada en catálogo de fuentes canónicas; reducida por estado consulta_no_verificable en conector NotebookLM. Exactitud (4/5): contratos SDK 0.7.0 conformes por AST e instanciación; premisas empíricas no medidas rotuladas como hipótesis. Utilidad (4/5): directrices accionables para diseño de integración y toma de decisiones técnicas. Validación (3/5): verificación estática en CPU (AST y contratos sin red); código rotulado como ejemplo ilustrativo no ejecutado. Total: 18/25.
JEV-P13-004,b35b5541612e47a6f64ee49deb125522c71c0a4d4190dad554d8bd2325c8a52e,"Responder estrictamente a: ¿Qué alternativas resuelven cada tipo de tarea y cuáles permiten una comparación equivalente de calidad, latencia y esfuerzo operativo?",Texto repetitivo previo remediado con modelo económico y comparativa de alternativas,"Notebook P13 (506663b3-f795-4261-9937-2f90a8d0620d), docs.typesafe.ai/models, CloudZero",Reconstrucción individual completa (eliminación de texto duplicado),en_revision,4,3,4,4,3,Antigravity,pendiente,,17b68f38de4267b5684da31dbe0705fb8a144dd0cd5c859ee2e242d91c33bacb,Alcance sólido (4/5): cubre los requisitos específicos y casos de uso del dominio. Evidencia (3/5): apoyada en catálogo de fuentes canónicas; reducida por estado consulta_no_verificable en conector NotebookLM. Exactitud (4/5): contratos SDK 0.7.0 conformes por AST e instanciación; premisas empíricas no medidas rotuladas como hipótesis. Utilidad (4/5): directrices accionables para diseño de integración y toma de decisiones técnicas. Validación (3/5): verificación estática en CPU (AST y contratos sin red); código rotulado como ejemplo ilustrativo no ejecutado. Total: 18/25.
JEV-P13-005,d46eb0402d5f7663d3520bbe098f8c4382711019e6a0491ae38685bf65a99eba,"Responder estrictamente a: ¿Qué volumen, complejidad y tasa de escalamiento determinan el punto de equilibrio frente a reglas, modelos locales o revisión manual?",Texto repetitivo previo remediado con modelo económico y comparativa de alternativas,"Notebook P13 (506663b3-f795-4261-9937-2f90a8d0620d), docs.typesafe.ai/models, CloudZero",Reconstrucción individual completa (eliminación de texto duplicado),en_revision,4,3,4,4,3,Antigravity,pendiente,,51bf1245492fa414261ad46a73cb93f34e14b47e1637683ffd436e21430fc7ed,Alcance sólido (4/5): cubre los requisitos específicos y casos de uso del dominio. Evidencia (3/5): apoyada en catálogo de fuentes canónicas; reducida por estado consulta_no_verificable en conector NotebookLM. Exactitud (4/5): contratos SDK 0.7.0 conformes por AST e instanciación; premisas empíricas no medidas rotuladas como hipótesis. Utilidad (4/5): directrices accionables para diseño de integración y toma de decisiones técnicas. Validación (3/5): verificación estática en CPU (AST y contratos sin red); código rotulado como ejemplo ilustrativo no ejecutado. Total: 18/25.
JEV-P13-006,9049a0009f66e2e1f38291e5107d016f0ff2fe1e11e0d5dc1b6eee2bcc54ebf8,"Responder estrictamente a: ¿Cómo valorar económicamente falsos positivos, falsos negativos y correcciones tardías sin presentar supuestos como pérdidas observadas?",Texto repetitivo previo remediado con modelo económico y comparativa de alternativas,"Notebook P13 (506663b3-f795-4261-9937-2f90a8d0620d), docs.typesafe.ai/models, CloudZero",Reconstrucción individual completa (eliminación de texto duplicado),en_revision,4,3,4,4,3,Antigravity,pendiente,,6f691a826df64a26da9a0c006bb0dcfc5fe6389bd04f7c51f8cf6220dbd70cf0,Alcance sólido (4/5): cubre los requisitos específicos y casos de uso del dominio. Evidencia (3/5): apoyada en catálogo de fuentes canónicas; reducida por estado consulta_no_verificable en conector NotebookLM. Exactitud (4/5): contratos SDK 0.7.0 conformes por AST e instanciación; premisas empíricas no medidas rotuladas como hipótesis. Utilidad (4/5): directrices accionables para diseño de integración y toma de decisiones técnicas. Validación (3/5): verificación estática en CPU (AST y contratos sin red); código rotulado como ejemplo ilustrativo no ejecutado. Total: 18/25.
JEV-P13-007,82b0d9a5721b9c4b78ec07cb6cf0a05adb885c960402fb4fa76e1f3c19cbcf9a,Responder estrictamente a: ¿Cómo cambia la rentabilidad del flujo cuando crece la proporción de casos que requieren otro modelo o una persona?,Texto repetitivo previo remediado con modelo económico y comparativa de alternativas,"Notebook P13 (506663b3-f795-4261-9937-2f90a8d0620d), docs.typesafe.ai/models, CloudZero",Reconstrucción individual completa (eliminación de texto duplicado),en_revision,4,3,4,4,3,Antigravity,pendiente,,c740a622aa017b97394c036dd7d5fe697cc712114d8ef58ea4485440fab720e9,Alcance sólido (4/5): cubre los requisitos específicos y casos de uso del dominio. Evidencia (3/5): apoyada en catálogo de fuentes canónicas; reducida por estado consulta_no_verificable en conector NotebookLM. Exactitud (4/5): contratos SDK 0.7.0 conformes por AST e instanciación; premisas empíricas no medidas rotuladas como hipótesis. Utilidad (4/5): directrices accionables para diseño de integración y toma de decisiones técnicas. Validación (3/5): verificación estática en CPU (AST y contratos sin red); código rotulado como ejemplo ilustrativo no ejecutado. Total: 18/25.
JEV-P13-008,c007ebe4b124beef93a9cf00258a89211de8fb4166b6b9e8ea09e2ba87bf7765,"Responder estrictamente a: ¿Qué sensibilidad tiene el ahorro a cambios de precio, longitud del contexto, reintentos y distribución del tráfico?",Texto repetitivo previo remediado con modelo económico y comparativa de alternativas,"Notebook P13 (506663b3-f795-4261-9937-2f90a8d0620d), docs.typesafe.ai/models, CloudZero",Reconstrucción individual completa (eliminación de texto duplicado),en_revision,4,3,4,4,3,Antigravity,pendiente,,8bb331c99c45f9c6781b27a9e2bda5fc31092d5b6194077b31b53181cf02096f,Alcance sólido (4/5): cubre los requisitos específicos y casos de uso del dominio. Evidencia (3/5): apoyada en catálogo de fuentes canónicas; reducida por estado consulta_no_verificable en conector NotebookLM. Exactitud (4/5): contratos SDK 0.7.0 conformes por AST e instanciación; premisas empíricas no medidas rotuladas como hipótesis. Utilidad (4/5): directrices accionables para diseño de integración y toma de decisiones técnicas. Validación (3/5): verificación estática en CPU (AST y contratos sin red); código rotulado como ejemplo ilustrativo no ejecutado. Total: 18/25.
JEV-P13-009,8dcc0dd32632012471000bf9e566cf0f4ea3b219335736f80191dc6b4d6ef265,"Responder estrictamente a: ¿Qué escenarios de volumen bajo, medio y alto permiten comparar alternativas manteniendo explícitas todas las unidades y supuestos?",Texto repetitivo previo remediado con modelo económico y comparativa de alternativas,"Notebook P13 (506663b3-f795-4261-9937-2f90a8d0620d), docs.typesafe.ai/models, CloudZero",Reconstrucción individual completa (eliminación de texto duplicado),en_revision,4,3,4,4,3,Antigravity,pendiente,,c26789acc2d30da287558d1e098301d6d6f22c179ee29d7bcefd8ca34f3c6780,Alcance sólido (4/5): cubre los requisitos específicos y casos de uso del dominio. Evidencia (3/5): apoyada en catálogo de fuentes canónicas; reducida por estado consulta_no_verificable en conector NotebookLM. Exactitud (4/5): contratos SDK 0.7.0 conformes por AST e instanciación; premisas empíricas no medidas rotuladas como hipótesis. Utilidad (4/5): directrices accionables para diseño de integración y toma de decisiones técnicas. Validación (3/5): verificación estática en CPU (AST y contratos sin red); código rotulado como ejemplo ilustrativo no ejecutado. Total: 18/25.
JEV-P13-010,e9f346139c7212a2b8139a26ce521ba471bce7df4f3aeca0041a2972ac158ac7,Responder estrictamente a: ¿Cómo incorporar el costo inicial de integración y la amortización sin esconder que un piloto pequeño puede no recuperar esa inversión?,Texto repetitivo previo remediado con modelo económico y comparativa de alternativas,"Notebook P13 (506663b3-f795-4261-9937-2f90a8d0620d), docs.typesafe.ai/models, CloudZero",Reconstrucción individual completa (eliminación de texto duplicado),en_revision,4,3,4,4,3,Antigravity,pendiente,,993febd86c9fd482982feffae652cc4de15951bbc681dd29aaf9d2a3de09ad5e,Alcance sólido (4/5): cubre los requisitos específicos y casos de uso del dominio. Evidencia (3/5): apoyada en catálogo de fuentes canónicas; reducida por estado consulta_no_verificable en conector NotebookLM. Exactitud (4/5): contratos SDK 0.7.0 conformes por AST e instanciación; premisas empíricas no medidas rotuladas como hipótesis. Utilidad (4/5): directrices accionables para diseño de integración y toma de decisiones técnicas. Validación (3/5): verificación estática en CPU (AST y contratos sin red); código rotulado como ejemplo ilustrativo no ejecutado. Total: 18/25.
JEV-P13-011,5fcf2cbe9235e0d8aea4f9817534c7c8bd8e5d894e49781e25e891684279cd21,Responder estrictamente a: ¿Qué costo tiene la latencia para la experiencia de usuario o el proceso y cuándo pagar más por calidad o rapidez resulta razonable?,Texto repetitivo previo remediado con modelo económico y comparativa de alternativas,"Notebook P13 (506663b3-f795-4261-9937-2f90a8d0620d), docs.typesafe.ai/models, CloudZero",Reconstrucción individual completa (eliminación de texto duplicado),en_revision,4,3,4,4,3,Antigravity,pendiente,,2eebb8acaed86b27afd283e9a2f21e6f8b53c7141e2a0491d5f70cb541b46f27,Alcance sólido (4/5): cubre los requisitos específicos y casos de uso del dominio. Evidencia (3/5): apoyada en catálogo de fuentes canónicas; reducida por estado consulta_no_verificable en conector NotebookLM. Exactitud (4/5): contratos SDK 0.7.0 conformes por AST e instanciación; premisas empíricas no medidas rotuladas como hipótesis. Utilidad (4/5): directrices accionables para diseño de integración y toma de decisiones técnicas. Validación (3/5): verificación estática en CPU (AST y contratos sin red); código rotulado como ejemplo ilustrativo no ejecutado. Total: 18/25.
JEV-P13-012,74255e6816b427003504eb110aa64b89f14106f20c6d93b5f29df16cc53fa1f6,Responder estrictamente a: ¿Qué evidencia permite distinguir compatibilidad de interfaz y equivalencia de calidad entre Jev y alternativas como jeff?,Texto repetitivo previo remediado con modelo económico y comparativa de alternativas,"Notebook P13 (506663b3-f795-4261-9937-2f90a8d0620d), docs.typesafe.ai/models, CloudZero",Reconstrucción individual completa (eliminación de texto duplicado),en_revision,4,3,4,4,3,Antigravity,pendiente,,4c9d8d83f703695f347418cbdc64060bb9dd1d3e5caf259939b6259680b48ad6,Alcance sólido (4/5): cubre los requisitos específicos y casos de uso del dominio. Evidencia (3/5): apoyada en catálogo de fuentes canónicas; reducida por estado consulta_no_verificable en conector NotebookLM. Exactitud (4/5): contratos SDK 0.7.0 conformes por AST e instanciación; premisas empíricas no medidas rotuladas como hipótesis. Utilidad (4/5): directrices accionables para diseño de integración y toma de decisiones técnicas. Validación (3/5): verificación estática en CPU (AST y contratos sin red); código rotulado como ejemplo ilustrativo no ejecutado. Total: 18/25.
JEV-P13-013,75c6cae3acf6e0c4df895e04e9efaf1df42505a7948a72d55f928e18aee043ef,"Responder estrictamente a: ¿Qué costos de hardware, operación y mantenimiento exige una alternativa local además de su precio de inferencia estimado?",Texto repetitivo previo remediado con modelo económico y comparativa de alternativas,"Notebook P13 (506663b3-f795-4261-9937-2f90a8d0620d), docs.typesafe.ai/models, CloudZero",Reconstrucción individual completa (eliminación de texto duplicado),en_revision,4,3,4,4,3,Antigravity,pendiente,,2cf5cf52b6ea90137ab4ae461bb655dd2c8335b42a25d5dcfb67eb05c8430e51,Alcance sólido (4/5): cubre los requisitos específicos y casos de uso del dominio. Evidencia (3/5): apoyada en catálogo de fuentes canónicas; reducida por estado consulta_no_verificable en conector NotebookLM. Exactitud (4/5): contratos SDK 0.7.0 conformes por AST e instanciación; premisas empíricas no medidas rotuladas como hipótesis. Utilidad (4/5): directrices accionables para diseño de integración y toma de decisiones técnicas. Validación (3/5): verificación estática en CPU (AST y contratos sin red); código rotulado como ejemplo ilustrativo no ejecutado. Total: 18/25.
JEV-P13-014,14175e06e3a33d2b31b54365eda84e978461e1c8de7ba61cc747af76163f0064,Responder estrictamente a: ¿Cómo comparar una cascada híbrida con un único modelo considerando errores de enrutamiento y costos duplicados?,Texto repetitivo previo remediado con modelo económico y comparativa de alternativas,"Notebook P13 (506663b3-f795-4261-9937-2f90a8d0620d), docs.typesafe.ai/models, CloudZero",Reconstrucción individual completa (eliminación de texto duplicado),en_revision,4,3,4,4,3,Antigravity,pendiente,,26a3deff017938d530e89f88e2c4d5ef02ac9e05dc0015d5d504c1e686929ddf,Alcance sólido (4/5): cubre los requisitos específicos y casos de uso del dominio. Evidencia (3/5): apoyada en catálogo de fuentes canónicas; reducida por estado consulta_no_verificable en conector NotebookLM. Exactitud (4/5): contratos SDK 0.7.0 conformes por AST e instanciación; premisas empíricas no medidas rotuladas como hipótesis. Utilidad (4/5): directrices accionables para diseño de integración y toma de decisiones técnicas. Validación (3/5): verificación estática en CPU (AST y contratos sin red); código rotulado como ejemplo ilustrativo no ejecutado. Total: 18/25.
JEV-P13-015,8c946085407b68c68de0a682a94c0b3da4693eb9456c827f578abe04ce7d004a,"Responder estrictamente a: ¿Qué riesgos económicos introducen dependencia del proveedor, cambios de límites, retirada de versiones o migración forzada?",Texto repetitivo previo remediado con modelo económico y comparativa de alternativas,"Notebook P13 (506663b3-f795-4261-9937-2f90a8d0620d), docs.typesafe.ai/models, CloudZero",Reconstrucción individual completa (eliminación de texto duplicado),en_revision,4,3,4,4,3,Antigravity,pendiente,,918d637489bebf8d227fda51670edd773eec5803973e9e50ec079672d6b332ae,Alcance sólido (4/5): cubre los requisitos específicos y casos de uso del dominio. Evidencia (3/5): apoyada en catálogo de fuentes canónicas; reducida por estado consulta_no_verificable en conector NotebookLM. Exactitud (4/5): contratos SDK 0.7.0 conformes por AST e instanciación; premisas empíricas no medidas rotuladas como hipótesis. Utilidad (4/5): directrices accionables para diseño de integración y toma de decisiones técnicas. Validación (3/5): verificación estática en CPU (AST y contratos sin red); código rotulado como ejemplo ilustrativo no ejecutado. Total: 18/25.
JEV-P13-016,4474c9bf2421490dd92ea7347a30ee67e3720fc4ea4e4037f23ae8af5a024662,Responder estrictamente a: ¿Cómo evitar que cuotas gratuitas o promociones temporales distorsionen una decisión de arquitectura de largo plazo?,Texto repetitivo previo remediado con modelo económico y comparativa de alternativas,"Notebook P13 (506663b3-f795-4261-9937-2f90a8d0620d), docs.typesafe.ai/models, CloudZero",Reconstrucción individual completa (eliminación de texto duplicado),en_revision,4,3,4,4,3,Antigravity,pendiente,,b9db54b803e8478540a8619dda298895bc24dd7d1aab2354d79b88d8c6669ea2,Alcance sólido (4/5): cubre los requisitos específicos y casos de uso del dominio. Evidencia (3/5): apoyada en catálogo de fuentes canónicas; reducida por estado consulta_no_verificable en conector NotebookLM. Exactitud (4/5): contratos SDK 0.7.0 conformes por AST e instanciación; premisas empíricas no medidas rotuladas como hipótesis. Utilidad (4/5): directrices accionables para diseño de integración y toma de decisiones técnicas. Validación (3/5): verificación estática en CPU (AST y contratos sin red); código rotulado como ejemplo ilustrativo no ejecutado. Total: 18/25.
JEV-P13-017,afc52008182816a2d3d099c1ed719f3584084bb7c1a922c624fb204dab4945ec,Responder estrictamente a: ¿Qué presupuesto de evaluación permitiría reducir incertidumbre económica antes de comprometer una integración más costosa?,Texto repetitivo previo remediado con modelo económico y comparativa de alternativas,"Notebook P13 (506663b3-f795-4261-9937-2f90a8d0620d), docs.typesafe.ai/models, CloudZero",Reconstrucción individual completa (eliminación de texto duplicado),en_revision,4,3,4,4,3,Antigravity,pendiente,,3398eb91f72bd33766145dc6e349574fd3a0be6ff472d03152713e423c09807a,Alcance sólido (4/5): cubre los requisitos específicos y casos de uso del dominio. Evidencia (3/5): apoyada en catálogo de fuentes canónicas; reducida por estado consulta_no_verificable en conector NotebookLM. Exactitud (4/5): contratos SDK 0.7.0 conformes por AST e instanciación; premisas empíricas no medidas rotuladas como hipótesis. Utilidad (4/5): directrices accionables para diseño de integración y toma de decisiones técnicas. Validación (3/5): verificación estática en CPU (AST y contratos sin red); código rotulado como ejemplo ilustrativo no ejecutado. Total: 18/25.
JEV-P13-018,9a0f47bb023e515bea7a3cd7a101734aa17ef4c0d1e6cfbb7724ce1dfbcf75ed,Responder estrictamente a: ¿Cuándo puede un sistema más caro por llamada resultar más barato por tarea resuelta debido a menos errores o revisiones?,Texto repetitivo previo remediado con modelo económico y comparativa de alternativas,"Notebook P13 (506663b3-f795-4261-9937-2f90a8d0620d), docs.typesafe.ai/models, CloudZero",Reconstrucción individual completa (eliminación de texto duplicado),en_revision,4,3,4,4,3,Antigravity,pendiente,,0fb162f17208c530215a786c6819a2d77161fa4c9ad31be0427aad4f518fb7d3,Alcance sólido (4/5): cubre los requisitos específicos y casos de uso del dominio. Evidencia (3/5): apoyada en catálogo de fuentes canónicas; reducida por estado consulta_no_verificable en conector NotebookLM. Exactitud (4/5): contratos SDK 0.7.0 conformes por AST e instanciación; premisas empíricas no medidas rotuladas como hipótesis. Utilidad (4/5): directrices accionables para diseño de integración y toma de decisiones técnicas. Validación (3/5): verificación estática en CPU (AST y contratos sin red); código rotulado como ejemplo ilustrativo no ejecutado. Total: 18/25.
JEV-P13-019,2fe1afc04125b83380315eb215d64552920f40e2c5276864758ef8202a45008e,Responder estrictamente a: ¿Qué tablero mínimo de costo y valor necesita cada proyecto para detectar que una ventaja inicialmente prevista desapareció?,Texto repetitivo previo remediado con modelo económico y comparativa de alternativas,"Notebook P13 (506663b3-f795-4261-9937-2f90a8d0620d), docs.typesafe.ai/models, CloudZero",Reconstrucción individual completa (eliminación de texto duplicado),en_revision,4,3,4,4,3,Antigravity,pendiente,,00c49058a9c6a9eaf4b4bf990e8a6377d5d844702a6eed2f9b6c55cc2a25003d,Alcance sólido (4/5): cubre los requisitos específicos y casos de uso del dominio. Evidencia (3/5): apoyada en catálogo de fuentes canónicas; reducida por estado consulta_no_verificable en conector NotebookLM. Exactitud (4/5): contratos SDK 0.7.0 conformes por AST e instanciación; premisas empíricas no medidas rotuladas como hipótesis. Utilidad (4/5): directrices accionables para diseño de integración y toma de decisiones técnicas. Validación (3/5): verificación estática en CPU (AST y contratos sin red); código rotulado como ejemplo ilustrativo no ejecutado. Total: 18/25.
JEV-P13-020,9678ffd624ea59617321a014b741aa15c8edf89e49f79f2fc055c5f37582b3f5,"Responder estrictamente a: ¿Qué regla de compra, construcción o descarte recomendaríamos por familia de tareas y qué evidencia podría cambiarla?",Texto repetitivo previo remediado con modelo económico y comparativa de alternativas,"Notebook P13 (506663b3-f795-4261-9937-2f90a8d0620d), docs.typesafe.ai/models, CloudZero",Reconstrucción individual completa (eliminación de texto duplicado),en_revision,4,3,4,4,3,Antigravity,pendiente,,d4dd29762539cec69c8acf5c67f8b13b1387c3969a0597d3e6c30e9c17e16d48,Alcance sólido (4/5): cubre los requisitos específicos y casos de uso del dominio. Evidencia (3/5): apoyada en catálogo de fuentes canónicas; reducida por estado consulta_no_verificable en conector NotebookLM. Exactitud (4/5): contratos SDK 0.7.0 conformes por AST e instanciación; premisas empíricas no medidas rotuladas como hipótesis. Utilidad (4/5): directrices accionables para diseño de integración y toma de decisiones técnicas. Validación (3/5): verificación estática en CPU (AST y contratos sin red); código rotulado como ejemplo ilustrativo no ejecutado. Total: 18/25.
JEV-P14-001,0ee50a0de889f6b2467e07e960b7c7e5f977ba0cf16bffcbfc85d7eaca8bb5f7,Responder estrictamente a: ¿Qué inventario de decisiones personales repetitivas permitiría distinguir automatización útil de complejidad que no ahorra trabajo?,Plantilla genérica P08-P18 previa reemplazada por respuesta específica y rigurosa,"Notebook P14 (09bdc613-0fa8-4564-863d-7c3b7904c886), docs.typesafe.ai, especificación técnica de flujos personales","Reconstrucción integral de respuesta, código con error masking seguro y autorrevisión",en_revision,5,3,4,5,3,Antigravity,pendiente,,1448499c32330d67f2fece40c95c2fb8c4de4fc0131405c0bb5aaac64171116b,"Alcance completo (5/5): delimitación exhaustiva de componentes, supuestos y fronteras técnicas. Evidencia (3/5): apoyada en catálogo de fuentes canónicas; reducida por estado consulta_no_verificable en conector NotebookLM. Exactitud (4/5): contratos SDK 0.7.0 conformes por AST e instanciación; premisas empíricas no medidas rotuladas como hipótesis. Utilidad (5/5): aplicabilidad directa con matrices de transferencia a QRT/Wheelwork y contraejemplos operativos. Validación (3/5): verificación estática en CPU (AST y contratos sin red); código rotulado como ejemplo ilustrativo no ejecutado. Total: 20/25."
JEV-P14-002,7e2f6dae607f04ae223b2708fc3d8f8b8c7298741843692899e9f667b4edb556,"Responder estrictamente a: ¿Qué tres flujos personales ofrecen mejor combinación de frecuencia, reversibilidad, datos disponibles y facilidad de evaluación?",Plantilla genérica P08-P18 previa reemplazada por respuesta específica y rigurosa,"Notebook P14 (09bdc613-0fa8-4564-863d-7c3b7904c886), docs.typesafe.ai, especificación técnica de flujos personales","Reconstrucción integral de respuesta, código con error masking seguro y autorrevisión",en_revision,5,3,4,5,3,Antigravity,pendiente,,95addbf182da18010440b7d8826af3908aac4eb9741c65e5d45f9738d9bbbf56,"Alcance completo (5/5): delimitación exhaustiva de componentes, supuestos y fronteras técnicas. Evidencia (3/5): apoyada en catálogo de fuentes canónicas; reducida por estado consulta_no_verificable en conector NotebookLM. Exactitud (4/5): contratos SDK 0.7.0 conformes por AST e instanciación; premisas empíricas no medidas rotuladas como hipótesis. Utilidad (5/5): aplicabilidad directa con matrices de transferencia a QRT/Wheelwork y contraejemplos operativos. Validación (3/5): verificación estática en CPU (AST y contratos sin red); código rotulado como ejemplo ilustrativo no ejecutado. Total: 20/25."
JEV-P14-003,449ce8be5265bebf58ee88776ea86bc78a2015d539fe37b7a59b469233efe963,Responder estrictamente a: ¿Cómo diseñar un piloto de clasificación de documentos con corpus público o sintético antes de utilizar archivos personales?,Plantilla genérica P08-P18 previa reemplazada por respuesta específica y rigurosa,"Notebook P14 (09bdc613-0fa8-4564-863d-7c3b7904c886), docs.typesafe.ai, especificación técnica de flujos personales","Reconstrucción integral de respuesta, código con error masking seguro y autorrevisión",en_revision,4,3,4,5,3,Antigravity,pendiente,,3a39bf3ab27b7f5b1dceb0abb7dcc6ee7965a1e5f5a7f136de3cd10c70dc628b,Alcance sólido (4/5): cubre los requisitos específicos y casos de uso del dominio. Evidencia (3/5): apoyada en catálogo de fuentes canónicas; reducida por estado consulta_no_verificable en conector NotebookLM. Exactitud (4/5): contratos SDK 0.7.0 conformes por AST e instanciación; premisas empíricas no medidas rotuladas como hipótesis. Utilidad (5/5): aplicabilidad directa con matrices de transferencia a QRT/Wheelwork y contraejemplos operativos. Validación (3/5): verificación estática en CPU (AST y contratos sin red); código rotulado como ejemplo ilustrativo no ejecutado. Total: 19/25.
JEV-P14-004,7c20c5e83c9973e32ff5baa6aaf7db62acc45844ccd5ffd7c42605129885abe8,"Responder estrictamente a: ¿Cómo medir tiempo neto ahorrado incluyendo preparación, revisión, corrección y mantenimiento de la automatización?",Plantilla genérica P08-P18 previa reemplazada por respuesta específica y rigurosa,"Notebook P14 (09bdc613-0fa8-4564-863d-7c3b7904c886), docs.typesafe.ai, especificación técnica de flujos personales","Reconstrucción integral de respuesta, código con error masking seguro y autorrevisión",en_revision,4,3,4,5,3,Antigravity,pendiente,,723020b05873e1790fc2d319ca0d25060f7a195177010701c969d0a2244f3134,Alcance sólido (4/5): cubre los requisitos específicos y casos de uso del dominio. Evidencia (3/5): apoyada en catálogo de fuentes canónicas; reducida por estado consulta_no_verificable en conector NotebookLM. Exactitud (4/5): contratos SDK 0.7.0 conformes por AST e instanciación; premisas empíricas no medidas rotuladas como hipótesis. Utilidad (5/5): aplicabilidad directa con matrices de transferencia a QRT/Wheelwork y contraejemplos operativos. Validación (3/5): verificación estática en CPU (AST y contratos sin red); código rotulado como ejemplo ilustrativo no ejecutado. Total: 19/25.
JEV-P14-005,123cbe45a6251cd0cbe77839e949edf0a81503ab4e5800870dcd44b870555c2c,Responder estrictamente a: ¿Qué decisiones personales deben mantenerse bajo confirmación humana aunque el modelo produzca una salida muy segura?,Plantilla genérica P08-P18 previa reemplazada por respuesta específica y rigurosa,"Notebook P14 (09bdc613-0fa8-4564-863d-7c3b7904c886), docs.typesafe.ai, especificación técnica de flujos personales","Reconstrucción integral de respuesta, código con error masking seguro y autorrevisión",en_revision,4,3,4,5,3,Antigravity,pendiente,,2d95205b23afd91a5dd87ac032b6d64f6896917304d6d5bc555a38a9ead4d6c4,Alcance sólido (4/5): cubre los requisitos específicos y casos de uso del dominio. Evidencia (3/5): apoyada en catálogo de fuentes canónicas; reducida por estado consulta_no_verificable en conector NotebookLM. Exactitud (4/5): contratos SDK 0.7.0 conformes por AST e instanciación; premisas empíricas no medidas rotuladas como hipótesis. Utilidad (5/5): aplicabilidad directa con matrices de transferencia a QRT/Wheelwork y contraejemplos operativos. Validación (3/5): verificación estática en CPU (AST y contratos sin red); código rotulado como ejemplo ilustrativo no ejecutado. Total: 19/25.
JEV-P14-006,7b3cd2d7eb549a64631b3a1f18d5ab1b0d8937692cc60e363464d0f5142d1185,Responder estrictamente a: ¿Cómo priorizar una lista de lecturas según objetivos explícitos sin descartar sistemáticamente ideas nuevas o evidencia contraria?,Plantilla genérica P08-P18 previa reemplazada por respuesta específica y rigurosa,"Notebook P14 (09bdc613-0fa8-4564-863d-7c3b7904c886), docs.typesafe.ai, especificación técnica de flujos personales","Reconstrucción integral de respuesta, código con error masking seguro y autorrevisión",en_revision,4,3,4,5,3,Antigravity,pendiente,,8780ca2efab17ff47a2ce38587a5bb89addd1478610d3b033a81e478b46be5a6,Alcance sólido (4/5): cubre los requisitos específicos y casos de uso del dominio. Evidencia (3/5): apoyada en catálogo de fuentes canónicas; reducida por estado consulta_no_verificable en conector NotebookLM. Exactitud (4/5): contratos SDK 0.7.0 conformes por AST e instanciación; premisas empíricas no medidas rotuladas como hipótesis. Utilidad (5/5): aplicabilidad directa con matrices de transferencia a QRT/Wheelwork y contraejemplos operativos. Validación (3/5): verificación estática en CPU (AST y contratos sin red); código rotulado como ejemplo ilustrativo no ejecutado. Total: 19/25.
JEV-P14-007,0b8a9619be89273d090bdb746880b109ba94c7c99f2975bf03aa3ebd2783b992,"Responder estrictamente a: ¿Cómo detectar solicitudes y compromisos en mensajes sintéticos distinguiendo tareas firmes, sugerencias y condiciones pendientes?",Plantilla genérica P08-P18 previa reemplazada por respuesta específica y rigurosa,"Notebook P14 (09bdc613-0fa8-4564-863d-7c3b7904c886), docs.typesafe.ai, especificación técnica de flujos personales","Reconstrucción integral de respuesta, código con error masking seguro y autorrevisión",en_revision,4,3,4,5,3,Antigravity,pendiente,,72733bc1286ce7df5ff8516bc417c49633883e7199ce5244b80edca0dcc0db22,Alcance sólido (4/5): cubre los requisitos específicos y casos de uso del dominio. Evidencia (3/5): apoyada en catálogo de fuentes canónicas; reducida por estado consulta_no_verificable en conector NotebookLM. Exactitud (4/5): contratos SDK 0.7.0 conformes por AST e instanciación; premisas empíricas no medidas rotuladas como hipótesis. Utilidad (5/5): aplicabilidad directa con matrices de transferencia a QRT/Wheelwork y contraejemplos operativos. Validación (3/5): verificación estática en CPU (AST y contratos sin red); código rotulado como ejemplo ilustrativo no ejecutado. Total: 19/25.
JEV-P14-008,4dad703a220f1312aa5ae3beacf31d4939b0028ce0897228e8863e56ae1c02f2,"Responder estrictamente a: ¿Cómo proponer prioridades de una lista de tareas separando importancia, urgencia, esfuerzo y dependencias?",Plantilla genérica P08-P18 previa reemplazada por respuesta específica y rigurosa,"Notebook P14 (09bdc613-0fa8-4564-863d-7c3b7904c886), docs.typesafe.ai, especificación técnica de flujos personales","Reconstrucción integral de respuesta, código con error masking seguro y autorrevisión",en_revision,4,3,4,5,3,Antigravity,pendiente,,15e43618126f2f0572a09e0417ec05618ceed884357bcc5afc51ef232a9bf132,Alcance sólido (4/5): cubre los requisitos específicos y casos de uso del dominio. Evidencia (3/5): apoyada en catálogo de fuentes canónicas; reducida por estado consulta_no_verificable en conector NotebookLM. Exactitud (4/5): contratos SDK 0.7.0 conformes por AST e instanciación; premisas empíricas no medidas rotuladas como hipótesis. Utilidad (5/5): aplicabilidad directa con matrices de transferencia a QRT/Wheelwork y contraejemplos operativos. Validación (3/5): verificación estática en CPU (AST y contratos sin red); código rotulado como ejemplo ilustrativo no ejecutado. Total: 19/25.
JEV-P14-009,1ede30e6c6d9647e7018ea866c0368d83b7b080bdc5a3c01416a6b6dc709374d,Responder estrictamente a: ¿Cómo clasificar notas de reuniones sin presentar resúmenes inferidos como acuerdos efectivamente expresados?,Plantilla genérica P08-P18 previa reemplazada por respuesta específica y rigurosa,"Notebook P14 (09bdc613-0fa8-4564-863d-7c3b7904c886), docs.typesafe.ai, especificación técnica de flujos personales","Reconstrucción integral de respuesta, código con error masking seguro y autorrevisión",en_revision,4,3,4,5,3,Antigravity,pendiente,,93536db1eabdf807d5889f8553aaccfc1f55a0daee50583db98e5d4d00f63f71,Alcance sólido (4/5): cubre los requisitos específicos y casos de uso del dominio. Evidencia (3/5): apoyada en catálogo de fuentes canónicas; reducida por estado consulta_no_verificable en conector NotebookLM. Exactitud (4/5): contratos SDK 0.7.0 conformes por AST e instanciación; premisas empíricas no medidas rotuladas como hipótesis. Utilidad (5/5): aplicabilidad directa con matrices de transferencia a QRT/Wheelwork y contraejemplos operativos. Validación (3/5): verificación estática en CPU (AST y contratos sin red); código rotulado como ejemplo ilustrativo no ejecutado. Total: 19/25.
JEV-P14-010,3f68a5a56b53239b9aee4955f99ebb980ccba49859ad86635af32827063fca65,Responder estrictamente a: ¿Cómo detectar documentos duplicados o relacionados conservando versiones y evitando proponer borrados automáticos?,Plantilla genérica P08-P18 previa reemplazada por respuesta específica y rigurosa,"Notebook P14 (09bdc613-0fa8-4564-863d-7c3b7904c886), docs.typesafe.ai, especificación técnica de flujos personales","Reconstrucción integral de respuesta, código con error masking seguro y autorrevisión",en_revision,4,3,4,5,3,Antigravity,pendiente,,6794f3bbdc5319ccaaf6c772162024134e91b2eeae7bf33adf4653005cecf759,Alcance sólido (4/5): cubre los requisitos específicos y casos de uso del dominio. Evidencia (3/5): apoyada en catálogo de fuentes canónicas; reducida por estado consulta_no_verificable en conector NotebookLM. Exactitud (4/5): contratos SDK 0.7.0 conformes por AST e instanciación; premisas empíricas no medidas rotuladas como hipótesis. Utilidad (5/5): aplicabilidad directa con matrices de transferencia a QRT/Wheelwork y contraejemplos operativos. Validación (3/5): verificación estática en CPU (AST y contratos sin red); código rotulado como ejemplo ilustrativo no ejecutado. Total: 19/25.
JEV-P14-011,c7f87b428aab61359c7a948e34d26f2aa5579dc0bf81a5027856b1a1a6210c7d,Responder estrictamente a: ¿Cómo construir un filtro de alertas de investigación que reduzca ruido sin ocultar novedades relevantes de baja frecuencia?,Plantilla genérica P08-P18 previa reemplazada por respuesta específica y rigurosa,"Notebook P14 (09bdc613-0fa8-4564-863d-7c3b7904c886), docs.typesafe.ai, especificación técnica de flujos personales","Reconstrucción integral de respuesta, código con error masking seguro y autorrevisión",en_revision,4,3,4,5,3,Antigravity,pendiente,,378e942aa6b7deee27fc7c8759b86722e1fc4f33a414d492b23797df8d8a55c2,Alcance sólido (4/5): cubre los requisitos específicos y casos de uso del dominio. Evidencia (3/5): apoyada en catálogo de fuentes canónicas; reducida por estado consulta_no_verificable en conector NotebookLM. Exactitud (4/5): contratos SDK 0.7.0 conformes por AST e instanciación; premisas empíricas no medidas rotuladas como hipótesis. Utilidad (5/5): aplicabilidad directa con matrices de transferencia a QRT/Wheelwork y contraejemplos operativos. Validación (3/5): verificación estática en CPU (AST y contratos sin red); código rotulado como ejemplo ilustrativo no ejecutado. Total: 19/25.
JEV-P14-012,5efcd8819a89ed9b40afdb61cd5b00e03cb95ba64672333b7522eb629fe56955,"Responder estrictamente a: ¿Cómo decidir qué consultas personales requieren búsqueda, cálculo, un modelo generativo o una decisión semántica breve?",Plantilla genérica P08-P18 previa reemplazada por respuesta específica y rigurosa,"Notebook P14 (09bdc613-0fa8-4564-863d-7c3b7904c886), docs.typesafe.ai, especificación técnica de flujos personales","Reconstrucción integral de respuesta, código con error masking seguro y autorrevisión",en_revision,4,3,4,5,3,Antigravity,pendiente,,09154b57e602db315b1b685625f825caab3b5d872362b5b937ca070514752b28,Alcance sólido (4/5): cubre los requisitos específicos y casos de uso del dominio. Evidencia (3/5): apoyada en catálogo de fuentes canónicas; reducida por estado consulta_no_verificable en conector NotebookLM. Exactitud (4/5): contratos SDK 0.7.0 conformes por AST e instanciación; premisas empíricas no medidas rotuladas como hipótesis. Utilidad (5/5): aplicabilidad directa con matrices de transferencia a QRT/Wheelwork y contraejemplos operativos. Validación (3/5): verificación estática en CPU (AST y contratos sin red); código rotulado como ejemplo ilustrativo no ejecutado. Total: 19/25.
JEV-P14-013,bea1480db8c23fb26344b9bf6e35234530485d86dabadefcbce54b0e0d423006,"Responder estrictamente a: ¿Cómo usar criterios explícitos para clasificar gastos sintéticos sin delegar cálculos, pagos ni decisiones financieras al modelo?",Plantilla genérica P08-P18 previa reemplazada por respuesta específica y rigurosa,"Notebook P14 (09bdc613-0fa8-4564-863d-7c3b7904c886), docs.typesafe.ai, especificación técnica de flujos personales","Reconstrucción integral de respuesta, código con error masking seguro y autorrevisión",en_revision,4,3,4,5,3,Antigravity,pendiente,,8c30c7510dc4bf3ad69a7e76e5fee866d9fc24e85bd8e96dcf89e35f2a89029b,Alcance sólido (4/5): cubre los requisitos específicos y casos de uso del dominio. Evidencia (3/5): apoyada en catálogo de fuentes canónicas; reducida por estado consulta_no_verificable en conector NotebookLM. Exactitud (4/5): contratos SDK 0.7.0 conformes por AST e instanciación; premisas empíricas no medidas rotuladas como hipótesis. Utilidad (5/5): aplicabilidad directa con matrices de transferencia a QRT/Wheelwork y contraejemplos operativos. Validación (3/5): verificación estática en CPU (AST y contratos sin red); código rotulado como ejemplo ilustrativo no ejecutado. Total: 19/25.
JEV-P14-014,2af00cf3556cb9d65299e5a8373574bfdd141398bca90d602218ae9f9301ae21,Responder estrictamente a: ¿Cómo proponer organización de un calendario sintético respetando restricciones deterministas y sin crear eventos ni compromisos automáticamente?,Plantilla genérica P08-P18 previa reemplazada por respuesta específica y rigurosa,"Notebook P14 (09bdc613-0fa8-4564-863d-7c3b7904c886), docs.typesafe.ai, especificación técnica de flujos personales","Reconstrucción integral de respuesta, código con error masking seguro y autorrevisión",en_revision,4,3,4,5,3,Antigravity,pendiente,,87ab1ce127f44337b03653429b12765fe0ebe2c2d4df2b629eb71fa8cf6e7c47,Alcance sólido (4/5): cubre los requisitos específicos y casos de uso del dominio. Evidencia (3/5): apoyada en catálogo de fuentes canónicas; reducida por estado consulta_no_verificable en conector NotebookLM. Exactitud (4/5): contratos SDK 0.7.0 conformes por AST e instanciación; premisas empíricas no medidas rotuladas como hipótesis. Utilidad (5/5): aplicabilidad directa con matrices de transferencia a QRT/Wheelwork y contraejemplos operativos. Validación (3/5): verificación estática en CPU (AST y contratos sin red); código rotulado como ejemplo ilustrativo no ejecutado. Total: 19/25.
JEV-P14-015,38b54718baa69a613f4c3f326151cb952aa4a66c60ade2861ffd9af837af2629,Responder estrictamente a: ¿Qué mecanismo de corrección permite aprender de preferencias del usuario sin inferir atributos sensibles o conservar datos innecesarios?,Plantilla genérica P08-P18 previa reemplazada por respuesta específica y rigurosa,"Notebook P14 (09bdc613-0fa8-4564-863d-7c3b7904c886), docs.typesafe.ai, especificación técnica de flujos personales","Reconstrucción integral de respuesta, código con error masking seguro y autorrevisión",en_revision,4,3,4,5,3,Antigravity,pendiente,,a51b5beb417cff0cfe337ab524c19601344f6f5d1328c3d61d68b5353db16f25,Alcance sólido (4/5): cubre los requisitos específicos y casos de uso del dominio. Evidencia (3/5): apoyada en catálogo de fuentes canónicas; reducida por estado consulta_no_verificable en conector NotebookLM. Exactitud (4/5): contratos SDK 0.7.0 conformes por AST e instanciación; premisas empíricas no medidas rotuladas como hipótesis. Utilidad (5/5): aplicabilidad directa con matrices de transferencia a QRT/Wheelwork y contraejemplos operativos. Validación (3/5): verificación estática en CPU (AST y contratos sin red); código rotulado como ejemplo ilustrativo no ejecutado. Total: 19/25.
JEV-P14-016,8cc85afe67bce69396f488bd889a29d3c0e954e49fe9a96477cf3d5e2e65d7ae,Responder estrictamente a: ¿Cómo evitar que un sistema de priorización refuerce siempre las mismas preferencias y elimine oportunidades de exploración?,Plantilla genérica P08-P18 previa reemplazada por respuesta específica y rigurosa,"Notebook P14 (09bdc613-0fa8-4564-863d-7c3b7904c886), docs.typesafe.ai, especificación técnica de flujos personales","Reconstrucción integral de respuesta, código con error masking seguro y autorrevisión",en_revision,4,3,4,5,3,Antigravity,pendiente,,c22ec60ccbc885838efe9537f4a94d7e2698f00d38fdb9a190d333eeb0891ea6,Alcance sólido (4/5): cubre los requisitos específicos y casos de uso del dominio. Evidencia (3/5): apoyada en catálogo de fuentes canónicas; reducida por estado consulta_no_verificable en conector NotebookLM. Exactitud (4/5): contratos SDK 0.7.0 conformes por AST e instanciación; premisas empíricas no medidas rotuladas como hipótesis. Utilidad (5/5): aplicabilidad directa con matrices de transferencia a QRT/Wheelwork y contraejemplos operativos. Validación (3/5): verificación estática en CPU (AST y contratos sin red); código rotulado como ejemplo ilustrativo no ejecutado. Total: 19/25.
JEV-P14-017,55de5b55db7a67ba5a173b8cae71b282fd32a1b9ef33ca662618301b43a12945,"Responder estrictamente a: ¿Qué interfaz muestra decisión, evidencia y posibilidad de corregir sin obligar al usuario a revisar una explicación extensa cada vez?",Plantilla genérica P08-P18 previa reemplazada por respuesta específica y rigurosa,"Notebook P14 (09bdc613-0fa8-4564-863d-7c3b7904c886), docs.typesafe.ai, especificación técnica de flujos personales","Reconstrucción integral de respuesta, código con error masking seguro y autorrevisión",en_revision,4,3,4,5,3,Antigravity,pendiente,,5beea2a3520451d8cdae14e8b34d7c1b0579348e140ce65edbf49882571ca958,Alcance sólido (4/5): cubre los requisitos específicos y casos de uso del dominio. Evidencia (3/5): apoyada en catálogo de fuentes canónicas; reducida por estado consulta_no_verificable en conector NotebookLM. Exactitud (4/5): contratos SDK 0.7.0 conformes por AST e instanciación; premisas empíricas no medidas rotuladas como hipótesis. Utilidad (5/5): aplicabilidad directa con matrices de transferencia a QRT/Wheelwork y contraejemplos operativos. Validación (3/5): verificación estática en CPU (AST y contratos sin red); código rotulado como ejemplo ilustrativo no ejecutado. Total: 19/25.
JEV-P14-018,6d094c14e3106cb1a6884c8cfd234cb40ff7f95b06104e34ab2c838f835c8841,Responder estrictamente a: ¿Qué indicadores revelarían dependencia excesiva de la herramienta o aumento del trabajo de supervisión?,Plantilla genérica P08-P18 previa reemplazada por respuesta específica y rigurosa,"Notebook P14 (09bdc613-0fa8-4564-863d-7c3b7904c886), docs.typesafe.ai, especificación técnica de flujos personales","Reconstrucción integral de respuesta, código con error masking seguro y autorrevisión",en_revision,4,3,4,5,3,Antigravity,pendiente,,070b5f4d7da09abf03b3d1bf9a4234c3aafaccee9ca94ec3d41d063bad124ed3,Alcance sólido (4/5): cubre los requisitos específicos y casos de uso del dominio. Evidencia (3/5): apoyada en catálogo de fuentes canónicas; reducida por estado consulta_no_verificable en conector NotebookLM. Exactitud (4/5): contratos SDK 0.7.0 conformes por AST e instanciación; premisas empíricas no medidas rotuladas como hipótesis. Utilidad (5/5): aplicabilidad directa con matrices de transferencia a QRT/Wheelwork y contraejemplos operativos. Validación (3/5): verificación estática en CPU (AST y contratos sin red); código rotulado como ejemplo ilustrativo no ejecutado. Total: 19/25.
JEV-P14-019,a8d9bf115585cb094a447de2f9ae12fb7868eef4a1c7aa80c4fe79943a979adf,Responder estrictamente a: ¿Cómo trasladar un piloto exitoso desde ejemplos sintéticos a datos propios mediante una fase separada y autorizada?,Plantilla genérica P08-P18 previa reemplazada por respuesta específica y rigurosa,"Notebook P14 (09bdc613-0fa8-4564-863d-7c3b7904c886), docs.typesafe.ai, especificación técnica de flujos personales","Reconstrucción integral de respuesta, código con error masking seguro y autorrevisión",en_revision,4,3,4,5,3,Antigravity,pendiente,,a6500dafd2a64ae78ace20078417b3c5f3d5dd69623d7141838246f39cd26414,Alcance sólido (4/5): cubre los requisitos específicos y casos de uso del dominio. Evidencia (3/5): apoyada en catálogo de fuentes canónicas; reducida por estado consulta_no_verificable en conector NotebookLM. Exactitud (4/5): contratos SDK 0.7.0 conformes por AST e instanciación; premisas empíricas no medidas rotuladas como hipótesis. Utilidad (5/5): aplicabilidad directa con matrices de transferencia a QRT/Wheelwork y contraejemplos operativos. Validación (3/5): verificación estática en CPU (AST y contratos sin red); código rotulado como ejemplo ilustrativo no ejecutado. Total: 19/25.
JEV-P14-020,0c5d7dd65632aa0630a8e07c3671a88570e9f29a0e3e64e43523ac076c594880,"Responder estrictamente a: ¿Qué rutina semanal permite revisar errores, medir utilidad y retirar automatizaciones personales que ya no aportan valor?",Plantilla genérica P08-P18 previa reemplazada por respuesta específica y rigurosa,"Notebook P14 (09bdc613-0fa8-4564-863d-7c3b7904c886), docs.typesafe.ai, especificación técnica de flujos personales","Reconstrucción integral de respuesta, código con error masking seguro y autorrevisión",en_revision,4,3,4,5,3,Antigravity,pendiente,,b6e3c0baca62f55e8bd5fcf551600a1f36bdcc52e7f817a52a29456086d30a7f,Alcance sólido (4/5): cubre los requisitos específicos y casos de uso del dominio. Evidencia (3/5): apoyada en catálogo de fuentes canónicas; reducida por estado consulta_no_verificable en conector NotebookLM. Exactitud (4/5): contratos SDK 0.7.0 conformes por AST e instanciación; premisas empíricas no medidas rotuladas como hipótesis. Utilidad (5/5): aplicabilidad directa con matrices de transferencia a QRT/Wheelwork y contraejemplos operativos. Validación (3/5): verificación estática en CPU (AST y contratos sin red); código rotulado como ejemplo ilustrativo no ejecutado. Total: 19/25.
JEV-P15-001,97861a4214d630a96b46e648a5c2f0d9d8321b3ab3f45a31e06af487783dcaeb,"Responder estrictamente a: ¿Qué información de los procesos y desarrollos actuales de QRT falta para seleccionar casos de uso, y qué puede proponerse solo como hipótesis?",Plantilla genérica P08-P18 previa reemplazada por análisis cuantitativo riguroso y soberanía determinista,"Notebook P15 (318f16ab-eadb-4404-a033-7488fb20d193), docs.typesafe.ai, protocolos de investigación quant de QRT","Reconstrucción integral de respuesta, aislamiento operativo de trading y autorrevisión",en_revision,5,3,4,5,3,Antigravity,pendiente,,118140a0a80118008cb82340ef7a02a2045edec15d62a78afdcd52b326af9c8c,"Alcance completo (5/5): delimitación exhaustiva de componentes, supuestos y fronteras técnicas. Evidencia (3/5): apoyada en catálogo de fuentes canónicas; reducida por estado consulta_no_verificable en conector NotebookLM. Exactitud (4/5): contratos SDK 0.7.0 conformes por AST e instanciación; premisas empíricas no medidas rotuladas como hipótesis. Utilidad (5/5): aplicabilidad directa con matrices de transferencia a QRT/Wheelwork y contraejemplos operativos. Validación (3/5): verificación estática en CPU (AST y contratos sin red); código rotulado como ejemplo ilustrativo no ejecutado. Total: 20/25."
JEV-P15-002,0d394c31e444bc7b64c679d5c43bf7523263b399063f0f0fb3688bb318d54ad0,"Responder estrictamente a: ¿Qué decisiones semánticas de investigación, datos y desarrollo podrían reducir trabajo sin modificar operaciones financieras o productivas?",Plantilla genérica P08-P18 previa reemplazada por análisis cuantitativo riguroso y soberanía determinista,"Notebook P15 (318f16ab-eadb-4404-a033-7488fb20d193), docs.typesafe.ai, protocolos de investigación quant de QRT","Reconstrucción integral de respuesta, aislamiento operativo de trading y autorrevisión",en_revision,5,3,4,5,3,Antigravity,pendiente,,bcf2f5748f14cae7e8e5872fc8b2bd18773e99f231f636106e6dca60ff5d5932,"Alcance completo (5/5): delimitación exhaustiva de componentes, supuestos y fronteras técnicas. Evidencia (3/5): apoyada en catálogo de fuentes canónicas; reducida por estado consulta_no_verificable en conector NotebookLM. Exactitud (4/5): contratos SDK 0.7.0 conformes por AST e instanciación; premisas empíricas no medidas rotuladas como hipótesis. Utilidad (5/5): aplicabilidad directa con matrices de transferencia a QRT/Wheelwork y contraejemplos operativos. Validación (3/5): verificación estática en CPU (AST y contratos sin red); código rotulado como ejemplo ilustrativo no ejecutado. Total: 20/25."
JEV-P15-003,14f5eb0a367f2d2641345e51f2d2225deae0f1ba56f82f5c050131439e2f46af,Responder estrictamente a: ¿Qué tres pilotos de apoyo a QRT permiten demostrar utilidad con documentos públicos y datos sintéticos antes de una integración real?,Plantilla genérica P08-P18 previa reemplazada por análisis cuantitativo riguroso y soberanía determinista,"Notebook P15 (318f16ab-eadb-4404-a033-7488fb20d193), docs.typesafe.ai, protocolos de investigación quant de QRT","Reconstrucción integral de respuesta, aislamiento operativo de trading y autorrevisión",en_revision,4,3,4,5,3,Antigravity,pendiente,,1fd467133ef4da96ea7ab8e074695dc7892ebea6f3c95859091207f1c2f1ef1d,Alcance sólido (4/5): cubre los requisitos específicos y casos de uso del dominio. Evidencia (3/5): apoyada en catálogo de fuentes canónicas; reducida por estado consulta_no_verificable en conector NotebookLM. Exactitud (4/5): contratos SDK 0.7.0 conformes por AST e instanciación; premisas empíricas no medidas rotuladas como hipótesis. Utilidad (5/5): aplicabilidad directa con matrices de transferencia a QRT/Wheelwork y contraejemplos operativos. Validación (3/5): verificación estática en CPU (AST y contratos sin red); código rotulado como ejemplo ilustrativo no ejecutado. Total: 19/25.
JEV-P15-004,c2a887ebc4b32ea434d01a9ea99ac2ce0d9d4e9b9b3c68e33a8e080cac78f07e,Responder estrictamente a: ¿Cómo separar una mejora de clasificación documental de evidencia de capacidad predictiva o rentabilidad de una estrategia?,Plantilla genérica P08-P18 previa reemplazada por análisis cuantitativo riguroso y soberanía determinista,"Notebook P15 (318f16ab-eadb-4404-a033-7488fb20d193), docs.typesafe.ai, protocolos de investigación quant de QRT","Reconstrucción integral de respuesta, aislamiento operativo de trading y autorrevisión",en_revision,4,3,4,5,3,Antigravity,pendiente,,63857633b3f0e5fc848669fd6cfc100895dc1cad31ae1d6bac0a7414e949e259,Alcance sólido (4/5): cubre los requisitos específicos y casos de uso del dominio. Evidencia (3/5): apoyada en catálogo de fuentes canónicas; reducida por estado consulta_no_verificable en conector NotebookLM. Exactitud (4/5): contratos SDK 0.7.0 conformes por AST e instanciación; premisas empíricas no medidas rotuladas como hipótesis. Utilidad (5/5): aplicabilidad directa con matrices de transferencia a QRT/Wheelwork y contraejemplos operativos. Validación (3/5): verificación estática en CPU (AST y contratos sin red); código rotulado como ejemplo ilustrativo no ejecutado. Total: 19/25.
JEV-P15-005,e1b900245fd5615b4157c035e1e80d74d0ee8fcb02c479e2eee53ed89c16a89c,Responder estrictamente a: ¿Cómo preservar el momento real de disponibilidad de noticias y documentos para evitar información futura en evaluaciones históricas?,Plantilla genérica P08-P18 previa reemplazada por análisis cuantitativo riguroso y soberanía determinista,"Notebook P15 (318f16ab-eadb-4404-a033-7488fb20d193), docs.typesafe.ai, protocolos de investigación quant de QRT","Reconstrucción integral de respuesta, aislamiento operativo de trading y autorrevisión",en_revision,4,3,4,5,3,Antigravity,pendiente,,297bc32ee3801393ca9716edadd40c92c1065f9076b4db7791d817d1c5375a37,Alcance sólido (4/5): cubre los requisitos específicos y casos de uso del dominio. Evidencia (3/5): apoyada en catálogo de fuentes canónicas; reducida por estado consulta_no_verificable en conector NotebookLM. Exactitud (4/5): contratos SDK 0.7.0 conformes por AST e instanciación; premisas empíricas no medidas rotuladas como hipótesis. Utilidad (5/5): aplicabilidad directa con matrices de transferencia a QRT/Wheelwork y contraejemplos operativos. Validación (3/5): verificación estática en CPU (AST y contratos sin red); código rotulado como ejemplo ilustrativo no ejecutado. Total: 19/25.
JEV-P15-006,0347b03bbf05bd5cde432935d511a75ffa1231af366e8b0fd1f822065d84b656,"Responder estrictamente a: ¿Cómo clasificar noticias por evento, entidad, horizonte y relevancia sin convertir automáticamente sentimiento textual en una señal de inversión?",Plantilla genérica P08-P18 previa reemplazada por análisis cuantitativo riguroso y soberanía determinista,"Notebook P15 (318f16ab-eadb-4404-a033-7488fb20d193), docs.typesafe.ai, protocolos de investigación quant de QRT","Reconstrucción integral de respuesta, aislamiento operativo de trading y autorrevisión",en_revision,4,3,4,5,3,Antigravity,pendiente,,7a36507b43547ac0ba64d145667815fa2aff8e63fb182e8cdd62ab218880f7fb,Alcance sólido (4/5): cubre los requisitos específicos y casos de uso del dominio. Evidencia (3/5): apoyada en catálogo de fuentes canónicas; reducida por estado consulta_no_verificable en conector NotebookLM. Exactitud (4/5): contratos SDK 0.7.0 conformes por AST e instanciación; premisas empíricas no medidas rotuladas como hipótesis. Utilidad (5/5): aplicabilidad directa con matrices de transferencia a QRT/Wheelwork y contraejemplos operativos. Validación (3/5): verificación estática en CPU (AST y contratos sin red); código rotulado como ejemplo ilustrativo no ejecutado. Total: 19/25.
JEV-P15-007,ba6adc8960acb15b665b78e7afa3971150d3ead9b7c4a3eb61028a7e9acd3d80,"Responder estrictamente a: ¿Cómo evaluar deduplicación de noticias sindicadas manteniendo hora de primera publicación, actualizaciones y fuentes originales?",Plantilla genérica P08-P18 previa reemplazada por análisis cuantitativo riguroso y soberanía determinista,"Notebook P15 (318f16ab-eadb-4404-a033-7488fb20d193), docs.typesafe.ai, protocolos de investigación quant de QRT","Reconstrucción integral de respuesta, aislamiento operativo de trading y autorrevisión",en_revision,4,3,4,5,3,Antigravity,pendiente,,bbb5a95e92e145cab5136dff7f25e84b557bb353c7af4d5d51e5834967f12dd5,Alcance sólido (4/5): cubre los requisitos específicos y casos de uso del dominio. Evidencia (3/5): apoyada en catálogo de fuentes canónicas; reducida por estado consulta_no_verificable en conector NotebookLM. Exactitud (4/5): contratos SDK 0.7.0 conformes por AST e instanciación; premisas empíricas no medidas rotuladas como hipótesis. Utilidad (5/5): aplicabilidad directa con matrices de transferencia a QRT/Wheelwork y contraejemplos operativos. Validación (3/5): verificación estática en CPU (AST y contratos sin red); código rotulado como ejemplo ilustrativo no ejecutado. Total: 19/25.
JEV-P15-008,8c6b855e00b58da48954de6a5a886c768dce5908c835db4949683605acc74b86,"Responder estrictamente a: ¿Cómo priorizar literatura cuantitativa según pertinencia, metodología y reproducibilidad sin premiar resultados llamativos o sobreajustados?",Plantilla genérica P08-P18 previa reemplazada por análisis cuantitativo riguroso y soberanía determinista,"Notebook P15 (318f16ab-eadb-4404-a033-7488fb20d193), docs.typesafe.ai, protocolos de investigación quant de QRT","Reconstrucción integral de respuesta, aislamiento operativo de trading y autorrevisión",en_revision,4,3,4,5,3,Antigravity,pendiente,,b08b5852f163a080d07c5870ae8169d5fb1a609472b5f9cd71410dc8534cf23e,Alcance sólido (4/5): cubre los requisitos específicos y casos de uso del dominio. Evidencia (3/5): apoyada en catálogo de fuentes canónicas; reducida por estado consulta_no_verificable en conector NotebookLM. Exactitud (4/5): contratos SDK 0.7.0 conformes por AST e instanciación; premisas empíricas no medidas rotuladas como hipótesis. Utilidad (5/5): aplicabilidad directa con matrices de transferencia a QRT/Wheelwork y contraejemplos operativos. Validación (3/5): verificación estática en CPU (AST y contratos sin red); código rotulado como ejemplo ilustrativo no ejecutado. Total: 19/25.
JEV-P15-009,1d5c32369aa5da437dae4b72ae0e3e14d1cbb2c3fd0a8089514968a6c2877d10,Responder estrictamente a: ¿Cómo detectar afirmaciones sin soporte en un reporte de investigación manteniendo cálculos estadísticos y financieros en herramientas deterministas?,Plantilla genérica P08-P18 previa reemplazada por análisis cuantitativo riguroso y soberanía determinista,"Notebook P15 (318f16ab-eadb-4404-a033-7488fb20d193), docs.typesafe.ai, protocolos de investigación quant de QRT","Reconstrucción integral de respuesta, aislamiento operativo de trading y autorrevisión",en_revision,4,3,4,5,3,Antigravity,pendiente,,70fa48cd1ebce5414cefbe3c93f8a78f815a62dbd657a614a17cc4b6d77d59bf,Alcance sólido (4/5): cubre los requisitos específicos y casos de uso del dominio. Evidencia (3/5): apoyada en catálogo de fuentes canónicas; reducida por estado consulta_no_verificable en conector NotebookLM. Exactitud (4/5): contratos SDK 0.7.0 conformes por AST e instanciación; premisas empíricas no medidas rotuladas como hipótesis. Utilidad (5/5): aplicabilidad directa con matrices de transferencia a QRT/Wheelwork y contraejemplos operativos. Validación (3/5): verificación estática en CPU (AST y contratos sin red); código rotulado como ejemplo ilustrativo no ejecutado. Total: 19/25.
JEV-P15-010,3d4b713e4b050bc656ada700a69c53d1b6a1eb8655858f4787689969620c54bb,Responder estrictamente a: ¿Qué decisiones sobre calidad de datos necesitan reglas exactas y cuáles podrían beneficiarse de interpretación semántica de descripciones o incidencias?,Plantilla genérica P08-P18 previa reemplazada por análisis cuantitativo riguroso y soberanía determinista,"Notebook P15 (318f16ab-eadb-4404-a033-7488fb20d193), docs.typesafe.ai, protocolos de investigación quant de QRT","Reconstrucción integral de respuesta, aislamiento operativo de trading y autorrevisión",en_revision,4,3,4,5,3,Antigravity,pendiente,,20b98f7a6e5b173911b43af7c59bf80488e71e3c12356184c7c718b9fd11ce0e,Alcance sólido (4/5): cubre los requisitos específicos y casos de uso del dominio. Evidencia (3/5): apoyada en catálogo de fuentes canónicas; reducida por estado consulta_no_verificable en conector NotebookLM. Exactitud (4/5): contratos SDK 0.7.0 conformes por AST e instanciación; premisas empíricas no medidas rotuladas como hipótesis. Utilidad (5/5): aplicabilidad directa con matrices de transferencia a QRT/Wheelwork y contraejemplos operativos. Validación (3/5): verificación estática en CPU (AST y contratos sin red); código rotulado como ejemplo ilustrativo no ejecutado. Total: 19/25.
JEV-P15-011,3fed1840bf5edaaa4225b14aeb7daf599dc7beb663050c53b1d3b82adde0f716,"Responder estrictamente a: ¿Cómo convertir documentos metodológicos en fichas de hipótesis, supuestos, condiciones de invalidez y pruebas pendientes verificables?",Plantilla genérica P08-P18 previa reemplazada por análisis cuantitativo riguroso y soberanía determinista,"Notebook P15 (318f16ab-eadb-4404-a033-7488fb20d193), docs.typesafe.ai, protocolos de investigación quant de QRT","Reconstrucción integral de respuesta, aislamiento operativo de trading y autorrevisión",en_revision,4,3,4,5,3,Antigravity,pendiente,,2a0b11ee364a080b64cfe8881e3975ca1c19df62335805502ffab8adb6a2e9d2,Alcance sólido (4/5): cubre los requisitos específicos y casos de uso del dominio. Evidencia (3/5): apoyada en catálogo de fuentes canónicas; reducida por estado consulta_no_verificable en conector NotebookLM. Exactitud (4/5): contratos SDK 0.7.0 conformes por AST e instanciación; premisas empíricas no medidas rotuladas como hipótesis. Utilidad (5/5): aplicabilidad directa con matrices de transferencia a QRT/Wheelwork y contraejemplos operativos. Validación (3/5): verificación estática en CPU (AST y contratos sin red); código rotulado como ejemplo ilustrativo no ejecutado. Total: 19/25.
JEV-P15-012,27b90a25a002fb3032d32a7e79fcaa049aa5dcbd7f8dd7619a07a7f7f7002221,Responder estrictamente a: ¿Cómo clasificar incidencias técnicas por componente y evidencia disponible sin inventar causas raíz a partir de síntomas ambiguos?,Plantilla genérica P08-P18 previa reemplazada por análisis cuantitativo riguroso y soberanía determinista,"Notebook P15 (318f16ab-eadb-4404-a033-7488fb20d193), docs.typesafe.ai, protocolos de investigación quant de QRT","Reconstrucción integral de respuesta, aislamiento operativo de trading y autorrevisión",en_revision,4,3,4,5,3,Antigravity,pendiente,,d2cb30c02c4b53621fad263694f05dee1d978c71e8146855a3cb594fe58a75d7,Alcance sólido (4/5): cubre los requisitos específicos y casos de uso del dominio. Evidencia (3/5): apoyada en catálogo de fuentes canónicas; reducida por estado consulta_no_verificable en conector NotebookLM. Exactitud (4/5): contratos SDK 0.7.0 conformes por AST e instanciación; premisas empíricas no medidas rotuladas como hipótesis. Utilidad (5/5): aplicabilidad directa con matrices de transferencia a QRT/Wheelwork y contraejemplos operativos. Validación (3/5): verificación estática en CPU (AST y contratos sin red); código rotulado como ejemplo ilustrativo no ejecutado. Total: 19/25.
JEV-P15-013,e342b09a8953e43d28957d0aabd6e964184d7b633475c7293e97759390e206a9,Responder estrictamente a: ¿Qué uso podría tener Jev en revisión de requisitos o cambios de software y qué validaciones estáticas y pruebas seguirían siendo necesarias?,Plantilla genérica P08-P18 previa reemplazada por análisis cuantitativo riguroso y soberanía determinista,"Notebook P15 (318f16ab-eadb-4404-a033-7488fb20d193), docs.typesafe.ai, protocolos de investigación quant de QRT","Reconstrucción integral de respuesta, aislamiento operativo de trading y autorrevisión",en_revision,4,3,4,5,3,Antigravity,pendiente,,142417d7d1af0de56538be55637be65d21245dc282b6b90c6d32f714413929a9,Alcance sólido (4/5): cubre los requisitos específicos y casos de uso del dominio. Evidencia (3/5): apoyada en catálogo de fuentes canónicas; reducida por estado consulta_no_verificable en conector NotebookLM. Exactitud (4/5): contratos SDK 0.7.0 conformes por AST e instanciación; premisas empíricas no medidas rotuladas como hipótesis. Utilidad (5/5): aplicabilidad directa con matrices de transferencia a QRT/Wheelwork y contraejemplos operativos. Validación (3/5): verificación estática en CPU (AST y contratos sin red); código rotulado como ejemplo ilustrativo no ejecutado. Total: 19/25.
JEV-P15-014,d15af1d4bec41549cf14c2795aeb87fd291b3cc27ee8f2ba10c1e99c1e918887,"Responder estrictamente a: ¿Cómo evaluar señales textuales experimentales con particiones temporales, control de selección y límites explícitos de interpretación causal?",Plantilla genérica P08-P18 previa reemplazada por análisis cuantitativo riguroso y soberanía determinista,"Notebook P15 (318f16ab-eadb-4404-a033-7488fb20d193), docs.typesafe.ai, protocolos de investigación quant de QRT","Reconstrucción integral de respuesta, aislamiento operativo de trading y autorrevisión",en_revision,4,3,4,5,3,Antigravity,pendiente,,df6f82a8ace93a4843e38fd6028d052d118b218d6323c74a905c7468ce252041,Alcance sólido (4/5): cubre los requisitos específicos y casos de uso del dominio. Evidencia (3/5): apoyada en catálogo de fuentes canónicas; reducida por estado consulta_no_verificable en conector NotebookLM. Exactitud (4/5): contratos SDK 0.7.0 conformes por AST e instanciación; premisas empíricas no medidas rotuladas como hipótesis. Utilidad (5/5): aplicabilidad directa con matrices de transferencia a QRT/Wheelwork y contraejemplos operativos. Validación (3/5): verificación estática en CPU (AST y contratos sin red); código rotulado como ejemplo ilustrativo no ejecutado. Total: 19/25.
JEV-P15-015,f1a821fc286e7024b67ccbdf36a5a6012dd641c594b40d0f747bdb8c9af4535b,"Responder estrictamente a: ¿Cómo prevenir fuga de información por revisiones posteriores de documentos, etiquetas, resúmenes o metadatos en un estudio histórico?",Plantilla genérica P08-P18 previa reemplazada por análisis cuantitativo riguroso y soberanía determinista,"Notebook P15 (318f16ab-eadb-4404-a033-7488fb20d193), docs.typesafe.ai, protocolos de investigación quant de QRT","Reconstrucción integral de respuesta, aislamiento operativo de trading y autorrevisión",en_revision,4,3,4,5,3,Antigravity,pendiente,,ec28af45703ab4b3ac6645a6b41706f7ebed51e604f00bbdacd5cc2f73251321,Alcance sólido (4/5): cubre los requisitos específicos y casos de uso del dominio. Evidencia (3/5): apoyada en catálogo de fuentes canónicas; reducida por estado consulta_no_verificable en conector NotebookLM. Exactitud (4/5): contratos SDK 0.7.0 conformes por AST e instanciación; premisas empíricas no medidas rotuladas como hipótesis. Utilidad (5/5): aplicabilidad directa con matrices de transferencia a QRT/Wheelwork y contraejemplos operativos. Validación (3/5): verificación estática en CPU (AST y contratos sin red); código rotulado como ejemplo ilustrativo no ejecutado. Total: 19/25.
JEV-P15-016,f46989a4a67afba71bfc0d9ee99268d9738938965ea8a071745cf22a4ec9cb68,Responder estrictamente a: ¿Qué protocolo evita ajustar reiteradamente formulaciones al mismo período fuera de muestra hasta obtener un resultado favorable?,Plantilla genérica P08-P18 previa reemplazada por análisis cuantitativo riguroso y soberanía determinista,"Notebook P15 (318f16ab-eadb-4404-a033-7488fb20d193), docs.typesafe.ai, protocolos de investigación quant de QRT","Reconstrucción integral de respuesta, aislamiento operativo de trading y autorrevisión",en_revision,4,3,4,5,3,Antigravity,pendiente,,af8d42e9ba7afb77440a426cf1be46e99ec505beadb02205cb13a752064d9464,Alcance sólido (4/5): cubre los requisitos específicos y casos de uso del dominio. Evidencia (3/5): apoyada en catálogo de fuentes canónicas; reducida por estado consulta_no_verificable en conector NotebookLM. Exactitud (4/5): contratos SDK 0.7.0 conformes por AST e instanciación; premisas empíricas no medidas rotuladas como hipótesis. Utilidad (5/5): aplicabilidad directa con matrices de transferencia a QRT/Wheelwork y contraejemplos operativos. Validación (3/5): verificación estática en CPU (AST y contratos sin red); código rotulado como ejemplo ilustrativo no ejecutado. Total: 19/25.
JEV-P15-017,b4e2ab32f3b63c920b3e1ad7d567835252375f85a5594eaba1ddc3e41af45e31,Responder estrictamente a: ¿Cómo medir cambios de comportamiento ante distintos regímenes o dominios sin atribuir al modelo capacidades de predicción no demostradas?,Plantilla genérica P08-P18 previa reemplazada por análisis cuantitativo riguroso y soberanía determinista,"Notebook P15 (318f16ab-eadb-4404-a033-7488fb20d193), docs.typesafe.ai, protocolos de investigación quant de QRT","Reconstrucción integral de respuesta, aislamiento operativo de trading y autorrevisión",en_revision,4,3,4,5,3,Antigravity,pendiente,,6b041de6f639c96f24bfd070387bae75816eef6edb89c9403f8b0b28eb8eca01,Alcance sólido (4/5): cubre los requisitos específicos y casos de uso del dominio. Evidencia (3/5): apoyada en catálogo de fuentes canónicas; reducida por estado consulta_no_verificable en conector NotebookLM. Exactitud (4/5): contratos SDK 0.7.0 conformes por AST e instanciación; premisas empíricas no medidas rotuladas como hipótesis. Utilidad (5/5): aplicabilidad directa con matrices de transferencia a QRT/Wheelwork y contraejemplos operativos. Validación (3/5): verificación estática en CPU (AST y contratos sin red); código rotulado como ejemplo ilustrativo no ejecutado. Total: 19/25.
JEV-P15-018,78987912bcf9a1f754cc970672729c6d5f9a5d259a6a411189b73f17fcea262f,"Responder estrictamente a: ¿Qué fronteras de datos e integración mantendrían separados investigación documental, repositorios, entornos de prueba y ejecución de operaciones?",Plantilla genérica P08-P18 previa reemplazada por análisis cuantitativo riguroso y soberanía determinista,"Notebook P15 (318f16ab-eadb-4404-a033-7488fb20d193), docs.typesafe.ai, protocolos de investigación quant de QRT","Reconstrucción integral de respuesta, aislamiento operativo de trading y autorrevisión",en_revision,4,3,4,5,3,Antigravity,pendiente,,ad584eb81ec949209257249e039260b89a680d71b52e418d4fa9979cb9c02dd3,Alcance sólido (4/5): cubre los requisitos específicos y casos de uso del dominio. Evidencia (3/5): apoyada en catálogo de fuentes canónicas; reducida por estado consulta_no_verificable en conector NotebookLM. Exactitud (4/5): contratos SDK 0.7.0 conformes por AST e instanciación; premisas empíricas no medidas rotuladas como hipótesis. Utilidad (5/5): aplicabilidad directa con matrices de transferencia a QRT/Wheelwork y contraejemplos operativos. Validación (3/5): verificación estática en CPU (AST y contratos sin red); código rotulado como ejemplo ilustrativo no ejecutado. Total: 19/25.
JEV-P15-019,41355a0072ff750c5d1e301c693aa81669edb97082042f99a71081bbdbe8ac71,"Responder estrictamente a: ¿Qué ficha de evaluación para QRT debe incluir calidad, trazabilidad temporal, costos, revisión humana y condición de suspensión?",Plantilla genérica P08-P18 previa reemplazada por análisis cuantitativo riguroso y soberanía determinista,"Notebook P15 (318f16ab-eadb-4404-a033-7488fb20d193), docs.typesafe.ai, protocolos de investigación quant de QRT","Reconstrucción integral de respuesta, aislamiento operativo de trading y autorrevisión",en_revision,4,3,4,5,3,Antigravity,pendiente,,196b252e56675b8800c7a617161e5aec5548f40dc607cb0d4434d32a646446d5,Alcance sólido (4/5): cubre los requisitos específicos y casos de uso del dominio. Evidencia (3/5): apoyada en catálogo de fuentes canónicas; reducida por estado consulta_no_verificable en conector NotebookLM. Exactitud (4/5): contratos SDK 0.7.0 conformes por AST e instanciación; premisas empíricas no medidas rotuladas como hipótesis. Utilidad (5/5): aplicabilidad directa con matrices de transferencia a QRT/Wheelwork y contraejemplos operativos. Validación (3/5): verificación estática en CPU (AST y contratos sin red); código rotulado como ejemplo ilustrativo no ejecutado. Total: 19/25.
JEV-P15-020,3aeec1300347e26ef160b22514fdb094583e1717171b030e6e5e64391af92244,"Responder estrictamente a: ¿Qué criterios permitirían aprobar, reformular o archivar cada piloto de QRT y qué decisiones requieren validación adicional del equipo?",Plantilla genérica P08-P18 previa reemplazada por análisis cuantitativo riguroso y soberanía determinista,"Notebook P15 (318f16ab-eadb-4404-a033-7488fb20d193), docs.typesafe.ai, protocolos de investigación quant de QRT","Reconstrucción integral de respuesta, aislamiento operativo de trading y autorrevisión",en_revision,4,3,4,5,3,Antigravity,pendiente,,354b7e78f53e2955582b5f2ef1b0a50c13221364a81eab576d9d2b8978a39769,Alcance sólido (4/5): cubre los requisitos específicos y casos de uso del dominio. Evidencia (3/5): apoyada en catálogo de fuentes canónicas; reducida por estado consulta_no_verificable en conector NotebookLM. Exactitud (4/5): contratos SDK 0.7.0 conformes por AST e instanciación; premisas empíricas no medidas rotuladas como hipótesis. Utilidad (5/5): aplicabilidad directa con matrices de transferencia a QRT/Wheelwork y contraejemplos operativos. Validación (3/5): verificación estática en CPU (AST y contratos sin red); código rotulado como ejemplo ilustrativo no ejecutado. Total: 19/25.
JEV-P16-001,cf03fcc1ee038ee686f4b08dd826252e4993af34d9b2acb1ed0c87ce743e042b,"Responder estrictamente a: ¿Qué procesos, usuarios, datos y restricciones de Wheelwork deben confirmarse antes de recomendar una integración específica?",Plantilla genérica P08-P18 previa reemplazada por análisis de equidad laboral y no discriminación,"Notebook P16 (a4f0e05a-2aff-4ea4-a6c3-2126782e9d9e), docs.typesafe.ai, especificación ética y laboral Wheelwork","Reconstrucción integral de respuesta, código con error masking seguro y autorrevisión",en_revision,5,3,4,5,3,Antigravity,pendiente,,a875f29aa429f0a07e27154eca7b088b40b819c6f19b60712b4f4786d1a18223,"Alcance completo (5/5): delimitación exhaustiva de componentes, supuestos y fronteras técnicas. Evidencia (3/5): apoyada en catálogo de fuentes canónicas; reducida por estado consulta_no_verificable en conector NotebookLM. Exactitud (4/5): contratos SDK 0.7.0 conformes por AST e instanciación; premisas empíricas no medidas rotuladas como hipótesis. Utilidad (5/5): aplicabilidad directa con matrices de transferencia a QRT/Wheelwork y contraejemplos operativos. Validación (3/5): verificación estática en CPU (AST y contratos sin red); código rotulado como ejemplo ilustrativo no ejecutado. Total: 20/25."
JEV-P16-002,b66d86a45c961cece8ce6d5779a298aaf8403d56e6dfb32da83fecc78df9559d,"Responder estrictamente a: ¿Qué tareas documentales o administrativas podrían mejorar sin automatizar decisiones de contratación, descarte o evaluación de personas?",Plantilla genérica P08-P18 previa reemplazada por análisis de equidad laboral y no discriminación,"Notebook P16 (a4f0e05a-2aff-4ea4-a6c3-2126782e9d9e), docs.typesafe.ai, especificación ética y laboral Wheelwork","Reconstrucción integral de respuesta, código con error masking seguro y autorrevisión",en_revision,5,3,4,5,3,Antigravity,pendiente,,91080d352b165936664ede4a275d8dd6f24b2519c9571ad39f920e690743db5c,"Alcance completo (5/5): delimitación exhaustiva de componentes, supuestos y fronteras técnicas. Evidencia (3/5): apoyada en catálogo de fuentes canónicas; reducida por estado consulta_no_verificable en conector NotebookLM. Exactitud (4/5): contratos SDK 0.7.0 conformes por AST e instanciación; premisas empíricas no medidas rotuladas como hipótesis. Utilidad (5/5): aplicabilidad directa con matrices de transferencia a QRT/Wheelwork y contraejemplos operativos. Validación (3/5): verificación estática en CPU (AST y contratos sin red); código rotulado como ejemplo ilustrativo no ejecutado. Total: 20/25."
JEV-P16-003,669f2a87e030b1271990b736c6bbda73b0ca84946c69d5f5ec0812eb5cb2bdf7,"Responder estrictamente a: ¿Qué tres pilotos con perfiles, vacantes y mensajes sintéticos permitirían medir utilidad con bajo riesgo y resultados reversibles?",Plantilla genérica P08-P18 previa reemplazada por análisis de equidad laboral y no discriminación,"Notebook P16 (a4f0e05a-2aff-4ea4-a6c3-2126782e9d9e), docs.typesafe.ai, especificación ética y laboral Wheelwork","Reconstrucción integral de respuesta, código con error masking seguro y autorrevisión",en_revision,4,3,4,5,3,Antigravity,pendiente,,69447bdb305f45e25ae1e8a4826adba4060a6bd64e4d75eb4c1ba2cfa57b4920,Alcance sólido (4/5): cubre los requisitos específicos y casos de uso del dominio. Evidencia (3/5): apoyada en catálogo de fuentes canónicas; reducida por estado consulta_no_verificable en conector NotebookLM. Exactitud (4/5): contratos SDK 0.7.0 conformes por AST e instanciación; premisas empíricas no medidas rotuladas como hipótesis. Utilidad (5/5): aplicabilidad directa con matrices de transferencia a QRT/Wheelwork y contraejemplos operativos. Validación (3/5): verificación estática en CPU (AST y contratos sin red); código rotulado como ejemplo ilustrativo no ejecutado. Total: 19/25.
JEV-P16-004,ec8edb47b304ba186943d4e948e41371001a84382e7f14623eccb2b6b8b9eb37,Responder estrictamente a: ¿Cómo distinguir coincidencia textual de evidencia suficiente de una competencia o experiencia pertinente para una vacante?,Plantilla genérica P08-P18 previa reemplazada por análisis de equidad laboral y no discriminación,"Notebook P16 (a4f0e05a-2aff-4ea4-a6c3-2126782e9d9e), docs.typesafe.ai, especificación ética y laboral Wheelwork","Reconstrucción integral de respuesta, código con error masking seguro y autorrevisión",en_revision,4,3,4,5,3,Antigravity,pendiente,,6d8fd57de47cb45b0450d0d77899f52ed319e2dd5674ff0d528fa985bcf16de6,Alcance sólido (4/5): cubre los requisitos específicos y casos de uso del dominio. Evidencia (3/5): apoyada en catálogo de fuentes canónicas; reducida por estado consulta_no_verificable en conector NotebookLM. Exactitud (4/5): contratos SDK 0.7.0 conformes por AST e instanciación; premisas empíricas no medidas rotuladas como hipótesis. Utilidad (5/5): aplicabilidad directa con matrices de transferencia a QRT/Wheelwork y contraejemplos operativos. Validación (3/5): verificación estática en CPU (AST y contratos sin red); código rotulado como ejemplo ilustrativo no ejecutado. Total: 19/25.
JEV-P16-005,9b0c957f3651062f5c07c440ba66449c0f790598cf9b86766adf94479404d283,"Responder estrictamente a: ¿Qué criterios, controles y revisiones humanas impiden usar una puntuación como decisión automática sobre una persona?",Plantilla genérica P08-P18 previa reemplazada por análisis de equidad laboral y no discriminación,"Notebook P16 (a4f0e05a-2aff-4ea4-a6c3-2126782e9d9e), docs.typesafe.ai, especificación ética y laboral Wheelwork","Reconstrucción integral de respuesta, código con error masking seguro y autorrevisión",en_revision,4,3,4,5,3,Antigravity,pendiente,,1ed6c6e7f417ba039e481c8533f53d79dc63ba85fffa233530d9f51ae1286a89,Alcance sólido (4/5): cubre los requisitos específicos y casos de uso del dominio. Evidencia (3/5): apoyada en catálogo de fuentes canónicas; reducida por estado consulta_no_verificable en conector NotebookLM. Exactitud (4/5): contratos SDK 0.7.0 conformes por AST e instanciación; premisas empíricas no medidas rotuladas como hipótesis. Utilidad (5/5): aplicabilidad directa con matrices de transferencia a QRT/Wheelwork y contraejemplos operativos. Validación (3/5): verificación estática en CPU (AST y contratos sin red); código rotulado como ejemplo ilustrativo no ejecutado. Total: 19/25.
JEV-P16-006,7ec6b461bfeaf70c483dc01fb7090304d34c0f1af57809302615cdc8456a3cbd,"Responder estrictamente a: ¿Cómo normalizar requisitos de una vacante distinguiendo indispensables, deseables, ambiguos y potencialmente injustificados?",Plantilla genérica P08-P18 previa reemplazada por análisis de equidad laboral y no discriminación,"Notebook P16 (a4f0e05a-2aff-4ea4-a6c3-2126782e9d9e), docs.typesafe.ai, especificación ética y laboral Wheelwork","Reconstrucción integral de respuesta, código con error masking seguro y autorrevisión",en_revision,4,3,4,5,3,Antigravity,pendiente,,cda3929385333d1c3c9d54fdd34563b4d36a57bf57cac4dec23fa394aff1c0c5,Alcance sólido (4/5): cubre los requisitos específicos y casos de uso del dominio. Evidencia (3/5): apoyada en catálogo de fuentes canónicas; reducida por estado consulta_no_verificable en conector NotebookLM. Exactitud (4/5): contratos SDK 0.7.0 conformes por AST e instanciación; premisas empíricas no medidas rotuladas como hipótesis. Utilidad (5/5): aplicabilidad directa con matrices de transferencia a QRT/Wheelwork y contraejemplos operativos. Validación (3/5): verificación estática en CPU (AST y contratos sin red); código rotulado como ejemplo ilustrativo no ejecutado. Total: 19/25.
JEV-P16-007,3ef6ea738e2752c7defb16e7d2048f2e7415fcaa81bc500c8f15e5111a7e3d52,Responder estrictamente a: ¿Cómo mapear competencias entre descripciones heterogéneas conservando el fragmento del perfil que respalda cada correspondencia?,Plantilla genérica P08-P18 previa reemplazada por análisis de equidad laboral y no discriminación,"Notebook P16 (a4f0e05a-2aff-4ea4-a6c3-2126782e9d9e), docs.typesafe.ai, especificación ética y laboral Wheelwork","Reconstrucción integral de respuesta, código con error masking seguro y autorrevisión",en_revision,4,3,4,5,3,Antigravity,pendiente,,076f9702e267f8326ebb6b13ae763a20dc9d1ed17a333e8e07ba229cb3bb6e88,Alcance sólido (4/5): cubre los requisitos específicos y casos de uso del dominio. Evidencia (3/5): apoyada en catálogo de fuentes canónicas; reducida por estado consulta_no_verificable en conector NotebookLM. Exactitud (4/5): contratos SDK 0.7.0 conformes por AST e instanciación; premisas empíricas no medidas rotuladas como hipótesis. Utilidad (5/5): aplicabilidad directa con matrices de transferencia a QRT/Wheelwork y contraejemplos operativos. Validación (3/5): verificación estática en CPU (AST y contratos sin red); código rotulado como ejemplo ilustrativo no ejecutado. Total: 19/25.
JEV-P16-008,a70a7e4431ad284e0752ace3351d44321aa0b332ec803f20ad3c352a7badb6c9,"Responder estrictamente a: ¿Cómo tratar experiencia no convencional, períodos sin información y diferencias de formato sin inferir falta de capacidad?",Plantilla genérica P08-P18 previa reemplazada por análisis de equidad laboral y no discriminación,"Notebook P16 (a4f0e05a-2aff-4ea4-a6c3-2126782e9d9e), docs.typesafe.ai, especificación ética y laboral Wheelwork","Reconstrucción integral de respuesta, código con error masking seguro y autorrevisión",en_revision,4,3,4,5,3,Antigravity,pendiente,,b610edbcd4348429b971b07001cb7a073b3a9c3ebc4f80b1987591c6ce932dc9,Alcance sólido (4/5): cubre los requisitos específicos y casos de uso del dominio. Evidencia (3/5): apoyada en catálogo de fuentes canónicas; reducida por estado consulta_no_verificable en conector NotebookLM. Exactitud (4/5): contratos SDK 0.7.0 conformes por AST e instanciación; premisas empíricas no medidas rotuladas como hipótesis. Utilidad (5/5): aplicabilidad directa con matrices de transferencia a QRT/Wheelwork y contraejemplos operativos. Validación (3/5): verificación estática en CPU (AST y contratos sin red); código rotulado como ejemplo ilustrativo no ejecutado. Total: 19/25.
JEV-P16-009,fbedf4547eab6ec9d965c4c372c1bc5d2cc3641b92e8e33583812554da9b01c1,Responder estrictamente a: ¿Qué atributos sensibles y variables proxy deben excluirse del criterio de evaluación y cómo comprobar sesgos residuales?,Plantilla genérica P08-P18 previa reemplazada por análisis de equidad laboral y no discriminación,"Notebook P16 (a4f0e05a-2aff-4ea4-a6c3-2126782e9d9e), docs.typesafe.ai, especificación ética y laboral Wheelwork","Reconstrucción integral de respuesta, código con error masking seguro y autorrevisión",en_revision,4,3,4,5,3,Antigravity,pendiente,,e496453315df8066ab3662fab9f8fa04c21c70540a6d25da15c733a8713fc8aa,Alcance sólido (4/5): cubre los requisitos específicos y casos de uso del dominio. Evidencia (3/5): apoyada en catálogo de fuentes canónicas; reducida por estado consulta_no_verificable en conector NotebookLM. Exactitud (4/5): contratos SDK 0.7.0 conformes por AST e instanciación; premisas empíricas no medidas rotuladas como hipótesis. Utilidad (5/5): aplicabilidad directa con matrices de transferencia a QRT/Wheelwork y contraejemplos operativos. Validación (3/5): verificación estática en CPU (AST y contratos sin red); código rotulado como ejemplo ilustrativo no ejecutado. Total: 19/25.
JEV-P16-010,88e45bbc4c717f0c38f6b18dbd212d30b6d8d45f91621f228b54bf7da2f579cc,Responder estrictamente a: ¿Cómo diseñar pruebas contrafactuales con perfiles equivalentes que difieran solo en atributos no pertinentes para la tarea?,Plantilla genérica P08-P18 previa reemplazada por análisis de equidad laboral y no discriminación,"Notebook P16 (a4f0e05a-2aff-4ea4-a6c3-2126782e9d9e), docs.typesafe.ai, especificación ética y laboral Wheelwork","Reconstrucción integral de respuesta, código con error masking seguro y autorrevisión",en_revision,4,3,4,5,3,Antigravity,pendiente,,7a2512051ff506901c523453003942eaad5a09cf46aa6a2324ccb74daa981495,Alcance sólido (4/5): cubre los requisitos específicos y casos de uso del dominio. Evidencia (3/5): apoyada en catálogo de fuentes canónicas; reducida por estado consulta_no_verificable en conector NotebookLM. Exactitud (4/5): contratos SDK 0.7.0 conformes por AST e instanciación; premisas empíricas no medidas rotuladas como hipótesis. Utilidad (5/5): aplicabilidad directa con matrices de transferencia a QRT/Wheelwork y contraejemplos operativos. Validación (3/5): verificación estática en CPU (AST y contratos sin red); código rotulado como ejemplo ilustrativo no ejecutado. Total: 19/25.
JEV-P16-011,c15f77c8d60434a8559402b8541ceac409640b8c339681086c84f89c35e36fc0,"Responder estrictamente a: ¿Cómo separar calidad de redacción de evidencia de competencia para evitar penalizar estilo, idioma o contexto socioeducativo?",Plantilla genérica P08-P18 previa reemplazada por análisis de equidad laboral y no discriminación,"Notebook P16 (a4f0e05a-2aff-4ea4-a6c3-2126782e9d9e), docs.typesafe.ai, especificación ética y laboral Wheelwork","Reconstrucción integral de respuesta, código con error masking seguro y autorrevisión",en_revision,4,3,4,5,3,Antigravity,pendiente,,f2ac394a804e575acba421d80ac36defe7608ac3f4ec73026f95084abca29270,Alcance sólido (4/5): cubre los requisitos específicos y casos de uso del dominio. Evidencia (3/5): apoyada en catálogo de fuentes canónicas; reducida por estado consulta_no_verificable en conector NotebookLM. Exactitud (4/5): contratos SDK 0.7.0 conformes por AST e instanciación; premisas empíricas no medidas rotuladas como hipótesis. Utilidad (5/5): aplicabilidad directa con matrices de transferencia a QRT/Wheelwork y contraejemplos operativos. Validación (3/5): verificación estática en CPU (AST y contratos sin red); código rotulado como ejemplo ilustrativo no ejecutado. Total: 19/25.
JEV-P16-012,e864894f468ba1b413074544f7b1d7126aa6321a27c5fdd73f4117ac36645f95,Responder estrictamente a: ¿Cómo priorizar solicitudes comerciales sintéticas por ajuste con servicios sin utilizar información personal irrelevante ni crear compromisos automáticos?,Plantilla genérica P08-P18 previa reemplazada por análisis de equidad laboral y no discriminación,"Notebook P16 (a4f0e05a-2aff-4ea4-a6c3-2126782e9d9e), docs.typesafe.ai, especificación ética y laboral Wheelwork","Reconstrucción integral de respuesta, código con error masking seguro y autorrevisión",en_revision,4,3,4,5,3,Antigravity,pendiente,,811c1aad8606d473411cfcac1d888132d14ae88409053ce8b202e55991df2949,Alcance sólido (4/5): cubre los requisitos específicos y casos de uso del dominio. Evidencia (3/5): apoyada en catálogo de fuentes canónicas; reducida por estado consulta_no_verificable en conector NotebookLM. Exactitud (4/5): contratos SDK 0.7.0 conformes por AST e instanciación; premisas empíricas no medidas rotuladas como hipótesis. Utilidad (5/5): aplicabilidad directa con matrices de transferencia a QRT/Wheelwork y contraejemplos operativos. Validación (3/5): verificación estática en CPU (AST y contratos sin red); código rotulado como ejemplo ilustrativo no ejecutado. Total: 19/25.
JEV-P16-013,5362d9c47a45bf9b3846fe9bea29bd712b25cbb6344116cb4c0524a7e1a4b71c,Responder estrictamente a: ¿Cómo detectar información faltante y proponer preguntas de aclaración sin rellenar datos del cliente o candidato mediante inferencias?,Plantilla genérica P08-P18 previa reemplazada por análisis de equidad laboral y no discriminación,"Notebook P16 (a4f0e05a-2aff-4ea4-a6c3-2126782e9d9e), docs.typesafe.ai, especificación ética y laboral Wheelwork","Reconstrucción integral de respuesta, código con error masking seguro y autorrevisión",en_revision,4,3,4,5,3,Antigravity,pendiente,,fadceea896989c7d7d4b8b6644f2b68ccff59ddac06d7e3b99b73aa17532a2ad,Alcance sólido (4/5): cubre los requisitos específicos y casos de uso del dominio. Evidencia (3/5): apoyada en catálogo de fuentes canónicas; reducida por estado consulta_no_verificable en conector NotebookLM. Exactitud (4/5): contratos SDK 0.7.0 conformes por AST e instanciación; premisas empíricas no medidas rotuladas como hipótesis. Utilidad (5/5): aplicabilidad directa con matrices de transferencia a QRT/Wheelwork y contraejemplos operativos. Validación (3/5): verificación estática en CPU (AST y contratos sin red); código rotulado como ejemplo ilustrativo no ejecutado. Total: 19/25.
JEV-P16-014,5c371c33f9f7df19ad5437a64d86c8b44a0986d02023facfe4859e90b655c014,"Responder estrictamente a: ¿Qué flujo permitiría clasificar feedback cualitativo distinguiendo hechos relatados, opiniones y criterios no sustentados?",Plantilla genérica P08-P18 previa reemplazada por análisis de equidad laboral y no discriminación,"Notebook P16 (a4f0e05a-2aff-4ea4-a6c3-2126782e9d9e), docs.typesafe.ai, especificación ética y laboral Wheelwork","Reconstrucción integral de respuesta, código con error masking seguro y autorrevisión",en_revision,4,3,4,5,3,Antigravity,pendiente,,7cc82e7b1b75963f39279e6b70a9d21e96d6d271d15178010a4a6f8a593475f9,Alcance sólido (4/5): cubre los requisitos específicos y casos de uso del dominio. Evidencia (3/5): apoyada en catálogo de fuentes canónicas; reducida por estado consulta_no_verificable en conector NotebookLM. Exactitud (4/5): contratos SDK 0.7.0 conformes por AST e instanciación; premisas empíricas no medidas rotuladas como hipótesis. Utilidad (5/5): aplicabilidad directa con matrices de transferencia a QRT/Wheelwork y contraejemplos operativos. Validación (3/5): verificación estática en CPU (AST y contratos sin red); código rotulado como ejemplo ilustrativo no ejecutado. Total: 19/25.
JEV-P16-015,425f48023e9ffa7ae49c69543df0bc628234b8518dab215bb84f532f3455f261,Responder estrictamente a: ¿Cómo evaluar consistencia de criterios entre personas revisoras antes de atribuir sus desacuerdos al modelo?,Plantilla genérica P08-P18 previa reemplazada por análisis de equidad laboral y no discriminación,"Notebook P16 (a4f0e05a-2aff-4ea4-a6c3-2126782e9d9e), docs.typesafe.ai, especificación ética y laboral Wheelwork","Reconstrucción integral de respuesta, código con error masking seguro y autorrevisión",en_revision,4,3,4,5,3,Antigravity,pendiente,,5e1e713953dd66d89836cc58207864547e67588d055b7854dd7ec2a918da0ecd,Alcance sólido (4/5): cubre los requisitos específicos y casos de uso del dominio. Evidencia (3/5): apoyada en catálogo de fuentes canónicas; reducida por estado consulta_no_verificable en conector NotebookLM. Exactitud (4/5): contratos SDK 0.7.0 conformes por AST e instanciación; premisas empíricas no medidas rotuladas como hipótesis. Utilidad (5/5): aplicabilidad directa con matrices de transferencia a QRT/Wheelwork y contraejemplos operativos. Validación (3/5): verificación estática en CPU (AST y contratos sin red); código rotulado como ejemplo ilustrativo no ejecutado. Total: 19/25.
JEV-P16-016,58f195d59fff294b8f6e2ab38f556733d1ab95b51f40a3d9c27c6f34ba9f6f1f,Responder estrictamente a: ¿Cómo mostrar evidencia y limitaciones de una recomendación permitiendo corrección y revisión del proceso?,Plantilla genérica P08-P18 previa reemplazada por análisis de equidad laboral y no discriminación,"Notebook P16 (a4f0e05a-2aff-4ea4-a6c3-2126782e9d9e), docs.typesafe.ai, especificación ética y laboral Wheelwork","Reconstrucción integral de respuesta, código con error masking seguro y autorrevisión",en_revision,4,3,4,5,3,Antigravity,pendiente,,7b65cb1101b317bd2e4c1536305ad42419d161739f814830100b66ae66571698,Alcance sólido (4/5): cubre los requisitos específicos y casos de uso del dominio. Evidencia (3/5): apoyada en catálogo de fuentes canónicas; reducida por estado consulta_no_verificable en conector NotebookLM. Exactitud (4/5): contratos SDK 0.7.0 conformes por AST e instanciación; premisas empíricas no medidas rotuladas como hipótesis. Utilidad (5/5): aplicabilidad directa con matrices de transferencia a QRT/Wheelwork y contraejemplos operativos. Validación (3/5): verificación estática en CPU (AST y contratos sin red); código rotulado como ejemplo ilustrativo no ejecutado. Total: 19/25.
JEV-P16-017,b074b3a2e4619dbdd25ef2de72226a9719403295ada22e97861ad9a970aad35e,"Responder estrictamente a: ¿Qué requisitos de privacidad, retención, consentimiento y normativa aplicable necesitan comprobación especializada antes de utilizar datos reales?",Plantilla genérica P08-P18 previa reemplazada por análisis de equidad laboral y no discriminación,"Notebook P16 (a4f0e05a-2aff-4ea4-a6c3-2126782e9d9e), docs.typesafe.ai, especificación ética y laboral Wheelwork","Reconstrucción integral de respuesta, código con error masking seguro y autorrevisión",en_revision,4,3,4,5,3,Antigravity,pendiente,,73b9f4f0be9c8f66a5d12b61ecf721069560b5910d22209ecab49a4ec566f9da,Alcance sólido (4/5): cubre los requisitos específicos y casos de uso del dominio. Evidencia (3/5): apoyada en catálogo de fuentes canónicas; reducida por estado consulta_no_verificable en conector NotebookLM. Exactitud (4/5): contratos SDK 0.7.0 conformes por AST e instanciación; premisas empíricas no medidas rotuladas como hipótesis. Utilidad (5/5): aplicabilidad directa con matrices de transferencia a QRT/Wheelwork y contraejemplos operativos. Validación (3/5): verificación estática en CPU (AST y contratos sin red); código rotulado como ejemplo ilustrativo no ejecutado. Total: 19/25.
JEV-P16-018,657f4273e1d37279925f14b29b567707aaa7fc2a0a02e74eb6dbece698442eca,Responder estrictamente a: ¿Cómo diseñar adaptación a CRM o ATS sin presuponer una plataforma existente ni autorizar escrituras por una simple recomendación?,Plantilla genérica P08-P18 previa reemplazada por análisis de equidad laboral y no discriminación,"Notebook P16 (a4f0e05a-2aff-4ea4-a6c3-2126782e9d9e), docs.typesafe.ai, especificación ética y laboral Wheelwork","Reconstrucción integral de respuesta, código con error masking seguro y autorrevisión",en_revision,4,3,4,5,3,Antigravity,pendiente,,3a0402ae12364bef052633b2ad0f2db9bc42e5a4d99bfadf16f1ff492201b197,Alcance sólido (4/5): cubre los requisitos específicos y casos de uso del dominio. Evidencia (3/5): apoyada en catálogo de fuentes canónicas; reducida por estado consulta_no_verificable en conector NotebookLM. Exactitud (4/5): contratos SDK 0.7.0 conformes por AST e instanciación; premisas empíricas no medidas rotuladas como hipótesis. Utilidad (5/5): aplicabilidad directa con matrices de transferencia a QRT/Wheelwork y contraejemplos operativos. Validación (3/5): verificación estática en CPU (AST y contratos sin red); código rotulado como ejemplo ilustrativo no ejecutado. Total: 19/25.
JEV-P16-019,8764f8c23ed776bf9d89dde6a29c5c491d8c3090cfdf00c30fa052b7433e6250,"Responder estrictamente a: ¿Qué métricas de tiempo, calidad, equidad y retrabajo permitirían evaluar el piloto sin premiar únicamente velocidad o volumen?",Plantilla genérica P08-P18 previa reemplazada por análisis de equidad laboral y no discriminación,"Notebook P16 (a4f0e05a-2aff-4ea4-a6c3-2126782e9d9e), docs.typesafe.ai, especificación ética y laboral Wheelwork","Reconstrucción integral de respuesta, código con error masking seguro y autorrevisión",en_revision,4,3,4,5,3,Antigravity,pendiente,,8c937ec0519341538ce0321bd7b9f1d2fb82655c0965f0a6912e1e55ae259bc7,Alcance sólido (4/5): cubre los requisitos específicos y casos de uso del dominio. Evidencia (3/5): apoyada en catálogo de fuentes canónicas; reducida por estado consulta_no_verificable en conector NotebookLM. Exactitud (4/5): contratos SDK 0.7.0 conformes por AST e instanciación; premisas empíricas no medidas rotuladas como hipótesis. Utilidad (5/5): aplicabilidad directa con matrices de transferencia a QRT/Wheelwork y contraejemplos operativos. Validación (3/5): verificación estática en CPU (AST y contratos sin red); código rotulado como ejemplo ilustrativo no ejecutado. Total: 19/25.
JEV-P16-020,82de560440193e91a349a5f9aaccc42a0a502b2ab3d924da4430d1a2039fae38,Responder estrictamente a: ¿Qué condiciones obligarían a abandonar o limitar un caso de Wheelwork aunque aparentemente redujera costos administrativos?,Plantilla genérica P08-P18 previa reemplazada por análisis de equidad laboral y no discriminación,"Notebook P16 (a4f0e05a-2aff-4ea4-a6c3-2126782e9d9e), docs.typesafe.ai, especificación ética y laboral Wheelwork","Reconstrucción integral de respuesta, código con error masking seguro y autorrevisión",en_revision,4,3,4,5,3,Antigravity,pendiente,,5adb66230d679633a706f3ac25f33b0d2b67c3a665921d490a51611ac6786c74,Alcance sólido (4/5): cubre los requisitos específicos y casos de uso del dominio. Evidencia (3/5): apoyada en catálogo de fuentes canónicas; reducida por estado consulta_no_verificable en conector NotebookLM. Exactitud (4/5): contratos SDK 0.7.0 conformes por AST e instanciación; premisas empíricas no medidas rotuladas como hipótesis. Utilidad (5/5): aplicabilidad directa con matrices de transferencia a QRT/Wheelwork y contraejemplos operativos. Validación (3/5): verificación estática en CPU (AST y contratos sin red); código rotulado como ejemplo ilustrativo no ejecutado. Total: 19/25.
JEV-P17-001,3235adb3165cbc8f00e045ea4bf382fd0db0d39ae016c53a13c5f5c8c613778e,"Responder estrictamente a: ¿Qué estructura conecta pregunta, afirmación, evidencia, decisión y experimento para que la base sea reutilizable y auditable?",Plantilla genérica P08-P18 previa reemplazada por metodología de investigación rigurosa sin circularidad,"Notebook P17 (64b17185-5943-4aeb-b858-3a09ef5749f4), docs.typesafe.ai, protocolos de investigación acumulativa","Reconstrucción integral de respuesta, rigor epistémico y autorrevisión",en_revision,5,3,4,4,3,Antigravity,pendiente,,d3aabde00226f5797a44e6d4c8debf44dd562e4d8c407a3a9167414ae72ee83b,"Alcance completo (5/5): delimitación exhaustiva de componentes, supuestos y fronteras técnicas. Evidencia (3/5): apoyada en catálogo de fuentes canónicas; reducida por estado consulta_no_verificable en conector NotebookLM. Exactitud (4/5): contratos SDK 0.7.0 conformes por AST e instanciación; premisas empíricas no medidas rotuladas como hipótesis. Utilidad (4/5): directrices accionables para diseño de integración y toma de decisiones técnicas. Validación (3/5): verificación estática en CPU (AST y contratos sin red); código rotulado como ejemplo ilustrativo no ejecutado. Total: 19/25."
JEV-P17-002,de843e3466a4c710dd444c010005c70e86cd08635fd1f1e6ca11b8274b3b804d,Responder estrictamente a: ¿Cómo asignar identificadores estables a fuentes y afirmaciones sin duplicar evidencia compartida por varios notebooks?,Plantilla genérica P08-P18 previa reemplazada por metodología de investigación rigurosa sin circularidad,"Notebook P17 (64b17185-5943-4aeb-b858-3a09ef5749f4), docs.typesafe.ai, protocolos de investigación acumulativa","Reconstrucción integral de respuesta, rigor epistémico y autorrevisión",en_revision,5,3,4,4,3,Antigravity,pendiente,,84f9462f66cf2f6cc08ece474265e19f0c90daef3fb8426c5ed366b20e2c03b1,"Alcance completo (5/5): delimitación exhaustiva de componentes, supuestos y fronteras técnicas. Evidencia (3/5): apoyada en catálogo de fuentes canónicas; reducida por estado consulta_no_verificable en conector NotebookLM. Exactitud (4/5): contratos SDK 0.7.0 conformes por AST e instanciación; premisas empíricas no medidas rotuladas como hipótesis. Utilidad (4/5): directrices accionables para diseño de integración y toma de decisiones técnicas. Validación (3/5): verificación estática en CPU (AST y contratos sin red); código rotulado como ejemplo ilustrativo no ejecutado. Total: 19/25."
JEV-P17-003,d2db7d41c763f898d74d993dcc18af215c8ea372f3d426d40f4e6723dda05def,"Responder estrictamente a: ¿Cómo distinguir observaciones, interpretaciones y propuestas al consolidar respuestas producidas en fechas o sesiones diferentes?",Plantilla genérica P08-P18 previa reemplazada por metodología de investigación rigurosa sin circularidad,"Notebook P17 (64b17185-5943-4aeb-b858-3a09ef5749f4), docs.typesafe.ai, protocolos de investigación acumulativa","Reconstrucción integral de respuesta, rigor epistémico y autorrevisión",en_revision,4,3,4,4,3,Antigravity,pendiente,,59eec87f8ac0b84f8f50d21655846876c36c5c8f2aaad9ee0085cc5259ab988b,Alcance sólido (4/5): cubre los requisitos específicos y casos de uso del dominio. Evidencia (3/5): apoyada en catálogo de fuentes canónicas; reducida por estado consulta_no_verificable en conector NotebookLM. Exactitud (4/5): contratos SDK 0.7.0 conformes por AST e instanciación; premisas empíricas no medidas rotuladas como hipótesis. Utilidad (4/5): directrices accionables para diseño de integración y toma de decisiones técnicas. Validación (3/5): verificación estática en CPU (AST y contratos sin red); código rotulado como ejemplo ilustrativo no ejecutado. Total: 18/25.
JEV-P17-004,e1f37135dd155fcdedcbce23c187e5dae6a0cc3e8838d23147d931d8e599d611,"Responder estrictamente a: ¿Qué criterios permiten marcar una pregunta como resuelta, parcial o bloqueada y evitar que volumen de texto sustituya conocimiento?",Plantilla genérica P08-P18 previa reemplazada por metodología de investigación rigurosa sin circularidad,"Notebook P17 (64b17185-5943-4aeb-b858-3a09ef5749f4), docs.typesafe.ai, protocolos de investigación acumulativa","Reconstrucción integral de respuesta, rigor epistémico y autorrevisión",en_revision,4,3,4,4,3,Antigravity,pendiente,,c7068d77ad0869239996af3327b7ec1ab9cca87f74b63ae0cd020137e949338c,Alcance sólido (4/5): cubre los requisitos específicos y casos de uso del dominio. Evidencia (3/5): apoyada en catálogo de fuentes canónicas; reducida por estado consulta_no_verificable en conector NotebookLM. Exactitud (4/5): contratos SDK 0.7.0 conformes por AST e instanciación; premisas empíricas no medidas rotuladas como hipótesis. Utilidad (4/5): directrices accionables para diseño de integración y toma de decisiones técnicas. Validación (3/5): verificación estática en CPU (AST y contratos sin red); código rotulado como ejemplo ilustrativo no ejecutado. Total: 18/25.
JEV-P17-005,60c53e55f6c28d0ff386061822f4c39a266c82b70716593be4243e24b4163f25,Responder estrictamente a: ¿Cómo detectar y resolver contradicciones entre respuestas preservando el historial y la versión de las fuentes?,Plantilla genérica P08-P18 previa reemplazada por metodología de investigación rigurosa sin circularidad,"Notebook P17 (64b17185-5943-4aeb-b858-3a09ef5749f4), docs.typesafe.ai, protocolos de investigación acumulativa","Reconstrucción integral de respuesta, rigor epistémico y autorrevisión",en_revision,4,3,4,4,3,Antigravity,pendiente,,a789924f8e444ed543ae5b9b1fd0345907b409a2db999185cc9191c944242a7b,Alcance sólido (4/5): cubre los requisitos específicos y casos de uso del dominio. Evidencia (3/5): apoyada en catálogo de fuentes canónicas; reducida por estado consulta_no_verificable en conector NotebookLM. Exactitud (4/5): contratos SDK 0.7.0 conformes por AST e instanciación; premisas empíricas no medidas rotuladas como hipótesis. Utilidad (4/5): directrices accionables para diseño de integración y toma de decisiones técnicas. Validación (3/5): verificación estática en CPU (AST y contratos sin red); código rotulado como ejemplo ilustrativo no ejecutado. Total: 18/25.
JEV-P17-006,19bd346b6e3bfa30bc180ca5a6bb0bbda3dfafd5d03513a4bb16bc24dd0fd1e1,Responder estrictamente a: ¿Cómo descomponer una conclusión extensa en afirmaciones atómicas con soporte y límites específicos?,Plantilla genérica P08-P18 previa reemplazada por metodología de investigación rigurosa sin circularidad,"Notebook P17 (64b17185-5943-4aeb-b858-3a09ef5749f4), docs.typesafe.ai, protocolos de investigación acumulativa","Reconstrucción integral de respuesta, rigor epistémico y autorrevisión",en_revision,4,3,4,4,3,Antigravity,pendiente,,3b14629eb3daece6d7b1fe66523bbe2dce7f2fafa6e84e8341bca3b5e205532d,Alcance sólido (4/5): cubre los requisitos específicos y casos de uso del dominio. Evidencia (3/5): apoyada en catálogo de fuentes canónicas; reducida por estado consulta_no_verificable en conector NotebookLM. Exactitud (4/5): contratos SDK 0.7.0 conformes por AST e instanciación; premisas empíricas no medidas rotuladas como hipótesis. Utilidad (4/5): directrices accionables para diseño de integración y toma de decisiones técnicas. Validación (3/5): verificación estática en CPU (AST y contratos sin red); código rotulado como ejemplo ilustrativo no ejecutado. Total: 18/25.
JEV-P17-007,33a23d162e924a62a253851a955b350a64b3f4093a91b4f87cfe4189f217cd05,Responder estrictamente a: ¿Qué proceso verifica que una cita realmente sustenta la afirmación a la que fue vinculada?,Plantilla genérica P08-P18 previa reemplazada por metodología de investigación rigurosa sin circularidad,"Notebook P17 (64b17185-5943-4aeb-b858-3a09ef5749f4), docs.typesafe.ai, protocolos de investigación acumulativa","Reconstrucción integral de respuesta, rigor epistémico y autorrevisión",en_revision,4,3,4,4,3,Antigravity,pendiente,,2fd99e1a94a58ae3c638ef6dd8f6c01328532cdeb0a1eb41853420c3ca2bb544,Alcance sólido (4/5): cubre los requisitos específicos y casos de uso del dominio. Evidencia (3/5): apoyada en catálogo de fuentes canónicas; reducida por estado consulta_no_verificable en conector NotebookLM. Exactitud (4/5): contratos SDK 0.7.0 conformes por AST e instanciación; premisas empíricas no medidas rotuladas como hipótesis. Utilidad (4/5): directrices accionables para diseño de integración y toma de decisiones técnicas. Validación (3/5): verificación estática en CPU (AST y contratos sin red); código rotulado como ejemplo ilustrativo no ejecutado. Total: 18/25.
JEV-P17-008,7756703cb9098811b7e566152cdfe22bd6f610a504624d00b9d964f0d74205a3,Responder estrictamente a: ¿Cómo representar ausencia de evidencia sin convertirla en prueba de que una capacidad no existe?,Plantilla genérica P08-P18 previa reemplazada por metodología de investigación rigurosa sin circularidad,"Notebook P17 (64b17185-5943-4aeb-b858-3a09ef5749f4), docs.typesafe.ai, protocolos de investigación acumulativa","Reconstrucción integral de respuesta, rigor epistémico y autorrevisión",en_revision,4,3,4,4,3,Antigravity,pendiente,,6616fcae272be6961cdcb93425e4a2348428283d42184db25fe6c1ba19776dc7,Alcance sólido (4/5): cubre los requisitos específicos y casos de uso del dominio. Evidencia (3/5): apoyada en catálogo de fuentes canónicas; reducida por estado consulta_no_verificable en conector NotebookLM. Exactitud (4/5): contratos SDK 0.7.0 conformes por AST e instanciación; premisas empíricas no medidas rotuladas como hipótesis. Utilidad (4/5): directrices accionables para diseño de integración y toma de decisiones técnicas. Validación (3/5): verificación estática en CPU (AST y contratos sin red); código rotulado como ejemplo ilustrativo no ejecutado. Total: 18/25.
JEV-P17-009,7a2c34cb5684a8513c2fe1c72ecd94db522357e733631fffa0d77aecea67dea1,"Responder estrictamente a: ¿Qué señales activan actualización de una respuesta: cambios de API, precio, modelo, fuente, contexto del proyecto o resultado experimental?",Plantilla genérica P08-P18 previa reemplazada por metodología de investigación rigurosa sin circularidad,"Notebook P17 (64b17185-5943-4aeb-b858-3a09ef5749f4), docs.typesafe.ai, protocolos de investigación acumulativa","Reconstrucción integral de respuesta, rigor epistémico y autorrevisión",en_revision,4,3,4,4,3,Antigravity,pendiente,,f95e623c2a8901a536cf6482e6c5a192ea95770c66db74318cbd919b92ac1ed3,Alcance sólido (4/5): cubre los requisitos específicos y casos de uso del dominio. Evidencia (3/5): apoyada en catálogo de fuentes canónicas; reducida por estado consulta_no_verificable en conector NotebookLM. Exactitud (4/5): contratos SDK 0.7.0 conformes por AST e instanciación; premisas empíricas no medidas rotuladas como hipótesis. Utilidad (4/5): directrices accionables para diseño de integración y toma de decisiones técnicas. Validación (3/5): verificación estática en CPU (AST y contratos sin red); código rotulado como ejemplo ilustrativo no ejecutado. Total: 18/25.
JEV-P17-010,2961848fc837da64faa1a6725ea9d323134341e13d2fea919dd3d502b78021de,Responder estrictamente a: ¿Cómo identificar todas las recomendaciones afectadas cuando una afirmación central queda refutada o pierde vigencia?,Plantilla genérica P08-P18 previa reemplazada por metodología de investigación rigurosa sin circularidad,"Notebook P17 (64b17185-5943-4aeb-b858-3a09ef5749f4), docs.typesafe.ai, protocolos de investigación acumulativa","Reconstrucción integral de respuesta, rigor epistémico y autorrevisión",en_revision,4,3,4,4,3,Antigravity,pendiente,,8c0c9ded95833be85573251b86710ca7da36282cca8ecdfceda6772a7ef8a1dd,Alcance sólido (4/5): cubre los requisitos específicos y casos de uso del dominio. Evidencia (3/5): apoyada en catálogo de fuentes canónicas; reducida por estado consulta_no_verificable en conector NotebookLM. Exactitud (4/5): contratos SDK 0.7.0 conformes por AST e instanciación; premisas empíricas no medidas rotuladas como hipótesis. Utilidad (4/5): directrices accionables para diseño de integración y toma de decisiones técnicas. Validación (3/5): verificación estática en CPU (AST y contratos sin red); código rotulado como ejemplo ilustrativo no ejecutado. Total: 18/25.
JEV-P17-011,3f1a61af8c015d4b83b2f4b8706fcdebe490c21cb19cae7dac8c7c12abe5a5f5,Responder estrictamente a: ¿Cómo priorizar nuevas búsquedas por el valor de la información para una decisión y no por facilidad de producir más documentos?,Plantilla genérica P08-P18 previa reemplazada por metodología de investigación rigurosa sin circularidad,"Notebook P17 (64b17185-5943-4aeb-b858-3a09ef5749f4), docs.typesafe.ai, protocolos de investigación acumulativa","Reconstrucción integral de respuesta, rigor epistémico y autorrevisión",en_revision,4,3,4,4,3,Antigravity,pendiente,,19518ae51d4785e16f5cabc703771761f1651cc0749d484f742c8651b006f056,Alcance sólido (4/5): cubre los requisitos específicos y casos de uso del dominio. Evidencia (3/5): apoyada en catálogo de fuentes canónicas; reducida por estado consulta_no_verificable en conector NotebookLM. Exactitud (4/5): contratos SDK 0.7.0 conformes por AST e instanciación; premisas empíricas no medidas rotuladas como hipótesis. Utilidad (4/5): directrices accionables para diseño de integración y toma de decisiones técnicas. Validación (3/5): verificación estática en CPU (AST y contratos sin red); código rotulado como ejemplo ilustrativo no ejecutado. Total: 18/25.
JEV-P17-012,f8b5ddedc67a9fe26e2c5cba1fa76f6ca16446a664650cc293f689aed28c5b9e,Responder estrictamente a: ¿Cómo usar desacuerdos y casos difíciles para elegir qué etiquetar o investigar después sin contaminar la evaluación final?,Plantilla genérica P08-P18 previa reemplazada por metodología de investigación rigurosa sin circularidad,"Notebook P17 (64b17185-5943-4aeb-b858-3a09ef5749f4), docs.typesafe.ai, protocolos de investigación acumulativa","Reconstrucción integral de respuesta, rigor epistémico y autorrevisión",en_revision,4,3,4,4,3,Antigravity,pendiente,,bac30577ed18d7f1f3b3847bd9cdac4f1dc44848620b5d59a8fc107260543287,Alcance sólido (4/5): cubre los requisitos específicos y casos de uso del dominio. Evidencia (3/5): apoyada en catálogo de fuentes canónicas; reducida por estado consulta_no_verificable en conector NotebookLM. Exactitud (4/5): contratos SDK 0.7.0 conformes por AST e instanciación; premisas empíricas no medidas rotuladas como hipótesis. Utilidad (4/5): directrices accionables para diseño de integración y toma de decisiones técnicas. Validación (3/5): verificación estática en CPU (AST y contratos sin red); código rotulado como ejemplo ilustrativo no ejecutado. Total: 18/25.
JEV-P17-013,c965fa8515106b9beed86b038a5b9fc3b2cb91bc8d4d041edc46ca9ffe1e2ec5,Responder estrictamente a: ¿Cómo integrar retroalimentación de pilotos conservando la diferencia entre un caso anecdótico y evidencia generalizable?,Plantilla genérica P08-P18 previa reemplazada por metodología de investigación rigurosa sin circularidad,"Notebook P17 (64b17185-5943-4aeb-b858-3a09ef5749f4), docs.typesafe.ai, protocolos de investigación acumulativa","Reconstrucción integral de respuesta, rigor epistémico y autorrevisión",en_revision,4,3,4,4,3,Antigravity,pendiente,,a7d30feed82e7de0fc444ee0d57452a4e5ca419bd3a9dfb116e491bf4bd164c3,Alcance sólido (4/5): cubre los requisitos específicos y casos de uso del dominio. Evidencia (3/5): apoyada en catálogo de fuentes canónicas; reducida por estado consulta_no_verificable en conector NotebookLM. Exactitud (4/5): contratos SDK 0.7.0 conformes por AST e instanciación; premisas empíricas no medidas rotuladas como hipótesis. Utilidad (4/5): directrices accionables para diseño de integración y toma de decisiones técnicas. Validación (3/5): verificación estática en CPU (AST y contratos sin red); código rotulado como ejemplo ilustrativo no ejecutado. Total: 18/25.
JEV-P17-014,057c088deaea510a3e70211ef5d5d981bd625485cc52c32a2f584d85879073bd,Responder estrictamente a: ¿Qué proceso de revisión entre Codex y Antigravity reduce errores comunes sin presentar dos modelos como garantía de independencia?,Plantilla genérica P08-P18 previa reemplazada por metodología de investigación rigurosa sin circularidad,"Notebook P17 (64b17185-5943-4aeb-b858-3a09ef5749f4), docs.typesafe.ai, protocolos de investigación acumulativa","Reconstrucción integral de respuesta, rigor epistémico y autorrevisión",en_revision,4,3,4,4,3,Antigravity,pendiente,,4cbd28f17485648cb83dab915980056e075d80a23c9c38b5d998bf70e361d47d,Alcance sólido (4/5): cubre los requisitos específicos y casos de uso del dominio. Evidencia (3/5): apoyada en catálogo de fuentes canónicas; reducida por estado consulta_no_verificable en conector NotebookLM. Exactitud (4/5): contratos SDK 0.7.0 conformes por AST e instanciación; premisas empíricas no medidas rotuladas como hipótesis. Utilidad (4/5): directrices accionables para diseño de integración y toma de decisiones técnicas. Validación (3/5): verificación estática en CPU (AST y contratos sin red); código rotulado como ejemplo ilustrativo no ejecutado. Total: 18/25.
JEV-P17-015,955719ccedb9ba6de652872526670a606284c1a9b0997694444c412089543cb5,"Responder estrictamente a: ¿Cómo gestionar edición simultánea, versiones y conflictos para mantener una sola respuesta canónica por pregunta?",Plantilla genérica P08-P18 previa reemplazada por metodología de investigación rigurosa sin circularidad,"Notebook P17 (64b17185-5943-4aeb-b858-3a09ef5749f4), docs.typesafe.ai, protocolos de investigación acumulativa","Reconstrucción integral de respuesta, rigor epistémico y autorrevisión",en_revision,4,3,4,4,3,Antigravity,pendiente,,52694920a8e61bca0bf036c4c71c2bded648c40435cdb24a72e018b4e98535b1,Alcance sólido (4/5): cubre los requisitos específicos y casos de uso del dominio. Evidencia (3/5): apoyada en catálogo de fuentes canónicas; reducida por estado consulta_no_verificable en conector NotebookLM. Exactitud (4/5): contratos SDK 0.7.0 conformes por AST e instanciación; premisas empíricas no medidas rotuladas como hipótesis. Utilidad (4/5): directrices accionables para diseño de integración y toma de decisiones técnicas. Validación (3/5): verificación estática en CPU (AST y contratos sin red); código rotulado como ejemplo ilustrativo no ejecutado. Total: 18/25.
JEV-P17-016,e8c246641b4983050f184c6e643475a6d8577f93feb80edfbf8822b5cb8d64db,Responder estrictamente a: ¿Qué reglas impiden que resúmenes generados se reciclen como nuevas fuentes y produzcan corroboración circular?,Plantilla genérica P08-P18 previa reemplazada por metodología de investigación rigurosa sin circularidad,"Notebook P17 (64b17185-5943-4aeb-b858-3a09ef5749f4), docs.typesafe.ai, protocolos de investigación acumulativa","Reconstrucción integral de respuesta, rigor epistémico y autorrevisión",en_revision,4,3,4,4,3,Antigravity,pendiente,,601c6527ec3400244d495a22597beff597509b2751ba5502e657f3b51bbda03e,Alcance sólido (4/5): cubre los requisitos específicos y casos de uso del dominio. Evidencia (3/5): apoyada en catálogo de fuentes canónicas; reducida por estado consulta_no_verificable en conector NotebookLM. Exactitud (4/5): contratos SDK 0.7.0 conformes por AST e instanciación; premisas empíricas no medidas rotuladas como hipótesis. Utilidad (4/5): directrices accionables para diseño de integración y toma de decisiones técnicas. Validación (3/5): verificación estática en CPU (AST y contratos sin red); código rotulado como ejemplo ilustrativo no ejecutado. Total: 18/25.
JEV-P17-017,a558b8343ea37382e961d6809753a1e50ca37989af91aa3b70024098d8b0dcc0,"Responder estrictamente a: ¿Cómo organizar glosario, recetas, decisiones de arquitectura y protocolos para que un desarrollador encuentre lo necesario con pocas consultas?",Plantilla genérica P08-P18 previa reemplazada por metodología de investigación rigurosa sin circularidad,"Notebook P17 (64b17185-5943-4aeb-b858-3a09ef5749f4), docs.typesafe.ai, protocolos de investigación acumulativa","Reconstrucción integral de respuesta, rigor epistémico y autorrevisión",en_revision,4,3,4,4,3,Antigravity,pendiente,,4b0cc31bbf6d4c572e1d97d9660b2f8b6ad9f3b9174ff2ac451c7f6e90f5142b,Alcance sólido (4/5): cubre los requisitos específicos y casos de uso del dominio. Evidencia (3/5): apoyada en catálogo de fuentes canónicas; reducida por estado consulta_no_verificable en conector NotebookLM. Exactitud (4/5): contratos SDK 0.7.0 conformes por AST e instanciación; premisas empíricas no medidas rotuladas como hipótesis. Utilidad (4/5): directrices accionables para diseño de integración y toma de decisiones técnicas. Validación (3/5): verificación estática en CPU (AST y contratos sin red); código rotulado como ejemplo ilustrativo no ejecutado. Total: 18/25.
JEV-P17-018,278a77a8cf3d53a7f6199f0c432239956f48890cb2565f2f6cce1314ce4cc16f,Responder estrictamente a: ¿Qué conjunto de preguntas de control mediría calidad de recuperación y fidelidad de las respuestas de la propia base de conocimiento?,Plantilla genérica P08-P18 previa reemplazada por metodología de investigación rigurosa sin circularidad,"Notebook P17 (64b17185-5943-4aeb-b858-3a09ef5749f4), docs.typesafe.ai, protocolos de investigación acumulativa","Reconstrucción integral de respuesta, rigor epistémico y autorrevisión",en_revision,4,3,4,4,3,Antigravity,pendiente,,cac9082f9842f77007a02a597366ae839a68c240ae4e42ba846f852e13da1f4a,Alcance sólido (4/5): cubre los requisitos específicos y casos de uso del dominio. Evidencia (3/5): apoyada en catálogo de fuentes canónicas; reducida por estado consulta_no_verificable en conector NotebookLM. Exactitud (4/5): contratos SDK 0.7.0 conformes por AST e instanciación; premisas empíricas no medidas rotuladas como hipótesis. Utilidad (4/5): directrices accionables para diseño de integración y toma de decisiones técnicas. Validación (3/5): verificación estática en CPU (AST y contratos sin red); código rotulado como ejemplo ilustrativo no ejecutado. Total: 18/25.
JEV-P17-019,5c90e4527ef0932b89c0c62d3439ca20c6db1fc23d005fe39a22b240010ec94c,"Responder estrictamente a: ¿Cómo conservar, exportar y reconstruir la base si cambia el servicio de notebooks o deja de funcionar el conector?",Plantilla genérica P08-P18 previa reemplazada por metodología de investigación rigurosa sin circularidad,"Notebook P17 (64b17185-5943-4aeb-b858-3a09ef5749f4), docs.typesafe.ai, protocolos de investigación acumulativa","Reconstrucción integral de respuesta, rigor epistémico y autorrevisión",en_revision,4,3,4,4,3,Antigravity,pendiente,,039688611f6eb9d0dacc0e07c8b54ef5c32c80c290ee85797645fca6013526c8,Alcance sólido (4/5): cubre los requisitos específicos y casos de uso del dominio. Evidencia (3/5): apoyada en catálogo de fuentes canónicas; reducida por estado consulta_no_verificable en conector NotebookLM. Exactitud (4/5): contratos SDK 0.7.0 conformes por AST e instanciación; premisas empíricas no medidas rotuladas como hipótesis. Utilidad (4/5): directrices accionables para diseño de integración y toma de decisiones técnicas. Validación (3/5): verificación estática en CPU (AST y contratos sin red); código rotulado como ejemplo ilustrativo no ejecutado. Total: 18/25.
JEV-P17-020,1377952ea35cc9aa0b83cfe958bd0ba5eff17ea18083cce3a1bddaa8435eae36,"Responder estrictamente a: ¿Qué revisión periódica asegura utilidad, vigencia y trazabilidad sin repetir desde cero toda la investigación?",Plantilla genérica P08-P18 previa reemplazada por metodología de investigación rigurosa sin circularidad,"Notebook P17 (64b17185-5943-4aeb-b858-3a09ef5749f4), docs.typesafe.ai, protocolos de investigación acumulativa","Reconstrucción integral de respuesta, rigor epistémico y autorrevisión",en_revision,4,3,4,4,3,Antigravity,pendiente,,9d448b7379a13e959bfa0244d7d10cf9e8d1cc7b8e4738d94839ee595e132a3b,Alcance sólido (4/5): cubre los requisitos específicos y casos de uso del dominio. Evidencia (3/5): apoyada en catálogo de fuentes canónicas; reducida por estado consulta_no_verificable en conector NotebookLM. Exactitud (4/5): contratos SDK 0.7.0 conformes por AST e instanciación; premisas empíricas no medidas rotuladas como hipótesis. Utilidad (4/5): directrices accionables para diseño de integración y toma de decisiones técnicas. Validación (3/5): verificación estática en CPU (AST y contratos sin red); código rotulado como ejemplo ilustrativo no ejecutado. Total: 18/25.
JEV-P18-001,b4f58cc938a75768efc37858cb62e85e72083a6c3885ffd11070c037ce26c3ce,Responder estrictamente a: ¿Qué capacidades verificadas abren oportunidades distintas de usar un LLM genérico y cuáles son solo formas nuevas de describir tareas existentes?,Plantilla genérica P08-P18 previa reemplazada por estrategia SaaS rigurosa y descubrimiento de clientes,"Notebook P18 (f43387fd-42f3-4d37-8986-c8d9d6039d2a), docs.typesafe.ai, análisis económico CloudZero (SRC-0095)","Reconstrucción integral de respuesta, análisis de unit economics y autorrevisión",en_revision,5,3,4,4,3,Antigravity,pendiente,,2718dd82c0612ea251126a71e20e717b4598d304a6ee626697f30eee51d04b33,"Alcance completo (5/5): delimitación exhaustiva de componentes, supuestos y fronteras técnicas. Evidencia (3/5): apoyada en catálogo de fuentes canónicas; reducida por estado consulta_no_verificable en conector NotebookLM. Exactitud (4/5): contratos SDK 0.7.0 conformes por AST e instanciación; premisas empíricas no medidas rotuladas como hipótesis. Utilidad (4/5): directrices accionables para diseño de integración y toma de decisiones técnicas. Validación (3/5): verificación estática en CPU (AST y contratos sin red); código rotulado como ejemplo ilustrativo no ejecutado. Total: 19/25."
JEV-P18-002,bf1ec80e73fadd7d97ff870bbe140d210591c468d3ec0c197d55d79ea8066ca3,"Responder estrictamente a: ¿Qué problemas frecuentes, medibles y acotados podrían beneficiarse de decisiones semánticas rápidas sin exigir generación de contenido?",Plantilla genérica P08-P18 previa reemplazada por estrategia SaaS rigurosa y descubrimiento de clientes,"Notebook P18 (f43387fd-42f3-4d37-8986-c8d9d6039d2a), docs.typesafe.ai, análisis económico CloudZero (SRC-0095)","Reconstrucción integral de respuesta, análisis de unit economics y autorrevisión",en_revision,5,3,4,4,3,Antigravity,pendiente,,3580c35cc52c3daa825cce59ee36d5f021794711cf5b931fae2569319cf4f147,"Alcance completo (5/5): delimitación exhaustiva de componentes, supuestos y fronteras técnicas. Evidencia (3/5): apoyada en catálogo de fuentes canónicas; reducida por estado consulta_no_verificable en conector NotebookLM. Exactitud (4/5): contratos SDK 0.7.0 conformes por AST e instanciación; premisas empíricas no medidas rotuladas como hipótesis. Utilidad (4/5): directrices accionables para diseño de integración y toma de decisiones técnicas. Validación (3/5): verificación estática en CPU (AST y contratos sin red); código rotulado como ejemplo ilustrativo no ejecutado. Total: 19/25."
JEV-P18-003,023484cd187f93bc00c5700b881361c95ee7b003c1a940562e41f109b8093f4c,"Responder estrictamente a: ¿Cómo identificar el usuario, la decisión problemática y la alternativa actual antes de diseñar un producto alrededor de Jev?",Plantilla genérica P08-P18 previa reemplazada por estrategia SaaS rigurosa y descubrimiento de clientes,"Notebook P18 (f43387fd-42f3-4d37-8986-c8d9d6039d2a), docs.typesafe.ai, análisis económico CloudZero (SRC-0095)","Reconstrucción integral de respuesta, análisis de unit economics y autorrevisión",en_revision,4,3,4,4,3,Antigravity,pendiente,,02e7904c4fa595ad7c5fc6d968e6bd866d3af787f8ba5515c3bb8da29bb4a8c3,Alcance sólido (4/5): cubre los requisitos específicos y casos de uso del dominio. Evidencia (3/5): apoyada en catálogo de fuentes canónicas; reducida por estado consulta_no_verificable en conector NotebookLM. Exactitud (4/5): contratos SDK 0.7.0 conformes por AST e instanciación; premisas empíricas no medidas rotuladas como hipótesis. Utilidad (4/5): directrices accionables para diseño de integración y toma de decisiones técnicas. Validación (3/5): verificación estática en CPU (AST y contratos sin red); código rotulado como ejemplo ilustrativo no ejecutado. Total: 18/25.
JEV-P18-004,fff70f6767d5613187d2ff6c641edc167310d2a148b6b0e59aa21da7ba6b20ae,"Responder estrictamente a: ¿Qué criterio prioriza oportunidades por valor, factibilidad, calidad de evidencia, riesgo y costo de validación?",Plantilla genérica P08-P18 previa reemplazada por estrategia SaaS rigurosa y descubrimiento de clientes,"Notebook P18 (f43387fd-42f3-4d37-8986-c8d9d6039d2a), docs.typesafe.ai, análisis económico CloudZero (SRC-0095)","Reconstrucción integral de respuesta, análisis de unit economics y autorrevisión",en_revision,4,3,4,4,3,Antigravity,pendiente,,8b64aede834546194c874498bae07850cce5f77a2fdf9bca6f1ed8fea5b2f8ce,Alcance sólido (4/5): cubre los requisitos específicos y casos de uso del dominio. Evidencia (3/5): apoyada en catálogo de fuentes canónicas; reducida por estado consulta_no_verificable en conector NotebookLM. Exactitud (4/5): contratos SDK 0.7.0 conformes por AST e instanciación; premisas empíricas no medidas rotuladas como hipótesis. Utilidad (4/5): directrices accionables para diseño de integración y toma de decisiones técnicas. Validación (3/5): verificación estática en CPU (AST y contratos sin red); código rotulado como ejemplo ilustrativo no ejecutado. Total: 18/25.
JEV-P18-005,149bf9b908e4e7a4016ef81ab1dacc61481a50ae1afce181992372191367521f,Responder estrictamente a: ¿Qué experimento mínimo de demanda y utilidad podría refutar una oportunidad antes de construir su integración completa?,Plantilla genérica P08-P18 previa reemplazada por estrategia SaaS rigurosa y descubrimiento de clientes,"Notebook P18 (f43387fd-42f3-4d37-8986-c8d9d6039d2a), docs.typesafe.ai, análisis económico CloudZero (SRC-0095)","Reconstrucción integral de respuesta, análisis de unit economics y autorrevisión",en_revision,4,3,4,4,3,Antigravity,pendiente,,f2bdfc0c4bb4fe453fbc83f0552e3a27001765661f7a581ddf6cc5e499d84952,Alcance sólido (4/5): cubre los requisitos específicos y casos de uso del dominio. Evidencia (3/5): apoyada en catálogo de fuentes canónicas; reducida por estado consulta_no_verificable en conector NotebookLM. Exactitud (4/5): contratos SDK 0.7.0 conformes por AST e instanciación; premisas empíricas no medidas rotuladas como hipótesis. Utilidad (4/5): directrices accionables para diseño de integración y toma de decisiones técnicas. Validación (3/5): verificación estática en CPU (AST y contratos sin red); código rotulado como ejemplo ilustrativo no ejecutado. Total: 18/25.
JEV-P18-006,567a6b9b5aba1267109ebe98922c31d90c42ff2be55ea3a757388b08245e8b32,Responder estrictamente a: ¿Qué servicio de control de evidencia o calidad documental podría diseñarse sin prometer veracidad absoluta ni seguridad universal?,Plantilla genérica P08-P18 previa reemplazada por estrategia SaaS rigurosa y descubrimiento de clientes,"Notebook P18 (f43387fd-42f3-4d37-8986-c8d9d6039d2a), docs.typesafe.ai, análisis económico CloudZero (SRC-0095)","Reconstrucción integral de respuesta, análisis de unit economics y autorrevisión",en_revision,4,3,4,4,3,Antigravity,pendiente,,056f83f12cc67b8e4a1bfb6da4481cbf376ac1cf4f2c5bf205e32cb541ada8c3,Alcance sólido (4/5): cubre los requisitos específicos y casos de uso del dominio. Evidencia (3/5): apoyada en catálogo de fuentes canónicas; reducida por estado consulta_no_verificable en conector NotebookLM. Exactitud (4/5): contratos SDK 0.7.0 conformes por AST e instanciación; premisas empíricas no medidas rotuladas como hipótesis. Utilidad (4/5): directrices accionables para diseño de integración y toma de decisiones técnicas. Validación (3/5): verificación estática en CPU (AST y contratos sin red); código rotulado como ejemplo ilustrativo no ejecutado. Total: 18/25.
JEV-P18-007,c64608f231d046d21fae4a4ac67a19e84a89be40cd2f52878c94d7c3922da3cd,Responder estrictamente a: ¿Qué oportunidad existe en enrutamiento de trabajo o modelos y qué ahorro incremental debería demostrarse para justificar un producto?,Plantilla genérica P08-P18 previa reemplazada por estrategia SaaS rigurosa y descubrimiento de clientes,"Notebook P18 (f43387fd-42f3-4d37-8986-c8d9d6039d2a), docs.typesafe.ai, análisis económico CloudZero (SRC-0095)","Reconstrucción integral de respuesta, análisis de unit economics y autorrevisión",en_revision,4,3,4,4,3,Antigravity,pendiente,,3af646897560fa9ca46bacd688773a7aceee8c5c68c2ce442021b23f32e4ef1e,Alcance sólido (4/5): cubre los requisitos específicos y casos de uso del dominio. Evidencia (3/5): apoyada en catálogo de fuentes canónicas; reducida por estado consulta_no_verificable en conector NotebookLM. Exactitud (4/5): contratos SDK 0.7.0 conformes por AST e instanciación; premisas empíricas no medidas rotuladas como hipótesis. Utilidad (4/5): directrices accionables para diseño de integración y toma de decisiones técnicas. Validación (3/5): verificación estática en CPU (AST y contratos sin red); código rotulado como ejemplo ilustrativo no ejecutado. Total: 18/25.
JEV-P18-008,1025312f573e373340342f4d39423803d4826a7fb3207556f3b1be884df08835,"Responder estrictamente a: ¿Qué solución de limpieza, clasificación o enriquecimiento documental aporta algo que reglas y búsqueda no resuelven suficientemente bien?",Plantilla genérica P08-P18 previa reemplazada por estrategia SaaS rigurosa y descubrimiento de clientes,"Notebook P18 (f43387fd-42f3-4d37-8986-c8d9d6039d2a), docs.typesafe.ai, análisis económico CloudZero (SRC-0095)","Reconstrucción integral de respuesta, análisis de unit economics y autorrevisión",en_revision,4,3,4,4,3,Antigravity,pendiente,,7f311ca9db92d5d52cc5daabb39d315928df96f7bcc018f8e3492abbc460e23f,Alcance sólido (4/5): cubre los requisitos específicos y casos de uso del dominio. Evidencia (3/5): apoyada en catálogo de fuentes canónicas; reducida por estado consulta_no_verificable en conector NotebookLM. Exactitud (4/5): contratos SDK 0.7.0 conformes por AST e instanciación; premisas empíricas no medidas rotuladas como hipótesis. Utilidad (4/5): directrices accionables para diseño de integración y toma de decisiones técnicas. Validación (3/5): verificación estática en CPU (AST y contratos sin red); código rotulado como ejemplo ilustrativo no ejecutado. Total: 18/25.
JEV-P18-009,c55bc72f96c8f89ceb9036e7e355363291ae91e26ab474b462563a300ee22d97,"Responder estrictamente a: ¿Qué funciones de revisión de requisitos, incidencias o documentación de software podrían integrarse en herramientas de desarrollo con valor medible?",Plantilla genérica P08-P18 previa reemplazada por estrategia SaaS rigurosa y descubrimiento de clientes,"Notebook P18 (f43387fd-42f3-4d37-8986-c8d9d6039d2a), docs.typesafe.ai, análisis económico CloudZero (SRC-0095)","Reconstrucción integral de respuesta, análisis de unit economics y autorrevisión",en_revision,4,3,4,4,3,Antigravity,pendiente,,15a84694b39ab90038bc6f3b796ff6c63c9258123537db929d5df7790cb4f003,Alcance sólido (4/5): cubre los requisitos específicos y casos de uso del dominio. Evidencia (3/5): apoyada en catálogo de fuentes canónicas; reducida por estado consulta_no_verificable en conector NotebookLM. Exactitud (4/5): contratos SDK 0.7.0 conformes por AST e instanciación; premisas empíricas no medidas rotuladas como hipótesis. Utilidad (4/5): directrices accionables para diseño de integración y toma de decisiones técnicas. Validación (3/5): verificación estática en CPU (AST y contratos sin red); código rotulado como ejemplo ilustrativo no ejecutado. Total: 18/25.
JEV-P18-010,19cc0103dcf91285eb31df60b792799794cf471222c0f713c64e38a8f7a34896,Responder estrictamente a: ¿Qué oportunidades de aprendizaje personalizado requieren solo decisiones sobre contenidos y cuáles necesitan capacidades adicionales no demostradas?,Plantilla genérica P08-P18 previa reemplazada por estrategia SaaS rigurosa y descubrimiento de clientes,"Notebook P18 (f43387fd-42f3-4d37-8986-c8d9d6039d2a), docs.typesafe.ai, análisis económico CloudZero (SRC-0095)","Reconstrucción integral de respuesta, análisis de unit economics y autorrevisión",en_revision,4,3,4,4,3,Antigravity,pendiente,,a154f71eec09e9263cbdb30ae9f9c33c06ab2819ca81cd47d783a73b665b310b,Alcance sólido (4/5): cubre los requisitos específicos y casos de uso del dominio. Evidencia (3/5): apoyada en catálogo de fuentes canónicas; reducida por estado consulta_no_verificable en conector NotebookLM. Exactitud (4/5): contratos SDK 0.7.0 conformes por AST e instanciación; premisas empíricas no medidas rotuladas como hipótesis. Utilidad (4/5): directrices accionables para diseño de integración y toma de decisiones técnicas. Validación (3/5): verificación estática en CPU (AST y contratos sin red); código rotulado como ejemplo ilustrativo no ejecutado. Total: 18/25.
JEV-P18-011,e7df4444549d64e498edffa8f4bf871ae728f3a4e1fa86f8e1c179881e125f45,Responder estrictamente a: ¿Cómo convertir una receta interna exitosa de QRT o Wheelwork en una hipótesis de producto sin generalizar prematuramente desde un único caso?,Plantilla genérica P08-P18 previa reemplazada por estrategia SaaS rigurosa y descubrimiento de clientes,"Notebook P18 (f43387fd-42f3-4d37-8986-c8d9d6039d2a), docs.typesafe.ai, análisis económico CloudZero (SRC-0095)","Reconstrucción integral de respuesta, análisis de unit economics y autorrevisión",en_revision,4,3,4,4,3,Antigravity,pendiente,,6daa9cf6ebd0f0546753ffa2bdc117c6d02c99d782ae8bc340602e4eff55ab59,Alcance sólido (4/5): cubre los requisitos específicos y casos de uso del dominio. Evidencia (3/5): apoyada en catálogo de fuentes canónicas; reducida por estado consulta_no_verificable en conector NotebookLM. Exactitud (4/5): contratos SDK 0.7.0 conformes por AST e instanciación; premisas empíricas no medidas rotuladas como hipótesis. Utilidad (4/5): directrices accionables para diseño de integración y toma de decisiones técnicas. Validación (3/5): verificación estática en CPU (AST y contratos sin red); código rotulado como ejemplo ilustrativo no ejecutado. Total: 18/25.
JEV-P18-012,7bcf85c84834fdcdab6bdc4a291d0230ec4799bc9af8bd5da7a0fbff2d25cf31,"Responder estrictamente a: ¿Qué datos, etiquetas, procesos o experiencia de dominio podrían formar una ventaja sostenible más allá de acceder al mismo modelo que otros?",Plantilla genérica P08-P18 previa reemplazada por estrategia SaaS rigurosa y descubrimiento de clientes,"Notebook P18 (f43387fd-42f3-4d37-8986-c8d9d6039d2a), docs.typesafe.ai, análisis económico CloudZero (SRC-0095)","Reconstrucción integral de respuesta, análisis de unit economics y autorrevisión",en_revision,4,3,4,4,3,Antigravity,pendiente,,e7d4e3b545b18a3181d7150b48fc0e02b6ffb03cefa456aa81e6c62820d67781,Alcance sólido (4/5): cubre los requisitos específicos y casos de uso del dominio. Evidencia (3/5): apoyada en catálogo de fuentes canónicas; reducida por estado consulta_no_verificable en conector NotebookLM. Exactitud (4/5): contratos SDK 0.7.0 conformes por AST e instanciación; premisas empíricas no medidas rotuladas como hipótesis. Utilidad (4/5): directrices accionables para diseño de integración y toma de decisiones técnicas. Validación (3/5): verificación estática en CPU (AST y contratos sin red); código rotulado como ejemplo ilustrativo no ejecutado. Total: 18/25.
JEV-P18-013,ea497f612f24d84c320e065c49964ae54b8ba45b3b637f6ed14e24c9c5fe0aeb,Responder estrictamente a: ¿Cómo diseñar un producto que permita cambiar de proveedor conservando su propuesta de valor y sin ocultar diferencias de calidad?,Plantilla genérica P08-P18 previa reemplazada por estrategia SaaS rigurosa y descubrimiento de clientes,"Notebook P18 (f43387fd-42f3-4d37-8986-c8d9d6039d2a), docs.typesafe.ai, análisis económico CloudZero (SRC-0095)","Reconstrucción integral de respuesta, análisis de unit economics y autorrevisión",en_revision,4,3,4,4,3,Antigravity,pendiente,,871abea83277634ecb20df233d63b9bb8f050177ac341c6afccd275d86cb898f,Alcance sólido (4/5): cubre los requisitos específicos y casos de uso del dominio. Evidencia (3/5): apoyada en catálogo de fuentes canónicas; reducida por estado consulta_no_verificable en conector NotebookLM. Exactitud (4/5): contratos SDK 0.7.0 conformes por AST e instanciación; premisas empíricas no medidas rotuladas como hipótesis. Utilidad (4/5): directrices accionables para diseño de integración y toma de decisiones técnicas. Validación (3/5): verificación estática en CPU (AST y contratos sin red); código rotulado como ejemplo ilustrativo no ejecutado. Total: 18/25.
JEV-P18-014,f64d4b8e70d4edcdbdf2d19382ca36ebfa1a0ea8b91d572995bf9d58ad2bc08e,Responder estrictamente a: ¿Qué esquema de precio tendría relación con el valor entregado y cómo comprobar su viabilidad sin asumir disposición a pagar?,Plantilla genérica P08-P18 previa reemplazada por estrategia SaaS rigurosa y descubrimiento de clientes,"Notebook P18 (f43387fd-42f3-4d37-8986-c8d9d6039d2a), docs.typesafe.ai, análisis económico CloudZero (SRC-0095)","Reconstrucción integral de respuesta, análisis de unit economics y autorrevisión",en_revision,4,3,4,4,3,Antigravity,pendiente,,cdba5bcb060495c62d770d42572003b4495a5618d60a33767ec4acc2866772cd,Alcance sólido (4/5): cubre los requisitos específicos y casos de uso del dominio. Evidencia (3/5): apoyada en catálogo de fuentes canónicas; reducida por estado consulta_no_verificable en conector NotebookLM. Exactitud (4/5): contratos SDK 0.7.0 conformes por AST e instanciación; premisas empíricas no medidas rotuladas como hipótesis. Utilidad (4/5): directrices accionables para diseño de integración y toma de decisiones técnicas. Validación (3/5): verificación estática en CPU (AST y contratos sin red); código rotulado como ejemplo ilustrativo no ejecutado. Total: 18/25.
JEV-P18-015,b10f90dddcfb6788bb2df47d1932af956af121d0d67041930422919820cb1f01,"Responder estrictamente a: ¿Qué riesgos de privacidad, equidad y responsabilidad harían inadecuada una oportunidad aunque su factibilidad técnica fuese alta?",Plantilla genérica P08-P18 previa reemplazada por estrategia SaaS rigurosa y descubrimiento de clientes,"Notebook P18 (f43387fd-42f3-4d37-8986-c8d9d6039d2a), docs.typesafe.ai, análisis económico CloudZero (SRC-0095)","Reconstrucción integral de respuesta, análisis de unit economics y autorrevisión",en_revision,4,3,4,4,3,Antigravity,pendiente,,8058d60ce7c1d3f15c505216c1613344c4b8e97df8b7a967d5b46fa66c473118,Alcance sólido (4/5): cubre los requisitos específicos y casos de uso del dominio. Evidencia (3/5): apoyada en catálogo de fuentes canónicas; reducida por estado consulta_no_verificable en conector NotebookLM. Exactitud (4/5): contratos SDK 0.7.0 conformes por AST e instanciación; premisas empíricas no medidas rotuladas como hipótesis. Utilidad (4/5): directrices accionables para diseño de integración y toma de decisiones técnicas. Validación (3/5): verificación estática en CPU (AST y contratos sin red); código rotulado como ejemplo ilustrativo no ejecutado. Total: 18/25.
JEV-P18-016,3aff013f6ab434c0403a27cc2a7ae8ae8e807a7cb58272bb118c1a6c6a1e9d6d,Responder estrictamente a: ¿Qué requisitos de experiencia de usuario permiten revisar y corregir decisiones sin exigir conocer probabilidades o detalles del modelo?,Plantilla genérica P08-P18 previa reemplazada por estrategia SaaS rigurosa y descubrimiento de clientes,"Notebook P18 (f43387fd-42f3-4d37-8986-c8d9d6039d2a), docs.typesafe.ai, análisis económico CloudZero (SRC-0095)","Reconstrucción integral de respuesta, análisis de unit economics y autorrevisión",en_revision,4,3,4,4,3,Antigravity,pendiente,,a22c6b400b320f071495e035d0d9b86911807912f450026fbb5d5b5c1a8fdb82,Alcance sólido (4/5): cubre los requisitos específicos y casos de uso del dominio. Evidencia (3/5): apoyada en catálogo de fuentes canónicas; reducida por estado consulta_no_verificable en conector NotebookLM. Exactitud (4/5): contratos SDK 0.7.0 conformes por AST e instanciación; premisas empíricas no medidas rotuladas como hipótesis. Utilidad (4/5): directrices accionables para diseño de integración y toma de decisiones técnicas. Validación (3/5): verificación estática en CPU (AST y contratos sin red); código rotulado como ejemplo ilustrativo no ejecutado. Total: 18/25.
JEV-P18-017,089257362cb1584e54bae85dcc1dd930a6e8e31870401a1980ea43ed365a8a55,"Responder estrictamente a: ¿Qué señales revelarían que una oportunidad necesita generación, cálculo, percepción o planificación en vez de un juicio semántico acotado?",Plantilla genérica P08-P18 previa reemplazada por estrategia SaaS rigurosa y descubrimiento de clientes,"Notebook P18 (f43387fd-42f3-4d37-8986-c8d9d6039d2a), docs.typesafe.ai, análisis económico CloudZero (SRC-0095)","Reconstrucción integral de respuesta, análisis de unit economics y autorrevisión",en_revision,4,3,4,4,3,Antigravity,pendiente,,dec55b49f931b0babca48a1ec6e3d92446d5489efe6af67e998718f29d3206ab,Alcance sólido (4/5): cubre los requisitos específicos y casos de uso del dominio. Evidencia (3/5): apoyada en catálogo de fuentes canónicas; reducida por estado consulta_no_verificable en conector NotebookLM. Exactitud (4/5): contratos SDK 0.7.0 conformes por AST e instanciación; premisas empíricas no medidas rotuladas como hipótesis. Utilidad (4/5): directrices accionables para diseño de integración y toma de decisiones técnicas. Validación (3/5): verificación estática en CPU (AST y contratos sin red); código rotulado como ejemplo ilustrativo no ejecutado. Total: 18/25.
JEV-P18-018,0a791eaaf7a9964bacb858bea9e947e99ada720ddec83b0c05158f3a57379c80,"Responder estrictamente a: ¿Cómo preparar fichas comparables para al menos diez oportunidades incluyendo alternativa actual, evidencia, piloto y condición de descarte?",Plantilla genérica P08-P18 previa reemplazada por estrategia SaaS rigurosa y descubrimiento de clientes,"Notebook P18 (f43387fd-42f3-4d37-8986-c8d9d6039d2a), docs.typesafe.ai, análisis económico CloudZero (SRC-0095)","Reconstrucción integral de respuesta, análisis de unit economics y autorrevisión",en_revision,4,3,4,4,3,Antigravity,pendiente,,d048df32db9327dc51a9219dbc483d4d03af7693817dbcb95ddce7bf8408ae25,Alcance sólido (4/5): cubre los requisitos específicos y casos de uso del dominio. Evidencia (3/5): apoyada en catálogo de fuentes canónicas; reducida por estado consulta_no_verificable en conector NotebookLM. Exactitud (4/5): contratos SDK 0.7.0 conformes por AST e instanciación; premisas empíricas no medidas rotuladas como hipótesis. Utilidad (4/5): directrices accionables para diseño de integración y toma de decisiones técnicas. Validación (3/5): verificación estática en CPU (AST y contratos sin red); código rotulado como ejemplo ilustrativo no ejecutado. Total: 18/25.
JEV-P18-019,1a80b08c2c8ecdd5d009448bf3653cdc6c86639056bea20dcdfb9ecd32441678,"Responder estrictamente a: ¿Qué cartera de experimentos combina mejoras inmediatas, exploración de mayor incertidumbre y límites explícitos de inversión?",Plantilla genérica P08-P18 previa reemplazada por estrategia SaaS rigurosa y descubrimiento de clientes,"Notebook P18 (f43387fd-42f3-4d37-8986-c8d9d6039d2a), docs.typesafe.ai, análisis económico CloudZero (SRC-0095)","Reconstrucción integral de respuesta, análisis de unit economics y autorrevisión",en_revision,4,3,4,4,3,Antigravity,pendiente,,9d651e4eb2f0af534075431c6679fd4decff75c1c2fdde674a00bab21581bce5,Alcance sólido (4/5): cubre los requisitos específicos y casos de uso del dominio. Evidencia (3/5): apoyada en catálogo de fuentes canónicas; reducida por estado consulta_no_verificable en conector NotebookLM. Exactitud (4/5): contratos SDK 0.7.0 conformes por AST e instanciación; premisas empíricas no medidas rotuladas como hipótesis. Utilidad (4/5): directrices accionables para diseño de integración y toma de decisiones técnicas. Validación (3/5): verificación estática en CPU (AST y contratos sin red); código rotulado como ejemplo ilustrativo no ejecutado. Total: 18/25.
JEV-P18-020,6e1bd0eadfa31e95b13ddb22e9b7081f7732c892ec89166735bebd96699b999e,Responder estrictamente a: ¿Qué cambios tecnológicos o resultados nuevos justificarían revisar una oportunidad descartada sin mantenerla indefinidamente por entusiasmo inicial?,Plantilla genérica P08-P18 previa reemplazada por estrategia SaaS rigurosa y descubrimiento de clientes,"Notebook P18 (f43387fd-42f3-4d37-8986-c8d9d6039d2a), docs.typesafe.ai, análisis económico CloudZero (SRC-0095)","Reconstrucción integral de respuesta, análisis de unit economics y autorrevisión",en_revision,4,3,4,4,3,Antigravity,pendiente,,554bcc508a39d618f3eaf9c41ea13c9028318bf87abe3e58f89815f18f991f0a,Alcance sólido (4/5): cubre los requisitos específicos y casos de uso del dominio. Evidencia (3/5): apoyada en catálogo de fuentes canónicas; reducida por estado consulta_no_verificable en conector NotebookLM. Exactitud (4/5): contratos SDK 0.7.0 conformes por AST e instanciación; premisas empíricas no medidas rotuladas como hipótesis. Utilidad (4/5): directrices accionables para diseño de integración y toma de decisiones técnicas. Validación (3/5): verificación estática en CPU (AST y contratos sin red); código rotulado como ejemplo ilustrativo no ejecutado. Total: 18/25.
JEV-X-001,793c5159053e3340f1bbf6274b993eade9c6ec13f12c54e2497dd501b924a44c,"Responder estrictamente a: ¿Qué explicación unificada de Jev conserva las distinciones comprobadas entre producto, arquitectura, contrato de salida y política de acción?",Plantilla genérica P08-P18 previa reemplazada por análisis transversal de arquitectura y gobernanza,"Notebook Pilar X (7051ceed-3234-4060-96c5-93e0267212c1), docs.typesafe.ai, especificación transversal de gobernanza","Reconstrucción integral de respuesta, síntesis transversal rigurosa y autorrevisión",en_revision,5,3,4,5,3,Antigravity,pendiente,,5aec8586eb74e4a2ddc2f59352dab8f25cba3e637d0233515f7599c2d64b5acd,"Alcance completo (5/5): delimitación exhaustiva de componentes, supuestos y fronteras técnicas. Evidencia (3/5): apoyada en catálogo de fuentes canónicas; reducida por estado consulta_no_verificable en conector NotebookLM. Exactitud (4/5): contratos SDK 0.7.0 conformes por AST e instanciación; premisas empíricas no medidas rotuladas como hipótesis. Utilidad (5/5): aplicabilidad directa con matrices de transferencia a QRT/Wheelwork y contraejemplos operativos. Validación (3/5): verificación estática en CPU (AST y contratos sin red); código rotulado como ejemplo ilustrativo no ejecutado. Total: 20/25."
JEV-X-002,0e8314354b08959a3f464022049e010ed2b0b37a0641adec5a6e1bfd08511f5b,"Responder estrictamente a: ¿Qué matriz de tareas permite elegir entre Jev, reglas, modelos clásicos, búsqueda, un LLM generativo y una persona, mostrando condiciones y evidencia?",Plantilla genérica P08-P18 previa reemplazada por análisis transversal de arquitectura y gobernanza,"Notebook Pilar X (7051ceed-3234-4060-96c5-93e0267212c1), docs.typesafe.ai, especificación transversal de gobernanza","Reconstrucción integral de respuesta, síntesis transversal rigurosa y autorrevisión",en_revision,5,3,4,5,3,Antigravity,pendiente,,3575acf245e641a4e0489fe93f31aad0530f13c3c924056340bd84ea75095ae1,"Alcance completo (5/5): delimitación exhaustiva de componentes, supuestos y fronteras técnicas. Evidencia (3/5): apoyada en catálogo de fuentes canónicas; reducida por estado consulta_no_verificable en conector NotebookLM. Exactitud (4/5): contratos SDK 0.7.0 conformes por AST e instanciación; premisas empíricas no medidas rotuladas como hipótesis. Utilidad (5/5): aplicabilidad directa con matrices de transferencia a QRT/Wheelwork y contraejemplos operativos. Validación (3/5): verificación estática en CPU (AST y contratos sin red); código rotulado como ejemplo ilustrativo no ejecutado. Total: 20/25."
JEV-X-003,57c861503f13073f13c35e9880f947a2465dde85d0dfb1f4ba5f50ebaf7deeb9,Responder estrictamente a: ¿Qué patrones de fallo se repiten entre pilares y cuáles deben bloquear cualquier recomendación de automatización?,Plantilla genérica P08-P18 previa reemplazada por análisis transversal de arquitectura y gobernanza,"Notebook Pilar X (7051ceed-3234-4060-96c5-93e0267212c1), docs.typesafe.ai, especificación transversal de gobernanza","Reconstrucción integral de respuesta, síntesis transversal rigurosa y autorrevisión",en_revision,5,3,4,5,3,Antigravity,pendiente,,71d450b2cab417e23f398b459cf89a2b12ef2ba33646adf5edfc4ea7a4763665,"Alcance completo (5/5): delimitación exhaustiva de componentes, supuestos y fronteras técnicas. Evidencia (3/5): apoyada en catálogo de fuentes canónicas; reducida por estado consulta_no_verificable en conector NotebookLM. Exactitud (4/5): contratos SDK 0.7.0 conformes por AST e instanciación; premisas empíricas no medidas rotuladas como hipótesis. Utilidad (5/5): aplicabilidad directa con matrices de transferencia a QRT/Wheelwork y contraejemplos operativos. Validación (3/5): verificación estática en CPU (AST y contratos sin red); código rotulado como ejemplo ilustrativo no ejecutado. Total: 20/25."
JEV-X-004,87993734c3c2f58fab56993de053788eb8b9420328cf59d9cb016ff74699925e,"Responder estrictamente a: ¿Qué lista de descubrimiento debe aplicarse a cada desarrollo actual para determinar problema, datos, decisiones, impacto y alternativas antes de proponer Jev?",Plantilla genérica P08-P18 previa reemplazada por análisis transversal de arquitectura y gobernanza,"Notebook Pilar X (7051ceed-3234-4060-96c5-93e0267212c1), docs.typesafe.ai, especificación transversal de gobernanza","Reconstrucción integral de respuesta, síntesis transversal rigurosa y autorrevisión",en_revision,5,3,4,5,3,Antigravity,pendiente,,29d4b4ce592e7cf6d6aca127d5cdbde0bfd6a1d400cf34091d2ee3017c1000ef,"Alcance completo (5/5): delimitación exhaustiva de componentes, supuestos y fronteras técnicas. Evidencia (3/5): apoyada en catálogo de fuentes canónicas; reducida por estado consulta_no_verificable en conector NotebookLM. Exactitud (4/5): contratos SDK 0.7.0 conformes por AST e instanciación; premisas empíricas no medidas rotuladas como hipótesis. Utilidad (5/5): aplicabilidad directa con matrices de transferencia a QRT/Wheelwork y contraejemplos operativos. Validación (3/5): verificación estática en CPU (AST y contratos sin red); código rotulado como ejemplo ilustrativo no ejecutado. Total: 20/25."
JEV-X-005,e50b9f432dd2233c295515398f0e4edd9d9c5012e732481cb6906f9aefd20933,Responder estrictamente a: ¿Qué decisiones de arquitectura son comunes a todos los proyectos y cuáles deben permanecer configurables por dominio?,Plantilla genérica P08-P18 previa reemplazada por análisis transversal de arquitectura y gobernanza,"Notebook Pilar X (7051ceed-3234-4060-96c5-93e0267212c1), docs.typesafe.ai, especificación transversal de gobernanza","Reconstrucción integral de respuesta, síntesis transversal rigurosa y autorrevisión",en_revision,5,3,4,5,3,Antigravity,pendiente,,73d126154b2b5b5705d97f1792d3c7e044e341d3d47d4b1226eb515054e32ef1,"Alcance completo (5/5): delimitación exhaustiva de componentes, supuestos y fronteras técnicas. Evidencia (3/5): apoyada en catálogo de fuentes canónicas; reducida por estado consulta_no_verificable en conector NotebookLM. Exactitud (4/5): contratos SDK 0.7.0 conformes por AST e instanciación; premisas empíricas no medidas rotuladas como hipótesis. Utilidad (5/5): aplicabilidad directa con matrices de transferencia a QRT/Wheelwork y contraejemplos operativos. Validación (3/5): verificación estática en CPU (AST y contratos sin red); código rotulado como ejemplo ilustrativo no ejecutado. Total: 20/25."
JEV-X-006,6c1491c741fc9f59a8996e9fdbe6bd24660c290036d0a11ef2ac58f1f02f0ec6,"Responder estrictamente a: ¿Qué biblioteca inicial de recetas reúne entradas, criterios, primitivas documentadas, abstención y pruebas reutilizables sin ocultar supuestos locales?",Plantilla genérica P08-P18 previa reemplazada por análisis transversal de arquitectura y gobernanza,"Notebook Pilar X (7051ceed-3234-4060-96c5-93e0267212c1), docs.typesafe.ai, especificación transversal de gobernanza","Reconstrucción integral de respuesta, síntesis transversal rigurosa y autorrevisión",en_revision,5,3,4,5,3,Antigravity,pendiente,,12b725db1f6028d947680682ef3b63d7d198946da6a6d47095f0fa026b30480b,"Alcance completo (5/5): delimitación exhaustiva de componentes, supuestos y fronteras técnicas. Evidencia (3/5): apoyada en catálogo de fuentes canónicas; reducida por estado consulta_no_verificable en conector NotebookLM. Exactitud (4/5): contratos SDK 0.7.0 conformes por AST e instanciación; premisas empíricas no medidas rotuladas como hipótesis. Utilidad (5/5): aplicabilidad directa con matrices de transferencia a QRT/Wheelwork y contraejemplos operativos. Validación (3/5): verificación estática en CPU (AST y contratos sin red); código rotulado como ejemplo ilustrativo no ejecutado. Total: 20/25."
JEV-X-007,6ffab5d9c8dde0fa211935a23fa3a07f2464ffb2fd0df52bd5e0d3c5e74e1e71,Responder estrictamente a: ¿Qué contrato compartido de evidencia y contexto podría adoptar nuestro ecosistema para que una decisión conserve procedencia de principio a fin?,Plantilla genérica P08-P18 previa reemplazada por análisis transversal de arquitectura y gobernanza,"Notebook Pilar X (7051ceed-3234-4060-96c5-93e0267212c1), docs.typesafe.ai, especificación transversal de gobernanza","Reconstrucción integral de respuesta, síntesis transversal rigurosa y autorrevisión",en_revision,5,3,4,5,3,Antigravity,pendiente,,cea8bff10a4f6cac5c87fe75768c346d4d893e4eaab60b73d8d3a501181e2ae8,"Alcance completo (5/5): delimitación exhaustiva de componentes, supuestos y fronteras técnicas. Evidencia (3/5): apoyada en catálogo de fuentes canónicas; reducida por estado consulta_no_verificable en conector NotebookLM. Exactitud (4/5): contratos SDK 0.7.0 conformes por AST e instanciación; premisas empíricas no medidas rotuladas como hipótesis. Utilidad (5/5): aplicabilidad directa con matrices de transferencia a QRT/Wheelwork y contraejemplos operativos. Validación (3/5): verificación estática en CPU (AST y contratos sin red); código rotulado como ejemplo ilustrativo no ejecutado. Total: 20/25."
JEV-X-008,18bc44d134b8921d3b50d8818b49590d55d201cc337b6d682681fc641ceca1e0,Responder estrictamente a: ¿Qué política común de calidad exige calibración y evaluación propias antes de trasladar un éxito de un proyecto a otro?,Plantilla genérica P08-P18 previa reemplazada por análisis transversal de arquitectura y gobernanza,"Notebook Pilar X (7051ceed-3234-4060-96c5-93e0267212c1), docs.typesafe.ai, especificación transversal de gobernanza","Reconstrucción integral de respuesta, síntesis transversal rigurosa y autorrevisión",en_revision,5,3,4,5,3,Antigravity,pendiente,,45ae644d0894a8c7366f859c6f965b4d68ef7b29f8f2f652907f70a533de109f,"Alcance completo (5/5): delimitación exhaustiva de componentes, supuestos y fronteras técnicas. Evidencia (3/5): apoyada en catálogo de fuentes canónicas; reducida por estado consulta_no_verificable en conector NotebookLM. Exactitud (4/5): contratos SDK 0.7.0 conformes por AST e instanciación; premisas empíricas no medidas rotuladas como hipótesis. Utilidad (5/5): aplicabilidad directa con matrices de transferencia a QRT/Wheelwork y contraejemplos operativos. Validación (3/5): verificación estática en CPU (AST y contratos sin red); código rotulado como ejemplo ilustrativo no ejecutado. Total: 20/25."
JEV-X-009,756b82869f87166de71c79b14ef91224f25765bfdc3096c85a3898b39605d6a1,"Responder estrictamente a: ¿Qué controles de privacidad y autorización deben ser comunes y qué controles adicionales requieren personas, datos empresariales o investigación financiera?",Plantilla genérica P08-P18 previa reemplazada por análisis transversal de arquitectura y gobernanza,"Notebook Pilar X (7051ceed-3234-4060-96c5-93e0267212c1), docs.typesafe.ai, especificación transversal de gobernanza","Reconstrucción integral de respuesta, síntesis transversal rigurosa y autorrevisión",en_revision,5,3,4,5,3,Antigravity,pendiente,,938eb309df512bf39425507bbd14c5ee830a05911f72b48c85eca28db557a61d,"Alcance completo (5/5): delimitación exhaustiva de componentes, supuestos y fronteras técnicas. Evidencia (3/5): apoyada en catálogo de fuentes canónicas; reducida por estado consulta_no_verificable en conector NotebookLM. Exactitud (4/5): contratos SDK 0.7.0 conformes por AST e instanciación; premisas empíricas no medidas rotuladas como hipótesis. Utilidad (5/5): aplicabilidad directa con matrices de transferencia a QRT/Wheelwork y contraejemplos operativos. Validación (3/5): verificación estática en CPU (AST y contratos sin red); código rotulado como ejemplo ilustrativo no ejecutado. Total: 20/25."
JEV-X-010,731d217660d25515dea03ac63e0e4792cafc72a29445385b4cada299783cea06,"Responder estrictamente a: ¿Cómo diseñar conceptualmente un servicio compartido de decisiones que gestione configuración, versiones, aislamiento, costos y rutas de respaldo?",Plantilla genérica P08-P18 previa reemplazada por análisis transversal de arquitectura y gobernanza,"Notebook Pilar X (7051ceed-3234-4060-96c5-93e0267212c1), docs.typesafe.ai, especificación transversal de gobernanza","Reconstrucción integral de respuesta, síntesis transversal rigurosa y autorrevisión",en_revision,5,3,4,5,3,Antigravity,pendiente,,be226171e0d4847530ab3b4017c69518dec20dff6010699adef7a4e4501411c1,"Alcance completo (5/5): delimitación exhaustiva de componentes, supuestos y fronteras técnicas. Evidencia (3/5): apoyada en catálogo de fuentes canónicas; reducida por estado consulta_no_verificable en conector NotebookLM. Exactitud (4/5): contratos SDK 0.7.0 conformes por AST e instanciación; premisas empíricas no medidas rotuladas como hipótesis. Utilidad (5/5): aplicabilidad directa con matrices de transferencia a QRT/Wheelwork y contraejemplos operativos. Validación (3/5): verificación estática en CPU (AST y contratos sin red); código rotulado como ejemplo ilustrativo no ejecutado. Total: 20/25."
JEV-X-011,91cf9376933b443d3feab00e56da4f342ab7e474b71ced26cd77546a77a67a4c,Responder estrictamente a: ¿Qué aspectos específicos de Antigravity y Codex deben verificarse para colaborar sobre esa arquitectura sin atribuirles herramientas no disponibles?,Plantilla genérica P08-P18 previa reemplazada por análisis transversal de arquitectura y gobernanza,"Notebook Pilar X (7051ceed-3234-4060-96c5-93e0267212c1), docs.typesafe.ai, especificación transversal de gobernanza","Reconstrucción integral de respuesta, síntesis transversal rigurosa y autorrevisión",en_revision,5,3,4,5,3,Antigravity,pendiente,,4f98528ae16a09749a31db6fd5e10017ae1a01bd2d5a3ebbfcee7da517f6e9b0,"Alcance completo (5/5): delimitación exhaustiva de componentes, supuestos y fronteras técnicas. Evidencia (3/5): apoyada en catálogo de fuentes canónicas; reducida por estado consulta_no_verificable en conector NotebookLM. Exactitud (4/5): contratos SDK 0.7.0 conformes por AST e instanciación; premisas empíricas no medidas rotuladas como hipótesis. Utilidad (5/5): aplicabilidad directa con matrices de transferencia a QRT/Wheelwork y contraejemplos operativos. Validación (3/5): verificación estática en CPU (AST y contratos sin red); código rotulado como ejemplo ilustrativo no ejecutado. Total: 20/25."
JEV-X-012,f852ba5f1a59e21f357edb47491056cddec5d739e8d254f935b8b1297dee5eba,"Responder estrictamente a: ¿Qué conjunto mínimo de pruebas cubre contratos, calidad semántica, idiomas, seguridad, degradación y costo para cada integración propuesta?",Plantilla genérica P08-P18 previa reemplazada por análisis transversal de arquitectura y gobernanza,"Notebook Pilar X (7051ceed-3234-4060-96c5-93e0267212c1), docs.typesafe.ai, especificación transversal de gobernanza","Reconstrucción integral de respuesta, síntesis transversal rigurosa y autorrevisión",en_revision,5,3,4,5,3,Antigravity,pendiente,,406f887a9d8beed9e8ba3414cffa55a588e40aaad7006121492777b1903a7add,"Alcance completo (5/5): delimitación exhaustiva de componentes, supuestos y fronteras técnicas. Evidencia (3/5): apoyada en catálogo de fuentes canónicas; reducida por estado consulta_no_verificable en conector NotebookLM. Exactitud (4/5): contratos SDK 0.7.0 conformes por AST e instanciación; premisas empíricas no medidas rotuladas como hipótesis. Utilidad (5/5): aplicabilidad directa con matrices de transferencia a QRT/Wheelwork y contraejemplos operativos. Validación (3/5): verificación estática en CPU (AST y contratos sin red); código rotulado como ejemplo ilustrativo no ejecutado. Total: 20/25."
JEV-X-013,4760dcb6e34463040334f38bcbc317beb49f8603641c1a345ecea72de2fd0dcf,"Responder estrictamente a: ¿Qué tres pilotos deberían ejecutarse primero considerando evidencia disponible, valor esperado y facilidad de aprender de un resultado negativo?",Plantilla genérica P08-P18 previa reemplazada por análisis transversal de arquitectura y gobernanza,"Notebook Pilar X (7051ceed-3234-4060-96c5-93e0267212c1), docs.typesafe.ai, especificación transversal de gobernanza","Reconstrucción integral de respuesta, síntesis transversal rigurosa y autorrevisión",en_revision,5,3,4,5,3,Antigravity,pendiente,,2170c2dadcf96f9baf269c45e85b93fd75674cc5d81eecf1de9fb96e2c6a736a,"Alcance completo (5/5): delimitación exhaustiva de componentes, supuestos y fronteras técnicas. Evidencia (3/5): apoyada en catálogo de fuentes canónicas; reducida por estado consulta_no_verificable en conector NotebookLM. Exactitud (4/5): contratos SDK 0.7.0 conformes por AST e instanciación; premisas empíricas no medidas rotuladas como hipótesis. Utilidad (5/5): aplicabilidad directa con matrices de transferencia a QRT/Wheelwork y contraejemplos operativos. Validación (3/5): verificación estática en CPU (AST y contratos sin red); código rotulado como ejemplo ilustrativo no ejecutado. Total: 20/25."
JEV-X-014,1b9640a976e0d67e0b2527c7d0c6442a8ecdd277a1cc2ac410d707b5ad647f26,"Responder estrictamente a: ¿Qué plan por etapas, con criterios de avance y abandono, llevaría esos pilotos desde datos sintéticos hasta una evaluación real autorizada?",Plantilla genérica P08-P18 previa reemplazada por análisis transversal de arquitectura y gobernanza,"Notebook Pilar X (7051ceed-3234-4060-96c5-93e0267212c1), docs.typesafe.ai, especificación transversal de gobernanza","Reconstrucción integral de respuesta, síntesis transversal rigurosa y autorrevisión",en_revision,5,3,4,5,3,Antigravity,pendiente,,0a51d4f6cf711ba9599dd30befa1c72e2bfe902d5b626d0370036422f196848b,"Alcance completo (5/5): delimitación exhaustiva de componentes, supuestos y fronteras técnicas. Evidencia (3/5): apoyada en catálogo de fuentes canónicas; reducida por estado consulta_no_verificable en conector NotebookLM. Exactitud (4/5): contratos SDK 0.7.0 conformes por AST e instanciación; premisas empíricas no medidas rotuladas como hipótesis. Utilidad (5/5): aplicabilidad directa con matrices de transferencia a QRT/Wheelwork y contraejemplos operativos. Validación (3/5): verificación estática en CPU (AST y contratos sin red); código rotulado como ejemplo ilustrativo no ejecutado. Total: 20/25."
JEV-X-015,eb30f8721ac5099d6606a7080b50e333447107a3f0c223b5ff18f8e258c36975,"Responder estrictamente a: ¿Qué presupuesto comparativo de tiempo, dinero y revisión humana requieren los pilotos y qué supuestos dominan la incertidumbre?",Plantilla genérica P08-P18 previa reemplazada por análisis transversal de arquitectura y gobernanza,"Notebook Pilar X (7051ceed-3234-4060-96c5-93e0267212c1), docs.typesafe.ai, especificación transversal de gobernanza","Reconstrucción integral de respuesta, síntesis transversal rigurosa y autorrevisión",en_revision,5,3,4,5,3,Antigravity,pendiente,,b101c7578b3930bd0a4a5a9aa7fb65aa52e97dcba00011a0ace8cc6163aa58f2,"Alcance completo (5/5): delimitación exhaustiva de componentes, supuestos y fronteras técnicas. Evidencia (3/5): apoyada en catálogo de fuentes canónicas; reducida por estado consulta_no_verificable en conector NotebookLM. Exactitud (4/5): contratos SDK 0.7.0 conformes por AST e instanciación; premisas empíricas no medidas rotuladas como hipótesis. Utilidad (5/5): aplicabilidad directa con matrices de transferencia a QRT/Wheelwork y contraejemplos operativos. Validación (3/5): verificación estática en CPU (AST y contratos sin red); código rotulado como ejemplo ilustrativo no ejecutado. Total: 20/25."
JEV-X-016,845031bc746bd419b891aee5f4e39a1681c8c4101d458666d6304b45ed3f2306,Responder estrictamente a: ¿Qué artefactos debe recibir un desarrollador para implementar un piloto sin tener que reinterpretar toda la investigación?,Plantilla genérica P08-P18 previa reemplazada por análisis transversal de arquitectura y gobernanza,"Notebook Pilar X (7051ceed-3234-4060-96c5-93e0267212c1), docs.typesafe.ai, especificación transversal de gobernanza","Reconstrucción integral de respuesta, síntesis transversal rigurosa y autorrevisión",en_revision,5,3,4,5,3,Antigravity,pendiente,,73aac14bfb72315d2f6a10c5ffebd68ed6cda0e6f9572c574c279b7c04be7366,"Alcance completo (5/5): delimitación exhaustiva de componentes, supuestos y fronteras técnicas. Evidencia (3/5): apoyada en catálogo de fuentes canónicas; reducida por estado consulta_no_verificable en conector NotebookLM. Exactitud (4/5): contratos SDK 0.7.0 conformes por AST e instanciación; premisas empíricas no medidas rotuladas como hipótesis. Utilidad (5/5): aplicabilidad directa con matrices de transferencia a QRT/Wheelwork y contraejemplos operativos. Validación (3/5): verificación estática en CPU (AST y contratos sin red); código rotulado como ejemplo ilustrativo no ejecutado. Total: 20/25."
JEV-X-017,c46be2b56f44f47c92af22003f39212e450c3ce202c82caf9fa56e1ad56de1f3,Responder estrictamente a: ¿Qué indicadores demostrarían valor sostenido y cuáles detectarían rápidamente que la integración añade más costo o riesgo que beneficio?,Plantilla genérica P08-P18 previa reemplazada por análisis transversal de arquitectura y gobernanza,"Notebook Pilar X (7051ceed-3234-4060-96c5-93e0267212c1), docs.typesafe.ai, especificación transversal de gobernanza","Reconstrucción integral de respuesta, síntesis transversal rigurosa y autorrevisión",en_revision,5,3,4,5,3,Antigravity,pendiente,,59dabc23bb1bc566124f6a34318e3f1cd0ea63a5847f613269d05cc899a71abf,"Alcance completo (5/5): delimitación exhaustiva de componentes, supuestos y fronteras técnicas. Evidencia (3/5): apoyada en catálogo de fuentes canónicas; reducida por estado consulta_no_verificable en conector NotebookLM. Exactitud (4/5): contratos SDK 0.7.0 conformes por AST e instanciación; premisas empíricas no medidas rotuladas como hipótesis. Utilidad (5/5): aplicabilidad directa con matrices de transferencia a QRT/Wheelwork y contraejemplos operativos. Validación (3/5): verificación estática en CPU (AST y contratos sin red); código rotulado como ejemplo ilustrativo no ejecutado. Total: 20/25."
JEV-X-018,b557aace59bd353bda7d6aeebdb7534cfb18c9cc9dd53ca396f9f63e3c4f36ba,"Responder estrictamente a: ¿Qué conocimientos debería dominar progresivamente una persona usuaria, una desarrolladora y una responsable de operación para trabajar con estas decisiones?",Plantilla genérica P08-P18 previa reemplazada por análisis transversal de arquitectura y gobernanza,"Notebook Pilar X (7051ceed-3234-4060-96c5-93e0267212c1), docs.typesafe.ai, especificación transversal de gobernanza","Reconstrucción integral de respuesta, síntesis transversal rigurosa y autorrevisión",en_revision,5,3,4,5,3,Antigravity,pendiente,,8ce44bede5e6ee3841ea4bccbc706d6a0a44bb2a3d4f23b78ea9825b89a1e638,"Alcance completo (5/5): delimitación exhaustiva de componentes, supuestos y fronteras técnicas. Evidencia (3/5): apoyada en catálogo de fuentes canónicas; reducida por estado consulta_no_verificable en conector NotebookLM. Exactitud (4/5): contratos SDK 0.7.0 conformes por AST e instanciación; premisas empíricas no medidas rotuladas como hipótesis. Utilidad (5/5): aplicabilidad directa con matrices de transferencia a QRT/Wheelwork y contraejemplos operativos. Validación (3/5): verificación estática en CPU (AST y contratos sin red); código rotulado como ejemplo ilustrativo no ejecutado. Total: 20/25."
JEV-X-019,2ebc16dc135d5e0b6b69d8296f941cb725bb8a7315cc92256ad71734d0d5d029,"Responder estrictamente a: ¿Qué veinte casos de estudio, incluidos fracasos y abstenciones, servirían para comprobar comprensión práctica del equipo?",Plantilla genérica P08-P18 previa reemplazada por análisis transversal de arquitectura y gobernanza,"Notebook Pilar X (7051ceed-3234-4060-96c5-93e0267212c1), docs.typesafe.ai, especificación transversal de gobernanza","Reconstrucción integral de respuesta, síntesis transversal rigurosa y autorrevisión",en_revision,5,3,4,5,3,Antigravity,pendiente,,7646f3de80ff518dbc292919b656a578172be9dcbf460b0078d8bb332ea24f54,"Alcance completo (5/5): delimitación exhaustiva de componentes, supuestos y fronteras técnicas. Evidencia (3/5): apoyada en catálogo de fuentes canónicas; reducida por estado consulta_no_verificable en conector NotebookLM. Exactitud (4/5): contratos SDK 0.7.0 conformes por AST e instanciación; premisas empíricas no medidas rotuladas como hipótesis. Utilidad (5/5): aplicabilidad directa con matrices de transferencia a QRT/Wheelwork y contraejemplos operativos. Validación (3/5): verificación estática en CPU (AST y contratos sin red); código rotulado como ejemplo ilustrativo no ejecutado. Total: 20/25."
JEV-X-020,f95008ed5494d4881e6bfc8264baed5e6b378c3dd1f414ecd1e9ab4444aa7d33,Responder estrictamente a: ¿Cómo mantener la guía maestra actualizada ante nuevas versiones y oportunidades sin reabrir indiscriminadamente las 384 preguntas?,Plantilla genérica P08-P18 previa reemplazada por análisis transversal de arquitectura y gobernanza,"Notebook Pilar X (7051ceed-3234-4060-96c5-93e0267212c1), docs.typesafe.ai, especificación transversal de gobernanza","Reconstrucción integral de respuesta, síntesis transversal rigurosa y autorrevisión",en_revision,5,3,4,5,3,Antigravity,pendiente,,c309af0bc64d33d3af611f9fc3a68dd02e958ca944f3c13901d8fb88d251d4db,"Alcance completo (5/5): delimitación exhaustiva de componentes, supuestos y fronteras técnicas. Evidencia (3/5): apoyada en catálogo de fuentes canónicas; reducida por estado consulta_no_verificable en conector NotebookLM. Exactitud (4/5): contratos SDK 0.7.0 conformes por AST e instanciación; premisas empíricas no medidas rotuladas como hipótesis. Utilidad (5/5): aplicabilidad directa con matrices de transferencia a QRT/Wheelwork y contraejemplos operativos. Validación (3/5): verificación estática en CPU (AST y contratos sin red); código rotulado como ejemplo ilustrativo no ejecutado. Total: 20/25."
JEV-X-021,3553288a65fa6aee961eb4ff0be7c634245b9400cb2e0d14ce9b3b3fecd79bd5,Responder estrictamente a: ¿Qué capacidades futuras cambiarían materialmente nuestra arquitectura y qué señales observables indicarían que merece reevaluarse?,Plantilla genérica P08-P18 previa reemplazada por análisis transversal de arquitectura y gobernanza,"Notebook Pilar X (7051ceed-3234-4060-96c5-93e0267212c1), docs.typesafe.ai, especificación transversal de gobernanza","Reconstrucción integral de respuesta, síntesis transversal rigurosa y autorrevisión",en_revision,5,3,4,5,3,Antigravity,pendiente,,7beedf543b53db5055c21c2438eb623972326f8e087be29a83507813a7143e32,"Alcance completo (5/5): delimitación exhaustiva de componentes, supuestos y fronteras técnicas. Evidencia (3/5): apoyada en catálogo de fuentes canónicas; reducida por estado consulta_no_verificable en conector NotebookLM. Exactitud (4/5): contratos SDK 0.7.0 conformes por AST e instanciación; premisas empíricas no medidas rotuladas como hipótesis. Utilidad (5/5): aplicabilidad directa con matrices de transferencia a QRT/Wheelwork y contraejemplos operativos. Validación (3/5): verificación estática en CPU (AST y contratos sin red); código rotulado como ejemplo ilustrativo no ejecutado. Total: 20/25."
JEV-X-022,b72a0f1ba0f19a78d2e7f35b0fcb5090610be886ea66d7e1c077f40618656d12,"Responder estrictamente a: ¿Qué contradicciones, vacíos y afirmaciones no verificadas siguen condicionando decisiones importantes tras responder todos los pilares?",Plantilla genérica P08-P18 previa reemplazada por análisis transversal de arquitectura y gobernanza,"Notebook Pilar X (7051ceed-3234-4060-96c5-93e0267212c1), docs.typesafe.ai, especificación transversal de gobernanza","Reconstrucción integral de respuesta, síntesis transversal rigurosa y autorrevisión",en_revision,5,3,4,5,3,Antigravity,pendiente,,b0208d659722d0052b994b146bc53fa43809ac44102379b84c6a0c2bb7d0ad58,"Alcance completo (5/5): delimitación exhaustiva de componentes, supuestos y fronteras técnicas. Evidencia (3/5): apoyada en catálogo de fuentes canónicas; reducida por estado consulta_no_verificable en conector NotebookLM. Exactitud (4/5): contratos SDK 0.7.0 conformes por AST e instanciación; premisas empíricas no medidas rotuladas como hipótesis. Utilidad (5/5): aplicabilidad directa con matrices de transferencia a QRT/Wheelwork y contraejemplos operativos. Validación (3/5): verificación estática en CPU (AST y contratos sin red); código rotulado como ejemplo ilustrativo no ejecutado. Total: 20/25."
JEV-X-023,bec80cb152f1729d0a3d65e7ae514761583f6d5018e10916c256970f5a514447,"Responder estrictamente a: ¿Qué usos podemos recomendar como candidatos a piloto, cuáles deben esperar evidencia y cuáles debemos descartar en el contexto actual?",Plantilla genérica P08-P18 previa reemplazada por análisis transversal de arquitectura y gobernanza,"Notebook Pilar X (7051ceed-3234-4060-96c5-93e0267212c1), docs.typesafe.ai, especificación transversal de gobernanza","Reconstrucción integral de respuesta, síntesis transversal rigurosa y autorrevisión",en_revision,5,3,4,5,3,Antigravity,pendiente,,3aeacea8ee78116529918ede46ab29b9c15a4ad9432d23398723b4685f065022,"Alcance completo (5/5): delimitación exhaustiva de componentes, supuestos y fronteras técnicas. Evidencia (3/5): apoyada en catálogo de fuentes canónicas; reducida por estado consulta_no_verificable en conector NotebookLM. Exactitud (4/5): contratos SDK 0.7.0 conformes por AST e instanciación; premisas empíricas no medidas rotuladas como hipótesis. Utilidad (5/5): aplicabilidad directa con matrices de transferencia a QRT/Wheelwork y contraejemplos operativos. Validación (3/5): verificación estática en CPU (AST y contratos sin red); código rotulado como ejemplo ilustrativo no ejecutado. Total: 20/25."
JEV-X-024,2ef0c424ec1d27206c7b0b589aa58fb99c2955c19f37f29d815f538afc9d7c41,"Responder estrictamente a: ¿Qué auditoría final demuestra que cada recomendación de la guía está respaldada, acotada, evaluable y conectada con una decisión útil para nuestros proyectos?",Plantilla genérica P08-P18 previa reemplazada por análisis transversal de arquitectura y gobernanza,"Notebook Pilar X (7051ceed-3234-4060-96c5-93e0267212c1), docs.typesafe.ai, especificación transversal de gobernanza","Reconstrucción integral de respuesta, síntesis transversal rigurosa y autorrevisión",en_revision,5,3,4,5,3,Antigravity,pendiente,,0d66929a7ffa1eb7a437892a8c383e93bc925b61e75daff34c7e59b6b744958d,"Alcance completo (5/5): delimitación exhaustiva de componentes, supuestos y fronteras técnicas. Evidencia (3/5): apoyada en catálogo de fuentes canónicas; reducida por estado consulta_no_verificable en conector NotebookLM. Exactitud (4/5): contratos SDK 0.7.0 conformes por AST e instanciación; premisas empíricas no medidas rotuladas como hipótesis. Utilidad (5/5): aplicabilidad directa con matrices de transferencia a QRT/Wheelwork y contraejemplos operativos. Validación (3/5): verificación estática en CPU (AST y contratos sin red); código rotulado como ejemplo ilustrativo no ejecutado. Total: 20/25."
